SELF_SHA256 16ef03fa642b3218
DEVICE /workspace/port_w10/w10_universe.py sha256[:16] 64c70a44ee88b795
META /workspace/data/wide_fea_v2ext_meta.npz sha256[:16] 4b1b6047107d2557 -> realpath of port pod_backup meta: /workspace/data/wide_fea_v2ext_meta.npz
CUT (2026<=08-10 20:00Z) epoch 1786392000 = 2026-08-10 20:00

====================================================================================================
DEVICE LINE RECEIPTS (w10_universe.py)
====================================================================================================
-- caliber switch (CAL) and W3FIX / MEMBERS_TOPN / FTRIM / TRADE_TOPN whitelists
  L17: CAL = os.environ.get("CAL", "simple")                 # simple = 交易所记账(y -> expm1)
  L18: assert CAL in ("simple", "log"), (
  L19:     f"CAL 必须是 simple|log(收到 {CAL!r})。simple=交易所简单收益(expm1), log=对数收益(仅诊断用)。"
  L20:     "'exec' 不是有效值 —— E-0826-C: 曾被当作'执行器口径'传入, 实际落进对数分支, 污染 8 个臂并驱动一次错误撤回。")
  L27: W3FIX = os.environ.get("W3FIX")   # 固定席位口径(PREREG_universe_dyn §2), 白名单单值
  L28: if W3FIX is not None: assert W3FIX == "0.21,0,0.79", f"W3FIX 白名单外: {W3FIX}"
  L29: MEMBERS_TOPN = int(os.environ.get("MEMBERS_TOPN", "0"))   # >0: 按 qvk 逐锚重建 top-N 候选集(扩展臂); 0 = 用 meta members(正典, 逐位同)
  L30: assert MEMBERS_TOPN in (0, 300, 400, 500, 600, 829), f"MEMBERS_TOPN 白名单外: {MEMBERS_TOPN}"
  L31: FTRIM = os.environ.get("FTRIM", "off"); assert FTRIM in ("off", "zero"), FTRIM   # 部署态 FTRIM(pre-z 排除 rn8<=-10bp 空头, 两链), 与 w10_ftrim_band pre/zero/(-1.0,-0.0010] 同构
  L41: TRADE_TOPN = int(os.environ.get("TRADE_TOPN", "0"))   # >0: 成交集限于当锚 qvk 排名前 N(z 归一基仍为 members): 分离"归一基变宽"与"可交易名增加"两条通道
  L42: assert TRADE_TOPN in (0, 400), f"TRADE_TOPN 白名单外: {TRADE_TOPN}"
-- COST_B cost model + tier_of
  L116: COST_B = [(-0.25, 5.0, 0.85), (0.5, 6.0, 0.75), (2.0, 8.0, 0.55)]
  L117: def tier_of(q):
  L118:     t = np.full(len(q), 2, np.int8); t[q >= 1e6] = 1; t[q >= 5e6] = 0
  L119:     return t
-- qv4h (4h quote-volume proxy used by tier_of) and sel gate
  L198:         ok = np.isfinite(y4[i, m]); qv4h = np.expm1(np.clip(qvk[i, m], 0, 30)) * 48
  L199:         sel = ok & (qv4h >= 2.5e5)
  L200:         if TRADE_TOPN > 0:
  L201:             _qi = np.nan_to_num(qvk[i], nan=-1.0); _rk = np.empty(NW, int); _rk[np.argsort(-_qi)] = np.arange(NW); sel = sel & (_rk[m] < TRADE_TOPN)
-- stop layer: run(SLOW, LRa, pos, depth, need, cool); depth=None => S0 (no stop); tgt[bl]=0 while a name is suspended; fires when avg-cost depth <= depth for `need` consecutive anchors, cool-off `cool` anchors
  L145:     def w3_at(i):
  L211:         if depth is not None:
  L212:             bl = su > i
  L213:             if bl.any(): tgt[bl] = 0.0
  L300:         if depth is not None:
  L301:             cand = (np.abs(sh) > 1e-12) & (dep <= depth) & (su <= i)
  L302:             cnt = np.where(cand, cnt + 1, 0); fr2 = cnt >= need
  L303:             if fr2.any(): su[fr2] = i + cool; cnt[fr2] = 0; fires_i = int(fr2.sum())
-- file-caliber path: sm = blended book, trade = sm - HB, cost cbps on |trade[m]| by tier, y expm1 only if CAL=simple, carry, pnl_raw
  L263:         _smk = sm                     # ★ king 书自己的 sm 必须留住: 它的 EMA 态独立推进
  L264:         sm = smb                      # 此后一切记账(盈亏/成本/carry/深度)都在混合书上
  L265:         trade = sm - HB
  L274:         tr = tier_of(qv4h); tabs = np.abs(trade[m])
  L275:         cbps = sum(tabs[tr == tt].sum() * (fr * mk + (1 - fr) * tk) for tt, (mk, tk, fr) in enumerate(COST_B))
  L276:         yv = np.nan_to_num(y4[i, m], nan=0.0)
  L277:         if CAL == "simple":
  L278:             yv = np.expm1(yv)
  L279:         fnow = np.nan_to_num(FN[j, m], nan=0.0); ivv = IV[j, m]; ivv = np.where(np.isfinite(ivv) & (ivv > 0), ivv, 8.0)
  L280:         car = (sm[m] * fnow * (4.0 / ivv)).sum() * 1e4
  L281:         pnl_raw = float((sm[m] * yv).sum() * 1e4)
-- executor-caliber path ("_ex"): smr = sm with non-zero set re-demeaned and L1 rescaled to original gross; trr = smr - HR; pnl_r/car_r/cbps_r on smr/trr
  L266:         nz = np.abs(sm) > 1e-12
  L267:         smr = sm.copy()
  L268:         if nz.any():
  L269:             smr[nz] -= smr[nz].mean()
  L270:             _g0 = np.abs(sm).sum(); _g1 = np.abs(smr).sum()
  L271:             if _g1 > 1e-9:
  L272:                 smr *= _g0 / _g1
  L273:         trr = smr - HR
  L304:         pnl_r = float((smr[m] * yv).sum() * 1e4)
  L305:         car_r = float((smr[m] * fnow * (4.0 / ivv)).sum() * 1e4)
  L306:         tabs_r = np.abs(trr[m])
  L307:         cbps_r = sum(tabs_r[tr == tt].sum() * (fr * mk + (1 - fr) * tk) for tt, (mk, tk, fr) in enumerate(COST_B))
  L308:         netlong = float(sm.sum() / max(np.abs(sm).sum(), 1e-9))
-- rec tuple (column order) and gross_total / gross_member / gross_sel / netlong
  L309:         gm = float(np.abs(sm[m]).sum()); gsel = float(np.abs(sm[m][sel]).sum()); gt = float(np.abs(sm).sum())
  L310:         rec.append((int(E_ts[i]), float(pnl_raw - car - cbps), pnl_raw, float(car), float(cbps), gt, gm, gsel, int(sel.sum()), int(len(m)), fires_i,
  L311:                     legc[0], legc[1], legc[2], float(w3[0]), float(w3[1]), float(w3[2]), float(np.abs(trade).sum()),
  L312:                     float(pnl_r - car_r - cbps_r), pnl_r, car_r, float(cbps_r), netlong))
  L313:         WS.append(sm.astype(np.float32))
-- arms and column names
  L319: ARMS = [("S0", None, 0, 0, "nets_histv2_0_0_0.npy"), ("d30_n2_c42", -0.30, 2, 42, "nets_histv2_-30_2_42.npy")]
  L320: COLS = ["ts", "net", "pnl", "carry", "cost", "gross_total", "gross_member", "gross_sel", "nsel", "nmember", "fires", "leg_king", "leg_rev24", "leg_fund", "w3_king", "w3_rev24", "w3_fund", "turnover", "net_ex", "pnl_ex", "carry_ex", "cost_ex", "netlong"]
-- summary stats (file caliber 'net' vs '_ex'); NOTE L349 labels np.abs(R[:,21]) as turnover_ex_mean but column 21 is cost_ex (mislabel)
  L335:     ts_ = R[:, 0].astype(np.int64); net = R[:, 1]; yy = np.array([time.gmtime(int(t)).tm_year for t in ts_]); a24 = net[yy >= 2024]
  L336:     gt = R[:, 5]; gm = R[:, 6]
  L344:     nx = R[:, 18]; a24x = nx[yy >= 2024]
  L345:     outx = {"net_ex_all": round(float(nx.mean()), 4), "net_ex_2024on": round(float(a24x.mean()), 4),
  L346:             "sharpe_ex_2024on": round(float(a24x.mean() / a24x.std(ddof=1) * np.sqrt(2190)), 3),
  L347:             "by_year_ex": {int(y): round(float(nx[yy == y].mean()), 3) for y in sorted(set(yy.tolist()))},
  L348:             "carry_ex_mean": round(float(R[:, 20].mean()), 4), "cost_ex_mean": round(float(R[:, 21].mean()), 4),
  L349:             "turnover_ex_mean": round(float(np.abs(R[:, 21]).mean()), 5),

COST_B tuples are (maker_bps, taker_bps, maker_fraction); tier 0: qv4h >= 5e6 USDT, tier 1: qv4h >= 1e6, tier 2: else; qv4h = expm1(clip(qvk,0,30))*48
  tier 0: maker -0.25 bps × 0.85 + taker 5.00 bps × 0.15 = blended 0.5375 bps per unit |trade| (one-way, per NAV)
  tier 1: maker +0.50 bps × 0.75 + taker 6.00 bps × 0.25 = blended 1.8750 bps per unit |trade| (one-way, per NAV)
  tier 2: maker +2.00 bps × 0.55 + taker 8.00 bps × 0.45 = blended 4.7000 bps per unit |trade| (one-way, per NAV)
  cost per anchor = Σ_tier Σ_names |trade_name| × blended_rate_tier  (bps per NAV); trade = one-way change in weight (sm - previous)

NOT AVAILABLE: canon form × compounded target — no such npz exists under refute_C6_1/ or refute_C6_2/ (all alt runs carry MEMBERS_TOPN=829 TRADE_TOPN=400 FTRIM=zero).

====================================================================================================
FORM: fixed-seat live (W3FIX=0.21,0,0.79 M829 T400 FTRIM=zero)
CALIBER: Σ-simple (CAL=log; y4 = meta Σ r5[E..E+47])
FILE: /workspace/port_w10/probe_artifacts/w10_ablation_series_pod_live_w3fix_callog_s42.npz
  sha256[:16] 5faf9106ed84dc8f  config_json: CAL=log W3FIX=0.21,0,0.79 MEMBERS_TOPN=829 TRADE_TOPN=400 FTRIM=zero LEGS=101 PHI=0.45 FSEED=42 SLOW_NPY=/workspace/shadow_bundle_v3/slow_pred_pinned.npy
  cols: ['ts', 'net', 'pnl', 'carry', 'cost', 'gross_total', 'gross_member', 'gross_sel', 'nsel', 'nmember', 'fires', 'leg_king', 'leg_rev24', 'leg_fund', 'w3_king', 'w3_rev24', 'w3_fund', 'turnover', 'net_ex', 'pnl_ex', 'carry_ex', 'cost_ex', 'netlong']

-- ARM S0: n=10038 first=2022-01-31 00:00 last=2026-08-30 20:00 | identity max|net_ex-(pnl_ex-carry_ex-cost_ex)|=0.000e+00 bps; file: max|net-(pnl-carry-cost)|=0.000e+00 bps | anchors with gross_total<1e-9: 0
   y4-INPUT CHECK (pnl column vs 1e4*Σ_m W·T(y4_meta_of_this_run)): max|Δ| all=0.0000 bps; by year: 2022:0.0000, 2023:0.0000, 2024:0.0000, 2025:0.0000, 2026:0.0000  [meta=/workspace/data/wide_fea_v2ext_meta.npz T=id members=live]
| period | n | months | net_ex | net | gross | A=mean(nx)/mean(g) | B=mean(nx/g) | A %/yr gross | B %/yr gross | A 2x | B 2x | Sharpe(nx) | DD NAV bps (peak->trough) | DD gross bps (peak->trough) | worst month (sum nx) | w3_king | w3_fund | turnover | pnl_ex | carry_ex | cost_ex | max resid |
|---|---|---|---|---|---|---|---|---|---|---|---|---|---|---|---|---|---|---|---|---|---|---|
| 2024 | 2196 |  | -0.6741 | -0.4461 | 0.8823 | -0.7640 | -0.7493 | -16.73% | -16.41% | -33.46% | -32.82% | -1.604 | 1949.8 (2024-03-31 16:00 -> 2024-12-26 16:00) | 2184.7 (2024-03-31 16:00 -> 2024-12-26 16:00) | 2024-11 -737.6 | 0.210 | 0.790 | 0.01392 | -0.2772 | +0.3644 | 0.0325 | 0.0e+00 |
| 2025 | 2190 |  | +0.1542 | +0.2128 | 0.7960 | +0.1937 | +0.2650 | +4.24% | +5.80% | +8.48% | +11.61% | +0.315 | 1192.4 (2025-01-02 04:00 -> 2025-02-06 20:00) | 1414.8 (2025-01-02 04:00 -> 2025-02-06 20:00) | 2025-01 -826.2 | 0.210 | 0.790 | 0.01235 | +0.9794 | +0.7844 | 0.0407 | 0.0e+00 |
| 2026<=08-10 | 1332 | 7.3 | +2.9627 | +3.0333 | 0.8060 | +3.6756 | +3.6630 | +80.50% | +80.22% | +160.99% | +160.44% | +5.034 | 497.9 (2026-06-30 12:00 -> 2026-07-08 04:00) | 615.9 (2026-06-30 12:00 -> 2026-07-08 04:00) | 2026-01 +147.2 | 0.210 | 0.790 | 0.01680 | +4.0507 | +1.0210 | 0.0671 | 0.0e+00 |
| 2026->08-30 | 1452 | 8.0 | +2.4408 | +2.4759 | 0.8070 | +3.0247 | +3.0377 | +66.24% | +66.53% | +132.48% | +133.05% | +4.106 | 778.9 (2026-08-18 00:00 -> 2026-08-25 00:00) | 926.8 (2026-08-18 00:00 -> 2026-08-25 00:00) | 2026-08 -224.3 | 0.210 | 0.790 | 0.01701 | +3.5325 | +1.0237 | 0.0680 | 0.0e+00 |
| 2024->26 | 5838 |  | +0.4114 | +0.5279 | 0.8312 | +0.4949 | +0.5730 | +10.84% | +12.55% | +21.68% | +25.10% | +0.831 | 3012.2 (2024-03-31 16:00 -> 2025-02-06 20:00) | 3444.6 (2024-03-31 16:00 -> 2025-02-06 20:00) | 2025-01 -826.2 | 0.210 | 0.790 | 0.01410 | +1.1417 | +0.6859 | 0.0444 | 0.0e+00 |
| 2025->26 | 3642 |  | +1.0658 | +1.1151 | 0.8004 | +1.3317 | +1.3704 | +29.16% | +30.01% | +58.33% | +60.02% | +1.995 | 1192.4 (2025-01-02 04:00 -> 2025-02-06 20:00) | 1414.8 (2025-01-02 04:00 -> 2025-02-06 20:00) | 2025-01 -826.2 | 0.210 | 0.790 | 0.01421 | +1.9973 | +0.8798 | 0.0516 | 0.0e+00 |

-- ARM d30_n2_c42: n=10038 first=2022-01-31 00:00 last=2026-08-30 20:00 | identity max|net_ex-(pnl_ex-carry_ex-cost_ex)|=0.000e+00 bps; file: max|net-(pnl-carry-cost)|=0.000e+00 bps | anchors with gross_total<1e-9: 0
   y4-INPUT CHECK (pnl column vs 1e4*Σ_m W·T(y4_meta_of_this_run)): max|Δ| all=0.0000 bps; by year: 2022:0.0000, 2023:0.0000, 2024:0.0000, 2025:0.0000, 2026:0.0000  [meta=/workspace/data/wide_fea_v2ext_meta.npz T=id members=live]
| period | n | months | net_ex | net | gross | A=mean(nx)/mean(g) | B=mean(nx/g) | A %/yr gross | B %/yr gross | A 2x | B 2x | Sharpe(nx) | DD NAV bps (peak->trough) | DD gross bps (peak->trough) | worst month (sum nx) | w3_king | w3_fund | turnover | pnl_ex | carry_ex | cost_ex | max resid |
|---|---|---|---|---|---|---|---|---|---|---|---|---|---|---|---|---|---|---|---|---|---|---|
| 2024 | 2196 |  | -0.6421 | -0.5940 | 0.8465 | -0.7585 | -0.7418 | -16.61% | -16.25% | -33.22% | -32.49% | -1.682 | 1814.9 (2024-03-31 16:00 -> 2024-12-26 16:00) | 2125.0 (2024-03-31 16:00 -> 2024-12-26 16:00) | 2024-11 -717.0 | 0.210 | 0.790 | 0.01428 | -0.2682 | +0.3402 | 0.0337 | 0.0e+00 |
| 2025 | 2190 |  | +0.2844 | +0.3551 | 0.7503 | +0.3790 | +0.4421 | +8.30% | +9.68% | +16.60% | +19.36% | +0.673 | 901.8 (2025-01-02 04:00 -> 2025-02-06 20:00) | 1160.4 (2025-01-02 04:00 -> 2025-02-06 20:00) | 2025-01 -634.5 | 0.210 | 0.790 | 0.01261 | +1.0048 | +0.6783 | 0.0422 | 0.0e+00 |
| 2026<=08-10 | 1332 | 7.3 | +2.9107 | +2.9637 | 0.7681 | +3.7893 | +3.7761 | +82.99% | +82.70% | +165.97% | +165.39% | +5.164 | 458.1 (2026-06-30 12:00 -> 2026-07-07 12:00) | 599.7 (2026-06-30 12:00 -> 2026-07-07 12:00) | 2026-02 +171.2 | 0.210 | 0.790 | 0.01684 | +3.8942 | +0.9155 | 0.0679 | 0.0e+00 |
| 2026->08-30 | 1452 | 8.0 | +2.3780 | +2.3609 | 0.7674 | +3.0986 | +3.0993 | +67.86% | +67.87% | +135.72% | +135.75% | +4.209 | 774.0 (2026-08-07 00:00 -> 2026-08-25 00:00) | 970.7 (2026-08-07 00:00 -> 2026-08-25 00:00) | 2026-08 -252.4 | 0.210 | 0.790 | 0.01707 | +3.3627 | +0.9157 | 0.0691 | 0.0e+00 |
| 2024->26 | 5838 |  | +0.4566 | +0.4969 | 0.7908 | +0.5774 | +0.6576 | +12.65% | +14.40% | +25.29% | +28.80% | +1.017 | 2613.7 (2024-03-31 16:00 -> 2025-02-06 20:00) | 3155.0 (2024-03-31 16:00 -> 2025-02-06 20:00) | 2024-11 -717.0 | 0.210 | 0.790 | 0.01435 | +1.1124 | +0.6101 | 0.0457 | 0.0e+00 |
| 2025->26 | 3642 |  | +1.1191 | +1.1548 | 0.7571 | +1.4780 | +1.5015 | +32.37% | +32.88% | +64.74% | +65.76% | +2.308 | 901.8 (2025-01-02 04:00 -> 2025-02-06 20:00) | 1160.4 (2025-01-02 04:00 -> 2025-02-06 20:00) | 2025-01 -634.5 | 0.210 | 0.790 | 0.01439 | +1.9449 | +0.7729 | 0.0529 | 0.0e+00 |
   DD-convention check (fixed-seat live Σ-simple d30 2024): zero-baseline 1814.9 bps vs no-baseline (refuters' final_stats.py convention) 1814.9 bps
====================================================================================================
FORM: fixed-seat live (W3FIX=0.21,0,0.79 M829 T400 FTRIM=zero)
CALIBER: expm1 (CAL=simple; y4 -> expm1(Σ r5))
FILE: /workspace/port_w10/probe_artifacts/w10_ablation_series_pod_live_w3fix_calsimple_s42.npz
  sha256[:16] 53bdbcfbbc9b5f21  config_json: CAL=simple W3FIX=0.21,0,0.79 MEMBERS_TOPN=829 TRADE_TOPN=400 FTRIM=zero LEGS=101 PHI=0.45 FSEED=42 SLOW_NPY=/workspace/shadow_bundle_v3/slow_pred_pinned.npy
  cols: ['ts', 'net', 'pnl', 'carry', 'cost', 'gross_total', 'gross_member', 'gross_sel', 'nsel', 'nmember', 'fires', 'leg_king', 'leg_rev24', 'leg_fund', 'w3_king', 'w3_rev24', 'w3_fund', 'turnover', 'net_ex', 'pnl_ex', 'carry_ex', 'cost_ex', 'netlong']

-- ARM S0: n=10038 first=2022-01-31 00:00 last=2026-08-30 20:00 | identity max|net_ex-(pnl_ex-carry_ex-cost_ex)|=0.000e+00 bps; file: max|net-(pnl-carry-cost)|=0.000e+00 bps | anchors with gross_total<1e-9: 0
   y4-INPUT CHECK (pnl column vs 1e4*Σ_m W·T(y4_meta_of_this_run)): max|Δ| all=0.0000 bps; by year: 2022:0.0000, 2023:0.0000, 2024:0.0000, 2025:0.0000, 2026:0.0000  [meta=/workspace/data/wide_fea_v2ext_meta.npz T=expm1 members=live]
| period | n | months | net_ex | net | gross | A=mean(nx)/mean(g) | B=mean(nx/g) | A %/yr gross | B %/yr gross | A 2x | B 2x | Sharpe(nx) | DD NAV bps (peak->trough) | DD gross bps (peak->trough) | worst month (sum nx) | w3_king | w3_fund | turnover | pnl_ex | carry_ex | cost_ex | max resid |
|---|---|---|---|---|---|---|---|---|---|---|---|---|---|---|---|---|---|---|---|---|---|---|
| 2024 | 2196 |  | -0.3977 | -0.2223 | 0.8823 | -0.4508 | -0.4389 | -9.87% | -9.61% | -19.74% | -19.22% | -0.934 | 1714.2 (2024-11-15 08:00 -> 2024-12-26 16:00) | 1981.9 (2024-11-15 08:00 -> 2024-12-26 16:00) | 2024-11 -659.4 | 0.210 | 0.790 | 0.01392 | -0.0009 | +0.3644 | 0.0325 | 0.0e+00 |
| 2025 | 2190 |  | +1.3147 | +1.0519 | 0.7960 | +1.6516 | +1.7435 | +36.17% | +38.18% | +72.34% | +76.37% | +2.559 | 895.3 (2025-01-02 04:00 -> 2025-02-06 20:00) | 1054.1 (2025-01-02 04:00 -> 2025-02-06 20:00) | 2025-01 -593.4 | 0.210 | 0.790 | 0.01235 | +2.1398 | +0.7844 | 0.0407 | 0.0e+00 |
| 2026<=08-10 | 1332 | 7.3 | +4.8064 | +4.6586 | 0.8060 | +5.9630 | +5.9418 | +130.59% | +130.13% | +261.18% | +260.25% | +7.986 | 307.3 (2026-01-12 08:00 -> 2026-01-26 12:00) | 388.9 (2026-01-12 08:00 -> 2026-01-26 12:00) | 2026-01 +249.4 | 0.210 | 0.790 | 0.01680 | +5.8944 | +1.0210 | 0.0671 | 0.0e+00 |
| 2026->08-30 | 1452 | 8.0 | +4.2592 | +4.0796 | 0.8070 | +5.2780 | +5.2839 | +115.59% | +115.72% | +231.18% | +231.44% | +7.027 | 707.2 (2026-08-18 00:00 -> 2026-08-25 00:00) | 841.6 (2026-08-18 00:00 -> 2026-08-25 00:00) | 2026-08 +125.1 | 0.210 | 0.790 | 0.01701 | +5.3509 | +1.0237 | 0.0680 | 0.0e+00 |
| 2024->26 | 5838 |  | +1.4029 | +1.3256 | 0.8312 | +1.6878 | +1.8032 | +36.96% | +39.49% | +73.93% | +78.98% | +2.751 | 2478.1 (2024-11-15 08:00 -> 2025-02-06 20:00) | 2879.4 (2024-11-15 08:00 -> 2025-02-06 20:00) | 2024-11 -659.4 | 0.210 | 0.790 | 0.01410 | +2.1332 | +0.6859 | 0.0444 | 0.0e+00 |
| 2025->26 | 3642 |  | +2.4886 | +2.2590 | 0.8004 | +3.1093 | +3.1550 | +68.09% | +69.10% | +136.19% | +138.19% | +4.499 | 895.3 (2025-01-02 04:00 -> 2025-02-06 20:00) | 1054.1 (2025-01-02 04:00 -> 2025-02-06 20:00) | 2025-01 -593.4 | 0.210 | 0.790 | 0.01421 | +3.4200 | +0.8798 | 0.0516 | 0.0e+00 |

-- ARM d30_n2_c42: n=10038 first=2022-01-31 00:00 last=2026-08-30 20:00 | identity max|net_ex-(pnl_ex-carry_ex-cost_ex)|=0.000e+00 bps; file: max|net-(pnl-carry-cost)|=0.000e+00 bps | anchors with gross_total<1e-9: 0
   y4-INPUT CHECK (pnl column vs 1e4*Σ_m W·T(y4_meta_of_this_run)): max|Δ| all=0.0000 bps; by year: 2022:0.0000, 2023:0.0000, 2024:0.0000, 2025:0.0000, 2026:0.0000  [meta=/workspace/data/wide_fea_v2ext_meta.npz T=expm1 members=live]
| period | n | months | net_ex | net | gross | A=mean(nx)/mean(g) | B=mean(nx/g) | A %/yr gross | B %/yr gross | A 2x | B 2x | Sharpe(nx) | DD NAV bps (peak->trough) | DD gross bps (peak->trough) | worst month (sum nx) | w3_king | w3_fund | turnover | pnl_ex | carry_ex | cost_ex | max resid |
|---|---|---|---|---|---|---|---|---|---|---|---|---|---|---|---|---|---|---|---|---|---|---|
| 2024 | 2196 |  | -0.3582 | -0.3475 | 0.8456 | -0.4236 | -0.4123 | -9.28% | -9.03% | -18.55% | -18.06% | -0.921 | 1513.6 (2024-11-15 08:00 -> 2024-12-26 16:00) | 1849.3 (2024-11-15 08:00 -> 2024-12-26 16:00) | 2024-11 -576.1 | 0.210 | 0.790 | 0.01430 | +0.0164 | +0.3409 | 0.0336 | 0.0e+00 |
| 2025 | 2190 |  | +1.4060 | +1.0930 | 0.7535 | +1.8660 | +1.9659 | +40.87% | +43.05% | +81.73% | +86.11% | +3.079 | 717.5 (2025-01-02 04:00 -> 2025-02-06 20:00) | 905.9 (2025-01-02 04:00 -> 2025-02-06 20:00) | 2025-01 -463.5 | 0.210 | 0.790 | 0.01251 | +2.1247 | +0.6768 | 0.0419 | 0.0e+00 |
| 2026<=08-10 | 1332 | 7.3 | +4.9478 | +4.7583 | 0.7706 | +6.4204 | +6.3749 | +140.61% | +139.61% | +281.21% | +279.22% | +8.555 | 263.9 (2026-06-30 12:00 -> 2026-07-07 12:00) | 344.8 (2026-06-30 12:00 -> 2026-07-07 12:00) | 2026-08 +324.3 | 0.210 | 0.790 | 0.01677 | +5.9204 | +0.9049 | 0.0677 | 0.0e+00 |
| 2026->08-30 | 1452 | 8.0 | +4.3441 | +4.0942 | 0.7712 | +5.6332 | +5.6152 | +123.37% | +122.97% | +246.73% | +245.95% | +7.490 | 694.3 (2026-08-16 04:00 -> 2026-08-25 00:00) | 864.3 (2026-08-16 04:00 -> 2026-08-25 00:00) | 2026-08 +41.5 | 0.210 | 0.790 | 0.01698 | +5.3207 | +0.9079 | 0.0687 | 0.0e+00 |
| 2024->26 | 5838 |  | +1.4731 | +1.2976 | 0.7925 | +1.8588 | +1.9790 | +40.71% | +43.34% | +81.42% | +86.68% | +3.139 | 2126.0 (2024-11-15 08:00 -> 2025-02-06 20:00) | 2623.5 (2024-11-15 08:00 -> 2025-02-06 20:00) | 2024-11 -576.1 | 0.210 | 0.790 | 0.01430 | +2.1266 | +0.6079 | 0.0455 | 0.0e+00 |
| 2025->26 | 3642 |  | +2.5774 | +2.2895 | 0.7605 | +3.3890 | +3.4208 | +74.22% | +74.92% | +148.44% | +149.83% | +5.051 | 717.5 (2025-01-02 04:00 -> 2025-02-06 20:00) | 905.9 (2025-01-02 04:00 -> 2025-02-06 20:00) | 2025-01 -463.5 | 0.210 | 0.790 | 0.01430 | +3.3989 | +0.7689 | 0.0526 | 0.0e+00 |
====================================================================================================
FORM: fixed-seat live (W3FIX=0.21,0,0.79 M829 T400 FTRIM=zero)
CALIBER: compounded same window Π(1+r5[E..E+47])−1 (CAL=log; refute_C6_1 alt true_old)
FILE: /workspace/review_scratch/refute_C6_1/dev/probe_artifacts/w10_ablation_series_alt_true_old_w3fix.npz
  sha256[:16] 6f0376d6432ef89c  config_json: CAL=log W3FIX=0.21,0,0.79 MEMBERS_TOPN=829 TRADE_TOPN=400 FTRIM=zero LEGS=101 PHI=0.45 FSEED=42 SLOW_NPY=/workspace/shadow_bundle_v3/slow_pred_pinned.npy
  cols: ['ts', 'net', 'pnl', 'carry', 'cost', 'gross_total', 'gross_member', 'gross_sel', 'nsel', 'nmember', 'fires', 'leg_king', 'leg_rev24', 'leg_fund', 'w3_king', 'w3_rev24', 'w3_fund', 'turnover', 'net_ex', 'pnl_ex', 'carry_ex', 'cost_ex', 'netlong']

-- ARM S0: n=10038 first=2022-01-31 00:00 last=2026-08-30 20:00 | identity max|net_ex-(pnl_ex-carry_ex-cost_ex)|=0.000e+00 bps; file: max|net-(pnl-carry-cost)|=0.000e+00 bps | anchors with gross_total<1e-9: 0
   y4-INPUT CHECK (pnl column vs 1e4*Σ_m W·T(y4_meta_of_this_run)): max|Δ| all=0.0000 bps; by year: 2022:0.0000, 2023:0.0000, 2024:0.0000, 2025:0.0000, 2026:0.0000  [meta=/workspace/review_scratch/refute_C6_1/alt/meta_true_old.npz T=id members=live]
| period | n | months | net_ex | net | gross | A=mean(nx)/mean(g) | B=mean(nx/g) | A %/yr gross | B %/yr gross | A 2x | B 2x | Sharpe(nx) | DD NAV bps (peak->trough) | DD gross bps (peak->trough) | worst month (sum nx) | w3_king | w3_fund | turnover | pnl_ex | carry_ex | cost_ex | max resid |
|---|---|---|---|---|---|---|---|---|---|---|---|---|---|---|---|---|---|---|---|---|---|---|
| 2024 | 2196 |  | -0.7513 | -0.5261 | 0.8823 | -0.8516 | -0.8370 | -18.65% | -18.33% | -37.30% | -36.66% | -1.776 | 2095.3 (2024-01-16 00:00 -> 2024-12-26 16:00) | 2324.6 (2024-01-16 00:00 -> 2024-12-26 16:00) | 2024-11 -779.1 | 0.210 | 0.790 | 0.01392 | -0.3545 | +0.3644 | 0.0325 | 0.0e+00 |
| 2025 | 2190 |  | +0.0860 | +0.1918 | 0.7960 | +0.1080 | +0.1816 | +2.36% | +3.98% | +4.73% | +7.95% | +0.171 | 1133.1 (2025-01-02 04:00 -> 2025-02-07 20:00) | 1343.2 (2025-01-02 04:00 -> 2025-02-07 20:00) | 2025-01 -774.1 | 0.210 | 0.790 | 0.01235 | +0.9111 | +0.7844 | 0.0407 | 0.0e+00 |
| 2026<=08-10 | 1332 | 7.3 | +2.8861 | +2.9664 | 0.8060 | +3.5806 | +3.5664 | +78.42% | +78.10% | +156.83% | +156.21% | +4.868 | 399.0 (2026-06-30 12:00 -> 2026-07-08 04:00) | 497.7 (2026-01-01 08:00 -> 2026-01-26 12:00) | 2026-01 +93.9 | 0.210 | 0.790 | 0.01680 | +3.9741 | +1.0210 | 0.0671 | 0.0e+00 |
| 2026->08-30 | 1452 | 8.0 | +2.3508 | +2.3955 | 0.8070 | +2.9131 | +2.9239 | +63.80% | +64.03% | +127.59% | +128.07% | +3.928 | 789.9 (2026-08-18 00:00 -> 2026-08-25 00:00) | 939.8 (2026-08-18 00:00 -> 2026-08-25 00:00) | 2026-08 -251.5 | 0.210 | 0.790 | 0.01701 | +3.4425 | +1.0237 | 0.0680 | 0.0e+00 |
| 2024->26 | 5838 |  | +0.3343 | +0.4699 | 0.8312 | +0.4022 | +0.4805 | +8.81% | +10.52% | +17.62% | +21.05% | +0.666 | 3099.6 (2024-01-16 00:00 -> 2025-02-07 20:00) | 3514.4 (2024-01-16 00:00 -> 2025-02-07 20:00) | 2024-11 -779.1 | 0.210 | 0.790 | 0.01410 | +1.0646 | +0.6859 | 0.0444 | 0.0e+00 |
| 2025->26 | 3642 |  | +0.9889 | +1.0704 | 0.8004 | +1.2355 | +1.2749 | +27.06% | +27.92% | +54.12% | +55.84% | +1.819 | 1133.1 (2025-01-02 04:00 -> 2025-02-07 20:00) | 1343.2 (2025-01-02 04:00 -> 2025-02-07 20:00) | 2025-01 -774.1 | 0.210 | 0.790 | 0.01421 | +1.9203 | +0.8798 | 0.0516 | 0.0e+00 |

-- ARM d30_n2_c42: n=10038 first=2022-01-31 00:00 last=2026-08-30 20:00 | identity max|net_ex-(pnl_ex-carry_ex-cost_ex)|=0.000e+00 bps; file: max|net-(pnl-carry-cost)|=0.000e+00 bps | anchors with gross_total<1e-9: 0
   y4-INPUT CHECK (pnl column vs 1e4*Σ_m W·T(y4_meta_of_this_run)): max|Δ| all=0.0000 bps; by year: 2022:0.0000, 2023:0.0000, 2024:0.0000, 2025:0.0000, 2026:0.0000  [meta=/workspace/review_scratch/refute_C6_1/alt/meta_true_old.npz T=id members=live]
| period | n | months | net_ex | net | gross | A=mean(nx)/mean(g) | B=mean(nx/g) | A %/yr gross | B %/yr gross | A 2x | B 2x | Sharpe(nx) | DD NAV bps (peak->trough) | DD gross bps (peak->trough) | worst month (sum nx) | w3_king | w3_fund | turnover | pnl_ex | carry_ex | cost_ex | max resid |
|---|---|---|---|---|---|---|---|---|---|---|---|---|---|---|---|---|---|---|---|---|---|---|
| 2024 | 2196 |  | -0.7337 | -0.7194 | 0.8445 | -0.8687 | -0.8505 | -19.02% | -18.63% | -38.05% | -37.25% | -1.920 | 1972.5 (2024-01-15 20:00 -> 2024-12-28 04:00) | 2286.2 (2024-01-15 20:00 -> 2024-12-28 04:00) | 2024-11 -752.6 | 0.210 | 0.790 | 0.01431 | -0.3614 | +0.3385 | 0.0337 | 0.0e+00 |
| 2025 | 2190 |  | +0.2068 | +0.3365 | 0.7490 | +0.2761 | +0.3461 | +6.05% | +7.58% | +12.09% | +15.16% | +0.477 | 822.4 (2025-01-02 04:00 -> 2025-02-06 20:00) | 1053.1 (2025-01-02 04:00 -> 2025-02-06 20:00) | 2025-01 -559.4 | 0.210 | 0.790 | 0.01264 | +0.9233 | +0.6742 | 0.0423 | 0.0e+00 |
| 2026<=08-10 | 1332 | 7.3 | +2.8478 | +2.9148 | 0.7635 | +3.7300 | +3.7162 | +81.69% | +81.39% | +163.37% | +162.77% | +5.072 | 357.0 (2026-06-30 12:00 -> 2026-07-07 12:00) | 469.6 (2026-06-30 12:00 -> 2026-07-07 12:00) | 2026-08 +175.6 | 0.210 | 0.790 | 0.01689 | +3.8135 | +0.8973 | 0.0684 | 0.0e+00 |
| 2026->08-30 | 1452 | 8.0 | +2.3233 | +2.3192 | 0.7635 | +3.0428 | +3.0485 | +66.64% | +66.76% | +133.28% | +133.52% | +4.128 | 765.0 (2026-08-07 00:00 -> 2026-08-25 00:00) | 959.2 (2026-08-07 00:00 -> 2026-08-25 00:00) | 2026-08 -244.2 | 0.210 | 0.790 | 0.01710 | +3.2923 | +0.8996 | 0.0694 | 0.0e+00 |
| 2024->26 | 5838 |  | +0.3795 | +0.4324 | 0.7886 | +0.4812 | +0.5681 | +10.54% | +12.44% | +21.08% | +24.88% | +0.838 | 2691.5 (2024-01-15 20:00 -> 2025-02-06 20:00) | 3210.8 (2024-01-15 20:00 -> 2025-02-06 20:00) | 2024-11 -752.6 | 0.210 | 0.790 | 0.01438 | +1.0293 | +0.6040 | 0.0458 | 0.0e+00 |
| 2025->26 | 3642 |  | +1.0506 | +1.1269 | 0.7548 | +1.3919 | +1.4235 | +30.48% | +31.17% | +60.97% | +62.35% | +2.145 | 822.4 (2025-01-02 04:00 -> 2025-02-06 20:00) | 1053.1 (2025-01-02 04:00 -> 2025-02-06 20:00) | 2025-01 -559.4 | 0.210 | 0.790 | 0.01442 | +1.8678 | +0.7640 | 0.0531 | 0.0e+00 |
====================================================================================================
FORM: fixed-seat live (W3FIX=0.21,0,0.79 M829 T400 FTRIM=zero)
CALIBER: compounded exchange window Π(1+r5[E+1..E+48])−1 (CAL=log; refute_C6_2 altrun newprod)
FILE: /workspace/review_scratch/refute_C6_2/altrun/newprod/probe_artifacts/w10_ablation_series_alt_newprod_w3fix.npz
  sha256[:16] aa5771a803a880ba  config_json: CAL=log W3FIX=0.21,0,0.79 MEMBERS_TOPN=829 TRADE_TOPN=400 FTRIM=zero LEGS=101 PHI=0.45 FSEED=42 SLOW_NPY=/workspace/shadow_bundle_v3/slow_pred_pinned.npy
  cols: ['ts', 'net', 'pnl', 'carry', 'cost', 'gross_total', 'gross_member', 'gross_sel', 'nsel', 'nmember', 'fires', 'leg_king', 'leg_rev24', 'leg_fund', 'w3_king', 'w3_rev24', 'w3_fund', 'turnover', 'net_ex', 'pnl_ex', 'carry_ex', 'cost_ex', 'netlong']

-- ARM S0: n=10038 first=2022-01-31 00:00 last=2026-08-30 20:00 | identity max|net_ex-(pnl_ex-carry_ex-cost_ex)|=0.000e+00 bps; file: max|net-(pnl-carry-cost)|=0.000e+00 bps | anchors with gross_total<1e-9: 0
   y4-INPUT CHECK (pnl column vs 1e4*Σ_m W·T(y4_meta_of_this_run)): max|Δ| all=0.0000 bps; by year: 2022:0.0000, 2023:0.0000, 2024:0.0000, 2025:0.0000, 2026:0.0000  [meta=/workspace/review_scratch/refute_C6_2/altrun/meta_newprod.npz T=id members=live]
| period | n | months | net_ex | net | gross | A=mean(nx)/mean(g) | B=mean(nx/g) | A %/yr gross | B %/yr gross | A 2x | B 2x | Sharpe(nx) | DD NAV bps (peak->trough) | DD gross bps (peak->trough) | worst month (sum nx) | w3_king | w3_fund | turnover | pnl_ex | carry_ex | cost_ex | max resid |
|---|---|---|---|---|---|---|---|---|---|---|---|---|---|---|---|---|---|---|---|---|---|---|
| 2024 | 2196 |  | -0.7500 | -0.5245 | 0.8823 | -0.8501 | -0.8355 | -18.62% | -18.30% | -37.23% | -36.59% | -1.782 | 2079.3 (2024-01-16 00:00 -> 2024-12-26 20:00) | 2316.2 (2024-03-31 16:00 -> 2024-12-26 20:00) | 2024-11 -784.8 | 0.210 | 0.790 | 0.01392 | -0.3532 | +0.3644 | 0.0325 | 0.0e+00 |
| 2025 | 2190 |  | +0.1175 | +0.2218 | 0.7960 | +0.1476 | +0.2215 | +3.23% | +4.85% | +6.47% | +9.70% | +0.233 | 1132.9 (2025-01-02 04:00 -> 2025-02-07 20:00) | 1342.7 (2025-01-02 04:00 -> 2025-02-07 20:00) | 2025-01 -777.5 | 0.210 | 0.790 | 0.01235 | +0.9427 | +0.7844 | 0.0407 | 0.0e+00 |
| 2026<=08-10 | 1332 | 7.3 | +2.8810 | +2.9599 | 0.8060 | +3.5743 | +3.5608 | +78.28% | +77.98% | +156.55% | +155.96% | +4.869 | 401.7 (2026-06-30 12:00 -> 2026-07-08 04:00) | 499.5 (2026-01-01 08:00 -> 2026-01-26 12:00) | 2026-01 +102.6 | 0.210 | 0.790 | 0.01680 | +3.9690 | +1.0210 | 0.0671 | 0.0e+00 |
| 2026->08-30 | 1452 | 8.0 | +2.3662 | +2.4083 | 0.8070 | +2.9322 | +2.9446 | +64.22% | +64.49% | +128.43% | +128.97% | +3.969 | 773.6 (2026-08-18 00:00 -> 2026-08-25 00:00) | 921.0 (2026-08-18 00:00 -> 2026-08-25 00:00) | 2026-08 -235.6 | 0.210 | 0.790 | 0.01701 | +3.4579 | +1.0237 | 0.0680 | 0.0e+00 |
| 2024->26 | 5838 |  | +0.3505 | +0.4849 | 0.8312 | +0.4216 | +0.5012 | +9.23% | +10.98% | +18.47% | +21.95% | +0.700 | 3081.7 (2024-01-16 00:00 -> 2025-02-07 20:00) | 3503.5 (2024-03-31 16:00 -> 2025-02-07 20:00) | 2024-11 -784.8 | 0.210 | 0.790 | 0.01410 | +1.0808 | +0.6859 | 0.0444 | 0.0e+00 |
| 2025->26 | 3642 |  | +1.0140 | +1.0935 | 0.8004 | +1.2669 | +1.3071 | +27.75% | +28.63% | +55.49% | +57.25% | +1.868 | 1132.9 (2025-01-02 04:00 -> 2025-02-07 20:00) | 1342.7 (2025-01-02 04:00 -> 2025-02-07 20:00) | 2025-01 -777.5 | 0.210 | 0.790 | 0.01421 | +1.9455 | +0.8798 | 0.0516 | 0.0e+00 |

-- ARM d30_n2_c42: n=10038 first=2022-01-31 00:00 last=2026-08-30 20:00 | identity max|net_ex-(pnl_ex-carry_ex-cost_ex)|=0.000e+00 bps; file: max|net-(pnl-carry-cost)|=0.000e+00 bps | anchors with gross_total<1e-9: 0
   y4-INPUT CHECK (pnl column vs 1e4*Σ_m W·T(y4_meta_of_this_run)): max|Δ| all=0.0000 bps; by year: 2022:0.0000, 2023:0.0000, 2024:0.0000, 2025:0.0000, 2026:0.0000  [meta=/workspace/review_scratch/refute_C6_2/altrun/meta_newprod.npz T=id members=live]
| period | n | months | net_ex | net | gross | A=mean(nx)/mean(g) | B=mean(nx/g) | A %/yr gross | B %/yr gross | A 2x | B 2x | Sharpe(nx) | DD NAV bps (peak->trough) | DD gross bps (peak->trough) | worst month (sum nx) | w3_king | w3_fund | turnover | pnl_ex | carry_ex | cost_ex | max resid |
|---|---|---|---|---|---|---|---|---|---|---|---|---|---|---|---|---|---|---|---|---|---|---|
| 2024 | 2196 |  | -0.7089 | -0.6846 | 0.8444 | -0.8395 | -0.8209 | -18.39% | -17.98% | -36.77% | -35.96% | -1.855 | 1912.7 (2024-01-16 00:00 -> 2024-12-28 04:00) | 2223.6 (2024-03-31 16:00 -> 2024-12-28 04:00) | 2024-11 -756.8 | 0.210 | 0.790 | 0.01431 | -0.3369 | +0.3383 | 0.0337 | 0.0e+00 |
| 2025 | 2190 |  | +0.2538 | +0.3812 | 0.7492 | +0.3387 | +0.4078 | +7.42% | +8.93% | +14.84% | +17.86% | +0.586 | 849.3 (2025-01-02 04:00 -> 2025-02-06 20:00) | 1091.3 (2025-01-02 04:00 -> 2025-02-06 20:00) | 2025-01 -574.9 | 0.210 | 0.790 | 0.01263 | +0.9679 | +0.6719 | 0.0423 | 0.0e+00 |
| 2026<=08-10 | 1332 | 7.3 | +2.8329 | +2.9046 | 0.7627 | +3.7141 | +3.7024 | +81.34% | +81.08% | +162.68% | +162.17% | +5.046 | 351.9 (2026-06-30 12:00 -> 2026-07-07 12:00) | 465.2 (2026-06-30 12:00 -> 2026-07-07 12:00) | 2026-08 +161.5 | 0.210 | 0.790 | 0.01689 | +3.7979 | +0.8967 | 0.0684 | 0.0e+00 |
| 2026->08-30 | 1452 | 8.0 | +2.3236 | +2.3254 | 0.7629 | +3.0458 | +3.0588 | +66.70% | +66.99% | +133.41% | +133.98% | +4.132 | 753.5 (2026-08-06 20:00 -> 2026-08-25 00:00) | 937.4 (2026-08-06 20:00 -> 2026-08-25 00:00) | 2026-08 -238.0 | 0.210 | 0.790 | 0.01711 | +3.2921 | +0.8991 | 0.0694 | 0.0e+00 |
| 2024->26 | 5838 |  | +0.4065 | +0.4638 | 0.7884 | +0.5155 | +0.6050 | +11.29% | +13.25% | +22.58% | +26.50% | +0.899 | 2657.3 (2024-01-16 00:00 -> 2025-02-06 20:00) | 3184.8 (2024-03-31 16:00 -> 2025-02-06 20:00) | 2024-11 -756.8 | 0.210 | 0.790 | 0.01437 | +1.0552 | +0.6029 | 0.0458 | 0.0e+00 |
| 2025->26 | 3642 |  | +1.0790 | +1.1563 | 0.7546 | +1.4298 | +1.4647 | +31.31% | +32.08% | +62.62% | +64.16% | +2.207 | 849.3 (2025-01-02 04:00 -> 2025-02-06 20:00) | 1091.3 (2025-01-02 04:00 -> 2025-02-06 20:00) | 2025-01 -574.9 | 0.210 | 0.790 | 0.01441 | +1.8945 | +0.7625 | 0.0531 | 0.0e+00 |
====================================================================================================
FORM: dynamic-seat live (msharpe seats, M829 T400 FTRIM=zero)
CALIBER: Σ-simple (CAL=log; y4 = meta Σ r5[E..E+47])
FILE: /workspace/port_w10/probe_artifacts/w10_ablation_series_pod_live_callog_s42.npz
  sha256[:16] dd85ded80c7af058  config_json: CAL=log W3FIX=None MEMBERS_TOPN=829 TRADE_TOPN=400 FTRIM=zero LEGS=101 PHI=0.45 FSEED=42 SLOW_NPY=/workspace/shadow_bundle_v3/slow_pred_pinned.npy
  cols: ['ts', 'net', 'pnl', 'carry', 'cost', 'gross_total', 'gross_member', 'gross_sel', 'nsel', 'nmember', 'fires', 'leg_king', 'leg_rev24', 'leg_fund', 'w3_king', 'w3_rev24', 'w3_fund', 'turnover', 'net_ex', 'pnl_ex', 'carry_ex', 'cost_ex', 'netlong']

-- ARM S0: n=10038 first=2022-01-31 00:00 last=2026-08-30 20:00 | identity max|net_ex-(pnl_ex-carry_ex-cost_ex)|=0.000e+00 bps; file: max|net-(pnl-carry-cost)|=0.000e+00 bps | anchors with gross_total<1e-9: 0
   y4-INPUT CHECK (pnl column vs 1e4*Σ_m W·T(y4_meta_of_this_run)): max|Δ| all=0.0000 bps; by year: 2022:0.0000, 2023:0.0000, 2024:0.0000, 2025:0.0000, 2026:0.0000  [meta=/workspace/data/wide_fea_v2ext_meta.npz T=id members=live]
| period | n | months | net_ex | net | gross | A=mean(nx)/mean(g) | B=mean(nx/g) | A %/yr gross | B %/yr gross | A 2x | B 2x | Sharpe(nx) | DD NAV bps (peak->trough) | DD gross bps (peak->trough) | worst month (sum nx) | w3_king | w3_fund | turnover | pnl_ex | carry_ex | cost_ex | max resid |
|---|---|---|---|---|---|---|---|---|---|---|---|---|---|---|---|---|---|---|---|---|---|---|
| 2024 | 2196 |  | +0.1488 | +0.1760 | 0.6190 | +0.2404 | +0.6425 | +5.26% | +14.07% | +10.53% | +28.14% | +0.498 | 895.6 (2024-01-14 04:00 -> 2024-07-20 04:00) | 1199.5 (2024-01-14 04:00 -> 2024-07-20 04:00) | 2024-04 -360.5 | 0.639 | 0.361 | 0.03773 | +0.4057 | +0.1743 | 0.0826 | 0.0e+00 |
| 2025 | 2190 |  | +0.4099 | +0.5000 | 0.5473 | +0.7490 | +0.7510 | +16.40% | +16.45% | +32.81% | +32.89% | +1.199 | 565.7 (2025-11-07 00:00 -> 2025-12-25 16:00) | 851.7 (2025-04-21 04:00 -> 2025-05-30 00:00) | 2025-12 -337.2 | 0.673 | 0.327 | 0.03618 | +0.9995 | +0.4855 | 0.1041 | 0.0e+00 |
| 2026<=08-10 | 1332 | 7.3 | +2.6002 | +2.6617 | 0.8119 | +3.2025 | +3.1966 | +70.13% | +70.00% | +140.27% | +140.01% | +4.762 | 490.4 (2026-06-30 12:00 -> 2026-07-08 04:00) | 584.9 (2026-06-30 12:00 -> 2026-07-08 04:00) | 2026-02 +109.6 | 0.368 | 0.632 | 0.02407 | +3.7046 | +1.0143 | 0.0901 | 0.0e+00 |
| 2026->08-30 | 1452 | 8.0 | +2.1082 | +2.1418 | 0.8123 | +2.5953 | +2.6127 | +56.84% | +57.22% | +113.67% | +114.44% | +3.799 | 766.3 (2026-08-18 00:00 -> 2026-08-25 00:00) | 912.4 (2026-08-18 00:00 -> 2026-08-25 00:00) | 2026-08 -257.8 | 0.361 | 0.639 | 0.02383 | +3.2152 | +1.0174 | 0.0896 | 0.0e+00 |
| 2024->26 | 5838 |  | +0.7341 | +0.7865 | 0.6402 | +1.1467 | +1.1732 | +25.11% | +25.69% | +50.23% | +51.39% | +1.869 | 895.6 (2024-01-14 04:00 -> 2024-07-20 04:00) | 1199.5 (2024-01-14 04:00 -> 2024-07-20 04:00) | 2024-04 -360.5 | 0.583 | 0.417 | 0.03369 | +1.3272 | +0.5007 | 0.0924 | 0.0e+00 |
| 2025->26 | 3642 |  | +1.0870 | +1.1545 | 0.6529 | +1.6648 | +1.4932 | +36.46% | +32.70% | +72.92% | +65.40% | +2.472 | 766.3 (2026-08-18 00:00 -> 2026-08-25 00:00) | 912.4 (2026-08-18 00:00 -> 2026-08-25 00:00) | 2025-12 -337.2 | 0.549 | 0.451 | 0.03126 | +1.8829 | +0.6976 | 0.0983 | 0.0e+00 |

-- ARM d30_n2_c42: n=10038 first=2022-01-31 00:00 last=2026-08-30 20:00 | identity max|net_ex-(pnl_ex-carry_ex-cost_ex)|=0.000e+00 bps; file: max|net-(pnl-carry-cost)|=0.000e+00 bps | anchors with gross_total<1e-9: 0
   y4-INPUT CHECK (pnl column vs 1e4*Σ_m W·T(y4_meta_of_this_run)): max|Δ| all=0.0000 bps; by year: 2022:0.0000, 2023:0.0000, 2024:0.0000, 2025:0.0000, 2026:0.0000  [meta=/workspace/data/wide_fea_v2ext_meta.npz T=id members=live]
| period | n | months | net_ex | net | gross | A=mean(nx)/mean(g) | B=mean(nx/g) | A %/yr gross | B %/yr gross | A 2x | B 2x | Sharpe(nx) | DD NAV bps (peak->trough) | DD gross bps (peak->trough) | worst month (sum nx) | w3_king | w3_fund | turnover | pnl_ex | carry_ex | cost_ex | max resid |
|---|---|---|---|---|---|---|---|---|---|---|---|---|---|---|---|---|---|---|---|---|---|---|
| 2024 | 2196 |  | +0.1489 | +0.1324 | 0.6020 | +0.2473 | +0.6357 | +5.42% | +13.92% | +10.83% | +27.84% | +0.533 | 794.9 (2024-01-15 20:00 -> 2024-07-20 04:00) | 1050.5 (2024-01-15 20:00 -> 2024-07-20 04:00) | 2024-04 -363.1 | 0.639 | 0.361 | 0.03749 | +0.3980 | +0.1665 | 0.0825 | 0.0e+00 |
| 2025 | 2190 |  | +0.3590 | +0.4400 | 0.5315 | +0.6756 | +0.7005 | +14.79% | +15.34% | +29.59% | +30.68% | +1.146 | 417.6 (2025-11-06 20:00 -> 2025-12-25 16:00) | 849.4 (2025-04-21 04:00 -> 2025-05-01 08:00) | 2025-12 -294.5 | 0.673 | 0.327 | 0.03567 | +0.9101 | +0.4474 | 0.1037 | 0.0e+00 |
| 2026<=08-10 | 1332 | 7.3 | +2.5118 | +2.5722 | 0.7805 | +3.2180 | +3.2093 | +70.47% | +70.28% | +140.95% | +140.57% | +4.832 | 452.1 (2026-06-30 12:00 -> 2026-07-07 12:00) | 569.6 (2026-06-30 12:00 -> 2026-07-07 12:00) | 2026-02 +103.6 | 0.368 | 0.632 | 0.02382 | +3.5180 | +0.9160 | 0.0902 | 0.0e+00 |
| 2026->08-30 | 1452 | 8.0 | +2.0132 | +2.0143 | 0.7792 | +2.5838 | +2.5912 | +56.58% | +56.75% | +113.17% | +113.50% | +3.842 | 770.6 (2026-08-07 00:00 -> 2026-08-25 00:00) | 947.7 (2026-08-07 00:00 -> 2026-08-25 00:00) | 2026-08 -293.5 | 0.361 | 0.639 | 0.02360 | +3.0195 | +0.9164 | 0.0899 | 0.0e+00 |
| 2024->26 | 5838 |  | +0.6914 | +0.7158 | 0.6196 | +1.1159 | +1.1464 | +24.44% | +25.11% | +48.88% | +50.21% | +1.884 | 794.9 (2024-01-15 20:00 -> 2024-07-20 04:00) | 1050.5 (2024-01-15 20:00 -> 2024-07-20 04:00) | 2024-04 -363.1 | 0.583 | 0.417 | 0.03335 | +1.2421 | +0.4584 | 0.0923 | 0.0e+00 |
| 2025->26 | 3642 |  | +1.0185 | +1.0676 | 0.6302 | +1.6161 | +1.4543 | +35.39% | +31.85% | +70.79% | +63.70% | +2.479 | 770.6 (2026-08-07 00:00 -> 2026-08-25 00:00) | 947.7 (2026-08-07 00:00 -> 2026-08-25 00:00) | 2025-12 -294.5 | 0.549 | 0.451 | 0.03086 | +1.7511 | +0.6344 | 0.0982 | 0.0e+00 |
====================================================================================================
FORM: dynamic-seat live (msharpe seats, M829 T400 FTRIM=zero)
CALIBER: expm1 (CAL=simple; y4 -> expm1(Σ r5))
FILE: /workspace/port_w10/probe_artifacts/w10_ablation_series_pod_live_calsimple_s42.npz
  sha256[:16] e0917815955a5f3b  config_json: CAL=simple W3FIX=None MEMBERS_TOPN=829 TRADE_TOPN=400 FTRIM=zero LEGS=101 PHI=0.45 FSEED=42 SLOW_NPY=/workspace/shadow_bundle_v3/slow_pred_pinned.npy
  cols: ['ts', 'net', 'pnl', 'carry', 'cost', 'gross_total', 'gross_member', 'gross_sel', 'nsel', 'nmember', 'fires', 'leg_king', 'leg_rev24', 'leg_fund', 'w3_king', 'w3_rev24', 'w3_fund', 'turnover', 'net_ex', 'pnl_ex', 'carry_ex', 'cost_ex', 'netlong']

-- ARM S0: n=10038 first=2022-01-31 00:00 last=2026-08-30 20:00 | identity max|net_ex-(pnl_ex-carry_ex-cost_ex)|=0.000e+00 bps; file: max|net-(pnl-carry-cost)|=0.000e+00 bps | anchors with gross_total<1e-9: 0
   y4-INPUT CHECK (pnl column vs 1e4*Σ_m W·T(y4_meta_of_this_run)): max|Δ| all=0.0000 bps; by year: 2022:0.0000, 2023:0.0000, 2024:0.0000, 2025:0.0000, 2026:0.0000  [meta=/workspace/data/wide_fea_v2ext_meta.npz T=expm1 members=live]
| period | n | months | net_ex | net | gross | A=mean(nx)/mean(g) | B=mean(nx/g) | A %/yr gross | B %/yr gross | A 2x | B 2x | Sharpe(nx) | DD NAV bps (peak->trough) | DD gross bps (peak->trough) | worst month (sum nx) | w3_king | w3_fund | turnover | pnl_ex | carry_ex | cost_ex | max resid |
|---|---|---|---|---|---|---|---|---|---|---|---|---|---|---|---|---|---|---|---|---|---|---|
| 2024 | 2196 |  | +0.2950 | +0.4401 | 0.6587 | +0.4478 | +0.6268 | +9.81% | +13.73% | +19.61% | +27.45% | +0.944 | 556.7 (2024-06-05 08:00 -> 2024-08-05 08:00) | 742.7 (2024-06-27 16:00 -> 2024-08-05 08:00) | 2024-07 -383.3 | 0.436 | 0.564 | 0.02833 | +0.5646 | +0.2052 | 0.0644 | 0.0e+00 |
| 2025 | 2190 |  | +1.2163 | +0.9869 | 0.5676 | +2.1429 | +1.7742 | +46.93% | +38.86% | +93.86% | +77.71% | +3.151 | 703.0 (2025-04-21 00:00 -> 2025-08-24 08:00) | 1623.2 (2025-03-29 08:00 -> 2025-08-24 08:00) | 2025-04 -340.8 | 0.475 | 0.525 | 0.02718 | +1.7937 | +0.4992 | 0.0782 | 0.0e+00 |
| 2026<=08-10 | 1332 | 7.3 | +4.6469 | +4.4701 | 0.7203 | +6.4513 | +6.3118 | +141.28% | +138.23% | +282.57% | +276.46% | +8.115 | 296.7 (2026-07-01 16:00 -> 2026-07-08 04:00) | 443.9 (2026-07-01 16:00 -> 2026-07-08 04:00) | 2026-01 +267.8 | 0.057 | 0.943 | 0.01356 | +5.6506 | +0.9485 | 0.0553 | 0.0e+00 |
| 2026->08-30 | 1452 | 8.0 | +4.0984 | +3.8510 | 0.7228 | +5.6698 | +5.5726 | +124.17% | +122.04% | +248.34% | +244.08% | +7.101 | 720.2 (2026-08-18 00:00 -> 2026-08-25 00:00) | 934.0 (2026-08-18 00:00 -> 2026-08-25 00:00) | 2026-08 +138.6 | 0.052 | 0.948 | 0.01378 | +5.1059 | +0.9511 | 0.0563 | 0.0e+00 |
| 2024->26 | 5838 |  | +1.5866 | +1.4936 | 0.6405 | +2.4772 | +2.2873 | +54.25% | +50.09% | +108.50% | +100.19% | +3.777 | 720.2 (2026-08-18 00:00 -> 2026-08-25 00:00) | 1623.2 (2025-03-29 08:00 -> 2025-08-24 08:00) | 2024-07 -383.3 | 0.355 | 0.645 | 0.02428 | +2.1552 | +0.5010 | 0.0676 | 0.0e+00 |
| 2025->26 | 3642 |  | +2.3654 | +2.1288 | 0.6295 | +3.7575 | +3.2886 | +82.29% | +72.02% | +164.58% | +144.04% | +5.006 | 720.2 (2026-08-18 00:00 -> 2026-08-25 00:00) | 1623.2 (2025-03-29 08:00 -> 2025-08-24 08:00) | 2025-04 -340.8 | 0.306 | 0.694 | 0.02184 | +3.1142 | +0.6794 | 0.0695 | 0.0e+00 |

-- ARM d30_n2_c42: n=10038 first=2022-01-31 00:00 last=2026-08-30 20:00 | identity max|net_ex-(pnl_ex-carry_ex-cost_ex)|=0.000e+00 bps; file: max|net-(pnl-carry-cost)|=0.000e+00 bps | anchors with gross_total<1e-9: 0
   y4-INPUT CHECK (pnl column vs 1e4*Σ_m W·T(y4_meta_of_this_run)): max|Δ| all=0.0000 bps; by year: 2022:0.0000, 2023:0.0000, 2024:0.0000, 2025:0.0000, 2026:0.0000  [meta=/workspace/data/wide_fea_v2ext_meta.npz T=expm1 members=live]
| period | n | months | net_ex | net | gross | A=mean(nx)/mean(g) | B=mean(nx/g) | A %/yr gross | B %/yr gross | A 2x | B 2x | Sharpe(nx) | DD NAV bps (peak->trough) | DD gross bps (peak->trough) | worst month (sum nx) | w3_king | w3_fund | turnover | pnl_ex | carry_ex | cost_ex | max resid |
|---|---|---|---|---|---|---|---|---|---|---|---|---|---|---|---|---|---|---|---|---|---|---|
| 2024 | 2196 |  | +0.2195 | +0.2760 | 0.6363 | +0.3450 | +0.5295 | +7.56% | +11.60% | +15.11% | +23.19% | +0.749 | 585.5 (2024-06-05 08:00 -> 2024-08-05 08:00) | 772.5 (2024-06-05 08:00 -> 2024-08-05 08:00) | 2024-07 -343.2 | 0.436 | 0.564 | 0.02823 | +0.4791 | +0.1950 | 0.0646 | 0.0e+00 |
| 2025 | 2190 |  | +1.2226 | +0.9896 | 0.5494 | +2.2253 | +1.9116 | +48.73% | +41.86% | +97.47% | +83.73% | +3.374 | 646.8 (2025-04-21 04:00 -> 2025-08-24 08:00) | 1535.4 (2025-03-30 00:00 -> 2025-08-24 08:00) | 2025-04 -369.9 | 0.475 | 0.525 | 0.02681 | +1.7504 | +0.4498 | 0.0779 | 0.0e+00 |
| 2026<=08-10 | 1332 | 7.3 | +4.8227 | +4.6085 | 0.6866 | +7.0235 | +6.8657 | +153.82% | +150.36% | +307.63% | +300.72% | +8.697 | 252.5 (2026-05-05 16:00 -> 2026-05-10 16:00) | 385.6 (2026-06-30 12:00 -> 2026-07-07 12:00) | 2026-08 +342.7 | 0.057 | 0.943 | 0.01357 | +5.7184 | +0.8397 | 0.0559 | 0.0e+00 |
| 2026->08-30 | 1452 | 8.0 | +4.2467 | +3.9365 | 0.6889 | +6.1647 | +6.0494 | +135.01% | +132.48% | +270.02% | +264.96% | +7.633 | 688.9 (2026-08-16 04:00 -> 2026-08-25 00:00) | 937.1 (2026-08-16 04:00 -> 2026-08-25 00:00) | 2026-08 +85.1 | 0.052 | 0.948 | 0.01381 | +5.1461 | +0.8422 | 0.0571 | 0.0e+00 |
| 2024->26 | 5838 |  | +1.5975 | +1.4541 | 0.6168 | +2.5900 | +2.4208 | +56.72% | +53.02% | +113.44% | +106.03% | +3.998 | 688.9 (2026-08-16 04:00 -> 2026-08-25 00:00) | 1535.4 (2025-03-30 00:00 -> 2025-08-24 08:00) | 2025-04 -369.9 | 0.355 | 0.645 | 0.02411 | +2.1167 | +0.4515 | 0.0677 | 0.0e+00 |
| 2025->26 | 3642 |  | +2.4283 | +2.1645 | 0.6050 | +4.0136 | +3.5612 | +87.90% | +77.99% | +175.80% | +155.98% | +5.386 | 688.9 (2026-08-16 04:00 -> 2026-08-25 00:00) | 1535.4 (2025-03-30 00:00 -> 2025-08-24 08:00) | 2025-04 -369.9 | 0.306 | 0.694 | 0.02163 | +3.1042 | +0.6062 | 0.0696 | 0.0e+00 |
====================================================================================================
FORM: dynamic-seat live (msharpe seats, M829 T400 FTRIM=zero)
CALIBER: compounded same window Π(1+r5[E..E+47])−1 (CAL=log; refute_C6_1 alt true_old)
FILE: /workspace/review_scratch/refute_C6_1/dev/probe_artifacts/w10_ablation_series_alt_true_old_dyn.npz
  sha256[:16] a47f14ee5793e5d2  config_json: CAL=log W3FIX=None MEMBERS_TOPN=829 TRADE_TOPN=400 FTRIM=zero LEGS=101 PHI=0.45 FSEED=42 SLOW_NPY=/workspace/shadow_bundle_v3/slow_pred_pinned.npy
  cols: ['ts', 'net', 'pnl', 'carry', 'cost', 'gross_total', 'gross_member', 'gross_sel', 'nsel', 'nmember', 'fires', 'leg_king', 'leg_rev24', 'leg_fund', 'w3_king', 'w3_rev24', 'w3_fund', 'turnover', 'net_ex', 'pnl_ex', 'carry_ex', 'cost_ex', 'netlong']

-- ARM S0: n=10038 first=2022-01-31 00:00 last=2026-08-30 20:00 | identity max|net_ex-(pnl_ex-carry_ex-cost_ex)|=0.000e+00 bps; file: max|net-(pnl-carry-cost)|=0.000e+00 bps | anchors with gross_total<1e-9: 0
   y4-INPUT CHECK (pnl column vs 1e4*Σ_m W·T(y4_meta_of_this_run)): max|Δ| all=0.0000 bps; by year: 2022:0.0000, 2023:0.0000, 2024:0.0000, 2025:0.0000, 2026:0.0000  [meta=/workspace/review_scratch/refute_C6_1/alt/meta_true_old.npz T=id members=live]
| period | n | months | net_ex | net | gross | A=mean(nx)/mean(g) | B=mean(nx/g) | A %/yr gross | B %/yr gross | A 2x | B 2x | Sharpe(nx) | DD NAV bps (peak->trough) | DD gross bps (peak->trough) | worst month (sum nx) | w3_king | w3_fund | turnover | pnl_ex | carry_ex | cost_ex | max resid |
|---|---|---|---|---|---|---|---|---|---|---|---|---|---|---|---|---|---|---|---|---|---|---|
| 2024 | 2196 |  | +0.0829 | +0.1155 | 0.5903 | +0.1405 | +0.5362 | +3.08% | +11.74% | +6.15% | +23.48% | +0.284 | 1080.8 (2024-01-13 16:00 -> 2024-07-20 04:00) | 1535.1 (2024-01-13 16:00 -> 2024-07-20 04:00) | 2024-04 -334.8 | 0.692 | 0.308 | 0.04082 | +0.3306 | +0.1598 | 0.0879 | 0.0e+00 |
| 2025 | 2190 |  | +0.3306 | +0.4280 | 0.5358 | +0.6170 | +0.6711 | +13.51% | +14.70% | +27.02% | +29.40% | +0.950 | 622.5 (2025-11-06 20:00 -> 2025-12-25 16:00) | 857.6 (2025-04-21 04:00 -> 2025-05-01 08:00) | 2025-12 -345.4 | 0.695 | 0.305 | 0.03726 | +0.9100 | +0.4724 | 0.1071 | 0.0e+00 |
| 2026<=08-10 | 1332 | 7.3 | +2.4796 | +2.5491 | 0.8067 | +3.0736 | +3.0571 | +67.31% | +66.95% | +134.62% | +133.90% | +4.563 | 394.8 (2026-06-30 12:00 -> 2026-07-08 04:00) | 470.9 (2026-06-30 12:00 -> 2026-07-08 04:00) | 2026-01 +79.7 | 0.384 | 0.616 | 0.02509 | +3.5820 | +1.0093 | 0.0932 | 0.0e+00 |
| 2026->08-30 | 1452 | 8.0 | +1.9775 | +2.0192 | 0.8075 | +2.4489 | +2.4600 | +53.63% | +53.87% | +107.26% | +107.75% | +3.581 | 773.6 (2026-08-17 20:00 -> 2026-08-25 00:00) | 921.9 (2026-08-17 20:00 -> 2026-08-25 00:00) | 2026-08 -294.9 | 0.377 | 0.623 | 0.02480 | +3.0827 | +1.0126 | 0.0925 | 0.0e+00 |
| 2024->26 | 5838 |  | +0.6470 | +0.7062 | 0.6239 | +1.0371 | +1.0653 | +22.71% | +23.33% | +45.43% | +46.66% | +1.651 | 1080.8 (2024-01-13 16:00 -> 2024-07-20 04:00) | 1535.1 (2024-01-13 16:00 -> 2024-07-20 04:00) | 2025-12 -345.4 | 0.615 | 0.385 | 0.03550 | +1.2325 | +0.4892 | 0.0963 | 0.0e+00 |
| 2025->26 | 3642 |  | +0.9872 | +1.0623 | 0.6441 | +1.5326 | +1.3843 | +33.56% | +30.32% | +67.13% | +60.63% | +2.238 | 861.1 (2025-11-06 20:00 -> 2026-01-26 12:00) | 1031.3 (2025-11-06 20:00 -> 2026-01-26 12:00) | 2025-12 -345.4 | 0.568 | 0.432 | 0.03229 | +1.7762 | +0.6878 | 0.1013 | 0.0e+00 |

-- ARM d30_n2_c42: n=10038 first=2022-01-31 00:00 last=2026-08-30 20:00 | identity max|net_ex-(pnl_ex-carry_ex-cost_ex)|=0.000e+00 bps; file: max|net-(pnl-carry-cost)|=0.000e+00 bps | anchors with gross_total<1e-9: 0
   y4-INPUT CHECK (pnl column vs 1e4*Σ_m W·T(y4_meta_of_this_run)): max|Δ| all=0.0000 bps; by year: 2022:0.0000, 2023:0.0000, 2024:0.0000, 2025:0.0000, 2026:0.0000  [meta=/workspace/review_scratch/refute_C6_1/alt/meta_true_old.npz T=id members=live]
| period | n | months | net_ex | net | gross | A=mean(nx)/mean(g) | B=mean(nx/g) | A %/yr gross | B %/yr gross | A 2x | B 2x | Sharpe(nx) | DD NAV bps (peak->trough) | DD gross bps (peak->trough) | worst month (sum nx) | w3_king | w3_fund | turnover | pnl_ex | carry_ex | cost_ex | max resid |
|---|---|---|---|---|---|---|---|---|---|---|---|---|---|---|---|---|---|---|---|---|---|---|
| 2024 | 2196 |  | +0.0790 | +0.0784 | 0.5751 | +0.1373 | +0.5264 | +3.01% | +11.53% | +6.01% | +23.06% | +0.289 | 998.7 (2024-01-14 04:00 -> 2024-07-20 04:00) | 1398.5 (2024-01-14 04:00 -> 2024-07-20 04:00) | 2024-04 -345.8 | 0.692 | 0.308 | 0.04038 | +0.3199 | +0.1534 | 0.0875 | 0.0e+00 |
| 2025 | 2190 |  | +0.2856 | +0.3794 | 0.5196 | +0.5495 | +0.6160 | +12.03% | +13.49% | +24.07% | +26.98% | +0.897 | 408.2 (2025-11-06 20:00 -> 2025-12-25 16:00) | 899.2 (2025-04-21 04:00 -> 2025-09-07 20:00) | 2025-12 -265.2 | 0.695 | 0.305 | 0.03670 | +0.8240 | +0.4319 | 0.1066 | 0.0e+00 |
| 2026<=08-10 | 1332 | 7.3 | +2.4750 | +2.5526 | 0.7730 | +3.2017 | +3.1897 | +70.12% | +69.85% | +140.24% | +139.71% | +4.812 | 355.3 (2026-06-30 12:00 -> 2026-07-07 12:00) | 448.3 (2026-06-30 12:00 -> 2026-07-07 12:00) | 2026-02 +49.1 | 0.384 | 0.616 | 0.02472 | +3.4649 | +0.8968 | 0.0931 | 0.0e+00 |
| 2026->08-30 | 1452 | 8.0 | +1.9838 | +2.0012 | 0.7728 | +2.5671 | +2.5825 | +56.22% | +56.56% | +112.44% | +113.11% | +3.824 | 750.4 (2026-08-07 00:00 -> 2026-08-25 00:00) | 918.9 (2026-08-07 00:00 -> 2026-08-25 00:00) | 2026-08 -274.6 | 0.377 | 0.623 | 0.02447 | +2.9760 | +0.8996 | 0.0926 | 0.0e+00 |
| 2024->26 | 5838 |  | +0.6302 | +0.6695 | 0.6035 | +1.0444 | +1.0714 | +22.87% | +23.46% | +45.74% | +46.93% | +1.727 | 998.7 (2024-01-14 04:00 -> 2024-07-20 04:00) | 1398.5 (2024-01-14 04:00 -> 2024-07-20 04:00) | 2024-04 -345.8 | 0.615 | 0.385 | 0.03504 | +1.1696 | +0.4435 | 0.0959 | 0.0e+00 |
| 2025->26 | 3642 |  | +0.9626 | +1.0260 | 0.6206 | +1.5512 | +1.4000 | +33.97% | +30.66% | +67.94% | +61.32% | +2.345 | 750.4 (2026-08-07 00:00 -> 2026-08-25 00:00) | 918.9 (2026-08-07 00:00 -> 2026-08-25 00:00) | 2026-08 -274.6 | 0.568 | 0.432 | 0.03182 | +1.6820 | +0.6184 | 0.1010 | 0.0e+00 |
====================================================================================================
FORM: dynamic-seat live (msharpe seats, M829 T400 FTRIM=zero)
CALIBER: compounded exchange window Π(1+r5[E+1..E+48])−1 (CAL=log; refute_C6_2 altrun newprod)
FILE: /workspace/review_scratch/refute_C6_2/altrun/newprod/probe_artifacts/w10_ablation_series_alt_newprod_dyn.npz
  sha256[:16] b95c1553ee0bce10  config_json: CAL=log W3FIX=None MEMBERS_TOPN=829 TRADE_TOPN=400 FTRIM=zero LEGS=101 PHI=0.45 FSEED=42 SLOW_NPY=/workspace/shadow_bundle_v3/slow_pred_pinned.npy
  cols: ['ts', 'net', 'pnl', 'carry', 'cost', 'gross_total', 'gross_member', 'gross_sel', 'nsel', 'nmember', 'fires', 'leg_king', 'leg_rev24', 'leg_fund', 'w3_king', 'w3_rev24', 'w3_fund', 'turnover', 'net_ex', 'pnl_ex', 'carry_ex', 'cost_ex', 'netlong']

-- ARM S0: n=10038 first=2022-01-31 00:00 last=2026-08-30 20:00 | identity max|net_ex-(pnl_ex-carry_ex-cost_ex)|=0.000e+00 bps; file: max|net-(pnl-carry-cost)|=0.000e+00 bps | anchors with gross_total<1e-9: 0
   y4-INPUT CHECK (pnl column vs 1e4*Σ_m W·T(y4_meta_of_this_run)): max|Δ| all=0.0000 bps; by year: 2022:0.0000, 2023:0.0000, 2024:0.0000, 2025:0.0000, 2026:0.0000  [meta=/workspace/review_scratch/refute_C6_2/altrun/meta_newprod.npz T=id members=live]
| period | n | months | net_ex | net | gross | A=mean(nx)/mean(g) | B=mean(nx/g) | A %/yr gross | B %/yr gross | A 2x | B 2x | Sharpe(nx) | DD NAV bps (peak->trough) | DD gross bps (peak->trough) | worst month (sum nx) | w3_king | w3_fund | turnover | pnl_ex | carry_ex | cost_ex | max resid |
|---|---|---|---|---|---|---|---|---|---|---|---|---|---|---|---|---|---|---|---|---|---|---|
| 2024 | 2196 |  | +0.1213 | +0.1387 | 0.5993 | +0.2024 | +0.6531 | +4.43% | +14.30% | +8.87% | +28.61% | +0.420 | 1056.7 (2024-01-14 04:00 -> 2024-07-20 04:00) | 1424.3 (2024-01-14 04:00 -> 2024-07-20 04:00) | 2024-04 -352.2 | 0.682 | 0.318 | 0.04057 | +0.3714 | +0.1629 | 0.0872 | 0.0e+00 |
| 2025 | 2190 |  | +0.3972 | +0.4999 | 0.5413 | +0.7337 | +0.8002 | +16.07% | +17.53% | +32.14% | +35.05% | +1.129 | 606.5 (2025-11-06 20:00 -> 2025-12-25 16:00) | 832.4 (2025-04-21 04:00 -> 2025-05-01 08:00) | 2025-12 -350.6 | 0.687 | 0.313 | 0.03693 | +0.9820 | +0.4787 | 0.1062 | 0.0e+00 |
| 2026<=08-10 | 1332 | 7.3 | +2.5078 | +2.5755 | 0.8077 | +3.1050 | +3.0875 | +68.00% | +67.62% | +136.00% | +135.23% | +4.619 | 397.9 (2026-06-30 12:00 -> 2026-07-08 04:00) | 474.8 (2026-06-30 12:00 -> 2026-07-08 04:00) | 2026-01 +92.3 | 0.382 | 0.618 | 0.02494 | +3.6105 | +1.0099 | 0.0927 | 0.0e+00 |
| 2026->08-30 | 1452 | 8.0 | +2.0210 | +2.0601 | 0.8084 | +2.4999 | +2.5108 | +54.75% | +54.99% | +109.50% | +109.97% | +3.670 | 757.7 (2026-08-18 00:00 -> 2026-08-25 00:00) | 902.2 (2026-08-18 00:00 -> 2026-08-25 00:00) | 2026-08 -277.8 | 0.375 | 0.625 | 0.02466 | +3.1264 | +1.0133 | 0.0921 | 0.0e+00 |
| 2024->26 | 5838 |  | +0.6973 | +0.7521 | 0.6295 | +1.1076 | +1.1703 | +24.26% | +25.63% | +48.51% | +51.26% | +1.780 | 1056.7 (2024-01-14 04:00 -> 2024-07-20 04:00) | 1424.3 (2024-01-14 04:00 -> 2024-07-20 04:00) | 2024-04 -352.2 | 0.608 | 0.392 | 0.03524 | +1.2857 | +0.4929 | 0.0955 | 0.0e+00 |
| 2025->26 | 3642 |  | +1.0446 | +1.1219 | 0.6478 | +1.6125 | +1.4822 | +35.31% | +32.46% | +70.63% | +64.92% | +2.362 | 844.6 (2025-11-06 20:00 -> 2026-01-26 12:00) | 1011.1 (2025-11-06 20:00 -> 2026-01-26 12:00) | 2025-12 -350.6 | 0.563 | 0.437 | 0.03204 | +1.8370 | +0.6918 | 0.1006 | 0.0e+00 |

-- ARM d30_n2_c42: n=10038 first=2022-01-31 00:00 last=2026-08-30 20:00 | identity max|net_ex-(pnl_ex-carry_ex-cost_ex)|=0.000e+00 bps; file: max|net-(pnl-carry-cost)|=0.000e+00 bps | anchors with gross_total<1e-9: 0
   y4-INPUT CHECK (pnl column vs 1e4*Σ_m W·T(y4_meta_of_this_run)): max|Δ| all=0.0000 bps; by year: 2022:0.0000, 2023:0.0000, 2024:0.0000, 2025:0.0000, 2026:0.0000  [meta=/workspace/review_scratch/refute_C6_2/altrun/meta_newprod.npz T=id members=live]
| period | n | months | net_ex | net | gross | A=mean(nx)/mean(g) | B=mean(nx/g) | A %/yr gross | B %/yr gross | A 2x | B 2x | Sharpe(nx) | DD NAV bps (peak->trough) | DD gross bps (peak->trough) | worst month (sum nx) | w3_king | w3_fund | turnover | pnl_ex | carry_ex | cost_ex | max resid |
|---|---|---|---|---|---|---|---|---|---|---|---|---|---|---|---|---|---|---|---|---|---|---|
| 2024 | 2196 |  | +0.1155 | +0.0980 | 0.5836 | +0.1979 | +0.6374 | +4.33% | +13.96% | +8.67% | +27.92% | +0.426 | 966.6 (2024-01-14 04:00 -> 2024-07-20 04:00) | 1275.6 (2024-01-14 04:00 -> 2024-07-20 04:00) | 2024-04 -374.9 | 0.682 | 0.318 | 0.04014 | +0.3588 | +0.1564 | 0.0869 | 0.0e+00 |
| 2025 | 2190 |  | +0.3391 | +0.4358 | 0.5242 | +0.6468 | +0.7459 | +14.16% | +16.33% | +28.33% | +32.67% | +1.062 | 413.3 (2025-11-06 20:00 -> 2025-12-25 16:00) | 864.1 (2025-04-21 04:00 -> 2025-05-01 08:00) | 2025-12 -275.2 | 0.687 | 0.313 | 0.03638 | +0.8807 | +0.4360 | 0.1057 | 0.0e+00 |
| 2026<=08-10 | 1332 | 7.3 | +2.5427 | +2.6274 | 0.7737 | +3.2865 | +3.2752 | +71.97% | +71.73% | +143.95% | +143.45% | +4.953 | 345.0 (2026-06-30 12:00 -> 2026-07-07 12:00) | 435.9 (2026-06-30 12:00 -> 2026-07-07 12:00) | 2026-02 +107.3 | 0.382 | 0.618 | 0.02460 | +3.5318 | +0.8964 | 0.0927 | 0.0e+00 |
| 2026->08-30 | 1452 | 8.0 | +2.0682 | +2.0926 | 0.7733 | +2.6745 | +2.6920 | +58.57% | +58.96% | +117.14% | +117.91% | +3.999 | 737.3 (2026-08-06 20:00 -> 2026-08-25 00:00) | 896.3 (2026-08-06 20:00 -> 2026-08-25 00:00) | 2026-08 -260.8 | 0.375 | 0.625 | 0.02433 | +3.0596 | +0.8991 | 0.0922 | 0.0e+00 |
| 2024->26 | 5838 |  | +0.6850 | +0.7208 | 0.6085 | +1.1258 | +1.1891 | +24.65% | +26.04% | +49.31% | +52.08% | +1.881 | 966.6 (2024-01-14 04:00 -> 2024-07-20 04:00) | 1275.6 (2024-01-14 04:00 -> 2024-07-20 04:00) | 2024-04 -374.9 | 0.608 | 0.392 | 0.03480 | +1.2263 | +0.4460 | 0.0953 | 0.0e+00 |
| 2025->26 | 3642 |  | +1.0284 | +1.0963 | 0.6235 | +1.6494 | +1.5218 | +36.12% | +33.33% | +72.24% | +66.65% | +2.507 | 737.3 (2026-08-06 20:00 -> 2026-08-25 00:00) | 896.3 (2026-08-06 20:00 -> 2026-08-25 00:00) | 2025-12 -275.2 | 0.563 | 0.437 | 0.03157 | +1.7494 | +0.6206 | 0.1003 | 0.0e+00 |
====================================================================================================
FORM: canon (meta members, dynamic seats, FTRIM=off)
CALIBER: Σ-simple (CAL=log; y4 = meta Σ r5[E..E+47])
FILE: /workspace/port_w10/probe_artifacts/w10_ablation_series_pod_canon_callog_s42.npz
  sha256[:16] e80c957d949e3247  config_json: CAL=log W3FIX=None MEMBERS_TOPN=0 TRADE_TOPN=0 FTRIM=off LEGS=101 PHI=0.45 FSEED=42 SLOW_NPY=/workspace/shadow_bundle_v3/slow_pred_pinned.npy
  cols: ['ts', 'net', 'pnl', 'carry', 'cost', 'gross_total', 'gross_member', 'gross_sel', 'nsel', 'nmember', 'fires', 'leg_king', 'leg_rev24', 'leg_fund', 'w3_king', 'w3_rev24', 'w3_fund', 'turnover', 'net_ex', 'pnl_ex', 'carry_ex', 'cost_ex', 'netlong']

-- ARM S0: n=10038 first=2022-01-31 00:00 last=2026-08-30 20:00 | identity max|net_ex-(pnl_ex-carry_ex-cost_ex)|=0.000e+00 bps; file: max|net-(pnl-carry-cost)|=0.000e+00 bps | anchors with gross_total<1e-9: 0
   y4-INPUT CHECK (pnl column vs 1e4*Σ_m W·T(y4_meta_of_this_run)): max|Δ| all=0.0000 bps; by year: 2022:0.0000, 2023:0.0000, 2024:0.0000, 2025:0.0000, 2026:0.0000  [meta=/workspace/data/wide_fea_v2ext_meta.npz T=id members=canon]
| period | n | months | net_ex | net | gross | A=mean(nx)/mean(g) | B=mean(nx/g) | A %/yr gross | B %/yr gross | A 2x | B 2x | Sharpe(nx) | DD NAV bps (peak->trough) | DD gross bps (peak->trough) | worst month (sum nx) | w3_king | w3_fund | turnover | pnl_ex | carry_ex | cost_ex | max resid |
|---|---|---|---|---|---|---|---|---|---|---|---|---|---|---|---|---|---|---|---|---|---|---|
| 2024 | 2196 |  | +0.1782 | +0.2034 | 0.6381 | +0.2793 | +0.6920 | +6.12% | +15.16% | +12.23% | +30.31% | +0.562 | 885.9 (2024-01-15 20:00 -> 2024-08-05 08:00) | 1164.3 (2024-01-15 20:00 -> 2024-08-05 08:00) | 2024-04 -376.1 | 0.629 | 0.371 | 0.03693 | +0.5175 | +0.2585 | 0.0808 | 0.0e+00 |
| 2025 | 2190 |  | +0.4685 | +0.5216 | 0.6111 | +0.7665 | +0.7627 | +16.79% | +16.70% | +33.57% | +33.40% | +1.242 | 526.2 (2025-11-06 12:00 -> 2025-12-25 16:00) | 800.2 (2025-03-30 08:00 -> 2025-05-01 08:00) | 2025-12 -306.3 | 0.692 | 0.308 | 0.03316 | +1.4911 | +0.9280 | 0.0947 | 0.0e+00 |
| 2026<=08-10 | 1332 | 7.3 | +2.5398 | +2.5968 | 0.9007 | +2.8197 | +2.8399 | +61.75% | +62.19% | +123.50% | +124.39% | +4.495 | 402.3 (2026-01-05 08:00 -> 2026-01-26 20:00) | 436.5 (2026-01-05 08:00 -> 2026-01-26 20:00) | 2026-01 +40.9 | 0.374 | 0.626 | 0.01887 | +4.9454 | +2.3311 | 0.0745 | 0.0e+00 |
| 2026->08-30 | 1452 | 8.0 | +2.0028 | +2.0501 | 0.9070 | +2.2082 | +2.2809 | +48.36% | +49.95% | +96.72% | +99.90% | +3.485 | 806.4 (2026-08-06 20:00 -> 2026-08-25 00:00) | 815.1 (2026-08-06 20:00 -> 2026-08-25 00:00) | 2026-08 -384.3 | 0.368 | 0.632 | 0.01862 | +4.3707 | +2.2940 | 0.0739 | 0.0e+00 |
| 2024->26 | 5838 |  | +0.7409 | +0.7821 | 0.6949 | +1.0662 | +1.1137 | +23.35% | +24.39% | +46.70% | +48.78% | +1.778 | 885.9 (2024-01-15 20:00 -> 2024-08-05 08:00) | 1164.3 (2024-01-15 20:00 -> 2024-08-05 08:00) | 2026-08 -384.3 | 0.588 | 0.412 | 0.03096 | +1.8411 | +1.0159 | 0.0843 | 0.0e+00 |
| 2025->26 | 3642 |  | +1.0802 | +1.1310 | 0.7291 | +1.4815 | +1.3680 | +32.45% | +29.96% | +64.89% | +59.92% | +2.316 | 806.4 (2026-08-06 20:00 -> 2026-08-25 00:00) | 815.1 (2026-08-06 20:00 -> 2026-08-25 00:00) | 2026-08 -384.3 | 0.563 | 0.437 | 0.02736 | +2.6391 | +1.4726 | 0.0864 | 0.0e+00 |

-- ARM d30_n2_c42: n=10038 first=2022-01-31 00:00 last=2026-08-30 20:00 | identity max|net_ex-(pnl_ex-carry_ex-cost_ex)|=0.000e+00 bps; file: max|net-(pnl-carry-cost)|=0.000e+00 bps | anchors with gross_total<1e-9: 0
   y4-INPUT CHECK (pnl column vs 1e4*Σ_m W·T(y4_meta_of_this_run)): max|Δ| all=0.0000 bps; by year: 2022:0.0000, 2023:0.0000, 2024:0.0000, 2025:0.0000, 2026:0.0000  [meta=/workspace/data/wide_fea_v2ext_meta.npz T=id members=canon]
| period | n | months | net_ex | net | gross | A=mean(nx)/mean(g) | B=mean(nx/g) | A %/yr gross | B %/yr gross | A 2x | B 2x | Sharpe(nx) | DD NAV bps (peak->trough) | DD gross bps (peak->trough) | worst month (sum nx) | w3_king | w3_fund | turnover | pnl_ex | carry_ex | cost_ex | max resid |
|---|---|---|---|---|---|---|---|---|---|---|---|---|---|---|---|---|---|---|---|---|---|---|
| 2024 | 2196 |  | +0.2549 | +0.2404 | 0.6213 | +0.4103 | +0.8018 | +8.99% | +17.56% | +17.97% | +35.12% | +0.860 | 719.4 (2024-03-31 16:00 -> 2024-08-05 08:00) | 966.0 (2024-03-31 16:00 -> 2024-08-05 08:00) | 2024-04 -380.3 | 0.629 | 0.371 | 0.03666 | +0.5735 | +0.2379 | 0.0807 | 0.0e+00 |
| 2025 | 2190 |  | +0.4363 | +0.5013 | 0.5928 | +0.7360 | +0.7799 | +16.12% | +17.08% | +32.24% | +34.16% | +1.247 | 502.9 (2025-12-01 00:00 -> 2025-12-25 16:00) | 809.8 (2025-03-30 00:00 -> 2025-05-01 08:00) | 2025-12 -367.1 | 0.692 | 0.308 | 0.03286 | +1.3387 | +0.8080 | 0.0944 | 0.0e+00 |
| 2026<=08-10 | 1332 | 7.3 | +2.3734 | +2.4239 | 0.8599 | +2.7602 | +2.7804 | +60.45% | +60.89% | +120.90% | +121.78% | +4.614 | 394.8 (2026-06-30 12:00 -> 2026-07-07 12:00) | 450.8 (2026-06-30 12:00 -> 2026-07-07 12:00) | 2026-02 +34.4 | 0.374 | 0.626 | 0.01905 | +4.4918 | +2.0433 | 0.0751 | 0.0e+00 |
| 2026->08-30 | 1452 | 8.0 | +1.8929 | +1.9143 | 0.8647 | +2.1890 | +2.2526 | +47.94% | +49.33% | +95.88% | +98.67% | +3.638 | 726.6 (2026-08-06 20:00 -> 2026-08-25 00:00) | 773.1 (2026-08-06 20:00 -> 2026-08-25 00:00) | 2026-08 -279.9 | 0.368 | 0.632 | 0.01883 | +3.9755 | +2.0080 | 0.0746 | 0.0e+00 |
| 2024->26 | 5838 |  | +0.7304 | +0.7546 | 0.6711 | +1.0883 | +1.1544 | +23.83% | +25.28% | +47.67% | +50.56% | +1.908 | 726.6 (2026-08-06 20:00 -> 2026-08-25 00:00) | 966.0 (2024-03-31 16:00 -> 2024-08-05 08:00) | 2024-04 -380.3 | 0.588 | 0.412 | 0.03080 | +1.7067 | +0.8920 | 0.0843 | 0.0e+00 |
| 2025->26 | 3642 |  | +1.0170 | +1.0646 | 0.7012 | +1.4504 | +1.3670 | +31.76% | +29.94% | +63.53% | +59.88% | +2.386 | 726.6 (2026-08-06 20:00 -> 2026-08-25 00:00) | 809.8 (2025-03-30 00:00 -> 2025-05-01 08:00) | 2025-12 -367.1 | 0.563 | 0.437 | 0.02727 | +2.3900 | +1.2864 | 0.0865 | 0.0e+00 |
====================================================================================================
FORM: canon (meta members, dynamic seats, FTRIM=off)
CALIBER: expm1 (CAL=simple; y4 -> expm1(Σ r5))
FILE: /workspace/port_w10/probe_artifacts/w10_ablation_series_pod_canon_calsimple_s42.npz
  sha256[:16] 5d601e1adeb195ab  config_json: CAL=simple W3FIX=None MEMBERS_TOPN=0 TRADE_TOPN=0 FTRIM=off LEGS=101 PHI=0.45 FSEED=42 SLOW_NPY=/workspace/shadow_bundle_v3/slow_pred_pinned.npy
  cols: ['ts', 'net', 'pnl', 'carry', 'cost', 'gross_total', 'gross_member', 'gross_sel', 'nsel', 'nmember', 'fires', 'leg_king', 'leg_rev24', 'leg_fund', 'w3_king', 'w3_rev24', 'w3_fund', 'turnover', 'net_ex', 'pnl_ex', 'carry_ex', 'cost_ex', 'netlong']

-- ARM S0: n=10038 first=2022-01-31 00:00 last=2026-08-30 20:00 | identity max|net_ex-(pnl_ex-carry_ex-cost_ex)|=0.000e+00 bps; file: max|net-(pnl-carry-cost)|=0.000e+00 bps | anchors with gross_total<1e-9: 0
   y4-INPUT CHECK (pnl column vs 1e4*Σ_m W·T(y4_meta_of_this_run)): max|Δ| all=0.0000 bps; by year: 2022:0.0000, 2023:0.0000, 2024:0.0000, 2025:0.0000, 2026:0.0000  [meta=/workspace/data/wide_fea_v2ext_meta.npz T=expm1 members=canon]
| period | n | months | net_ex | net | gross | A=mean(nx)/mean(g) | B=mean(nx/g) | A %/yr gross | B %/yr gross | A 2x | B 2x | Sharpe(nx) | DD NAV bps (peak->trough) | DD gross bps (peak->trough) | worst month (sum nx) | w3_king | w3_fund | turnover | pnl_ex | carry_ex | cost_ex | max resid |
|---|---|---|---|---|---|---|---|---|---|---|---|---|---|---|---|---|---|---|---|---|---|---|
| 2024 | 2196 |  | +0.3223 | +0.3833 | 0.6725 | +0.4793 | +0.6683 | +10.50% | +14.64% | +20.99% | +29.27% | +0.975 | 708.9 (2024-06-06 08:00 -> 2024-08-05 08:00) | 919.3 (2024-06-06 08:00 -> 2024-08-05 08:00) | 2024-07 -435.4 | 0.420 | 0.580 | 0.02720 | +0.6756 | +0.2913 | 0.0620 | 0.0e+00 |
| 2025 | 2190 |  | +0.7759 | +0.6220 | 0.6311 | +1.2295 | +0.8295 | +26.93% | +18.17% | +53.85% | +36.33% | +2.087 | 728.2 (2025-03-29 08:00 -> 2025-06-23 08:00) | 1559.9 (2025-03-29 08:00 -> 2025-06-23 08:00) | 2025-04 -399.3 | 0.460 | 0.540 | 0.02353 | +1.7040 | +0.8611 | 0.0669 | 0.0e+00 |
| 2026<=08-10 | 1332 | 7.3 | +3.4411 | +3.4330 | 0.7851 | +4.3831 | +4.2789 | +95.99% | +93.71% | +191.98% | +187.42% | +6.313 | 346.7 (2026-04-03 00:00 -> 2026-04-04 20:00) | 419.3 (2026-07-01 16:00 -> 2026-07-07 12:00) | 2026-01 +47.0 | 0.058 | 0.942 | 0.00928 | +5.4030 | +1.9199 | 0.0420 | 0.0e+00 |
| 2026->08-30 | 1452 | 8.0 | +2.9485 | +2.9484 | 0.7902 | +3.7315 | +3.6857 | +81.72% | +80.72% | +163.44% | +161.43% | +5.343 | 730.0 (2026-08-17 20:00 -> 2026-08-25 00:00) | 837.3 (2026-08-17 20:00 -> 2026-08-25 00:00) | 2026-08 +16.2 | 0.053 | 0.947 | 0.00941 | +4.8792 | +1.8882 | 0.0425 | 0.0e+00 |
| 2024->26 | 5838 |  | +1.1457 | +1.1108 | 0.6862 | +1.6695 | +1.4793 | +36.56% | +32.40% | +73.12% | +64.79% | +2.786 | 730.0 (2026-08-17 20:00 -> 2026-08-25 00:00) | 1559.9 (2025-03-29 08:00 -> 2025-06-23 08:00) | 2024-07 -435.4 | 0.344 | 0.656 | 0.02140 | +2.1069 | +0.9022 | 0.0590 | 0.0e+00 |
| 2025->26 | 3642 |  | +1.6421 | +1.5495 | 0.6945 | +2.3644 | +1.9682 | +51.78% | +43.10% | +103.56% | +86.21% | +3.627 | 730.0 (2026-08-17 20:00 -> 2026-08-25 00:00) | 1559.9 (2025-03-29 08:00 -> 2025-06-23 08:00) | 2025-04 -399.3 | 0.298 | 0.702 | 0.01790 | +2.9699 | +1.2706 | 0.0572 | 0.0e+00 |

-- ARM d30_n2_c42: n=10038 first=2022-01-31 00:00 last=2026-08-30 20:00 | identity max|net_ex-(pnl_ex-carry_ex-cost_ex)|=0.000e+00 bps; file: max|net-(pnl-carry-cost)|=0.000e+00 bps | anchors with gross_total<1e-9: 0
   y4-INPUT CHECK (pnl column vs 1e4*Σ_m W·T(y4_meta_of_this_run)): max|Δ| all=0.0000 bps; by year: 2022:0.0000, 2023:0.0000, 2024:0.0000, 2025:0.0000, 2026:0.0000  [meta=/workspace/data/wide_fea_v2ext_meta.npz T=expm1 members=canon]
| period | n | months | net_ex | net | gross | A=mean(nx)/mean(g) | B=mean(nx/g) | A %/yr gross | B %/yr gross | A 2x | B 2x | Sharpe(nx) | DD NAV bps (peak->trough) | DD gross bps (peak->trough) | worst month (sum nx) | w3_king | w3_fund | turnover | pnl_ex | carry_ex | cost_ex | max resid |
|---|---|---|---|---|---|---|---|---|---|---|---|---|---|---|---|---|---|---|---|---|---|---|
| 2024 | 2196 |  | +0.3217 | +0.3070 | 0.6478 | +0.4966 | +0.6810 | +10.88% | +14.91% | +21.75% | +29.83% | +1.061 | 694.4 (2024-06-06 08:00 -> 2024-08-05 08:00) | 907.2 (2024-06-06 08:00 -> 2024-08-05 08:00) | 2024-07 -372.4 | 0.420 | 0.580 | 0.02714 | +0.6489 | +0.2650 | 0.0621 | 0.0e+00 |
| 2025 | 2190 |  | +0.8433 | +0.6958 | 0.6061 | +1.3914 | +1.0227 | +30.47% | +22.40% | +60.94% | +44.79% | +2.413 | 670.5 (2025-03-30 00:00 -> 2025-06-23 12:00) | 1463.9 (2025-03-30 00:00 -> 2025-06-23 12:00) | 2025-04 -403.6 | 0.460 | 0.540 | 0.02336 | +1.6459 | +0.7359 | 0.0668 | 0.0e+00 |
| 2026<=08-10 | 1332 | 7.3 | +3.6291 | +3.5786 | 0.7347 | +4.9399 | +4.8197 | +108.18% | +105.55% | +216.37% | +211.10% | +7.144 | 258.1 (2026-04-03 00:00 -> 2026-04-04 20:00) | 382.3 (2026-06-30 12:00 -> 2026-07-07 12:00) | 2026-01 +161.2 | 0.058 | 0.942 | 0.00974 | +5.3086 | +1.6363 | 0.0431 | 0.0e+00 |
| 2026->08-30 | 1452 | 8.0 | +3.1319 | +3.0706 | 0.7399 | +4.2331 | +4.1777 | +92.71% | +91.49% | +185.41% | +182.98% | +6.105 | 681.6 (2026-08-18 00:00 -> 2026-08-25 00:00) | 829.9 (2026-08-18 00:00 -> 2026-08-25 00:00) | 2026-08 +9.6 | 0.053 | 0.947 | 0.00991 | +4.7845 | +1.6087 | 0.0438 | 0.0e+00 |
| 2024->26 | 5838 |  | +1.2163 | +1.1402 | 0.6550 | +1.8568 | +1.6788 | +40.66% | +36.77% | +81.33% | +73.53% | +3.179 | 694.4 (2024-06-06 08:00 -> 2024-08-05 08:00) | 1463.9 (2025-03-30 00:00 -> 2025-06-23 12:00) | 2025-04 -403.6 | 0.344 | 0.656 | 0.02143 | +2.0515 | +0.7758 | 0.0593 | 0.0e+00 |
| 2025->26 | 3642 |  | +1.7557 | +1.6426 | 0.6594 | +2.6626 | +2.2805 | +58.31% | +49.94% | +116.62% | +99.89% | +4.152 | 681.6 (2026-08-18 00:00 -> 2026-08-25 00:00) | 1463.9 (2025-03-30 00:00 -> 2025-06-23 12:00) | 2025-04 -403.6 | 0.298 | 0.702 | 0.01799 | +2.8972 | +1.0839 | 0.0576 | 0.0e+00 |
====================================================================================================
FORM: EXTRA canon fixed-seat (W3FIX=0.21,0,0.79 M0 T0 FTRIM=off) [not requested]
CALIBER: Σ-simple (CAL=log; y4 = meta Σ r5[E..E+47])
FILE: /workspace/port_w10/probe_artifacts/w10_ablation_series_pod_canon_w3fix_callog_s42.npz
  sha256[:16] 8f8194586f289520  config_json: CAL=log W3FIX=0.21,0,0.79 MEMBERS_TOPN=0 TRADE_TOPN=0 FTRIM=off LEGS=101 PHI=0.45 FSEED=42 SLOW_NPY=/workspace/shadow_bundle_v3/slow_pred_pinned.npy
  cols: ['ts', 'net', 'pnl', 'carry', 'cost', 'gross_total', 'gross_member', 'gross_sel', 'nsel', 'nmember', 'fires', 'leg_king', 'leg_rev24', 'leg_fund', 'w3_king', 'w3_rev24', 'w3_fund', 'turnover', 'net_ex', 'pnl_ex', 'carry_ex', 'cost_ex', 'netlong']

-- ARM S0: n=10038 first=2022-01-31 00:00 last=2026-08-30 20:00 | identity max|net_ex-(pnl_ex-carry_ex-cost_ex)|=0.000e+00 bps; file: max|net-(pnl-carry-cost)|=0.000e+00 bps | anchors with gross_total<1e-9: 0
   y4-INPUT CHECK (pnl column vs 1e4*Σ_m W·T(y4_meta_of_this_run)): max|Δ| all=0.0000 bps; by year: 2022:0.0000, 2023:0.0000, 2024:0.0000, 2025:0.0000, 2026:0.0000  [meta=/workspace/data/wide_fea_v2ext_meta.npz T=id members=canon]
| period | n | months | net_ex | net | gross | A=mean(nx)/mean(g) | B=mean(nx/g) | A %/yr gross | B %/yr gross | A 2x | B 2x | Sharpe(nx) | DD NAV bps (peak->trough) | DD gross bps (peak->trough) | worst month (sum nx) | w3_king | w3_fund | turnover | pnl_ex | carry_ex | cost_ex | max resid |
|---|---|---|---|---|---|---|---|---|---|---|---|---|---|---|---|---|---|---|---|---|---|---|
| 2024 | 2196 |  | -0.6007 | -0.4315 | 0.9037 | -0.6647 | -0.6554 | -14.56% | -14.35% | -29.12% | -28.71% | -1.357 | 1881.4 (2024-03-31 16:00 -> 2024-12-26 20:00) | 2062.8 (2024-03-31 16:00 -> 2024-12-26 20:00) | 2024-12 -710.0 | 0.210 | 0.790 | 0.01243 | -0.0979 | +0.4725 | 0.0303 | 0.0e+00 |
| 2025 | 2190 |  | +0.1022 | +0.1352 | 0.8792 | +0.1163 | +0.1216 | +2.55% | +2.66% | +5.09% | +5.33% | +0.203 | 1217.9 (2025-01-02 04:00 -> 2025-04-11 04:00) | 1400.0 (2025-01-02 04:00 -> 2025-02-06 20:00) | 2025-01 -789.5 | 0.210 | 0.790 | 0.00800 | +1.4458 | +1.3150 | 0.0285 | 0.0e+00 |
| 2026<=08-10 | 1332 | 7.3 | +2.8654 | +2.9409 | 0.8966 | +3.1959 | +3.1856 | +69.99% | +69.77% | +139.98% | +139.53% | +4.897 | 396.1 (2026-01-12 08:00 -> 2026-01-26 20:00) | 439.9 (2026-06-30 12:00 -> 2026-07-07 12:00) | 2026-01 +62.7 | 0.210 | 0.790 | 0.01177 | +5.1636 | +2.2461 | 0.0521 | 0.0e+00 |
| 2026->08-30 | 1452 | 8.0 | +2.3110 | +2.3808 | 0.9025 | +2.5607 | +2.6028 | +56.08% | +57.00% | +112.16% | +114.00% | +3.894 | 799.6 (2026-08-17 20:00 -> 2026-08-25 00:00) | 809.4 (2026-08-06 20:00 -> 2026-08-25 00:00) | 2026-08 -315.7 | 0.210 | 0.790 | 0.01189 | +4.5748 | +2.2112 | 0.0526 | 0.0e+00 |
| 2024->26 | 5838 |  | +0.3872 | +0.4806 | 0.8942 | +0.4330 | +0.4464 | +9.48% | +9.78% | +18.96% | +19.55% | +0.763 | 2942.0 (2024-03-31 16:00 -> 2025-04-11 04:00) | 3280.1 (2024-03-31 16:00 -> 2025-02-06 20:00) | 2025-01 -789.5 | 0.210 | 0.790 | 0.01064 | +1.6433 | +1.2210 | 0.0352 | 0.0e+00 |
| 2025->26 | 3642 |  | +0.9828 | +1.0305 | 0.8885 | +1.1062 | +1.1108 | +24.23% | +24.33% | +48.45% | +48.65% | +1.813 | 1217.9 (2025-01-02 04:00 -> 2025-04-11 04:00) | 1400.0 (2025-01-02 04:00 -> 2025-02-06 20:00) | 2025-01 -789.5 | 0.210 | 0.790 | 0.00955 | +2.6933 | +1.6723 | 0.0381 | 0.0e+00 |

-- ARM d30_n2_c42: n=10038 first=2022-01-31 00:00 last=2026-08-30 20:00 | identity max|net_ex-(pnl_ex-carry_ex-cost_ex)|=0.000e+00 bps; file: max|net-(pnl-carry-cost)|=0.000e+00 bps | anchors with gross_total<1e-9: 0
   y4-INPUT CHECK (pnl column vs 1e4*Σ_m W·T(y4_meta_of_this_run)): max|Δ| all=0.0000 bps; by year: 2022:0.0000, 2023:0.0000, 2024:0.0000, 2025:0.0000, 2026:0.0000  [meta=/workspace/data/wide_fea_v2ext_meta.npz T=id members=canon]
| period | n | months | net_ex | net | gross | A=mean(nx)/mean(g) | B=mean(nx/g) | A %/yr gross | B %/yr gross | A 2x | B 2x | Sharpe(nx) | DD NAV bps (peak->trough) | DD gross bps (peak->trough) | worst month (sum nx) | w3_king | w3_fund | turnover | pnl_ex | carry_ex | cost_ex | max resid |
|---|---|---|---|---|---|---|---|---|---|---|---|---|---|---|---|---|---|---|---|---|---|---|
| 2024 | 2196 |  | -0.5741 | -0.5845 | 0.8660 | -0.6630 | -0.6475 | -14.52% | -14.18% | -29.04% | -28.36% | -1.430 | 1834.6 (2024-03-31 16:00 -> 2024-12-28 04:00) | 2088.0 (2024-03-31 16:00 -> 2024-12-28 04:00) | 2024-12 -635.0 | 0.210 | 0.790 | 0.01294 | -0.1133 | +0.4292 | 0.0317 | 0.0e+00 |
| 2025 | 2190 |  | +0.2177 | +0.2815 | 0.8290 | +0.2626 | +0.2596 | +5.75% | +5.69% | +11.50% | +11.37% | +0.505 | 1040.1 (2025-01-02 04:00 -> 2025-04-11 04:00) | 1283.1 (2025-01-02 04:00 -> 2025-04-11 04:00) | 2025-01 -616.0 | 0.210 | 0.790 | 0.00858 | +1.3545 | +1.1066 | 0.0302 | 0.0e+00 |
| 2026<=08-10 | 1332 | 7.3 | +2.6491 | +2.7044 | 0.8462 | +3.1304 | +3.1349 | +68.56% | +68.65% | +137.11% | +137.31% | +4.928 | 393.6 (2026-06-30 12:00 -> 2026-07-07 12:00) | 469.8 (2026-06-30 12:00 -> 2026-07-07 12:00) | 2026-02 +74.8 | 0.210 | 0.790 | 0.01228 | +4.6439 | +1.9414 | 0.0534 | 0.0e+00 |
| 2026->08-30 | 1452 | 8.0 | +2.1584 | +2.1880 | 0.8510 | +2.5364 | +2.5844 | +55.55% | +56.60% | +111.09% | +113.20% | +3.983 | 708.8 (2026-08-06 20:00 -> 2026-08-25 00:00) | 770.9 (2026-08-06 20:00 -> 2026-08-25 00:00) | 2026-08 -244.8 | 0.210 | 0.790 | 0.01243 | +4.1210 | +1.9085 | 0.0541 | 0.0e+00 |
| 2024->26 | 5838 |  | +0.4025 | +0.4299 | 0.8484 | +0.4745 | +0.4966 | +10.39% | +10.88% | +20.78% | +21.75% | +0.891 | 2742.5 (2024-03-31 16:00 -> 2025-04-11 04:00) | 3207.9 (2024-03-31 16:00 -> 2025-04-11 04:00) | 2024-12 -635.0 | 0.210 | 0.790 | 0.01118 | +1.4905 | +1.0512 | 0.0367 | 0.0e+00 |
| 2025->26 | 3642 |  | +0.9914 | +1.0416 | 0.8377 | +1.1834 | +1.1865 | +25.92% | +25.98% | +51.83% | +51.97% | +2.071 | 1040.1 (2025-01-02 04:00 -> 2025-04-11 04:00) | 1283.1 (2025-01-02 04:00 -> 2025-04-11 04:00) | 2025-01 -616.0 | 0.210 | 0.790 | 0.01011 | +2.4574 | +1.4263 | 0.0397 | 0.0e+00 |

====================================================================================================
HEADLINE (arm d30_n2_c42; net_ex bps/anchor per NAV; A = mean(net_ex)/mean(gross_total); %/yr = A×2190/100; DD zero-baseline bps NAV)
====================================================================================================
| form | caliber | period | n | net_ex | A per-gross | A %/yr gross | Sharpe | DD NAV bps | worst month | cost_ex |
|---|---|---|---|---|---|---|---|---|---|---|
| fixed-seat live | Σ-simple | 2024 | 2196 | -0.6421 | -0.7585 | -16.61% | -1.682 | 1814.9 | 2024-11 -717.0 | 0.0337 |
| fixed-seat live | Σ-simple | 2025 | 2190 | +0.2844 | +0.3790 | +8.30% | +0.673 | 901.8 | 2025-01 -634.5 | 0.0422 |
| fixed-seat live | Σ-simple | 2026<=08-10 | 1332 | +2.9107 | +3.7893 | +82.99% | +5.164 | 458.1 | 2026-02 +171.2 | 0.0679 |
| fixed-seat live | Σ-simple | 2026->08-30 | 1452 | +2.3780 | +3.0986 | +67.86% | +4.209 | 774.0 | 2026-08 -252.4 | 0.0691 |
| fixed-seat live | Σ-simple | 2024->26 | 5838 | +0.4566 | +0.5774 | +12.65% | +1.017 | 2613.7 | 2024-11 -717.0 | 0.0457 |
| fixed-seat live | Σ-simple | 2025->26 | 3642 | +1.1191 | +1.4780 | +32.37% | +2.308 | 901.8 | 2025-01 -634.5 | 0.0529 |
| fixed-seat live | expm1 | 2024 | 2196 | -0.3582 | -0.4236 | -9.28% | -0.921 | 1513.6 | 2024-11 -576.1 | 0.0336 |
| fixed-seat live | expm1 | 2025 | 2190 | +1.4060 | +1.8660 | +40.87% | +3.079 | 717.5 | 2025-01 -463.5 | 0.0419 |
| fixed-seat live | expm1 | 2026<=08-10 | 1332 | +4.9478 | +6.4204 | +140.61% | +8.555 | 263.9 | 2026-08 +324.3 | 0.0677 |
| fixed-seat live | expm1 | 2026->08-30 | 1452 | +4.3441 | +5.6332 | +123.37% | +7.490 | 694.3 | 2026-08 +41.5 | 0.0687 |
| fixed-seat live | expm1 | 2024->26 | 5838 | +1.4731 | +1.8588 | +40.71% | +3.139 | 2126.0 | 2024-11 -576.1 | 0.0455 |
| fixed-seat live | expm1 | 2025->26 | 3642 | +2.5774 | +3.3890 | +74.22% | +5.051 | 717.5 | 2025-01 -463.5 | 0.0526 |
| fixed-seat live | compounded same window Π(1+r5[E..E+47])−1 | 2024 | 2196 | -0.7337 | -0.8687 | -19.02% | -1.920 | 1972.5 | 2024-11 -752.6 | 0.0337 |
| fixed-seat live | compounded same window Π(1+r5[E..E+47])−1 | 2025 | 2190 | +0.2068 | +0.2761 | +6.05% | +0.477 | 822.4 | 2025-01 -559.4 | 0.0423 |
| fixed-seat live | compounded same window Π(1+r5[E..E+47])−1 | 2026<=08-10 | 1332 | +2.8478 | +3.7300 | +81.69% | +5.072 | 357.0 | 2026-08 +175.6 | 0.0684 |
| fixed-seat live | compounded same window Π(1+r5[E..E+47])−1 | 2026->08-30 | 1452 | +2.3233 | +3.0428 | +66.64% | +4.128 | 765.0 | 2026-08 -244.2 | 0.0694 |
| fixed-seat live | compounded same window Π(1+r5[E..E+47])−1 | 2024->26 | 5838 | +0.3795 | +0.4812 | +10.54% | +0.838 | 2691.5 | 2024-11 -752.6 | 0.0458 |
| fixed-seat live | compounded same window Π(1+r5[E..E+47])−1 | 2025->26 | 3642 | +1.0506 | +1.3919 | +30.48% | +2.145 | 822.4 | 2025-01 -559.4 | 0.0531 |
| fixed-seat live | compounded exchange window Π(1+r5[E+1..E+48])−1 | 2024 | 2196 | -0.7089 | -0.8395 | -18.39% | -1.855 | 1912.7 | 2024-11 -756.8 | 0.0337 |
| fixed-seat live | compounded exchange window Π(1+r5[E+1..E+48])−1 | 2025 | 2190 | +0.2538 | +0.3387 | +7.42% | +0.586 | 849.3 | 2025-01 -574.9 | 0.0423 |
| fixed-seat live | compounded exchange window Π(1+r5[E+1..E+48])−1 | 2026<=08-10 | 1332 | +2.8329 | +3.7141 | +81.34% | +5.046 | 351.9 | 2026-08 +161.5 | 0.0684 |
| fixed-seat live | compounded exchange window Π(1+r5[E+1..E+48])−1 | 2026->08-30 | 1452 | +2.3236 | +3.0458 | +66.70% | +4.132 | 753.5 | 2026-08 -238.0 | 0.0694 |
| fixed-seat live | compounded exchange window Π(1+r5[E+1..E+48])−1 | 2024->26 | 5838 | +0.4065 | +0.5155 | +11.29% | +0.899 | 2657.3 | 2024-11 -756.8 | 0.0458 |
| fixed-seat live | compounded exchange window Π(1+r5[E+1..E+48])−1 | 2025->26 | 3642 | +1.0790 | +1.4298 | +31.31% | +2.207 | 849.3 | 2025-01 -574.9 | 0.0531 |
| dynamic-seat live | Σ-simple | 2024 | 2196 | +0.1489 | +0.2473 | +5.42% | +0.533 | 794.9 | 2024-04 -363.1 | 0.0825 |
| dynamic-seat live | Σ-simple | 2025 | 2190 | +0.3590 | +0.6756 | +14.79% | +1.146 | 417.6 | 2025-12 -294.5 | 0.1037 |
| dynamic-seat live | Σ-simple | 2026<=08-10 | 1332 | +2.5118 | +3.2180 | +70.47% | +4.832 | 452.1 | 2026-02 +103.6 | 0.0902 |
| dynamic-seat live | Σ-simple | 2026->08-30 | 1452 | +2.0132 | +2.5838 | +56.58% | +3.842 | 770.6 | 2026-08 -293.5 | 0.0899 |
| dynamic-seat live | Σ-simple | 2024->26 | 5838 | +0.6914 | +1.1159 | +24.44% | +1.884 | 794.9 | 2024-04 -363.1 | 0.0923 |
| dynamic-seat live | Σ-simple | 2025->26 | 3642 | +1.0185 | +1.6161 | +35.39% | +2.479 | 770.6 | 2025-12 -294.5 | 0.0982 |
| dynamic-seat live | expm1 | 2024 | 2196 | +0.2195 | +0.3450 | +7.56% | +0.749 | 585.5 | 2024-07 -343.2 | 0.0646 |
| dynamic-seat live | expm1 | 2025 | 2190 | +1.2226 | +2.2253 | +48.73% | +3.374 | 646.8 | 2025-04 -369.9 | 0.0779 |
| dynamic-seat live | expm1 | 2026<=08-10 | 1332 | +4.8227 | +7.0235 | +153.82% | +8.697 | 252.5 | 2026-08 +342.7 | 0.0559 |
| dynamic-seat live | expm1 | 2026->08-30 | 1452 | +4.2467 | +6.1647 | +135.01% | +7.633 | 688.9 | 2026-08 +85.1 | 0.0571 |
| dynamic-seat live | expm1 | 2024->26 | 5838 | +1.5975 | +2.5900 | +56.72% | +3.998 | 688.9 | 2025-04 -369.9 | 0.0677 |
| dynamic-seat live | expm1 | 2025->26 | 3642 | +2.4283 | +4.0136 | +87.90% | +5.386 | 688.9 | 2025-04 -369.9 | 0.0696 |
| dynamic-seat live | compounded same window Π(1+r5[E..E+47])−1 | 2024 | 2196 | +0.0790 | +0.1373 | +3.01% | +0.289 | 998.7 | 2024-04 -345.8 | 0.0875 |
| dynamic-seat live | compounded same window Π(1+r5[E..E+47])−1 | 2025 | 2190 | +0.2856 | +0.5495 | +12.03% | +0.897 | 408.2 | 2025-12 -265.2 | 0.1066 |
| dynamic-seat live | compounded same window Π(1+r5[E..E+47])−1 | 2026<=08-10 | 1332 | +2.4750 | +3.2017 | +70.12% | +4.812 | 355.3 | 2026-02 +49.1 | 0.0931 |
| dynamic-seat live | compounded same window Π(1+r5[E..E+47])−1 | 2026->08-30 | 1452 | +1.9838 | +2.5671 | +56.22% | +3.824 | 750.4 | 2026-08 -274.6 | 0.0926 |
| dynamic-seat live | compounded same window Π(1+r5[E..E+47])−1 | 2024->26 | 5838 | +0.6302 | +1.0444 | +22.87% | +1.727 | 998.7 | 2024-04 -345.8 | 0.0959 |
| dynamic-seat live | compounded same window Π(1+r5[E..E+47])−1 | 2025->26 | 3642 | +0.9626 | +1.5512 | +33.97% | +2.345 | 750.4 | 2026-08 -274.6 | 0.1010 |
| dynamic-seat live | compounded exchange window Π(1+r5[E+1..E+48])−1 | 2024 | 2196 | +0.1155 | +0.1979 | +4.33% | +0.426 | 966.6 | 2024-04 -374.9 | 0.0869 |
| dynamic-seat live | compounded exchange window Π(1+r5[E+1..E+48])−1 | 2025 | 2190 | +0.3391 | +0.6468 | +14.16% | +1.062 | 413.3 | 2025-12 -275.2 | 0.1057 |
| dynamic-seat live | compounded exchange window Π(1+r5[E+1..E+48])−1 | 2026<=08-10 | 1332 | +2.5427 | +3.2865 | +71.97% | +4.953 | 345.0 | 2026-02 +107.3 | 0.0927 |
| dynamic-seat live | compounded exchange window Π(1+r5[E+1..E+48])−1 | 2026->08-30 | 1452 | +2.0682 | +2.6745 | +58.57% | +3.999 | 737.3 | 2026-08 -260.8 | 0.0922 |
| dynamic-seat live | compounded exchange window Π(1+r5[E+1..E+48])−1 | 2024->26 | 5838 | +0.6850 | +1.1258 | +24.65% | +1.881 | 966.6 | 2024-04 -374.9 | 0.0953 |
| dynamic-seat live | compounded exchange window Π(1+r5[E+1..E+48])−1 | 2025->26 | 3642 | +1.0284 | +1.6494 | +36.12% | +2.507 | 737.3 | 2025-12 -275.2 | 0.1003 |
| canon | Σ-simple | 2024 | 2196 | +0.2549 | +0.4103 | +8.99% | +0.860 | 719.4 | 2024-04 -380.3 | 0.0807 |
| canon | Σ-simple | 2025 | 2190 | +0.4363 | +0.7360 | +16.12% | +1.247 | 502.9 | 2025-12 -367.1 | 0.0944 |
| canon | Σ-simple | 2026<=08-10 | 1332 | +2.3734 | +2.7602 | +60.45% | +4.614 | 394.8 | 2026-02 +34.4 | 0.0751 |
| canon | Σ-simple | 2026->08-30 | 1452 | +1.8929 | +2.1890 | +47.94% | +3.638 | 726.6 | 2026-08 -279.9 | 0.0746 |
| canon | Σ-simple | 2024->26 | 5838 | +0.7304 | +1.0883 | +23.83% | +1.908 | 726.6 | 2024-04 -380.3 | 0.0843 |
| canon | Σ-simple | 2025->26 | 3642 | +1.0170 | +1.4504 | +31.76% | +2.386 | 726.6 | 2025-12 -367.1 | 0.0865 |
| canon | expm1 | 2024 | 2196 | +0.3217 | +0.4966 | +10.88% | +1.061 | 694.4 | 2024-07 -372.4 | 0.0621 |
| canon | expm1 | 2025 | 2190 | +0.8433 | +1.3914 | +30.47% | +2.413 | 670.5 | 2025-04 -403.6 | 0.0668 |
| canon | expm1 | 2026<=08-10 | 1332 | +3.6291 | +4.9399 | +108.18% | +7.144 | 258.1 | 2026-01 +161.2 | 0.0431 |
| canon | expm1 | 2026->08-30 | 1452 | +3.1319 | +4.2331 | +92.71% | +6.105 | 681.6 | 2026-08 +9.6 | 0.0438 |
| canon | expm1 | 2024->26 | 5838 | +1.2163 | +1.8568 | +40.66% | +3.179 | 694.4 | 2025-04 -403.6 | 0.0593 |
| canon | expm1 | 2025->26 | 3642 | +1.7557 | +2.6626 | +58.31% | +4.152 | 681.6 | 2025-04 -403.6 | 0.0576 |
| EXTRA canon fixed-seat | Σ-simple | 2024 | 2196 | -0.5741 | -0.6630 | -14.52% | -1.430 | 1834.6 | 2024-12 -635.0 | 0.0317 |
| EXTRA canon fixed-seat | Σ-simple | 2025 | 2190 | +0.2177 | +0.2626 | +5.75% | +0.505 | 1040.1 | 2025-01 -616.0 | 0.0302 |
| EXTRA canon fixed-seat | Σ-simple | 2026<=08-10 | 1332 | +2.6491 | +3.1304 | +68.56% | +4.928 | 393.6 | 2026-02 +74.8 | 0.0534 |
| EXTRA canon fixed-seat | Σ-simple | 2026->08-30 | 1452 | +2.1584 | +2.5364 | +55.55% | +3.983 | 708.8 | 2026-08 -244.8 | 0.0541 |
| EXTRA canon fixed-seat | Σ-simple | 2024->26 | 5838 | +0.4025 | +0.4745 | +10.39% | +0.891 | 2742.5 | 2024-12 -635.0 | 0.0367 |
| EXTRA canon fixed-seat | Σ-simple | 2025->26 | 3642 | +0.9914 | +1.1834 | +25.92% | +2.071 | 1040.1 | 2025-01 -616.0 | 0.0397 |

====================================================================================================
HEADLINE (arm S0, same columns)
====================================================================================================
| form | caliber | period | n | net_ex | A per-gross | A %/yr gross | Sharpe | DD NAV bps | worst month | cost_ex |
|---|---|---|---|---|---|---|---|---|---|---|
| fixed-seat live | Σ-simple | 2024 | 2196 | -0.6741 | -0.7640 | -16.73% | -1.604 | 1949.8 | 2024-11 -737.6 | 0.0325 |
| fixed-seat live | Σ-simple | 2025 | 2190 | +0.1542 | +0.1937 | +4.24% | +0.315 | 1192.4 | 2025-01 -826.2 | 0.0407 |
| fixed-seat live | Σ-simple | 2026<=08-10 | 1332 | +2.9627 | +3.6756 | +80.50% | +5.034 | 497.9 | 2026-01 +147.2 | 0.0671 |
| fixed-seat live | Σ-simple | 2026->08-30 | 1452 | +2.4408 | +3.0247 | +66.24% | +4.106 | 778.9 | 2026-08 -224.3 | 0.0680 |
| fixed-seat live | Σ-simple | 2024->26 | 5838 | +0.4114 | +0.4949 | +10.84% | +0.831 | 3012.2 | 2025-01 -826.2 | 0.0444 |
| fixed-seat live | Σ-simple | 2025->26 | 3642 | +1.0658 | +1.3317 | +29.16% | +1.995 | 1192.4 | 2025-01 -826.2 | 0.0516 |
| fixed-seat live | expm1 | 2024 | 2196 | -0.3977 | -0.4508 | -9.87% | -0.934 | 1714.2 | 2024-11 -659.4 | 0.0325 |
| fixed-seat live | expm1 | 2025 | 2190 | +1.3147 | +1.6516 | +36.17% | +2.559 | 895.3 | 2025-01 -593.4 | 0.0407 |
| fixed-seat live | expm1 | 2026<=08-10 | 1332 | +4.8064 | +5.9630 | +130.59% | +7.986 | 307.3 | 2026-01 +249.4 | 0.0671 |
| fixed-seat live | expm1 | 2026->08-30 | 1452 | +4.2592 | +5.2780 | +115.59% | +7.027 | 707.2 | 2026-08 +125.1 | 0.0680 |
| fixed-seat live | expm1 | 2024->26 | 5838 | +1.4029 | +1.6878 | +36.96% | +2.751 | 2478.1 | 2024-11 -659.4 | 0.0444 |
| fixed-seat live | expm1 | 2025->26 | 3642 | +2.4886 | +3.1093 | +68.09% | +4.499 | 895.3 | 2025-01 -593.4 | 0.0516 |
| fixed-seat live | compounded same window Π(1+r5[E..E+47])−1 | 2024 | 2196 | -0.7513 | -0.8516 | -18.65% | -1.776 | 2095.3 | 2024-11 -779.1 | 0.0325 |
| fixed-seat live | compounded same window Π(1+r5[E..E+47])−1 | 2025 | 2190 | +0.0860 | +0.1080 | +2.36% | +0.171 | 1133.1 | 2025-01 -774.1 | 0.0407 |
| fixed-seat live | compounded same window Π(1+r5[E..E+47])−1 | 2026<=08-10 | 1332 | +2.8861 | +3.5806 | +78.42% | +4.868 | 399.0 | 2026-01 +93.9 | 0.0671 |
| fixed-seat live | compounded same window Π(1+r5[E..E+47])−1 | 2026->08-30 | 1452 | +2.3508 | +2.9131 | +63.80% | +3.928 | 789.9 | 2026-08 -251.5 | 0.0680 |
| fixed-seat live | compounded same window Π(1+r5[E..E+47])−1 | 2024->26 | 5838 | +0.3343 | +0.4022 | +8.81% | +0.666 | 3099.6 | 2024-11 -779.1 | 0.0444 |
| fixed-seat live | compounded same window Π(1+r5[E..E+47])−1 | 2025->26 | 3642 | +0.9889 | +1.2355 | +27.06% | +1.819 | 1133.1 | 2025-01 -774.1 | 0.0516 |
| fixed-seat live | compounded exchange window Π(1+r5[E+1..E+48])−1 | 2024 | 2196 | -0.7500 | -0.8501 | -18.62% | -1.782 | 2079.3 | 2024-11 -784.8 | 0.0325 |
| fixed-seat live | compounded exchange window Π(1+r5[E+1..E+48])−1 | 2025 | 2190 | +0.1175 | +0.1476 | +3.23% | +0.233 | 1132.9 | 2025-01 -777.5 | 0.0407 |
| fixed-seat live | compounded exchange window Π(1+r5[E+1..E+48])−1 | 2026<=08-10 | 1332 | +2.8810 | +3.5743 | +78.28% | +4.869 | 401.7 | 2026-01 +102.6 | 0.0671 |
| fixed-seat live | compounded exchange window Π(1+r5[E+1..E+48])−1 | 2026->08-30 | 1452 | +2.3662 | +2.9322 | +64.22% | +3.969 | 773.6 | 2026-08 -235.6 | 0.0680 |
| fixed-seat live | compounded exchange window Π(1+r5[E+1..E+48])−1 | 2024->26 | 5838 | +0.3505 | +0.4216 | +9.23% | +0.700 | 3081.7 | 2024-11 -784.8 | 0.0444 |
| fixed-seat live | compounded exchange window Π(1+r5[E+1..E+48])−1 | 2025->26 | 3642 | +1.0140 | +1.2669 | +27.75% | +1.868 | 1132.9 | 2025-01 -777.5 | 0.0516 |
| dynamic-seat live | Σ-simple | 2024 | 2196 | +0.1488 | +0.2404 | +5.26% | +0.498 | 895.6 | 2024-04 -360.5 | 0.0826 |
| dynamic-seat live | Σ-simple | 2025 | 2190 | +0.4099 | +0.7490 | +16.40% | +1.199 | 565.7 | 2025-12 -337.2 | 0.1041 |
| dynamic-seat live | Σ-simple | 2026<=08-10 | 1332 | +2.6002 | +3.2025 | +70.13% | +4.762 | 490.4 | 2026-02 +109.6 | 0.0901 |
| dynamic-seat live | Σ-simple | 2026->08-30 | 1452 | +2.1082 | +2.5953 | +56.84% | +3.799 | 766.3 | 2026-08 -257.8 | 0.0896 |
| dynamic-seat live | Σ-simple | 2024->26 | 5838 | +0.7341 | +1.1467 | +25.11% | +1.869 | 895.6 | 2024-04 -360.5 | 0.0924 |
| dynamic-seat live | Σ-simple | 2025->26 | 3642 | +1.0870 | +1.6648 | +36.46% | +2.472 | 766.3 | 2025-12 -337.2 | 0.0983 |
| dynamic-seat live | expm1 | 2024 | 2196 | +0.2950 | +0.4478 | +9.81% | +0.944 | 556.7 | 2024-07 -383.3 | 0.0644 |
| dynamic-seat live | expm1 | 2025 | 2190 | +1.2163 | +2.1429 | +46.93% | +3.151 | 703.0 | 2025-04 -340.8 | 0.0782 |
| dynamic-seat live | expm1 | 2026<=08-10 | 1332 | +4.6469 | +6.4513 | +141.28% | +8.115 | 296.7 | 2026-01 +267.8 | 0.0553 |
| dynamic-seat live | expm1 | 2026->08-30 | 1452 | +4.0984 | +5.6698 | +124.17% | +7.101 | 720.2 | 2026-08 +138.6 | 0.0563 |
| dynamic-seat live | expm1 | 2024->26 | 5838 | +1.5866 | +2.4772 | +54.25% | +3.777 | 720.2 | 2024-07 -383.3 | 0.0676 |
| dynamic-seat live | expm1 | 2025->26 | 3642 | +2.3654 | +3.7575 | +82.29% | +5.006 | 720.2 | 2025-04 -340.8 | 0.0695 |
| dynamic-seat live | compounded same window Π(1+r5[E..E+47])−1 | 2024 | 2196 | +0.0829 | +0.1405 | +3.08% | +0.284 | 1080.8 | 2024-04 -334.8 | 0.0879 |
| dynamic-seat live | compounded same window Π(1+r5[E..E+47])−1 | 2025 | 2190 | +0.3306 | +0.6170 | +13.51% | +0.950 | 622.5 | 2025-12 -345.4 | 0.1071 |
| dynamic-seat live | compounded same window Π(1+r5[E..E+47])−1 | 2026<=08-10 | 1332 | +2.4796 | +3.0736 | +67.31% | +4.563 | 394.8 | 2026-01 +79.7 | 0.0932 |
| dynamic-seat live | compounded same window Π(1+r5[E..E+47])−1 | 2026->08-30 | 1452 | +1.9775 | +2.4489 | +53.63% | +3.581 | 773.6 | 2026-08 -294.9 | 0.0925 |
| dynamic-seat live | compounded same window Π(1+r5[E..E+47])−1 | 2024->26 | 5838 | +0.6470 | +1.0371 | +22.71% | +1.651 | 1080.8 | 2025-12 -345.4 | 0.0963 |
| dynamic-seat live | compounded same window Π(1+r5[E..E+47])−1 | 2025->26 | 3642 | +0.9872 | +1.5326 | +33.56% | +2.238 | 861.1 | 2025-12 -345.4 | 0.1013 |
| dynamic-seat live | compounded exchange window Π(1+r5[E+1..E+48])−1 | 2024 | 2196 | +0.1213 | +0.2024 | +4.43% | +0.420 | 1056.7 | 2024-04 -352.2 | 0.0872 |
| dynamic-seat live | compounded exchange window Π(1+r5[E+1..E+48])−1 | 2025 | 2190 | +0.3972 | +0.7337 | +16.07% | +1.129 | 606.5 | 2025-12 -350.6 | 0.1062 |
| dynamic-seat live | compounded exchange window Π(1+r5[E+1..E+48])−1 | 2026<=08-10 | 1332 | +2.5078 | +3.1050 | +68.00% | +4.619 | 397.9 | 2026-01 +92.3 | 0.0927 |
| dynamic-seat live | compounded exchange window Π(1+r5[E+1..E+48])−1 | 2026->08-30 | 1452 | +2.0210 | +2.4999 | +54.75% | +3.670 | 757.7 | 2026-08 -277.8 | 0.0921 |
| dynamic-seat live | compounded exchange window Π(1+r5[E+1..E+48])−1 | 2024->26 | 5838 | +0.6973 | +1.1076 | +24.26% | +1.780 | 1056.7 | 2024-04 -352.2 | 0.0955 |
| dynamic-seat live | compounded exchange window Π(1+r5[E+1..E+48])−1 | 2025->26 | 3642 | +1.0446 | +1.6125 | +35.31% | +2.362 | 844.6 | 2025-12 -350.6 | 0.1006 |
| canon | Σ-simple | 2024 | 2196 | +0.1782 | +0.2793 | +6.12% | +0.562 | 885.9 | 2024-04 -376.1 | 0.0808 |
| canon | Σ-simple | 2025 | 2190 | +0.4685 | +0.7665 | +16.79% | +1.242 | 526.2 | 2025-12 -306.3 | 0.0947 |
| canon | Σ-simple | 2026<=08-10 | 1332 | +2.5398 | +2.8197 | +61.75% | +4.495 | 402.3 | 2026-01 +40.9 | 0.0745 |
| canon | Σ-simple | 2026->08-30 | 1452 | +2.0028 | +2.2082 | +48.36% | +3.485 | 806.4 | 2026-08 -384.3 | 0.0739 |
| canon | Σ-simple | 2024->26 | 5838 | +0.7409 | +1.0662 | +23.35% | +1.778 | 885.9 | 2026-08 -384.3 | 0.0843 |
| canon | Σ-simple | 2025->26 | 3642 | +1.0802 | +1.4815 | +32.45% | +2.316 | 806.4 | 2026-08 -384.3 | 0.0864 |
| canon | expm1 | 2024 | 2196 | +0.3223 | +0.4793 | +10.50% | +0.975 | 708.9 | 2024-07 -435.4 | 0.0620 |
| canon | expm1 | 2025 | 2190 | +0.7759 | +1.2295 | +26.93% | +2.087 | 728.2 | 2025-04 -399.3 | 0.0669 |
| canon | expm1 | 2026<=08-10 | 1332 | +3.4411 | +4.3831 | +95.99% | +6.313 | 346.7 | 2026-01 +47.0 | 0.0420 |
| canon | expm1 | 2026->08-30 | 1452 | +2.9485 | +3.7315 | +81.72% | +5.343 | 730.0 | 2026-08 +16.2 | 0.0425 |
| canon | expm1 | 2024->26 | 5838 | +1.1457 | +1.6695 | +36.56% | +2.786 | 730.0 | 2024-07 -435.4 | 0.0590 |
| canon | expm1 | 2025->26 | 3642 | +1.6421 | +2.3644 | +51.78% | +3.627 | 730.0 | 2025-04 -399.3 | 0.0572 |
| EXTRA canon fixed-seat | Σ-simple | 2024 | 2196 | -0.6007 | -0.6647 | -14.56% | -1.357 | 1881.4 | 2024-12 -710.0 | 0.0303 |
| EXTRA canon fixed-seat | Σ-simple | 2025 | 2190 | +0.1022 | +0.1163 | +2.55% | +0.203 | 1217.9 | 2025-01 -789.5 | 0.0285 |
| EXTRA canon fixed-seat | Σ-simple | 2026<=08-10 | 1332 | +2.8654 | +3.1959 | +69.99% | +4.897 | 396.1 | 2026-01 +62.7 | 0.0521 |
| EXTRA canon fixed-seat | Σ-simple | 2026->08-30 | 1452 | +2.3110 | +2.5607 | +56.08% | +3.894 | 799.6 | 2026-08 -315.7 | 0.0526 |
| EXTRA canon fixed-seat | Σ-simple | 2024->26 | 5838 | +0.3872 | +0.4330 | +9.48% | +0.763 | 2942.0 | 2025-01 -789.5 | 0.0352 |
| EXTRA canon fixed-seat | Σ-simple | 2025->26 | 3642 | +0.9828 | +1.1062 | +24.23% | +1.813 | 1217.9 | 2025-01 -789.5 | 0.0381 |

====================================================================================================
COST_EX PER YEAR — fixed-seat live form (both calibers), both arms; plus cost_ex/turnover (paths differ: turnover = blended path |sm-HB|, cost_ex = reshaped path |smr-HR|; ratio is INDICATIVE only)
====================================================================================================
  [Σ-simple] S0:
    2022: cost_ex 0.0268 bps/anchor (= 0.59%/yr NAV; cost(file) 0.0252; turnover 0.01629; cost_ex/turnover 1.645 bps per unit)
    2023: cost_ex 0.0367 bps/anchor (= 0.80%/yr NAV; cost(file) 0.0351; turnover 0.01722; cost_ex/turnover 2.131 bps per unit)
    2024: cost_ex 0.0325 bps/anchor (= 0.71%/yr NAV; cost(file) 0.0303; turnover 0.01392; cost_ex/turnover 2.334 bps per unit)
    2025: cost_ex 0.0407 bps/anchor (= 0.89%/yr NAV; cost(file) 0.0357; turnover 0.01235; cost_ex/turnover 3.297 bps per unit)
    2026: cost_ex 0.0680 bps/anchor (= 1.49%/yr NAV; cost(file) 0.0600; turnover 0.01701; cost_ex/turnover 3.997 bps per unit)
  [Σ-simple] d30_n2_c42:
    2022: cost_ex 0.0273 bps/anchor (= 0.60%/yr NAV; cost(file) 0.0255; turnover 0.01645; cost_ex/turnover 1.661 bps per unit)
    2023: cost_ex 0.0370 bps/anchor (= 0.81%/yr NAV; cost(file) 0.0352; turnover 0.01731; cost_ex/turnover 2.136 bps per unit)
    2024: cost_ex 0.0337 bps/anchor (= 0.74%/yr NAV; cost(file) 0.0309; turnover 0.01428; cost_ex/turnover 2.358 bps per unit)
    2025: cost_ex 0.0422 bps/anchor (= 0.92%/yr NAV; cost(file) 0.0366; turnover 0.01261; cost_ex/turnover 3.345 bps per unit)
    2026: cost_ex 0.0691 bps/anchor (= 1.51%/yr NAV; cost(file) 0.0605; turnover 0.01707; cost_ex/turnover 4.046 bps per unit)
  [expm1] S0:
    2022: cost_ex 0.0268 bps/anchor (= 0.59%/yr NAV; cost(file) 0.0252; turnover 0.01629; cost_ex/turnover 1.645 bps per unit)
    2023: cost_ex 0.0367 bps/anchor (= 0.80%/yr NAV; cost(file) 0.0351; turnover 0.01722; cost_ex/turnover 2.131 bps per unit)
    2024: cost_ex 0.0325 bps/anchor (= 0.71%/yr NAV; cost(file) 0.0303; turnover 0.01392; cost_ex/turnover 2.334 bps per unit)
    2025: cost_ex 0.0407 bps/anchor (= 0.89%/yr NAV; cost(file) 0.0357; turnover 0.01235; cost_ex/turnover 3.297 bps per unit)
    2026: cost_ex 0.0680 bps/anchor (= 1.49%/yr NAV; cost(file) 0.0600; turnover 0.01701; cost_ex/turnover 3.997 bps per unit)
  [expm1] d30_n2_c42:
    2022: cost_ex 0.0272 bps/anchor (= 0.60%/yr NAV; cost(file) 0.0255; turnover 0.01642; cost_ex/turnover 1.658 bps per unit)
    2023: cost_ex 0.0371 bps/anchor (= 0.81%/yr NAV; cost(file) 0.0353; turnover 0.01732; cost_ex/turnover 2.141 bps per unit)
    2024: cost_ex 0.0336 bps/anchor (= 0.74%/yr NAV; cost(file) 0.0309; turnover 0.01430; cost_ex/turnover 2.354 bps per unit)
    2025: cost_ex 0.0419 bps/anchor (= 0.92%/yr NAV; cost(file) 0.0364; turnover 0.01251; cost_ex/turnover 3.350 bps per unit)
    2026: cost_ex 0.0687 bps/anchor (= 1.50%/yr NAV; cost(file) 0.0603; turnover 0.01698; cost_ex/turnover 4.046 bps per unit)

====================================================================================================
PREVIOUSLY QUOTED 'canon net_2024on 1.11 vs 0.78 (Sharpe 2.59 vs 1.93); live 1.49 vs 0.79 (3.23 vs 1.85)' — column/arm attribution
====================================================================================================
Recomputed from the npz rec arrays over 2024->26 (all anchors with year>=2024), mean and mean/std(ddof=1)*sqrt(2190):
  canon              S0          | 'net' (file caliber) col: CAL=simple +1.1108 S 2.594  vs CAL=log +0.7821 S 1.926  | 'net_ex' col: CAL=simple +1.1457 S 2.786  vs CAL=log +0.7409 S 1.778
  canon              d30_n2_c42  | 'net' (file caliber) col: CAL=simple +1.1402 S 2.699  vs CAL=log +0.7546 S 1.929  | 'net_ex' col: CAL=simple +1.2163 S 3.179  vs CAL=log +0.7304 S 1.908
  dynamic-seat live  S0          | 'net' (file caliber) col: CAL=simple +1.4936 S 3.225  vs CAL=log +0.7865 S 1.845  | 'net_ex' col: CAL=simple +1.5866 S 3.777  vs CAL=log +0.7341 S 1.869
  dynamic-seat live  d30_n2_c42  | 'net' (file caliber) col: CAL=simple +1.4541 S 3.134  vs CAL=log +0.7158 S 1.690  | 'net_ex' col: CAL=simple +1.5975 S 3.998  vs CAL=log +0.6914 S 1.884
  fixed-seat live    S0          | 'net' (file caliber) col: CAL=simple +1.3256 S 2.487  vs CAL=log +0.5279 S 1.017  | 'net_ex' col: CAL=simple +1.4029 S 2.751  vs CAL=log +0.4114 S 0.831
  fixed-seat live    d30_n2_c42  | 'net' (file caliber) col: CAL=simple +1.2976 S 2.403  vs CAL=log +0.4969 S 0.930  | 'net_ex' col: CAL=simple +1.4731 S 3.139  vs CAL=log +0.4566 S 1.017
Summary-JSON fields (device L336: net_2024on/sharpe_2024on are computed on column 1 = 'net'; L345-347: net_ex_2024on/sharpe_ex_2024on on column 18 = 'net_ex'):
  pod_canon_calsimple_s42        S0          net_2024on=1.1108 sharpe_2024on=2.594 | net_ex_2024on=1.1457 sharpe_ex_2024on=2.786
  pod_canon_calsimple_s42        d30_n2_c42  net_2024on=1.1402 sharpe_2024on=2.699 | net_ex_2024on=1.2163 sharpe_ex_2024on=3.179
  pod_canon_callog_s42           S0          net_2024on=0.7821 sharpe_2024on=1.926 | net_ex_2024on=0.7409 sharpe_ex_2024on=1.778
  pod_canon_callog_s42           d30_n2_c42  net_2024on=0.7546 sharpe_2024on=1.929 | net_ex_2024on=0.7304 sharpe_ex_2024on=1.908
  pod_live_calsimple_s42         S0          net_2024on=1.4936 sharpe_2024on=3.225 | net_ex_2024on=1.5866 sharpe_ex_2024on=3.777
  pod_live_calsimple_s42         d30_n2_c42  net_2024on=1.4541 sharpe_2024on=3.134 | net_ex_2024on=1.5975 sharpe_ex_2024on=3.998
  pod_live_callog_s42            S0          net_2024on=0.7865 sharpe_2024on=1.845 | net_ex_2024on=0.7341 sharpe_ex_2024on=1.869
  pod_live_callog_s42            d30_n2_c42  net_2024on=0.7158 sharpe_2024on=1.690 | net_ex_2024on=0.6914 sharpe_ex_2024on=1.884
  pod_live_w3fix_calsimple_s42   S0          net_2024on=1.3256 sharpe_2024on=2.487 | net_ex_2024on=1.4029 sharpe_ex_2024on=2.751
  pod_live_w3fix_calsimple_s42   d30_n2_c42  net_2024on=1.2976 sharpe_2024on=2.403 | net_ex_2024on=1.4731 sharpe_ex_2024on=3.139
  pod_live_w3fix_callog_s42      S0          net_2024on=0.5279 sharpe_2024on=1.017 | net_ex_2024on=0.4114 sharpe_ex_2024on=0.831
  pod_live_w3fix_callog_s42      d30_n2_c42  net_2024on=0.4969 sharpe_2024on=0.930 | net_ex_2024on=0.4566 sharpe_ex_2024on=1.017
  canon: quoted pair matches S0 'net' (CAL=simple 1.1108/2.594 vs CAL=log 0.7821/1.926). Same comparison on d30 'net_ex': 1.2163/3.179 vs 0.7304/1.908. Δ(S0 net − d30 net_ex): CAL=simple -0.1055 bps (S -0.585); CAL=log +0.0517 bps (S +0.018)
  live dyn: quoted pair matches S0 'net' (CAL=simple 1.4936/3.225 vs CAL=log 0.7865/1.845). Same comparison on d30 'net_ex': 1.5975/3.998 vs 0.6914/1.884. Δ(S0 net − d30 net_ex): CAL=simple -0.1039 bps (S -0.773); CAL=log +0.0951 bps (S -0.039)

====================================================================================================
CROSS-RUN BITWISE CHECKS (rec arrays)
====================================================================================================
  C6_1 alt_sum_old_w3fix (meta y4 rebuilt as Σ r5[E..E+47]) vs PORT live w3fix callog [S0]: array_equal=True max|Δ net_ex|=0.000e+00 max|Δ pnl|=0.000e+00
  C6_1 alt_sum_old_w3fix (meta y4 rebuilt as Σ r5[E..E+47]) vs PORT live w3fix callog [d30_n2_c42]: array_equal=True max|Δ net_ex|=0.000e+00 max|Δ pnl|=0.000e+00
  C6_1 alt_sum_old_dyn vs PORT live dyn callog [S0]: array_equal=True max|Δ net_ex|=0.000e+00 max|Δ pnl|=0.000e+00
  C6_1 alt_sum_old_dyn vs PORT live dyn callog [d30_n2_c42]: array_equal=True max|Δ net_ex|=0.000e+00 max|Δ pnl|=0.000e+00
  C6_2 alt_base_w3fix vs PORT live w3fix callog [S0]: array_equal=True max|Δ net_ex|=0.000e+00 max|Δ pnl|=0.000e+00
  C6_2 alt_base_w3fix vs PORT live w3fix callog [d30_n2_c42]: array_equal=True max|Δ net_ex|=0.000e+00 max|Δ pnl|=0.000e+00
  C6_1 alt_true_new_w3fix vs C6_2 alt_newprod_w3fix (both Π(1+r5[E+1..E+48])−1, independently built) [S0]: array_equal=False max|Δ net_ex|=6.398e-08 max|Δ pnl|=6.332e-08
  C6_1 alt_true_new_w3fix vs C6_2 alt_newprod_w3fix (both Π(1+r5[E+1..E+48])−1, independently built) [d30_n2_c42]: array_equal=False max|Δ net_ex|=6.578e-08 max|Δ pnl|=6.338e-08
  C6_1 alt_true_new_dyn vs C6_2 alt_newprod_dyn [S0]: array_equal=False max|Δ net_ex|=4.469e-08 max|Δ pnl|=4.513e-08
  C6_1 alt_true_new_dyn vs C6_2 alt_newprod_dyn [d30_n2_c42]: array_equal=False max|Δ net_ex|=4.688e-08 max|Δ pnl|=4.513e-08
  C6_1 rerun_prodnew live w3fix vs C6_2 alt_newprod_w3fix [S0]: array_equal=True max|Δ net_ex|=0.000e+00 max|Δ pnl|=0.000e+00
  C6_1 rerun_prodnew live w3fix vs C6_2 alt_newprod_w3fix [d30_n2_c42]: array_equal=True max|Δ net_ex|=0.000e+00 max|Δ pnl|=0.000e+00

META y4 RELATIONS (cells both finite):
  meta y4 (Σ-simple) vs true_old (Π same window): cells 3446599 mean(Π−Σ)=-0.4501 bps mean|Π−Σ|=3.4617 bps max|Π−Σ|=25874.8 bps nan-mismatch=0
  C6_1 true_new vs C6_2 newprod (both Π shifted window): cells 3446600 exact_eq=0.999892 max|Δ|=1.863e-09 nan-mismatch=0
  meta y4 stats: finite cells 3446599 mean +0.1140 bps; expm1(y4) mean +3.5692 bps; mean(expm1(y4)−y4) +3.4552 bps (convexity added by CAL=simple on top of a Σ-simple target)

====================================================================================================
CALIBER-ONLY DELTAS ON IDENTICAL BOOK PATH — fixed-seat live, arm S0 (no stop layer, W3FIX seats, so W is y4-value-independent)
====================================================================================================
  [expm1] S0_W array_equal vs Σ-simple: True  max|ΔW|=0.000e+00; turnover col equal: True; gross_total col equal: True; cost_ex col equal: True; carry_ex col equal: True
      2024         n=2196 Δnet_ex(this − Σ-simple) mean +0.2763 bps/anchor NAV (= Δpnl_ex mean +0.2763); per-gross A +0.3132 => +6.86%/yr gross; Sharpe -0.934 vs -1.604
      2025         n=2190 Δnet_ex(this − Σ-simple) mean +1.1605 bps/anchor NAV (= Δpnl_ex mean +1.1605); per-gross A +1.4579 => +31.93%/yr gross; Sharpe +2.559 vs +0.315
      2026<=08-10  n=1332 Δnet_ex(this − Σ-simple) mean +1.8437 bps/anchor NAV (= Δpnl_ex mean +1.8437); per-gross A +2.2874 => +50.09%/yr gross; Sharpe +7.986 vs +5.034
      2026->08-30  n=1452 Δnet_ex(this − Σ-simple) mean +1.8184 bps/anchor NAV (= Δpnl_ex mean +1.8184); per-gross A +2.2533 => +49.35%/yr gross; Sharpe +7.027 vs +4.106
      2024->26     n=5838 Δnet_ex(this − Σ-simple) mean +0.9915 bps/anchor NAV (= Δpnl_ex mean +0.9915); per-gross A +1.1929 => +26.12%/yr gross; Sharpe +2.751 vs +0.831
      2025->26     n=3642 Δnet_ex(this − Σ-simple) mean +1.4228 bps/anchor NAV (= Δpnl_ex mean +1.4228); per-gross A +1.7776 => +38.93%/yr gross; Sharpe +4.499 vs +1.995
  [compounded same window Π(1+r5[E..E+47])−1] S0_W array_equal vs Σ-simple: True  max|ΔW|=0.000e+00; turnover col equal: True; gross_total col equal: True; cost_ex col equal: True; carry_ex col equal: True
      2024         n=2196 Δnet_ex(this − Σ-simple) mean -0.0773 bps/anchor NAV (= Δpnl_ex mean -0.0773); per-gross A -0.0876 => -1.92%/yr gross; Sharpe -1.776 vs -1.604
      2025         n=2190 Δnet_ex(this − Σ-simple) mean -0.0682 bps/anchor NAV (= Δpnl_ex mean -0.0682); per-gross A -0.0857 => -1.88%/yr gross; Sharpe +0.171 vs +0.315
      2026<=08-10  n=1332 Δnet_ex(this − Σ-simple) mean -0.0766 bps/anchor NAV (= Δpnl_ex mean -0.0766); per-gross A -0.0950 => -2.08%/yr gross; Sharpe +4.868 vs +5.034
      2026->08-30  n=1452 Δnet_ex(this − Σ-simple) mean -0.0901 bps/anchor NAV (= Δpnl_ex mean -0.0901); per-gross A -0.1116 => -2.44%/yr gross; Sharpe +3.928 vs +4.106
      2024->26     n=5838 Δnet_ex(this − Σ-simple) mean -0.0771 bps/anchor NAV (= Δpnl_ex mean -0.0771); per-gross A -0.0927 => -2.03%/yr gross; Sharpe +0.666 vs +0.831
      2025->26     n=3642 Δnet_ex(this − Σ-simple) mean -0.0769 bps/anchor NAV (= Δpnl_ex mean -0.0769); per-gross A -0.0961 => -2.11%/yr gross; Sharpe +1.819 vs +1.995
  [compounded exchange window Π(1+r5[E+1..E+48])−1] S0_W array_equal vs Σ-simple: True  max|ΔW|=0.000e+00; turnover col equal: True; gross_total col equal: True; cost_ex col equal: True; carry_ex col equal: True
      2024         n=2196 Δnet_ex(this − Σ-simple) mean -0.0760 bps/anchor NAV (= Δpnl_ex mean -0.0760); per-gross A -0.0861 => -1.89%/yr gross; Sharpe -1.782 vs -1.604
      2025         n=2190 Δnet_ex(this − Σ-simple) mean -0.0367 bps/anchor NAV (= Δpnl_ex mean -0.0367); per-gross A -0.0461 => -1.01%/yr gross; Sharpe +0.233 vs +0.315
      2026<=08-10  n=1332 Δnet_ex(this − Σ-simple) mean -0.0817 bps/anchor NAV (= Δpnl_ex mean -0.0817); per-gross A -0.1013 => -2.22%/yr gross; Sharpe +4.869 vs +5.034
      2026->08-30  n=1452 Δnet_ex(this − Σ-simple) mean -0.0746 bps/anchor NAV (= Δpnl_ex mean -0.0746); per-gross A -0.0925 => -2.02%/yr gross; Sharpe +3.969 vs +4.106
      2024->26     n=5838 Δnet_ex(this − Σ-simple) mean -0.0609 bps/anchor NAV (= Δpnl_ex mean -0.0609); per-gross A -0.0733 => -1.60%/yr gross; Sharpe +0.700 vs +0.831
      2025->26     n=3642 Δnet_ex(this − Σ-simple) mean -0.0518 bps/anchor NAV (= Δpnl_ex mean -0.0518); per-gross A -0.0647 => -1.42%/yr gross; Sharpe +1.868 vs +1.995

UNITS_TABLE_DONE
