# every judged cell from d10_fxfield_adjudicate.py, FULL PRECISION (repr, round-trips)
# archive_truth_rate is the venue archive's last settlement rate at or before the anchor;
# it is NOT rounded here. A tolerance test against a rounded reference measures the
# rounding rather than the data, which is why this file exists.
# verdict is judged at float32 (the panel's dtype); the raw values are given so a
# consumer can re-judge at any precision it prefers.
symbol,anchor_utc,verdict,archive_truth_rate,panel_value,ledger_value,archive_event_utc,panel_iv,ledger_iv,asof_age_s
GMTUSDT,2026-01-09T20:00Z,PANEL_RIGHT,-0.00039508,-0.00039507998735643923,-0.02,2026-01-09T20:00Z,1.0,8.0,0
SPORTFUNUSDT,2026-01-16T20:00Z,PANEL_RIGHT,-0.00157425,-0.0015742500545457006,-0.00109044,2026-01-16T20:00Z,4.0,8.0,0
AXSUSDT,2026-01-17T20:00Z,PANEL_RIGHT,-0.00047924,-0.0004792399995494634,-0.02,2026-01-17T20:00Z,1.0,8.0,0
DUSKUSDT,2026-01-19T12:00Z,PANEL_RIGHT,-0.00221771,-0.002217710018157959,-0.02,2026-01-19T12:00Z,1.0,8.0,0
AIAUSDT,2026-01-20T08:00Z,PANEL_RIGHT,5e-05,4.999999873689376e-05,0.00060939,2026-01-20T08:00Z,4.0,1.0,0
ACUUSDT,2026-01-21T20:00Z,PANEL_RIGHT,-0.00039915,-0.00039915001252666116,-0.0008647,2026-01-21T20:00Z,4.0,8.0,0
ELSAUSDT,2026-01-22T12:00Z,PANEL_RIGHT,-0.0014899,-0.0014899000525474548,-0.02,2026-01-22T12:00Z,1.0,8.0,0
SKRUSDT,2026-01-22T16:00Z,PANEL_RIGHT,-0.00285089,-0.00285088992677629,-0.00041244,2026-01-22T16:00Z,4.0,8.0,0
SPACEUSDT,2026-01-23T16:00Z,PANEL_RIGHT,0.00102977,0.0010297700064256787,0.0003795,2026-01-23T16:00Z,4.0,8.0,0
BIRBUSDT,2026-01-29T12:00Z,PANEL_RIGHT,-0.01405318,-0.014053179882466793,-0.01394171,2026-01-29T12:00Z,4.0,8.0,0
GWEIUSDT,2026-01-29T12:00Z,PANEL_RIGHT,-0.00017454,-0.00017453999316785485,5e-05,2026-01-29T12:00Z,4.0,8.0,0
INXUSDT,2026-01-31T00:00Z,PANEL_RIGHT,-0.00014674,-0.00014673999976366758,-0.00221222,2026-01-31T00:00Z,4.0,8.0,0
ZILUSDT,2026-02-02T20:00Z,PANEL_RIGHT,-0.00286688,-0.0028668800368905067,-0.02,2026-02-02T20:00Z,1.0,8.0,0
ROBOUSDT,2026-02-27T16:00Z,PANEL_RIGHT,-5.21e-05,-5.210000017541461e-05,0.0001593,2026-02-27T16:00Z,4.0,8.0,0
ALICEUSDT,2026-02-28T04:00Z,PANEL_RIGHT,-0.00023411,-0.00023411000438500196,-0.02,2026-02-28T04:00Z,1.0,8.0,0
TLMUSDT,2026-03-02T04:00Z,PANEL_RIGHT,1.25e-05,1.249999968422344e-05,-0.02,2026-03-02T04:00Z,1.0,8.0,0
ICXUSDT,2026-03-11T12:00Z,PANEL_RIGHT,-0.00082531,-0.0008253100095316768,-0.02,2026-03-11T12:00Z,1.0,8.0,0
OGNUSDT,2026-03-12T04:00Z,PANEL_RIGHT,-0.00087098,-0.000870979973115027,-0.02,2026-03-12T04:00Z,1.0,8.0,0
CFGUSDT,2026-03-16T20:00Z,PANEL_RIGHT,-0.00316234,-0.0031623400282114744,-0.00924837,2026-03-16T20:00Z,4.0,8.0,0
ANKRUSDT,2026-03-18T12:00Z,PANEL_RIGHT,-0.00136183,-0.00136183004360646,-0.02,2026-03-18T12:00Z,1.0,8.0,0
ENJUSDT,2026-03-18T12:00Z,PANEL_RIGHT,-0.00633612,-0.006336119957268238,-0.02,2026-03-18T12:00Z,1.0,8.0,0
RDNTUSDT,2026-03-21T20:00Z,PANEL_RIGHT,-0.00113231,-0.0011323100188747048,-0.02,2026-03-21T20:00Z,1.0,8.0,0
ORDERUSDT,2026-03-22T12:00Z,PANEL_RIGHT,-0.00092844,-0.0009284400148317218,-0.02,2026-03-22T12:00Z,1.0,8.0,0
BSBUSDT,2026-03-25T16:00Z,PANEL_RIGHT,0.00012079,0.00012078999861842021,5e-05,2026-03-25T16:00Z,4.0,8.0,0
XAUTUSDT,2026-03-26T20:00Z,PANEL_RIGHT,-5.154e-05,-5.1539998821681365e-05,-6.51e-06,2026-03-26T20:00Z,4.0,8.0,0
BLURUSDT,2026-04-01T12:00Z,PANEL_RIGHT,-0.00432397,-0.004323970060795546,-0.02,2026-04-01T12:00Z,1.0,8.0,0
GENIUSUSDT,2026-04-16T08:00Z,PANEL_RIGHT,5e-05,4.999999873689376e-05,0.00184899,2026-04-16T08:00Z,4.0,8.0,0
OPGUSDT,2026-04-22T20:00Z,PANEL_RIGHT,0.0002347,0.00023469999723602086,0.00031724,2026-04-22T20:00Z,4.0,8.0,0
AIGENSYNUSDT,2026-04-29T20:00Z,PANEL_RIGHT,0.00164565,0.001645650016143918,0.00059543,2026-04-29T20:00Z,4.0,8.0,0
PHAROSUSDT,2026-05-14T12:00Z,PANEL_RIGHT,5e-05,4.999999873689376e-05,0.00038663,2026-05-14T12:00Z,4.0,8.0,0
STARUSDT,2026-05-14T12:00Z,PANEL_RIGHT,0.00146309,0.0014630899531766772,0.00213186,2026-05-14T12:00Z,4.0,8.0,0
CTRUSDT,2026-05-28T16:00Z,PANEL_RIGHT,5e-05,4.999999873689376e-05,0.00012644,2026-05-28T16:00Z,4.0,8.0,0
IDUSDT,2026-05-29T20:00Z,PANEL_RIGHT,-0.00136746,-0.0013674600049853325,-0.02,2026-05-29T20:00Z,1.0,8.0,0
HFTUSDT,2026-08-07T04:00Z,PANEL_RIGHT,0.00322541,0.0032254098914563656,0.02,2026-08-07T04:00Z,1.0,8.0,0
BANDUSDT,2026-08-13T00:00Z,PANEL_RIGHT,-6.277e-05,-6.276999920373783e-05,0.0001,2026-08-13T00:00Z,8.0,8.0,0
KNCUSDT,2026-08-13T00:00Z,PANEL_RIGHT,-1.345e-05,-1.3449999642034527e-05,-0.00051301,2026-08-13T00:00Z,8.0,8.0,0
SUPERUSDT,2026-08-13T00:00Z,PANEL_RIGHT,5e-05,4.999999873689376e-05,2.397e-05,2026-08-13T00:00Z,4.0,4.0,0
ZRXUSDT,2026-08-13T00:00Z,PANEL_RIGHT,5e-05,4.999999873689376e-05,-0.00023526,2026-08-13T00:00Z,4.0,4.0,0
BANDUSDT,2026-08-13T04:00Z,PANEL_RIGHT,-6.277e-05,-6.276999920373783e-05,0.0001,2026-08-13T00:00Z,8.0,8.0,14400
KNCUSDT,2026-08-13T04:00Z,PANEL_RIGHT,-1.345e-05,-1.3449999642034527e-05,-0.00051301,2026-08-13T00:00Z,8.0,8.0,14400
SUPERUSDT,2026-08-13T04:00Z,PANEL_RIGHT,5e-05,4.999999873689376e-05,2.397e-05,2026-08-13T04:00Z,4.0,4.0,0
ZRXUSDT,2026-08-13T04:00Z,PANEL_RIGHT,5e-05,4.999999873689376e-05,-0.00023526,2026-08-13T04:00Z,4.0,4.0,0
KNCUSDT,2026-08-13T08:00Z,PANEL_RIGHT,0.0001,9.999999747378752e-05,-0.00051301,2026-08-13T08:00Z,8.0,8.0,0
SUPERUSDT,2026-08-13T08:00Z,PANEL_RIGHT,5e-05,4.999999873689376e-05,2.397e-05,2026-08-13T08:00Z,4.0,4.0,0
ZRXUSDT,2026-08-13T08:00Z,PANEL_RIGHT,5e-05,4.999999873689376e-05,-0.00023526,2026-08-13T08:00Z,4.0,4.0,0
KNCUSDT,2026-08-13T12:00Z,PANEL_RIGHT,0.0001,9.999999747378752e-05,-0.00051301,2026-08-13T08:00Z,8.0,8.0,14400
SUPERUSDT,2026-08-13T12:00Z,PANEL_RIGHT,5e-05,4.999999873689376e-05,2.397e-05,2026-08-13T12:00Z,4.0,4.0,0
ZRXUSDT,2026-08-13T12:00Z,PANEL_RIGHT,5e-05,4.999999873689376e-05,-0.00023526,2026-08-13T12:00Z,4.0,4.0,0
KNCUSDT,2026-08-13T16:00Z,PANEL_RIGHT,0.0001,9.999999747378752e-05,-0.00051301,2026-08-13T16:00Z,8.0,8.0,0
SUPERUSDT,2026-08-13T16:00Z,PANEL_RIGHT,5e-05,4.999999873689376e-05,2.397e-05,2026-08-13T16:00Z,4.0,4.0,0
ZRXUSDT,2026-08-13T16:00Z,PANEL_RIGHT,5e-05,4.999999873689376e-05,-0.00023526,2026-08-13T16:00Z,4.0,4.0,0
KNCUSDT,2026-08-13T20:00Z,PANEL_RIGHT,0.0001,9.999999747378752e-05,-0.00051301,2026-08-13T16:00Z,8.0,8.0,14400
SUPERUSDT,2026-08-13T20:00Z,PANEL_RIGHT,5e-05,4.999999873689376e-05,2.397e-05,2026-08-13T20:00Z,4.0,4.0,0
ZRXUSDT,2026-08-13T20:00Z,PANEL_RIGHT,5e-05,4.999999873689376e-05,-0.00023526,2026-08-13T20:00Z,4.0,4.0,0
ALLUSDT,2026-08-14T00:00Z,PANEL_RIGHT,-0.00038161,-0.00038161000702530146,-0.00043968,2026-08-14T00:00Z,8.0,8.0,0
ANIMEUSDT,2026-08-14T00:00Z,PANEL_RIGHT,5e-05,4.999999873689376e-05,-2.539e-05,2026-08-14T00:00Z,4.0,4.0,0
BANDUSDT,2026-08-14T00:00Z,PANEL_RIGHT,6.28e-05,6.27999979769811e-05,0.0001,2026-08-14T00:00Z,8.0,8.0,0
BNTUSDT,2026-08-14T00:00Z,PANEL_RIGHT,-0.00023784,-0.00023783999495208263,-0.00013565,2026-08-14T00:00Z,8.0,8.0,0
BTWUSDT,2026-08-14T00:00Z,PANEL_RIGHT,0.00109806,0.0010980600491166115,0.00079561,2026-08-14T00:00Z,4.0,4.0,0
CAPUSDT,2026-08-14T00:00Z,PANEL_RIGHT,-0.00077346,-0.0007734600221738219,-0.00094881,2026-08-14T00:00Z,4.0,4.0,0
CTRUSDT,2026-08-14T00:00Z,PANEL_RIGHT,0.0005332,0.000533199985511601,0.00020821,2026-08-14T00:00Z,4.0,4.0,0
CYBERUSDT,2026-08-14T00:00Z,PANEL_RIGHT,5e-05,4.999999873689376e-05,2.675e-05,2026-08-14T00:00Z,4.0,4.0,0
DATAIPUSDT,2026-08-14T00:00Z,PANEL_RIGHT,-0.00169925,-0.0016992499586194754,-0.00056876,2026-08-14T00:00Z,4.0,4.0,0
GOATUSDT,2026-08-14T00:00Z,PANEL_RIGHT,0.00019853,0.0001985300041269511,5e-05,2026-08-14T00:00Z,4.0,4.0,0
KNCUSDT,2026-08-14T00:00Z,PANEL_RIGHT,0.0001,9.999999747378752e-05,-0.00051301,2026-08-14T00:00Z,8.0,8.0,0
MAVIAUSDT,2026-08-14T00:00Z,PANEL_RIGHT,0.00040867,0.0004086699918843806,0.00055831,2026-08-14T00:00Z,4.0,4.0,0
MTLUSDT,2026-08-14T00:00Z,PANEL_RIGHT,-0.00039796,-0.0003979599860031158,-2.079e-05,2026-08-14T00:00Z,8.0,8.0,0
NMRUSDT,2026-08-14T00:00Z,PANEL_RIGHT,-0.00036173,-0.00036172999534755945,-0.00021259,2026-08-14T00:00Z,4.0,4.0,0
OGUSDT,2026-08-14T00:00Z,PANEL_RIGHT,5e-05,4.999999873689376e-05,3.615e-05,2026-08-14T00:00Z,4.0,4.0,0
OUSDT,2026-08-14T00:00Z,PANEL_RIGHT,0.00041658,0.0004165800055488944,0.00012714,2026-08-14T00:00Z,4.0,4.0,0
PUMPBTCUSDT,2026-08-14T00:00Z,PANEL_RIGHT,0.00080068,0.0008006800198927522,0.00029844,2026-08-14T00:00Z,4.0,4.0,0
REUSDT,2026-08-14T00:00Z,PANEL_RIGHT,-5.413e-05,-5.41299996257294e-05,-7.359e-05,2026-08-14T00:00Z,4.0,4.0,0
RPLUSDT,2026-08-14T00:00Z,PANEL_RIGHT,5e-05,4.999999873689376e-05,-4.192e-05,2026-08-14T00:00Z,4.0,4.0,0
SONICUSDT,2026-08-14T00:00Z,PANEL_RIGHT,0.00032416,0.0003241600061301142,8.526e-05,2026-08-14T00:00Z,4.0,4.0,0
SPORTFUNUSDT,2026-08-14T00:00Z,PANEL_RIGHT,0.00034207,0.00034207000862807035,5e-05,2026-08-14T00:00Z,4.0,4.0,0
STEEMUSDT,2026-08-14T00:00Z,PANEL_RIGHT,-0.00025783,-0.00025782999000512064,-0.00033742,2026-08-14T00:00Z,4.0,4.0,0
SUPERUSDT,2026-08-14T00:00Z,PANEL_RIGHT,5e-05,4.999999873689376e-05,2.397e-05,2026-08-14T00:00Z,4.0,4.0,0
XVSUSDT,2026-08-14T00:00Z,PANEL_RIGHT,-0.00012414,-0.00012414000229910016,-0.00059901,2026-08-14T00:00Z,8.0,8.0,0
ZESTUSDT,2026-08-14T00:00Z,PANEL_RIGHT,0.00049152,0.0004915199824608862,0.00033801,2026-08-14T00:00Z,4.0,4.0,0
ZRXUSDT,2026-08-14T00:00Z,PANEL_RIGHT,5e-05,4.999999873689376e-05,-0.00023526,2026-08-14T00:00Z,4.0,4.0,0
ALLUSDT,2026-08-14T04:00Z,PANEL_RIGHT,-0.00038161,-0.00038161000702530146,-0.00043968,2026-08-14T00:00Z,8.0,8.0,14400
ANIMEUSDT,2026-08-14T04:00Z,PANEL_RIGHT,4.056e-05,4.056000034324825e-05,-2.539e-05,2026-08-14T04:00Z,4.0,4.0,0
BANDUSDT,2026-08-14T04:00Z,PANEL_RIGHT,6.28e-05,6.27999979769811e-05,0.0001,2026-08-14T00:00Z,8.0,8.0,14400
BNTUSDT,2026-08-14T04:00Z,PANEL_RIGHT,-0.00023784,-0.00023783999495208263,-0.00013565,2026-08-14T00:00Z,8.0,8.0,14400
BTWUSDT,2026-08-14T04:00Z,PANEL_RIGHT,0.00070387,0.0007038700277917087,0.00079561,2026-08-14T04:00Z,4.0,4.0,0
CAPUSDT,2026-08-14T04:00Z,PANEL_RIGHT,-0.00049543,-0.0004954300238750875,-0.00094881,2026-08-14T04:00Z,4.0,4.0,0
CTRUSDT,2026-08-14T04:00Z,PANEL_RIGHT,5e-05,4.999999873689376e-05,0.00020821,2026-08-14T04:00Z,4.0,4.0,0
CYBERUSDT,2026-08-14T04:00Z,PANEL_RIGHT,5e-05,4.999999873689376e-05,2.675e-05,2026-08-14T04:00Z,4.0,4.0,0
DATAIPUSDT,2026-08-14T04:00Z,PANEL_RIGHT,-0.00156352,-0.001563520054332912,-0.00056876,2026-08-14T04:00Z,4.0,4.0,0
GRVTUSDT,2026-08-14T04:00Z,PANEL_RIGHT,0.00018745,0.00018745000124908984,5e-05,2026-08-14T04:00Z,4.0,4.0,0
KNCUSDT,2026-08-14T04:00Z,PANEL_RIGHT,0.0001,9.999999747378752e-05,-0.00051301,2026-08-14T00:00Z,8.0,8.0,14400
MASKUSDT,2026-08-14T04:00Z,PANEL_RIGHT,2.051e-05,2.0510000467766076e-05,5e-05,2026-08-14T04:00Z,4.0,4.0,0
MAVIAUSDT,2026-08-14T04:00Z,PANEL_RIGHT,0.00018601,0.00018601000192575157,0.00055831,2026-08-14T04:00Z,4.0,4.0,0
MTLUSDT,2026-08-14T04:00Z,PANEL_RIGHT,-0.00039796,-0.0003979599860031158,-2.079e-05,2026-08-14T00:00Z,8.0,8.0,14400
NMRUSDT,2026-08-14T04:00Z,PANEL_RIGHT,-1.649e-05,-1.6489999325131066e-05,-0.00021259,2026-08-14T04:00Z,4.0,4.0,0
OGUSDT,2026-08-14T04:00Z,PANEL_RIGHT,5e-05,4.999999873689376e-05,3.615e-05,2026-08-14T04:00Z,4.0,4.0,0
OUSDT,2026-08-14T04:00Z,PANEL_RIGHT,0.00029629,0.00029629000346176326,0.00012714,2026-08-14T04:00Z,4.0,4.0,0
POLYXUSDT,2026-08-14T04:00Z,PANEL_RIGHT,1.72e-06,1.720000000204891e-06,5e-05,2026-08-14T04:00Z,4.0,4.0,0
PUMPBTCUSDT,2026-08-14T04:00Z,PANEL_RIGHT,0.00113968,0.0011396800400689244,0.00029844,2026-08-14T04:00Z,4.0,4.0,0
REDUSDT,2026-08-14T04:00Z,PANEL_RIGHT,2.826e-05,2.8259999453439377e-05,5e-05,2026-08-14T04:00Z,4.0,4.0,0
REUSDT,2026-08-14T04:00Z,PANEL_RIGHT,-0.00010411,-0.00010410999675514176,-7.359e-05,2026-08-14T04:00Z,4.0,4.0,0
RPLUSDT,2026-08-14T04:00Z,PANEL_RIGHT,5e-05,4.999999873689376e-05,-4.192e-05,2026-08-14T04:00Z,4.0,4.0,0
SLXUSDT,2026-08-14T04:00Z,PANEL_RIGHT,9.65e-05,9.649999992689118e-05,5e-05,2026-08-14T04:00Z,4.0,4.0,0
SONICUSDT,2026-08-14T04:00Z,PANEL_RIGHT,5e-05,4.999999873689376e-05,8.526e-05,2026-08-14T04:00Z,4.0,4.0,0
SPORTFUNUSDT,2026-08-14T04:00Z,PANEL_RIGHT,9.637e-05,9.637000039219856e-05,5e-05,2026-08-14T04:00Z,4.0,4.0,0
STEEMUSDT,2026-08-14T04:00Z,PANEL_RIGHT,-0.00039228,-0.00039227999513968825,-0.00033742,2026-08-14T04:00Z,4.0,4.0,0
SUPERUSDT,2026-08-14T04:00Z,PANEL_RIGHT,5e-05,4.999999873689376e-05,2.397e-05,2026-08-14T04:00Z,4.0,4.0,0
XVSUSDT,2026-08-14T04:00Z,PANEL_RIGHT,-0.00012414,-0.00012414000229910016,-0.00059901,2026-08-14T00:00Z,8.0,8.0,14400
ZESTUSDT,2026-08-14T04:00Z,PANEL_RIGHT,0.00013547,0.00013547000708058476,0.00033801,2026-08-14T04:00Z,4.0,4.0,0
ZRXUSDT,2026-08-14T04:00Z,PANEL_RIGHT,-1.02e-06,-1.0200000133409048e-06,-0.00023526,2026-08-14T04:00Z,4.0,4.0,0
1000000BOBUSDT,2026-08-14T08:00Z,PANEL_RIGHT,0.00043388,0.0004338799917604774,5e-05,2026-08-14T08:00Z,4.0,4.0,0
ALLUSDT,2026-08-14T08:00Z,PANEL_RIGHT,-0.00023931,-0.0002393100003246218,-0.00043968,2026-08-14T08:00Z,8.0,8.0,0
ANIMEUSDT,2026-08-14T08:00Z,PANEL_RIGHT,-4.34e-06,-4.340000032243552e-06,-2.539e-05,2026-08-14T08:00Z,4.0,4.0,0
BANDUSDT,2026-08-14T08:00Z,PANEL_RIGHT,-0.00029018,-0.0002901800035033375,0.0001,2026-08-14T08:00Z,8.0,8.0,0
BNTUSDT,2026-08-14T08:00Z,PANEL_RIGHT,-0.00020336,-0.00020336000306997448,-0.00013565,2026-08-14T08:00Z,8.0,8.0,0
BTWUSDT,2026-08-14T08:00Z,PANEL_RIGHT,0.00010509,0.00010509000276215374,0.00079561,2026-08-14T08:00Z,4.0,4.0,0
CAPUSDT,2026-08-14T08:00Z,PANEL_RIGHT,-0.0003775,-0.000377499993192032,-0.00094881,2026-08-14T08:00Z,4.0,4.0,0
CTRUSDT,2026-08-14T08:00Z,PANEL_RIGHT,5e-05,4.999999873689376e-05,0.00020821,2026-08-14T08:00Z,4.0,4.0,0
CYBERUSDT,2026-08-14T08:00Z,PANEL_RIGHT,5e-05,4.999999873689376e-05,2.675e-05,2026-08-14T08:00Z,4.0,4.0,0
DATAIPUSDT,2026-08-14T08:00Z,PANEL_RIGHT,-0.00094017,-0.0009401700226590037,-0.00056876,2026-08-14T08:00Z,4.0,4.0,0
FLUXUSDT,2026-08-14T08:00Z,PANEL_RIGHT,4.311e-05,4.3110001570312306e-05,5e-05,2026-08-14T08:00Z,4.0,4.0,0
GLMUSDT,2026-08-14T08:00Z,PANEL_RIGHT,-6.773e-05,-6.772999768145382e-05,5e-05,2026-08-14T08:00Z,4.0,4.0,0
GRVTUSDT,2026-08-14T08:00Z,PANEL_RIGHT,0.00017095,0.0001709500065771863,5e-05,2026-08-14T08:00Z,4.0,4.0,0
HIVEUSDT,2026-08-14T08:00Z,PANEL_RIGHT,-5.655e-05,-5.655000131810084e-05,5e-05,2026-08-14T08:00Z,4.0,4.0,0
ILVUSDT,2026-08-14T08:00Z,PANEL_RIGHT,3.276e-05,3.2759999157860875e-05,5e-05,2026-08-14T08:00Z,4.0,4.0,0
KNCUSDT,2026-08-14T08:00Z,PANEL_RIGHT,0.0001,9.999999747378752e-05,-0.00051301,2026-08-14T08:00Z,8.0,8.0,0
MASKUSDT,2026-08-14T08:00Z,PANEL_RIGHT,-8.13e-06,-8.130000423989259e-06,5e-05,2026-08-14T08:00Z,4.0,4.0,0
MAVIAUSDT,2026-08-14T08:00Z,PANEL_RIGHT,0.00016397,0.00016397000581491739,0.00055831,2026-08-14T08:00Z,4.0,4.0,0
MTLUSDT,2026-08-14T08:00Z,PANEL_RIGHT,-9.938e-05,-9.937999857356772e-05,-2.079e-05,2026-08-14T08:00Z,8.0,8.0,0
NMRUSDT,2026-08-14T08:00Z,PANEL_RIGHT,-7.42e-05,-7.419999747071415e-05,-0.00021259,2026-08-14T08:00Z,4.0,4.0,0
OGUSDT,2026-08-14T08:00Z,PANEL_RIGHT,5e-05,4.999999873689376e-05,3.615e-05,2026-08-14T08:00Z,4.0,4.0,0
OUSDT,2026-08-14T08:00Z,PANEL_RIGHT,5e-05,4.999999873689376e-05,0.00012714,2026-08-14T08:00Z,4.0,4.0,0
PUMPBTCUSDT,2026-08-14T08:00Z,PANEL_RIGHT,5e-05,4.999999873689376e-05,0.00029844,2026-08-14T08:00Z,4.0,4.0,0
REUSDT,2026-08-14T08:00Z,PANEL_RIGHT,-0.00028346,-0.0002834599872585386,-7.359e-05,2026-08-14T08:00Z,4.0,4.0,0
RPLUSDT,2026-08-14T08:00Z,PANEL_RIGHT,5e-05,4.999999873689376e-05,-4.192e-05,2026-08-14T08:00Z,4.0,4.0,0
SONICUSDT,2026-08-14T08:00Z,PANEL_RIGHT,5e-05,4.999999873689376e-05,8.526e-05,2026-08-14T08:00Z,4.0,4.0,0
STEEMUSDT,2026-08-14T08:00Z,PANEL_RIGHT,-8.425e-05,-8.425000123679638e-05,-0.00033742,2026-08-14T08:00Z,4.0,4.0,0
SUPERUSDT,2026-08-14T08:00Z,PANEL_RIGHT,5e-05,4.999999873689376e-05,2.397e-05,2026-08-14T08:00Z,4.0,4.0,0
XVSUSDT,2026-08-14T08:00Z,PANEL_RIGHT,-0.00106576,-0.0010657600359991193,-0.00059901,2026-08-14T08:00Z,8.0,8.0,0
ZESTUSDT,2026-08-14T08:00Z,PANEL_RIGHT,5e-05,4.999999873689376e-05,0.00033801,2026-08-14T08:00Z,4.0,4.0,0
ZRXUSDT,2026-08-14T08:00Z,PANEL_RIGHT,-0.00014776,-0.00014776000170968473,-0.00023526,2026-08-14T08:00Z,4.0,4.0,0
1000000BOBUSDT,2026-08-14T12:00Z,PANEL_RIGHT,0.0018651,0.0018650999991223216,5e-05,2026-08-14T12:00Z,4.0,4.0,0
ALLUSDT,2026-08-14T12:00Z,PANEL_RIGHT,-0.00023931,-0.0002393100003246218,-0.00043968,2026-08-14T08:00Z,8.0,8.0,14400
ANIMEUSDT,2026-08-14T12:00Z,PANEL_RIGHT,5e-05,4.999999873689376e-05,-2.539e-05,2026-08-14T12:00Z,4.0,4.0,0
BANDUSDT,2026-08-14T12:00Z,PANEL_RIGHT,-0.00029018,-0.0002901800035033375,0.0001,2026-08-14T08:00Z,8.0,8.0,14400
BNTUSDT,2026-08-14T12:00Z,PANEL_RIGHT,-0.00020336,-0.00020336000306997448,-0.00013565,2026-08-14T08:00Z,8.0,8.0,14400
BTWUSDT,2026-08-14T12:00Z,PANEL_RIGHT,0.00080674,0.0008067400194704533,0.00079561,2026-08-14T12:00Z,4.0,4.0,0
CAPUSDT,2026-08-14T12:00Z,PANEL_RIGHT,-0.00034101,-0.0003410099889151752,-0.00094881,2026-08-14T12:00Z,4.0,4.0,0
CLANKERUSDT,2026-08-14T12:00Z,PANEL_RIGHT,0.00011878,0.00011878000077558681,5e-05,2026-08-14T12:00Z,4.0,4.0,0
CTRUSDT,2026-08-14T12:00Z,PANEL_RIGHT,6.799e-05,6.798999675083905e-05,0.00020821,2026-08-14T12:00Z,4.0,4.0,0
CYBERUSDT,2026-08-14T12:00Z,PANEL_RIGHT,-0.00016386,-0.00016385999333579093,2.675e-05,2026-08-14T12:00Z,4.0,4.0,0
DATAIPUSDT,2026-08-14T12:00Z,PANEL_RIGHT,-0.00054753,-0.0005475300131365657,-0.00056876,2026-08-14T12:00Z,4.0,4.0,0
GLMUSDT,2026-08-14T12:00Z,PANEL_RIGHT,-5.499e-05,-5.498999962583184e-05,5e-05,2026-08-14T12:00Z,4.0,4.0,0
GRAMUSDT,2026-08-14T12:00Z,PANEL_RIGHT,4.105e-05,4.104999970877543e-05,5e-05,2026-08-14T12:00Z,4.0,4.0,0
GRVTUSDT,2026-08-14T12:00Z,PANEL_RIGHT,0.00022426,0.0002242600021418184,5e-05,2026-08-14T12:00Z,4.0,4.0,0
KNCUSDT,2026-08-14T12:00Z,PANEL_RIGHT,0.0001,9.999999747378752e-05,-0.00051301,2026-08-14T08:00Z,8.0,8.0,14400
MAVIAUSDT,2026-08-14T12:00Z,PANEL_RIGHT,6.717e-05,6.71700036036782e-05,0.00055831,2026-08-14T12:00Z,4.0,4.0,0
MTLUSDT,2026-08-14T12:00Z,PANEL_RIGHT,-9.938e-05,-9.937999857356772e-05,-2.079e-05,2026-08-14T08:00Z,8.0,8.0,14400
NMRUSDT,2026-08-14T12:00Z,PANEL_RIGHT,5e-05,4.999999873689376e-05,-0.00021259,2026-08-14T12:00Z,4.0,4.0,0
OGUSDT,2026-08-14T12:00Z,PANEL_RIGHT,5e-05,4.999999873689376e-05,3.615e-05,2026-08-14T12:00Z,4.0,4.0,0
OUSDT,2026-08-14T12:00Z,PANEL_RIGHT,0.00013126,0.00013126000703778118,0.00012714,2026-08-14T12:00Z,4.0,4.0,0
PUMPBTCUSDT,2026-08-14T12:00Z,PANEL_RIGHT,5e-05,4.999999873689376e-05,0.00029844,2026-08-14T12:00Z,4.0,4.0,0
REDUSDT,2026-08-14T12:00Z,PANEL_RIGHT,2.685e-05,2.685000072233379e-05,5e-05,2026-08-14T12:00Z,4.0,4.0,0
REUSDT,2026-08-14T12:00Z,PANEL_RIGHT,-0.00039003,-0.00039003000711090863,-7.359e-05,2026-08-14T12:00Z,4.0,4.0,0
RPLUSDT,2026-08-14T12:00Z,PANEL_RIGHT,5e-05,4.999999873689376e-05,-4.192e-05,2026-08-14T12:00Z,4.0,4.0,0
SONICUSDT,2026-08-14T12:00Z,PANEL_RIGHT,0.00020276,0.00020275999850127846,8.526e-05,2026-08-14T12:00Z,4.0,4.0,0
SPORTFUNUSDT,2026-08-14T12:00Z,PANEL_RIGHT,0.00016643,0.0001664300070842728,5e-05,2026-08-14T12:00Z,4.0,4.0,0
STEEMUSDT,2026-08-14T12:00Z,PANEL_RIGHT,-5.736e-05,-5.736000093747862e-05,-0.00033742,2026-08-14T12:00Z,4.0,4.0,0
SUNUSDT,2026-08-14T12:00Z,PANEL_RIGHT,-9.176e-05,-9.175999730359763e-05,5e-05,2026-08-14T12:00Z,4.0,4.0,0
SUPERUSDT,2026-08-14T12:00Z,PANEL_RIGHT,-2.989e-05,-2.9889999495935626e-05,2.397e-05,2026-08-14T12:00Z,4.0,4.0,0
XVSUSDT,2026-08-14T12:00Z,PANEL_RIGHT,-0.00106576,-0.0010657600359991193,-0.00059901,2026-08-14T08:00Z,8.0,8.0,14400
ZESTUSDT,2026-08-14T12:00Z,PANEL_RIGHT,5e-05,4.999999873689376e-05,0.00033801,2026-08-14T12:00Z,4.0,4.0,0
ZRXUSDT,2026-08-14T12:00Z,PANEL_RIGHT,5e-05,4.999999873689376e-05,-0.00023526,2026-08-14T12:00Z,4.0,4.0,0
1000000BOBUSDT,2026-08-14T16:00Z,PANEL_RIGHT,0.00120385,0.0012038500281050801,5e-05,2026-08-14T16:00Z,4.0,4.0,0
ALLUSDT,2026-08-14T16:00Z,PANEL_RIGHT,-0.00046554,-0.00046554001164622605,-0.00043968,2026-08-14T16:00Z,8.0,8.0,0
ANIMEUSDT,2026-08-14T16:00Z,PANEL_RIGHT,5e-05,4.999999873689376e-05,-2.539e-05,2026-08-14T16:00Z,4.0,4.0,0
BNTUSDT,2026-08-14T16:00Z,PANEL_RIGHT,6.392e-05,6.392000068444759e-05,-0.00013565,2026-08-14T16:00Z,8.0,8.0,0
BTWUSDT,2026-08-14T16:00Z,PANEL_RIGHT,0.00083039,0.0008303900249302387,0.00079561,2026-08-14T16:00Z,4.0,4.0,0
CAPUSDT,2026-08-14T16:00Z,PANEL_RIGHT,-0.00044512,-0.0004451200074981898,-0.00094881,2026-08-14T16:00Z,4.0,4.0,0
CLANKERUSDT,2026-08-14T16:00Z,PANEL_RIGHT,0.00012534,0.00012533999688457698,5e-05,2026-08-14T16:00Z,4.0,4.0,0
CTRUSDT,2026-08-14T16:00Z,PANEL_RIGHT,7.15e-05,7.14999987394549e-05,0.00020821,2026-08-14T16:00Z,4.0,4.0,0
CYBERUSDT,2026-08-14T16:00Z,PANEL_RIGHT,3.15e-05,3.149999974993989e-05,2.675e-05,2026-08-14T16:00Z,4.0,4.0,0
DATAIPUSDT,2026-08-14T16:00Z,PANEL_RIGHT,-0.00075463,-0.000754630018491298,-0.00056876,2026-08-14T16:00Z,4.0,4.0,0
GLMUSDT,2026-08-14T16:00Z,PANEL_RIGHT,4.177e-05,4.1769999370444566e-05,5e-05,2026-08-14T16:00Z,4.0,4.0,0
KNCUSDT,2026-08-14T16:00Z,PANEL_RIGHT,0.0001,9.999999747378752e-05,-0.00051301,2026-08-14T16:00Z,8.0,8.0,0
MAVIAUSDT,2026-08-14T16:00Z,PANEL_RIGHT,9.41e-05,9.410000347997993e-05,0.00055831,2026-08-14T16:00Z,4.0,4.0,0
MTLUSDT,2026-08-14T16:00Z,PANEL_RIGHT,0.0001,9.999999747378752e-05,-2.079e-05,2026-08-14T16:00Z,8.0,8.0,0
NMRUSDT,2026-08-14T16:00Z,PANEL_RIGHT,-0.0001345,-0.0001345000055152923,-0.00021259,2026-08-14T16:00Z,4.0,4.0,0
OGUSDT,2026-08-14T16:00Z,PANEL_RIGHT,5e-05,4.999999873689376e-05,3.615e-05,2026-08-14T16:00Z,4.0,4.0,0
OUSDT,2026-08-14T16:00Z,PANEL_RIGHT,7.118e-05,7.118000212358311e-05,0.00012714,2026-08-14T16:00Z,4.0,4.0,0
PUMPBTCUSDT,2026-08-14T16:00Z,PANEL_RIGHT,5e-05,4.999999873689376e-05,0.00029844,2026-08-14T16:00Z,4.0,4.0,0
REUSDT,2026-08-14T16:00Z,PANEL_RIGHT,-8.235e-05,-8.23500013211742e-05,-7.359e-05,2026-08-14T16:00Z,4.0,4.0,0
RPLUSDT,2026-08-14T16:00Z,PANEL_RIGHT,5e-05,4.999999873689376e-05,-4.192e-05,2026-08-14T16:00Z,4.0,4.0,0
SLXUSDT,2026-08-14T16:00Z,PANEL_RIGHT,0.00025473,0.00025472999550402164,5e-05,2026-08-14T16:00Z,4.0,4.0,0
SONICUSDT,2026-08-14T16:00Z,PANEL_RIGHT,0.00033583,0.00033583000185899436,8.526e-05,2026-08-14T16:00Z,4.0,4.0,0
STEEMUSDT,2026-08-14T16:00Z,PANEL_RIGHT,1.565e-05,1.5649999113520607e-05,-0.00033742,2026-08-14T16:00Z,4.0,4.0,0
SUNUSDT,2026-08-14T16:00Z,PANEL_RIGHT,-6.33e-05,-6.330000178422779e-05,5e-05,2026-08-14T16:00Z,4.0,4.0,0
SUPERUSDT,2026-08-14T16:00Z,PANEL_RIGHT,5e-05,4.999999873689376e-05,2.397e-05,2026-08-14T16:00Z,4.0,4.0,0
XVSUSDT,2026-08-14T16:00Z,PANEL_RIGHT,-0.00025419,-0.0002541900030337274,-0.00059901,2026-08-14T16:00Z,8.0,8.0,0
ZESTUSDT,2026-08-14T16:00Z,PANEL_RIGHT,0.00019614,0.00019613999756984413,0.00033801,2026-08-14T16:00Z,4.0,4.0,0
ZRXUSDT,2026-08-14T16:00Z,PANEL_RIGHT,3.441e-05,3.4410000807838514e-05,-0.00023526,2026-08-14T16:00Z,4.0,4.0,0
1000000BOBUSDT,2026-08-14T20:00Z,PANEL_RIGHT,0.00192265,0.0019226500298827887,5e-05,2026-08-14T20:00Z,4.0,4.0,0
ALLUSDT,2026-08-14T20:00Z,PANEL_RIGHT,-0.00046554,-0.00046554001164622605,-0.00043968,2026-08-14T16:00Z,8.0,8.0,14400
ANIMEUSDT,2026-08-14T20:00Z,PANEL_RIGHT,5e-05,4.999999873689376e-05,-2.539e-05,2026-08-14T20:00Z,4.0,4.0,0
BNTUSDT,2026-08-14T20:00Z,PANEL_RIGHT,6.392e-05,6.392000068444759e-05,-0.00013565,2026-08-14T16:00Z,8.0,8.0,14400
BTWUSDT,2026-08-14T20:00Z,PANEL_RIGHT,0.00102692,0.0010269200429320335,0.00079561,2026-08-14T20:00Z,4.0,4.0,0
CAPUSDT,2026-08-14T20:00Z,PANEL_RIGHT,-0.00555262,-0.0055526201613247395,-0.00094881,2026-08-14T20:00Z,4.0,4.0,0
CTRUSDT,2026-08-14T20:00Z,PANEL_RIGHT,5e-05,4.999999873689376e-05,0.00020821,2026-08-14T20:00Z,4.0,4.0,0
CYBERUSDT,2026-08-14T20:00Z,PANEL_RIGHT,-4.632e-05,-4.6320001274580136e-05,2.675e-05,2026-08-14T20:00Z,4.0,4.0,0
DATAIPUSDT,2026-08-14T20:00Z,PANEL_RIGHT,-0.00060709,-0.0006070900126360357,-0.00056876,2026-08-14T20:00Z,4.0,4.0,0
FRAXUSDT,2026-08-14T20:00Z,PANEL_RIGHT,-0.00018322,-0.00018322000687476248,5e-05,2026-08-14T20:00Z,4.0,4.0,0
GLMUSDT,2026-08-14T20:00Z,PANEL_RIGHT,-0.00011506,-0.00011506000009831041,5e-05,2026-08-14T20:00Z,4.0,4.0,0
KNCUSDT,2026-08-14T20:00Z,PANEL_RIGHT,0.0001,9.999999747378752e-05,-0.00051301,2026-08-14T16:00Z,8.0,8.0,14400
MAVIAUSDT,2026-08-14T20:00Z,PANEL_RIGHT,0.00043192,0.0004319199942983687,0.00055831,2026-08-14T20:00Z,4.0,4.0,0
MTLUSDT,2026-08-14T20:00Z,PANEL_RIGHT,0.0001,9.999999747378752e-05,-2.079e-05,2026-08-14T16:00Z,8.0,8.0,14400
NMRUSDT,2026-08-14T20:00Z,PANEL_RIGHT,-7.767e-05,-7.767000352032483e-05,-0.00021259,2026-08-14T20:00Z,4.0,4.0,0
OGUSDT,2026-08-14T20:00Z,PANEL_RIGHT,5e-05,4.999999873689376e-05,3.615e-05,2026-08-14T20:00Z,4.0,4.0,0
OUSDT,2026-08-14T20:00Z,PANEL_RIGHT,5e-05,4.999999873689376e-05,0.00012714,2026-08-14T20:00Z,4.0,4.0,0
PUMPBTCUSDT,2026-08-14T20:00Z,PANEL_RIGHT,5e-05,4.999999873689376e-05,0.00029844,2026-08-14T20:00Z,4.0,4.0,0
REUSDT,2026-08-14T20:00Z,PANEL_RIGHT,-8.084e-05,-8.084000000962988e-05,-7.359e-05,2026-08-14T20:00Z,4.0,4.0,0
RPLUSDT,2026-08-14T20:00Z,PANEL_RIGHT,5e-05,4.999999873689376e-05,-4.192e-05,2026-08-14T20:00Z,4.0,4.0,0
SONICUSDT,2026-08-14T20:00Z,PANEL_RIGHT,5e-05,4.999999873689376e-05,8.526e-05,2026-08-14T20:00Z,4.0,4.0,0
SPORTFUNUSDT,2026-08-14T20:00Z,PANEL_RIGHT,7.799e-05,7.799000013619661e-05,5e-05,2026-08-14T20:00Z,4.0,4.0,0
STEEMUSDT,2026-08-14T20:00Z,PANEL_RIGHT,-0.00015489,-0.00015489000361412764,-0.00033742,2026-08-14T20:00Z,4.0,4.0,0
SUPERUSDT,2026-08-14T20:00Z,PANEL_RIGHT,5e-05,4.999999873689376e-05,2.397e-05,2026-08-14T20:00Z,4.0,4.0,0
WCTUSDT,2026-08-14T20:00Z,PANEL_RIGHT,-3.046e-05,-3.045999983442016e-05,5e-05,2026-08-14T20:00Z,4.0,4.0,0
XVSUSDT,2026-08-14T20:00Z,PANEL_RIGHT,-0.00025419,-0.0002541900030337274,-0.00059901,2026-08-14T16:00Z,8.0,8.0,14400
ZESTUSDT,2026-08-14T20:00Z,PANEL_RIGHT,0.00025731,0.0002573099918663502,0.00033801,2026-08-14T20:00Z,4.0,4.0,0
ZRXUSDT,2026-08-14T20:00Z,PANEL_RIGHT,5e-05,4.999999873689376e-05,-0.00023526,2026-08-14T20:00Z,4.0,4.0,0
1000000BOBUSDT,2026-08-15T00:00Z,PANEL_RIGHT,0.00045824,0.00045824001426808536,5e-05,2026-08-15T00:00Z,4.0,4.0,0
ALLUSDT,2026-08-15T00:00Z,PANEL_RIGHT,0.0001,9.999999747378752e-05,-0.00043968,2026-08-15T00:00Z,8.0,8.0,0
ANIMEUSDT,2026-08-15T00:00Z,PANEL_RIGHT,5e-05,4.999999873689376e-05,-2.539e-05,2026-08-15T00:00Z,4.0,4.0,0
BNTUSDT,2026-08-15T00:00Z,PANEL_RIGHT,4.132e-05,4.1319999581901357e-05,-0.00013565,2026-08-15T00:00Z,8.0,8.0,0
BTWUSDT,2026-08-15T00:00Z,PANEL_RIGHT,0.00120997,0.001209969981573522,0.00079561,2026-08-15T00:00Z,4.0,4.0,0
CAPUSDT,2026-08-15T00:00Z,PANEL_RIGHT,-0.00572676,-0.005726759787648916,-0.00094881,2026-08-15T00:00Z,4.0,4.0,0
CELRUSDT,2026-08-15T00:00Z,PANEL_RIGHT,8.259e-05,8.258999878307804e-05,0.0001,2026-08-15T00:00Z,8.0,8.0,0
CLANKERUSDT,2026-08-15T00:00Z,PANEL_RIGHT,0.00012162,0.00012162000348325819,5e-05,2026-08-15T00:00Z,4.0,4.0,0
CTRUSDT,2026-08-15T00:00Z,PANEL_RIGHT,5e-05,4.999999873689376e-05,0.00020821,2026-08-15T00:00Z,4.0,4.0,0
CYBERUSDT,2026-08-15T00:00Z,PANEL_RIGHT,5e-05,4.999999873689376e-05,2.675e-05,2026-08-15T00:00Z,4.0,4.0,0
DATAIPUSDT,2026-08-15T00:00Z,PANEL_RIGHT,-0.00047015,-0.00047015000018291175,-0.00056876,2026-08-15T00:00Z,4.0,4.0,0
GRVTUSDT,2026-08-15T00:00Z,PANEL_RIGHT,5.489e-05,5.4889998864382505e-05,5e-05,2026-08-15T00:00Z,4.0,4.0,0
KNCUSDT,2026-08-15T00:00Z,PANEL_RIGHT,0.0001,9.999999747378752e-05,-0.00051301,2026-08-15T00:00Z,8.0,8.0,0
MAVIAUSDT,2026-08-15T00:00Z,PANEL_RIGHT,0.0001237,0.00012369999603834003,0.00055831,2026-08-15T00:00Z,4.0,4.0,0
MTLUSDT,2026-08-15T00:00Z,PANEL_RIGHT,0.0001,9.999999747378752e-05,-2.079e-05,2026-08-15T00:00Z,8.0,8.0,0
NMRUSDT,2026-08-15T00:00Z,PANEL_RIGHT,5e-05,4.999999873689376e-05,-0.00021259,2026-08-15T00:00Z,4.0,4.0,0
OGUSDT,2026-08-15T00:00Z,PANEL_RIGHT,5e-05,4.999999873689376e-05,3.615e-05,2026-08-15T00:00Z,4.0,4.0,0
OUSDT,2026-08-15T00:00Z,PANEL_RIGHT,0.00013262,0.0001326199999311939,0.00012714,2026-08-15T00:00Z,4.0,4.0,0
PUMPBTCUSDT,2026-08-15T00:00Z,PANEL_RIGHT,-5.342e-05,-5.342000076780096e-05,0.00029844,2026-08-15T00:00Z,4.0,4.0,0
REUSDT,2026-08-15T00:00Z,PANEL_RIGHT,-9.687e-05,-9.686999692348763e-05,-7.359e-05,2026-08-15T00:00Z,4.0,4.0,0
RPLUSDT,2026-08-15T00:00Z,PANEL_RIGHT,-9.725e-05,-9.724999836180359e-05,-4.192e-05,2026-08-15T00:00Z,4.0,4.0,0
SLXUSDT,2026-08-15T00:00Z,PANEL_RIGHT,0.00010625,0.0001062500014086254,5e-05,2026-08-15T00:00Z,4.0,4.0,0
SONICUSDT,2026-08-15T00:00Z,PANEL_RIGHT,5e-05,4.999999873689376e-05,8.526e-05,2026-08-15T00:00Z,4.0,4.0,0
STEEMUSDT,2026-08-15T00:00Z,PANEL_RIGHT,-0.00016201,-0.00016200999380089343,-0.00033742,2026-08-15T00:00Z,4.0,4.0,0
SUPERUSDT,2026-08-15T00:00Z,PANEL_RIGHT,5e-05,4.999999873689376e-05,2.397e-05,2026-08-15T00:00Z,4.0,4.0,0
XVSUSDT,2026-08-15T00:00Z,PANEL_RIGHT,-0.00010949,-0.0001094899998861365,-0.00059901,2026-08-15T00:00Z,8.0,8.0,0
ZESTUSDT,2026-08-15T00:00Z,PANEL_RIGHT,0.0003849,0.000384899991331622,0.00033801,2026-08-15T00:00Z,4.0,4.0,0
ZRXUSDT,2026-08-15T00:00Z,PANEL_RIGHT,-0.00011193,-0.00011192999954801053,-0.00023526,2026-08-15T00:00Z,4.0,4.0,0
1000000BOBUSDT,2026-08-15T04:00Z,PANEL_RIGHT,0.00027063,0.0002706300001591444,5e-05,2026-08-15T04:00Z,4.0,4.0,0
ALLUSDT,2026-08-15T04:00Z,PANEL_RIGHT,0.0001,9.999999747378752e-05,-0.00043968,2026-08-15T00:00Z,8.0,8.0,14400
ANIMEUSDT,2026-08-15T04:00Z,PANEL_RIGHT,5e-05,4.999999873689376e-05,-2.539e-05,2026-08-15T04:00Z,4.0,4.0,0
BNTUSDT,2026-08-15T04:00Z,PANEL_RIGHT,4.132e-05,4.1319999581901357e-05,-0.00013565,2026-08-15T00:00Z,8.0,8.0,14400
BTWUSDT,2026-08-15T04:00Z,PANEL_RIGHT,0.00066711,0.0006671100272797048,0.00079561,2026-08-15T04:00Z,4.0,4.0,0
CAPUSDT,2026-08-15T04:00Z,PANEL_RIGHT,-0.00812012,-0.008120119571685791,-0.00094881,2026-08-15T04:00Z,4.0,4.0,0
CELRUSDT,2026-08-15T04:00Z,PANEL_RIGHT,8.259e-05,8.258999878307804e-05,0.0001,2026-08-15T00:00Z,8.0,8.0,14400
CTRUSDT,2026-08-15T04:00Z,PANEL_RIGHT,0.00018364,0.0001836400042520836,0.00020821,2026-08-15T04:00Z,4.0,4.0,0
CYBERUSDT,2026-08-15T04:00Z,PANEL_RIGHT,-2.092e-05,-2.0920000679325312e-05,2.675e-05,2026-08-15T04:00Z,4.0,4.0,0
DATAIPUSDT,2026-08-15T04:00Z,PANEL_RIGHT,-0.00104097,-0.0010409699752926826,-0.00056876,2026-08-15T04:00Z,4.0,4.0,0
GLMUSDT,2026-08-15T04:00Z,PANEL_RIGHT,-3.321e-05,-3.3209998946404085e-05,5e-05,2026-08-15T04:00Z,4.0,4.0,0
GRVTUSDT,2026-08-15T04:00Z,PANEL_RIGHT,0.00011823,0.00011822999658761546,5e-05,2026-08-15T04:00Z,4.0,4.0,0
ILVUSDT,2026-08-15T04:00Z,PANEL_RIGHT,3.009e-05,3.0089999199844897e-05,5e-05,2026-08-15T04:00Z,4.0,4.0,0
KNCUSDT,2026-08-15T04:00Z,PANEL_RIGHT,0.0001,9.999999747378752e-05,-0.00051301,2026-08-15T00:00Z,8.0,8.0,14400
MAVIAUSDT,2026-08-15T04:00Z,PANEL_RIGHT,0.00022305,0.00022304999583866447,0.00055831,2026-08-15T04:00Z,4.0,4.0,0
MTLUSDT,2026-08-15T04:00Z,PANEL_RIGHT,0.0001,9.999999747378752e-05,-2.079e-05,2026-08-15T00:00Z,8.0,8.0,14400
NMRUSDT,2026-08-15T04:00Z,PANEL_RIGHT,-0.0001251,-0.00012510000669863075,-0.00021259,2026-08-15T04:00Z,4.0,4.0,0
OGUSDT,2026-08-15T04:00Z,PANEL_RIGHT,5e-05,4.999999873689376e-05,3.615e-05,2026-08-15T04:00Z,4.0,4.0,0
OUSDT,2026-08-15T04:00Z,PANEL_RIGHT,0.00037133,0.0003713300102390349,0.00012714,2026-08-15T04:00Z,4.0,4.0,0
PUMPBTCUSDT,2026-08-15T04:00Z,PANEL_RIGHT,5e-05,4.999999873689376e-05,0.00029844,2026-08-15T04:00Z,4.0,4.0,0
REUSDT,2026-08-15T04:00Z,PANEL_RIGHT,4.062e-05,4.062000152771361e-05,-7.359e-05,2026-08-15T04:00Z,4.0,4.0,0
RPLUSDT,2026-08-15T04:00Z,PANEL_RIGHT,-0.00011442,-0.00011441999959060922,-4.192e-05,2026-08-15T04:00Z,4.0,4.0,0
SLXUSDT,2026-08-15T04:00Z,PANEL_RIGHT,0.00010934,0.0001093399987439625,5e-05,2026-08-15T04:00Z,4.0,4.0,0
SONICUSDT,2026-08-15T04:00Z,PANEL_RIGHT,5e-05,4.999999873689376e-05,8.526e-05,2026-08-15T04:00Z,4.0,4.0,0
STEEMUSDT,2026-08-15T04:00Z,PANEL_RIGHT,-1.037e-05,-1.0370000381954014e-05,-0.00033742,2026-08-15T04:00Z,4.0,4.0,0
SUPERUSDT,2026-08-15T04:00Z,PANEL_RIGHT,5e-05,4.999999873689376e-05,2.397e-05,2026-08-15T04:00Z,4.0,4.0,0
XVSUSDT,2026-08-15T04:00Z,PANEL_RIGHT,-0.00010949,-0.0001094899998861365,-0.00059901,2026-08-15T00:00Z,8.0,8.0,14400
ZESTUSDT,2026-08-15T04:00Z,PANEL_RIGHT,0.00040626,0.00040625999099574983,0.00033801,2026-08-15T04:00Z,4.0,4.0,0
ZRXUSDT,2026-08-15T04:00Z,PANEL_RIGHT,-0.00011774,-0.00011773999722208828,-0.00023526,2026-08-15T04:00Z,4.0,4.0,0
1000000BOBUSDT,2026-08-15T08:00Z,PANEL_RIGHT,0.00081489,0.0008148900233209133,5e-05,2026-08-15T08:00Z,4.0,4.0,0
ALLUSDT,2026-08-15T08:00Z,PANEL_RIGHT,-0.00039649,-0.00039649000973440707,-0.00043968,2026-08-15T08:00Z,8.0,8.0,0
ALPINEUSDT,2026-08-15T08:00Z,PANEL_RIGHT,0.00012204,0.00012204000086057931,5e-05,2026-08-15T08:00Z,4.0,4.0,0
ANIMEUSDT,2026-08-15T08:00Z,PANEL_RIGHT,5e-05,4.999999873689376e-05,-2.539e-05,2026-08-15T08:00Z,4.0,4.0,0
BNTUSDT,2026-08-15T08:00Z,PANEL_RIGHT,8.483e-05,8.48299969220534e-05,-0.00013565,2026-08-15T08:00Z,8.0,8.0,0
BTWUSDT,2026-08-15T08:00Z,PANEL_RIGHT,0.00092827,0.0009282699902541935,0.00079561,2026-08-15T08:00Z,4.0,4.0,0
CAPUSDT,2026-08-15T08:00Z,PANEL_RIGHT,-0.00576676,-0.005766760092228651,-0.00094881,2026-08-15T08:00Z,4.0,4.0,0
CTRUSDT,2026-08-15T08:00Z,PANEL_RIGHT,0.00041905,0.0004190499894320965,0.00020821,2026-08-15T08:00Z,4.0,4.0,0
CYBERUSDT,2026-08-15T08:00Z,PANEL_RIGHT,5e-05,4.999999873689376e-05,2.675e-05,2026-08-15T08:00Z,4.0,4.0,0
DATAIPUSDT,2026-08-15T08:00Z,PANEL_RIGHT,-0.00051544,-0.0005154400132596493,-0.00056876,2026-08-15T08:00Z,4.0,4.0,0
FLUXUSDT,2026-08-15T08:00Z,PANEL_RIGHT,-8.277e-05,-8.276999869849533e-05,5e-05,2026-08-15T08:00Z,4.0,4.0,0
GRVTUSDT,2026-08-15T08:00Z,PANEL_RIGHT,7.075e-05,7.075000030454248e-05,5e-05,2026-08-15T08:00Z,4.0,4.0,0
KNCUSDT,2026-08-15T08:00Z,PANEL_RIGHT,0.0001,9.999999747378752e-05,-0.00051301,2026-08-15T08:00Z,8.0,8.0,0
MAVIAUSDT,2026-08-15T08:00Z,PANEL_RIGHT,0.00016648,0.00016647999291308224,0.00055831,2026-08-15T08:00Z,4.0,4.0,0
MTLUSDT,2026-08-15T08:00Z,PANEL_RIGHT,0.0001,9.999999747378752e-05,-2.079e-05,2026-08-15T08:00Z,8.0,8.0,0
NMRUSDT,2026-08-15T08:00Z,PANEL_RIGHT,-8.852e-05,-8.851999882608652e-05,-0.00021259,2026-08-15T08:00Z,4.0,4.0,0
OGUSDT,2026-08-15T08:00Z,PANEL_RIGHT,5e-05,4.999999873689376e-05,3.615e-05,2026-08-15T08:00Z,4.0,4.0,0
OUSDT,2026-08-15T08:00Z,PANEL_RIGHT,0.00019981,0.00019981000514235348,0.00012714,2026-08-15T08:00Z,4.0,4.0,0
PUMPBTCUSDT,2026-08-15T08:00Z,PANEL_RIGHT,0.00147846,0.0014784600352868438,0.00029844,2026-08-15T08:00Z,4.0,4.0,0
REUSDT,2026-08-15T08:00Z,PANEL_RIGHT,3.542e-05,3.541999831213616e-05,-7.359e-05,2026-08-15T08:00Z,4.0,4.0,0
RPLUSDT,2026-08-15T08:00Z,PANEL_RIGHT,5e-05,4.999999873689376e-05,-4.192e-05,2026-08-15T08:00Z,4.0,4.0,0
SONICUSDT,2026-08-15T08:00Z,PANEL_RIGHT,0.00027784,0.00027784000849351287,8.526e-05,2026-08-15T08:00Z,4.0,4.0,0
STEEMUSDT,2026-08-15T08:00Z,PANEL_RIGHT,-1.392e-05,-1.3920000128564425e-05,-0.00033742,2026-08-15T08:00Z,4.0,4.0,0
SUNUSDT,2026-08-15T08:00Z,PANEL_RIGHT,4.121e-05,4.121000165469013e-05,5e-05,2026-08-15T08:00Z,4.0,4.0,0
SUPERUSDT,2026-08-15T08:00Z,PANEL_RIGHT,5e-05,4.999999873689376e-05,2.397e-05,2026-08-15T08:00Z,4.0,4.0,0
XVSUSDT,2026-08-15T08:00Z,PANEL_RIGHT,-0.00066436,-0.000664360006339848,-0.00059901,2026-08-15T08:00Z,8.0,8.0,0
ZESTUSDT,2026-08-15T08:00Z,PANEL_RIGHT,0.00056094,0.0005609400104731321,0.00033801,2026-08-15T08:00Z,4.0,4.0,0
ZRXUSDT,2026-08-15T08:00Z,PANEL_RIGHT,-2.371e-05,-2.370999936829321e-05,-0.00023526,2026-08-15T08:00Z,4.0,4.0,0
1000000BOBUSDT,2026-08-15T12:00Z,PANEL_RIGHT,0.00157776,0.0015777599764987826,5e-05,2026-08-15T12:00Z,4.0,4.0,0
ALLUSDT,2026-08-15T12:00Z,PANEL_RIGHT,-0.00039649,-0.00039649000973440707,-0.00043968,2026-08-15T08:00Z,8.0,8.0,14400
ANIMEUSDT,2026-08-15T12:00Z,PANEL_RIGHT,3.014e-05,3.0139999580569565e-05,-2.539e-05,2026-08-15T12:00Z,4.0,4.0,0
BNTUSDT,2026-08-15T12:00Z,PANEL_RIGHT,8.483e-05,8.48299969220534e-05,-0.00013565,2026-08-15T08:00Z,8.0,8.0,14400
BTWUSDT,2026-08-15T12:00Z,PANEL_RIGHT,0.00099579,0.000995790003798902,0.00079561,2026-08-15T12:00Z,4.0,4.0,0
CAPUSDT,2026-08-15T12:00Z,PANEL_RIGHT,-0.00295434,-0.002954340074211359,-0.00094881,2026-08-15T12:00Z,4.0,4.0,0
CLANKERUSDT,2026-08-15T12:00Z,PANEL_RIGHT,0.00026561,0.00026560999685898423,5e-05,2026-08-15T12:00Z,4.0,4.0,0
COWUSDT,2026-08-15T12:00Z,PANEL_RIGHT,-0.01914134,-0.019141340628266335,5e-05,2026-08-15T12:00Z,4.0,4.0,0
CTRUSDT,2026-08-15T12:00Z,PANEL_RIGHT,0.0002754,0.00027540000155568123,0.00020821,2026-08-15T12:00Z,4.0,4.0,0
CYBERUSDT,2026-08-15T12:00Z,PANEL_RIGHT,5e-05,4.999999873689376e-05,2.675e-05,2026-08-15T12:00Z,4.0,4.0,0
DATAIPUSDT,2026-08-15T12:00Z,PANEL_RIGHT,-2.336e-05,-2.336000034119934e-05,-0.00056876,2026-08-15T12:00Z,4.0,4.0,0
KNCUSDT,2026-08-15T12:00Z,PANEL_RIGHT,0.0001,9.999999747378752e-05,-0.00051301,2026-08-15T08:00Z,8.0,8.0,14400
MAVIAUSDT,2026-08-15T12:00Z,PANEL_RIGHT,5e-05,4.999999873689376e-05,0.00055831,2026-08-15T12:00Z,4.0,4.0,0
MTLUSDT,2026-08-15T12:00Z,PANEL_RIGHT,0.0001,9.999999747378752e-05,-2.079e-05,2026-08-15T08:00Z,8.0,8.0,14400
NMRUSDT,2026-08-15T12:00Z,PANEL_RIGHT,5e-05,4.999999873689376e-05,-0.00021259,2026-08-15T12:00Z,4.0,4.0,0
OGUSDT,2026-08-15T12:00Z,PANEL_RIGHT,5e-05,4.999999873689376e-05,3.615e-05,2026-08-15T12:00Z,4.0,4.0,0
OUSDT,2026-08-15T12:00Z,PANEL_RIGHT,0.00055816,0.0005581600125879049,0.00012714,2026-08-15T12:00Z,4.0,4.0,0
PUMPBTCUSDT,2026-08-15T12:00Z,PANEL_RIGHT,5e-05,4.999999873689376e-05,0.00029844,2026-08-15T12:00Z,4.0,4.0,0
REUSDT,2026-08-15T12:00Z,PANEL_RIGHT,3.97e-05,3.97000003431458e-05,-7.359e-05,2026-08-15T12:00Z,4.0,4.0,0
RPLUSDT,2026-08-15T12:00Z,PANEL_RIGHT,3.576e-05,3.576000017346814e-05,-4.192e-05,2026-08-15T12:00Z,4.0,4.0,0
SONICUSDT,2026-08-15T12:00Z,PANEL_RIGHT,7.76e-05,7.760000153211877e-05,8.526e-05,2026-08-15T12:00Z,4.0,4.0,0
SPORTFUNUSDT,2026-08-15T12:00Z,PANEL_RIGHT,0.00044671,0.0004467100079637021,5e-05,2026-08-15T12:00Z,4.0,4.0,0
STEEMUSDT,2026-08-15T12:00Z,PANEL_RIGHT,5e-05,4.999999873689376e-05,-0.00033742,2026-08-15T12:00Z,4.0,4.0,0
SUPERUSDT,2026-08-15T12:00Z,PANEL_RIGHT,5e-05,4.999999873689376e-05,2.397e-05,2026-08-15T12:00Z,4.0,4.0,0
XVSUSDT,2026-08-15T12:00Z,PANEL_RIGHT,-0.00066436,-0.000664360006339848,-0.00059901,2026-08-15T08:00Z,8.0,8.0,14400
ZESTUSDT,2026-08-15T12:00Z,PANEL_RIGHT,0.00036257,0.0003625699901022017,0.00033801,2026-08-15T12:00Z,4.0,4.0,0
ZRXUSDT,2026-08-15T12:00Z,PANEL_RIGHT,5e-05,4.999999873689376e-05,-0.00023526,2026-08-15T12:00Z,4.0,4.0,0
1000000BOBUSDT,2026-08-15T16:00Z,PANEL_RIGHT,0.00024295,0.00024295000184793025,5e-05,2026-08-15T16:00Z,4.0,4.0,0
ALLUSDT,2026-08-15T16:00Z,PANEL_RIGHT,-0.00042248,-0.0004224799922667444,-0.00043968,2026-08-15T16:00Z,8.0,8.0,0
ANIMEUSDT,2026-08-15T16:00Z,PANEL_RIGHT,5e-05,4.999999873689376e-05,-2.539e-05,2026-08-15T16:00Z,4.0,4.0,0
BNTUSDT,2026-08-15T16:00Z,PANEL_RIGHT,0.0001,9.999999747378752e-05,-0.00013565,2026-08-15T16:00Z,8.0,8.0,0
BTWUSDT,2026-08-15T16:00Z,PANEL_RIGHT,0.00076521,0.0007652100175619125,0.00079561,2026-08-15T16:00Z,4.0,4.0,0
CAPUSDT,2026-08-15T16:00Z,PANEL_RIGHT,-0.00206486,-0.0020648599602282047,-0.00094881,2026-08-15T16:00Z,4.0,4.0,0
CELRUSDT,2026-08-15T16:00Z,PANEL_RIGHT,-6.538e-05,-6.538000161526725e-05,0.0001,2026-08-15T16:00Z,8.0,8.0,0
CLANKERUSDT,2026-08-15T16:00Z,PANEL_RIGHT,0.00022303,0.0002230300015071407,5e-05,2026-08-15T16:00Z,4.0,4.0,0
COWUSDT,2026-08-15T16:00Z,PANEL_RIGHT,-0.01493318,-0.014933180063962936,5e-05,2026-08-15T16:00Z,4.0,4.0,0
CTRUSDT,2026-08-15T16:00Z,PANEL_RIGHT,0.00047646,0.0004764600016642362,0.00020821,2026-08-15T16:00Z,4.0,4.0,0
CYBERUSDT,2026-08-15T16:00Z,PANEL_RIGHT,5e-05,4.999999873689376e-05,2.675e-05,2026-08-15T16:00Z,4.0,4.0,0
DATAIPUSDT,2026-08-15T16:00Z,PANEL_RIGHT,5e-05,4.999999873689376e-05,-0.00056876,2026-08-15T16:00Z,4.0,4.0,0
GRVTUSDT,2026-08-15T16:00Z,PANEL_RIGHT,5.899e-05,5.8990000979974866e-05,5e-05,2026-08-15T16:00Z,4.0,4.0,0
KNCUSDT,2026-08-15T16:00Z,PANEL_RIGHT,0.0001,9.999999747378752e-05,-0.00051301,2026-08-15T16:00Z,8.0,8.0,0
MAVIAUSDT,2026-08-15T16:00Z,PANEL_RIGHT,0.00015666,0.00015665999671909958,0.00055831,2026-08-15T16:00Z,4.0,4.0,0
MTLUSDT,2026-08-15T16:00Z,PANEL_RIGHT,0.0001,9.999999747378752e-05,-2.079e-05,2026-08-15T16:00Z,8.0,8.0,0
NMRUSDT,2026-08-15T16:00Z,PANEL_RIGHT,5e-05,4.999999873689376e-05,-0.00021259,2026-08-15T16:00Z,4.0,4.0,0
OGUSDT,2026-08-15T16:00Z,PANEL_RIGHT,5e-05,4.999999873689376e-05,3.615e-05,2026-08-15T16:00Z,4.0,4.0,0
OUSDT,2026-08-15T16:00Z,PANEL_RIGHT,0.00056225,0.0005622499738819897,0.00012714,2026-08-15T16:00Z,4.0,4.0,0
PUMPBTCUSDT,2026-08-15T16:00Z,PANEL_RIGHT,0.00050862,0.000508619996253401,0.00029844,2026-08-15T16:00Z,4.0,4.0,0
REUSDT,2026-08-15T16:00Z,PANEL_RIGHT,-5.1e-05,-5.0999999075429514e-05,-7.359e-05,2026-08-15T16:00Z,4.0,4.0,0
RPLUSDT,2026-08-15T16:00Z,PANEL_RIGHT,5e-05,4.999999873689376e-05,-4.192e-05,2026-08-15T16:00Z,4.0,4.0,0
SONICUSDT,2026-08-15T16:00Z,PANEL_RIGHT,5e-05,4.999999873689376e-05,8.526e-05,2026-08-15T16:00Z,4.0,4.0,0
SPORTFUNUSDT,2026-08-15T16:00Z,PANEL_RIGHT,0.00045141,0.00045140998554416,5e-05,2026-08-15T16:00Z,4.0,4.0,0
STEEMUSDT,2026-08-15T16:00Z,PANEL_RIGHT,3.304e-05,3.3039999834727496e-05,-0.00033742,2026-08-15T16:00Z,4.0,4.0,0
SUNUSDT,2026-08-15T16:00Z,PANEL_RIGHT,-2.813e-05,-2.8129999918746762e-05,5e-05,2026-08-15T16:00Z,4.0,4.0,0
SUPERUSDT,2026-08-15T16:00Z,PANEL_RIGHT,5e-05,4.999999873689376e-05,2.397e-05,2026-08-15T16:00Z,4.0,4.0,0
XVSUSDT,2026-08-15T16:00Z,PANEL_RIGHT,0.0001,9.999999747378752e-05,-0.00059901,2026-08-15T16:00Z,8.0,8.0,0
ZESTUSDT,2026-08-15T16:00Z,PANEL_RIGHT,0.00065061,0.000650610018055886,0.00033801,2026-08-15T16:00Z,4.0,4.0,0
ZRXUSDT,2026-08-15T16:00Z,PANEL_RIGHT,5e-05,4.999999873689376e-05,-0.00023526,2026-08-15T16:00Z,4.0,4.0,0
1000000BOBUSDT,2026-08-15T20:00Z,PANEL_RIGHT,0.00044767,0.00044766999781131744,5e-05,2026-08-15T20:00Z,4.0,4.0,0
ALLUSDT,2026-08-15T20:00Z,PANEL_RIGHT,-0.00042248,-0.0004224799922667444,-0.00043968,2026-08-15T16:00Z,8.0,8.0,14400
ALPINEUSDT,2026-08-15T20:00Z,PANEL_RIGHT,0.00013042,0.0001304199977312237,5e-05,2026-08-15T20:00Z,4.0,4.0,0
ANIMEUSDT,2026-08-15T20:00Z,PANEL_RIGHT,-7.025e-05,-7.02499964972958e-05,-2.539e-05,2026-08-15T20:00Z,4.0,4.0,0
BNTUSDT,2026-08-15T20:00Z,PANEL_RIGHT,0.0001,9.999999747378752e-05,-0.00013565,2026-08-15T16:00Z,8.0,8.0,14400
BTWUSDT,2026-08-15T20:00Z,PANEL_RIGHT,0.0008825,0.000882500025909394,0.00079561,2026-08-15T20:00Z,4.0,4.0,0
CAPUSDT,2026-08-15T20:00Z,PANEL_RIGHT,-0.00159004,-0.0015900400467216969,-0.00094881,2026-08-15T20:00Z,4.0,4.0,0
CELRUSDT,2026-08-15T20:00Z,PANEL_RIGHT,-6.538e-05,-6.538000161526725e-05,0.0001,2026-08-15T16:00Z,8.0,8.0,14400
COWUSDT,2026-08-15T20:00Z,PANEL_RIGHT,-0.00993911,-0.009939109906554222,5e-05,2026-08-15T20:00Z,4.0,4.0,0
CTRUSDT,2026-08-15T20:00Z,PANEL_RIGHT,0.00044928,0.0004492799926083535,0.00020821,2026-08-15T20:00Z,4.0,4.0,0
CYBERUSDT,2026-08-15T20:00Z,PANEL_RIGHT,-0.00016438,-0.00016438000602647662,2.675e-05,2026-08-15T20:00Z,4.0,4.0,0
DATAIPUSDT,2026-08-15T20:00Z,PANEL_RIGHT,5e-05,4.999999873689376e-05,-0.00056876,2026-08-15T20:00Z,4.0,4.0,0
ETHWUSDT,2026-08-15T20:00Z,PANEL_RIGHT,9.197e-05,9.19700032682158e-05,5e-05,2026-08-15T20:00Z,4.0,4.0,0
GLMUSDT,2026-08-15T20:00Z,PANEL_RIGHT,-3.064e-05,-3.063999974983744e-05,5e-05,2026-08-15T20:00Z,4.0,4.0,0
GRVTUSDT,2026-08-15T20:00Z,PANEL_RIGHT,5.831e-05,5.8310000895289704e-05,5e-05,2026-08-15T20:00Z,4.0,4.0,0
HIVEUSDT,2026-08-15T20:00Z,PANEL_RIGHT,-0.00014185,-0.00014185000327415764,5e-05,2026-08-15T20:00Z,4.0,4.0,0
KNCUSDT,2026-08-15T20:00Z,PANEL_RIGHT,0.0001,9.999999747378752e-05,-0.00051301,2026-08-15T16:00Z,8.0,8.0,14400
MAVIAUSDT,2026-08-15T20:00Z,PANEL_RIGHT,0.00031891,0.00031890999525785446,0.00055831,2026-08-15T20:00Z,4.0,4.0,0
MTLUSDT,2026-08-15T20:00Z,PANEL_RIGHT,0.0001,9.999999747378752e-05,-2.079e-05,2026-08-15T16:00Z,8.0,8.0,14400
NMRUSDT,2026-08-15T20:00Z,PANEL_RIGHT,-0.00022288,-0.0002228800003649667,-0.00021259,2026-08-15T20:00Z,4.0,4.0,0
OGUSDT,2026-08-15T20:00Z,PANEL_RIGHT,5e-05,4.999999873689376e-05,3.615e-05,2026-08-15T20:00Z,4.0,4.0,0
OUSDT,2026-08-15T20:00Z,PANEL_RIGHT,0.00021454,0.00021454000670928508,0.00012714,2026-08-15T20:00Z,4.0,4.0,0
PUMPBTCUSDT,2026-08-15T20:00Z,PANEL_RIGHT,0.00070042,0.0007004200015217066,0.00029844,2026-08-15T20:00Z,4.0,4.0,0
REUSDT,2026-08-15T20:00Z,PANEL_RIGHT,-1.805e-05,-1.804999919841066e-05,-7.359e-05,2026-08-15T20:00Z,4.0,4.0,0
RPLUSDT,2026-08-15T20:00Z,PANEL_RIGHT,-0.00023802,-0.00023802000214345753,-4.192e-05,2026-08-15T20:00Z,4.0,4.0,0
SLXUSDT,2026-08-15T20:00Z,PANEL_RIGHT,0.00013571,0.000135709997266531,5e-05,2026-08-15T20:00Z,4.0,4.0,0
SONICUSDT,2026-08-15T20:00Z,PANEL_RIGHT,5e-05,4.999999873689376e-05,8.526e-05,2026-08-15T20:00Z,4.0,4.0,0
SPORTFUNUSDT,2026-08-15T20:00Z,PANEL_RIGHT,0.00097685,0.0009768500458449125,5e-05,2026-08-15T20:00Z,4.0,4.0,0
STEEMUSDT,2026-08-15T20:00Z,PANEL_RIGHT,-2.868e-05,-2.868000046873931e-05,-0.00033742,2026-08-15T20:00Z,4.0,4.0,0
SUNUSDT,2026-08-15T20:00Z,PANEL_RIGHT,-0.00016011,-0.00016010999388527125,5e-05,2026-08-15T20:00Z,4.0,4.0,0
SUPERUSDT,2026-08-15T20:00Z,PANEL_RIGHT,5e-05,4.999999873689376e-05,2.397e-05,2026-08-15T20:00Z,4.0,4.0,0
XVSUSDT,2026-08-15T20:00Z,PANEL_RIGHT,0.0001,9.999999747378752e-05,-0.00059901,2026-08-15T16:00Z,8.0,8.0,14400
ZESTUSDT,2026-08-15T20:00Z,PANEL_RIGHT,0.00063195,0.0006319499807432294,0.00033801,2026-08-15T20:00Z,4.0,4.0,0
ZRXUSDT,2026-08-15T20:00Z,PANEL_RIGHT,-0.00027446,-0.00027446000603958964,-0.00023526,2026-08-15T20:00Z,4.0,4.0,0
1000000BOBUSDT,2026-08-16T00:00Z,PANEL_RIGHT,0.00056533,0.0005653299740515649,5e-05,2026-08-16T00:00Z,4.0,4.0,0
ALLUSDT,2026-08-16T00:00Z,PANEL_RIGHT,-0.0002467,-0.0002466999867465347,-0.00043968,2026-08-16T00:00Z,8.0,8.0,0
ANIMEUSDT,2026-08-16T00:00Z,PANEL_RIGHT,-3.382e-05,-3.3820000680861995e-05,-2.539e-05,2026-08-16T00:00Z,4.0,4.0,0
ASRUSDT,2026-08-16T00:00Z,PANEL_RIGHT,4.783e-05,4.782999894814566e-05,5e-05,2026-08-16T00:00Z,4.0,4.0,0
ASTRUSDT,2026-08-16T00:00Z,PANEL_RIGHT,-9.865e-05,-9.86500017461367e-05,0.0001,2026-08-16T00:00Z,8.0,8.0,0
AXLUSDT,2026-08-16T00:00Z,PANEL_RIGHT,-0.0002944,-0.000294400000711903,5e-05,2026-08-16T00:00Z,4.0,4.0,0
BANDUSDT,2026-08-16T00:00Z,PANEL_RIGHT,-0.0001187,-0.00011870000162161887,0.0001,2026-08-16T00:00Z,8.0,8.0,0
BNTUSDT,2026-08-16T00:00Z,PANEL_RIGHT,0.0001,9.999999747378752e-05,-0.00013565,2026-08-16T00:00Z,8.0,8.0,0
BTWUSDT,2026-08-16T00:00Z,PANEL_RIGHT,0.00077269,0.0007726899930275977,0.00079561,2026-08-16T00:00Z,4.0,4.0,0
CAPUSDT,2026-08-16T00:00Z,PANEL_RIGHT,-0.00172731,-0.0017273100093007088,-0.00094881,2026-08-16T00:00Z,4.0,4.0,0
CELRUSDT,2026-08-16T00:00Z,PANEL_RIGHT,6.037e-05,6.036999911884777e-05,0.0001,2026-08-16T00:00Z,8.0,8.0,0
COWUSDT,2026-08-16T00:00Z,PANEL_RIGHT,-0.00967541,-0.009675409644842148,5e-05,2026-08-16T00:00Z,4.0,4.0,0
CTRUSDT,2026-08-16T00:00Z,PANEL_RIGHT,0.00047813,0.000478130008559674,0.00020821,2026-08-16T00:00Z,4.0,4.0,0
CYBERUSDT,2026-08-16T00:00Z,PANEL_RIGHT,3.077e-05,3.076999928453006e-05,2.675e-05,2026-08-16T00:00Z,4.0,4.0,0
DATAIPUSDT,2026-08-16T00:00Z,PANEL_RIGHT,-6.968e-05,-6.967999797780067e-05,-0.00056876,2026-08-16T00:00Z,4.0,4.0,0
ETHWUSDT,2026-08-16T00:00Z,PANEL_RIGHT,0.00049253,0.0004925300017930567,5e-05,2026-08-16T00:00Z,4.0,4.0,0
GRAMUSDT,2026-08-16T00:00Z,PANEL_RIGHT,4.224e-05,4.2240000766469166e-05,5e-05,2026-08-16T00:00Z,4.0,4.0,0
KNCUSDT,2026-08-16T00:00Z,PANEL_RIGHT,-7.929e-05,-7.929000275908038e-05,-0.00051301,2026-08-16T00:00Z,8.0,8.0,0
MASKUSDT,2026-08-16T00:00Z,PANEL_RIGHT,1.066e-05,1.0660000043571927e-05,5e-05,2026-08-16T00:00Z,4.0,4.0,0
MAVIAUSDT,2026-08-16T00:00Z,PANEL_RIGHT,0.00010673,0.00010673000360839069,0.00055831,2026-08-16T00:00Z,4.0,4.0,0
MTLUSDT,2026-08-16T00:00Z,PANEL_RIGHT,-3.242e-05,-3.24200009345077e-05,-2.079e-05,2026-08-16T00:00Z,8.0,8.0,0
NMRUSDT,2026-08-16T00:00Z,PANEL_RIGHT,-8.953e-05,-8.953000360634178e-05,-0.00021259,2026-08-16T00:00Z,4.0,4.0,0
OGUSDT,2026-08-16T00:00Z,PANEL_RIGHT,5e-05,4.999999873689376e-05,3.615e-05,2026-08-16T00:00Z,4.0,4.0,0
OUSDT,2026-08-16T00:00Z,PANEL_RIGHT,0.00033196,0.00033196000731550157,0.00012714,2026-08-16T00:00Z,4.0,4.0,0
PUMPBTCUSDT,2026-08-16T00:00Z,PANEL_RIGHT,5e-05,4.999999873689376e-05,0.00029844,2026-08-16T00:00Z,4.0,4.0,0
REDUSDT,2026-08-16T00:00Z,PANEL_RIGHT,-0.00277431,-0.002774310065433383,5e-05,2026-08-16T00:00Z,4.0,4.0,0
REUSDT,2026-08-16T00:00Z,PANEL_RIGHT,-4.402e-05,-4.401999831316061e-05,-7.359e-05,2026-08-16T00:00Z,4.0,4.0,0
RPLUSDT,2026-08-16T00:00Z,PANEL_RIGHT,-0.00023216,-0.00023216000408865511,-4.192e-05,2026-08-16T00:00Z,4.0,4.0,0
SLXUSDT,2026-08-16T00:00Z,PANEL_RIGHT,5.788e-05,5.787999907624908e-05,5e-05,2026-08-16T00:00Z,4.0,4.0,0
SONICUSDT,2026-08-16T00:00Z,PANEL_RIGHT,5e-05,4.999999873689376e-05,8.526e-05,2026-08-16T00:00Z,4.0,4.0,0
SPORTFUNUSDT,2026-08-16T00:00Z,PANEL_RIGHT,0.00096433,0.0009643299854360521,5e-05,2026-08-16T00:00Z,4.0,4.0,0
STEEMUSDT,2026-08-16T00:00Z,PANEL_RIGHT,-0.00010912,-0.00010912000288954005,-0.00033742,2026-08-16T00:00Z,4.0,4.0,0
SUPERUSDT,2026-08-16T00:00Z,PANEL_RIGHT,5e-05,4.999999873689376e-05,2.397e-05,2026-08-16T00:00Z,4.0,4.0,0
XVSUSDT,2026-08-16T00:00Z,PANEL_RIGHT,-0.00026091,-0.00026090999017469585,-0.00059901,2026-08-16T00:00Z,8.0,8.0,0
ZESTUSDT,2026-08-16T00:00Z,PANEL_RIGHT,0.00042219,0.0004221900017000735,0.00033801,2026-08-16T00:00Z,4.0,4.0,0
ZRXUSDT,2026-08-16T00:00Z,PANEL_RIGHT,-8.07e-05,-8.070000330917537e-05,-0.00023526,2026-08-16T00:00Z,4.0,4.0,0
1000000BOBUSDT,2026-08-16T04:00Z,PANEL_RIGHT,0.00037917,0.0003791700000874698,5e-05,2026-08-16T04:00Z,4.0,4.0,0
ALLUSDT,2026-08-16T04:00Z,PANEL_RIGHT,-0.0002467,-0.0002466999867465347,-0.00043968,2026-08-16T00:00Z,8.0,8.0,14400
ANIMEUSDT,2026-08-16T04:00Z,PANEL_RIGHT,5e-05,4.999999873689376e-05,-2.539e-05,2026-08-16T04:00Z,4.0,4.0,0
ASTRUSDT,2026-08-16T04:00Z,PANEL_RIGHT,-9.865e-05,-9.86500017461367e-05,0.0001,2026-08-16T00:00Z,8.0,8.0,14400
BANDUSDT,2026-08-16T04:00Z,PANEL_RIGHT,-0.0001187,-0.00011870000162161887,0.0001,2026-08-16T00:00Z,8.0,8.0,14400
BNTUSDT,2026-08-16T04:00Z,PANEL_RIGHT,0.0001,9.999999747378752e-05,-0.00013565,2026-08-16T00:00Z,8.0,8.0,14400
BTWUSDT,2026-08-16T04:00Z,PANEL_RIGHT,0.00078675,0.0007867499953135848,0.00079561,2026-08-16T04:00Z,4.0,4.0,0
CAPUSDT,2026-08-16T04:00Z,PANEL_RIGHT,-0.00131321,-0.0013132099993526936,-0.00094881,2026-08-16T04:00Z,4.0,4.0,0
CELRUSDT,2026-08-16T04:00Z,PANEL_RIGHT,6.037e-05,6.036999911884777e-05,0.0001,2026-08-16T00:00Z,8.0,8.0,14400
CLANKERUSDT,2026-08-16T04:00Z,PANEL_RIGHT,0.00017639,0.00017639000725466758,5e-05,2026-08-16T04:00Z,4.0,4.0,0
COWUSDT,2026-08-16T04:00Z,PANEL_RIGHT,-0.00667151,-0.006671510171145201,5e-05,2026-08-16T04:00Z,4.0,4.0,0
CTRUSDT,2026-08-16T04:00Z,PANEL_RIGHT,0.00036362,0.00036361999809741974,0.00020821,2026-08-16T04:00Z,4.0,4.0,0
CYBERUSDT,2026-08-16T04:00Z,PANEL_RIGHT,-4.721e-05,-4.721000004792586e-05,2.675e-05,2026-08-16T04:00Z,4.0,4.0,0
DATAIPUSDT,2026-08-16T04:00Z,PANEL_RIGHT,5e-05,4.999999873689376e-05,-0.00056876,2026-08-16T04:00Z,4.0,4.0,0
GRVTUSDT,2026-08-16T04:00Z,PANEL_RIGHT,8.563e-05,8.563000301364809e-05,5e-05,2026-08-16T04:00Z,4.0,4.0,0
KNCUSDT,2026-08-16T04:00Z,PANEL_RIGHT,-7.929e-05,-7.929000275908038e-05,-0.00051301,2026-08-16T00:00Z,8.0,8.0,14400
MASKUSDT,2026-08-16T04:00Z,PANEL_RIGHT,-5.463e-05,-5.4629999794997275e-05,5e-05,2026-08-16T04:00Z,4.0,4.0,0
MAVIAUSDT,2026-08-16T04:00Z,PANEL_RIGHT,5e-05,4.999999873689376e-05,0.00055831,2026-08-16T04:00Z,4.0,4.0,0
MTLUSDT,2026-08-16T04:00Z,PANEL_RIGHT,-3.242e-05,-3.24200009345077e-05,-2.079e-05,2026-08-16T00:00Z,8.0,8.0,14400
NMRUSDT,2026-08-16T04:00Z,PANEL_RIGHT,-0.0004257,-0.00042570001096464694,-0.00021259,2026-08-16T04:00Z,4.0,4.0,0
OGUSDT,2026-08-16T04:00Z,PANEL_RIGHT,5e-05,4.999999873689376e-05,3.615e-05,2026-08-16T04:00Z,4.0,4.0,0
OUSDT,2026-08-16T04:00Z,PANEL_RIGHT,0.0002982,0.0002982000005431473,0.00012714,2026-08-16T04:00Z,4.0,4.0,0
PUMPBTCUSDT,2026-08-16T04:00Z,PANEL_RIGHT,5e-05,4.999999873689376e-05,0.00029844,2026-08-16T04:00Z,4.0,4.0,0
REUSDT,2026-08-16T04:00Z,PANEL_RIGHT,-1.13e-06,-1.1299999869152089e-06,-7.359e-05,2026-08-16T04:00Z,4.0,4.0,0
RPLUSDT,2026-08-16T04:00Z,PANEL_RIGHT,5e-05,4.999999873689376e-05,-4.192e-05,2026-08-16T04:00Z,4.0,4.0,0
SONICUSDT,2026-08-16T04:00Z,PANEL_RIGHT,0.00030621,0.00030620998586528003,8.526e-05,2026-08-16T04:00Z,4.0,4.0,0
SPORTFUNUSDT,2026-08-16T04:00Z,PANEL_RIGHT,0.00048771,0.00048771000001579523,5e-05,2026-08-16T04:00Z,4.0,4.0,0
STEEMUSDT,2026-08-16T04:00Z,PANEL_RIGHT,-0.00020473,-0.00020472999312914908,-0.00033742,2026-08-16T04:00Z,4.0,4.0,0
SUPERUSDT,2026-08-16T04:00Z,PANEL_RIGHT,5e-05,4.999999873689376e-05,2.397e-05,2026-08-16T04:00Z,4.0,4.0,0
XVSUSDT,2026-08-16T04:00Z,PANEL_RIGHT,-0.00026091,-0.00026090999017469585,-0.00059901,2026-08-16T00:00Z,8.0,8.0,14400
ZESTUSDT,2026-08-16T04:00Z,PANEL_RIGHT,7.586e-05,7.585999992443249e-05,0.00033801,2026-08-16T04:00Z,4.0,4.0,0
ZRXUSDT,2026-08-16T04:00Z,PANEL_RIGHT,5e-05,4.999999873689376e-05,-0.00023526,2026-08-16T04:00Z,4.0,4.0,0
1000000BOBUSDT,2026-08-16T08:00Z,PANEL_RIGHT,0.00014484,0.0001448399998480454,5e-05,2026-08-16T08:00Z,4.0,4.0,0
ALLUSDT,2026-08-16T08:00Z,PANEL_RIGHT,-0.00051388,-0.0005138799897395074,-0.00043968,2026-08-16T08:00Z,8.0,8.0,0
ANIMEUSDT,2026-08-16T08:00Z,PANEL_RIGHT,-3.866e-05,-3.866000042762607e-05,-2.539e-05,2026-08-16T08:00Z,4.0,4.0,0
BANDUSDT,2026-08-16T08:00Z,PANEL_RIGHT,1.426e-05,1.4260000170907006e-05,0.0001,2026-08-16T08:00Z,8.0,8.0,0
BNTUSDT,2026-08-16T08:00Z,PANEL_RIGHT,0.0001,9.999999747378752e-05,-0.00013565,2026-08-16T08:00Z,8.0,8.0,0
BTWUSDT,2026-08-16T08:00Z,PANEL_RIGHT,0.00107801,0.0010780099546536803,0.00079561,2026-08-16T08:00Z,4.0,4.0,0
CAPUSDT,2026-08-16T08:00Z,PANEL_RIGHT,-0.00077293,-0.0007729299832135439,-0.00094881,2026-08-16T08:00Z,4.0,4.0,0
CELRUSDT,2026-08-16T08:00Z,PANEL_RIGHT,6.477e-05,6.476999988080934e-05,0.0001,2026-08-16T08:00Z,8.0,8.0,0
CLANKERUSDT,2026-08-16T08:00Z,PANEL_RIGHT,7.094e-05,7.093999738572165e-05,5e-05,2026-08-16T08:00Z,4.0,4.0,0
COWUSDT,2026-08-16T08:00Z,PANEL_RIGHT,-0.01236558,-0.012365579605102539,5e-05,2026-08-16T08:00Z,4.0,4.0,0
CTRUSDT,2026-08-16T08:00Z,PANEL_RIGHT,0.00038819,0.000388190004741773,0.00020821,2026-08-16T08:00Z,4.0,4.0,0
CYBERUSDT,2026-08-16T08:00Z,PANEL_RIGHT,4.139e-05,4.1390001570107415e-05,2.675e-05,2026-08-16T08:00Z,4.0,4.0,0
DATAIPUSDT,2026-08-16T08:00Z,PANEL_RIGHT,5e-05,4.999999873689376e-05,-0.00056876,2026-08-16T08:00Z,4.0,4.0,0
FLUXUSDT,2026-08-16T08:00Z,PANEL_RIGHT,2.903e-05,2.902999949583318e-05,5e-05,2026-08-16T08:00Z,4.0,4.0,0
GRVTUSDT,2026-08-16T08:00Z,PANEL_RIGHT,0.00011714,0.00011713999992934987,5e-05,2026-08-16T08:00Z,4.0,4.0,0
KNCUSDT,2026-08-16T08:00Z,PANEL_RIGHT,0.0001,9.999999747378752e-05,-0.00051301,2026-08-16T08:00Z,8.0,8.0,0
MAVIAUSDT,2026-08-16T08:00Z,PANEL_RIGHT,0.00016102,0.00016101999790407717,0.00055831,2026-08-16T08:00Z,4.0,4.0,0
MTLUSDT,2026-08-16T08:00Z,PANEL_RIGHT,0.0001,9.999999747378752e-05,-2.079e-05,2026-08-16T08:00Z,8.0,8.0,0
NMRUSDT,2026-08-16T08:00Z,PANEL_RIGHT,5e-05,4.999999873689376e-05,-0.00021259,2026-08-16T08:00Z,4.0,4.0,0
OGUSDT,2026-08-16T08:00Z,PANEL_RIGHT,5e-05,4.999999873689376e-05,3.615e-05,2026-08-16T08:00Z,4.0,4.0,0
OUSDT,2026-08-16T08:00Z,PANEL_RIGHT,0.00046371,0.0004637099918909371,0.00012714,2026-08-16T08:00Z,4.0,4.0,0
PUMPBTCUSDT,2026-08-16T08:00Z,PANEL_RIGHT,5e-05,4.999999873689376e-05,0.00029844,2026-08-16T08:00Z,4.0,4.0,0
REUSDT,2026-08-16T08:00Z,PANEL_RIGHT,2.404e-05,2.40400004258845e-05,-7.359e-05,2026-08-16T08:00Z,4.0,4.0,0
RPLUSDT,2026-08-16T08:00Z,PANEL_RIGHT,5e-05,4.999999873689376e-05,-4.192e-05,2026-08-16T08:00Z,4.0,4.0,0
SONICUSDT,2026-08-16T08:00Z,PANEL_RIGHT,9.882e-05,9.881999721983448e-05,8.526e-05,2026-08-16T08:00Z,4.0,4.0,0
SPORTFUNUSDT,2026-08-16T08:00Z,PANEL_RIGHT,0.00039242,0.0003924200136680156,5e-05,2026-08-16T08:00Z,4.0,4.0,0
STEEMUSDT,2026-08-16T08:00Z,PANEL_RIGHT,-6.032e-05,-6.0319998738123104e-05,-0.00033742,2026-08-16T08:00Z,4.0,4.0,0
SUPERUSDT,2026-08-16T08:00Z,PANEL_RIGHT,5e-05,4.999999873689376e-05,2.397e-05,2026-08-16T08:00Z,4.0,4.0,0
XVSUSDT,2026-08-16T08:00Z,PANEL_RIGHT,-0.00036341,-0.0003634100139606744,-0.00059901,2026-08-16T08:00Z,8.0,8.0,0
ZESTUSDT,2026-08-16T08:00Z,PANEL_RIGHT,0.00035473,0.0003547300002537668,0.00033801,2026-08-16T08:00Z,4.0,4.0,0
ZRXUSDT,2026-08-16T08:00Z,PANEL_RIGHT,-5.095e-05,-5.0949998694704846e-05,-0.00023526,2026-08-16T08:00Z,4.0,4.0,0
1000000BOBUSDT,2026-08-16T12:00Z,PANEL_RIGHT,0.00074921,0.0007492100121453404,5e-05,2026-08-16T12:00Z,4.0,4.0,0
ALLUSDT,2026-08-16T12:00Z,PANEL_RIGHT,-0.00051388,-0.0005138799897395074,-0.00043968,2026-08-16T08:00Z,8.0,8.0,14400
ANIMEUSDT,2026-08-16T12:00Z,PANEL_RIGHT,-2.855e-05,-2.854999911505729e-05,-2.539e-05,2026-08-16T12:00Z,4.0,4.0,0
BANDUSDT,2026-08-16T12:00Z,PANEL_RIGHT,1.426e-05,1.4260000170907006e-05,0.0001,2026-08-16T08:00Z,8.0,8.0,14400
BNTUSDT,2026-08-16T12:00Z,PANEL_RIGHT,0.0001,9.999999747378752e-05,-0.00013565,2026-08-16T08:00Z,8.0,8.0,14400
BTWUSDT,2026-08-16T12:00Z,PANEL_RIGHT,0.00107679,0.0010767900384962559,0.00079561,2026-08-16T12:00Z,4.0,4.0,0
CAPUSDT,2026-08-16T12:00Z,PANEL_RIGHT,-0.00079519,-0.0007951899897307158,-0.00094881,2026-08-16T12:00Z,4.0,4.0,0
CELRUSDT,2026-08-16T12:00Z,PANEL_RIGHT,6.477e-05,6.476999988080934e-05,0.0001,2026-08-16T08:00Z,8.0,8.0,14400
CLANKERUSDT,2026-08-16T12:00Z,PANEL_RIGHT,0.00015294,0.0001529400033177808,5e-05,2026-08-16T12:00Z,4.0,4.0,0
COWUSDT,2026-08-16T12:00Z,PANEL_RIGHT,-0.00449646,-0.004496459849178791,5e-05,2026-08-16T12:00Z,4.0,4.0,0
CTRUSDT,2026-08-16T12:00Z,PANEL_RIGHT,0.00012674,0.00012673999299295247,0.00020821,2026-08-16T12:00Z,4.0,4.0,0
CYBERUSDT,2026-08-16T12:00Z,PANEL_RIGHT,5e-05,4.999999873689376e-05,2.675e-05,2026-08-16T12:00Z,4.0,4.0,0
DATAIPUSDT,2026-08-16T12:00Z,PANEL_RIGHT,5e-05,4.999999873689376e-05,-0.00056876,2026-08-16T12:00Z,4.0,4.0,0
GLMUSDT,2026-08-16T12:00Z,PANEL_RIGHT,-7.738e-05,-7.73799984017387e-05,5e-05,2026-08-16T12:00Z,4.0,4.0,0
GRVTUSDT,2026-08-16T12:00Z,PANEL_RIGHT,0.00015323,0.0001532299938844517,5e-05,2026-08-16T12:00Z,4.0,4.0,0
KNCUSDT,2026-08-16T12:00Z,PANEL_RIGHT,0.0001,9.999999747378752e-05,-0.00051301,2026-08-16T08:00Z,8.0,8.0,14400
MAVIAUSDT,2026-08-16T12:00Z,PANEL_RIGHT,0.00025756,0.0002575599937699735,0.00055831,2026-08-16T12:00Z,4.0,4.0,0
MTLUSDT,2026-08-16T12:00Z,PANEL_RIGHT,0.0001,9.999999747378752e-05,-2.079e-05,2026-08-16T08:00Z,8.0,8.0,14400
NMRUSDT,2026-08-16T12:00Z,PANEL_RIGHT,-0.00010489,-0.00010489000123925507,-0.00021259,2026-08-16T12:00Z,4.0,4.0,0
OGUSDT,2026-08-16T12:00Z,PANEL_RIGHT,5e-05,4.999999873689376e-05,3.615e-05,2026-08-16T12:00Z,4.0,4.0,0
OUSDT,2026-08-16T12:00Z,PANEL_RIGHT,0.00023838,0.0002383800019742921,0.00012714,2026-08-16T12:00Z,4.0,4.0,0
PUMPBTCUSDT,2026-08-16T12:00Z,PANEL_RIGHT,5e-05,4.999999873689376e-05,0.00029844,2026-08-16T12:00Z,4.0,4.0,0
REUSDT,2026-08-16T12:00Z,PANEL_RIGHT,-3.23e-06,-3.2299999475071672e-06,-7.359e-05,2026-08-16T12:00Z,4.0,4.0,0
RPLUSDT,2026-08-16T12:00Z,PANEL_RIGHT,5e-05,4.999999873689376e-05,-4.192e-05,2026-08-16T12:00Z,4.0,4.0,0
SLPUSDT,2026-08-16T12:00Z,PANEL_RIGHT,-6.664e-05,-6.664000102318823e-05,5e-05,2026-08-16T12:00Z,4.0,4.0,0
SONICUSDT,2026-08-16T12:00Z,PANEL_RIGHT,5e-05,4.999999873689376e-05,8.526e-05,2026-08-16T12:00Z,4.0,4.0,0
SPORTFUNUSDT,2026-08-16T12:00Z,PANEL_RIGHT,0.00044641,0.00044641000567935407,5e-05,2026-08-16T12:00Z,4.0,4.0,0
STEEMUSDT,2026-08-16T12:00Z,PANEL_RIGHT,3.481e-05,3.4810000215657055e-05,-0.00033742,2026-08-16T12:00Z,4.0,4.0,0
SUNUSDT,2026-08-16T12:00Z,PANEL_RIGHT,-4.438e-05,-4.438000178197399e-05,5e-05,2026-08-16T12:00Z,4.0,4.0,0
SUPERUSDT,2026-08-16T12:00Z,PANEL_RIGHT,-9e-07,-8.999999749903509e-07,2.397e-05,2026-08-16T12:00Z,4.0,4.0,0
XVSUSDT,2026-08-16T12:00Z,PANEL_RIGHT,-0.00036341,-0.0003634100139606744,-0.00059901,2026-08-16T08:00Z,8.0,8.0,14400
ZESTUSDT,2026-08-16T12:00Z,PANEL_RIGHT,0.00056303,0.0005630300147458911,0.00033801,2026-08-16T12:00Z,4.0,4.0,0
ZRXUSDT,2026-08-16T12:00Z,PANEL_RIGHT,-3.205e-05,-3.2050000299932435e-05,-0.00023526,2026-08-16T12:00Z,4.0,4.0,0
1000000BOBUSDT,2026-08-16T16:00Z,PANEL_RIGHT,0.00015779,0.00015778999659232795,5e-05,2026-08-16T16:00Z,4.0,4.0,0
ALLUSDT,2026-08-16T16:00Z,PANEL_RIGHT,-0.00020684,-0.00020684000628534704,-0.00043968,2026-08-16T16:00Z,8.0,8.0,0
ANIMEUSDT,2026-08-16T16:00Z,PANEL_RIGHT,5e-05,4.999999873689376e-05,-2.539e-05,2026-08-16T16:00Z,4.0,4.0,0
ASTRUSDT,2026-08-16T16:00Z,PANEL_RIGHT,-5.432e-05,-5.4320000344887376e-05,0.0001,2026-08-16T16:00Z,8.0,8.0,0
BANDUSDT,2026-08-16T16:00Z,PANEL_RIGHT,-2.445e-05,-2.4450000637443736e-05,0.0001,2026-08-16T16:00Z,8.0,8.0,0
BNTUSDT,2026-08-16T16:00Z,PANEL_RIGHT,0.0001,9.999999747378752e-05,-0.00013565,2026-08-16T16:00Z,8.0,8.0,0
BTWUSDT,2026-08-16T16:00Z,PANEL_RIGHT,0.00085429,0.0008542899740859866,0.00079561,2026-08-16T16:00Z,4.0,4.0,0
CAPUSDT,2026-08-16T16:00Z,PANEL_RIGHT,-0.00065269,-0.0006526900106109679,-0.00094881,2026-08-16T16:00Z,4.0,4.0,0
CLANKERUSDT,2026-08-16T16:00Z,PANEL_RIGHT,0.00014684,0.00014684000052511692,5e-05,2026-08-16T16:00Z,4.0,4.0,0
COWUSDT,2026-08-16T16:00Z,PANEL_RIGHT,-0.00235827,-0.0023582701105624437,5e-05,2026-08-16T16:00Z,4.0,4.0,0
CTRUSDT,2026-08-16T16:00Z,PANEL_RIGHT,0.00038081,0.00038081000093370676,0.00020821,2026-08-16T16:00Z,4.0,4.0,0
CYBERUSDT,2026-08-16T16:00Z,PANEL_RIGHT,5e-05,4.999999873689376e-05,2.675e-05,2026-08-16T16:00Z,4.0,4.0,0
DATAIPUSDT,2026-08-16T16:00Z,PANEL_RIGHT,5e-05,4.999999873689376e-05,-0.00056876,2026-08-16T16:00Z,4.0,4.0,0
ILVUSDT,2026-08-16T16:00Z,PANEL_RIGHT,4.716e-05,4.715999966720119e-05,5e-05,2026-08-16T16:00Z,4.0,4.0,0
KNCUSDT,2026-08-16T16:00Z,PANEL_RIGHT,1.533e-05,1.5330000678659417e-05,-0.00051301,2026-08-16T16:00Z,8.0,8.0,0
MAVIAUSDT,2026-08-16T16:00Z,PANEL_RIGHT,5e-05,4.999999873689376e-05,0.00055831,2026-08-16T16:00Z,4.0,4.0,0
MTLUSDT,2026-08-16T16:00Z,PANEL_RIGHT,8.862e-05,8.861999958753586e-05,-2.079e-05,2026-08-16T16:00Z,8.0,8.0,0
NMRUSDT,2026-08-16T16:00Z,PANEL_RIGHT,-4.16e-05,-4.160000025876798e-05,-0.00021259,2026-08-16T16:00Z,4.0,4.0,0
OGUSDT,2026-08-16T16:00Z,PANEL_RIGHT,5e-05,4.999999873689376e-05,3.615e-05,2026-08-16T16:00Z,4.0,4.0,0
OUSDT,2026-08-16T16:00Z,PANEL_RIGHT,0.00029396,0.0002939600090030581,0.00012714,2026-08-16T16:00Z,4.0,4.0,0
PUMPBTCUSDT,2026-08-16T16:00Z,PANEL_RIGHT,5e-05,4.999999873689376e-05,0.00029844,2026-08-16T16:00Z,4.0,4.0,0
REDUSDT,2026-08-16T16:00Z,PANEL_RIGHT,1.765e-05,1.764999979059212e-05,5e-05,2026-08-16T16:00Z,4.0,4.0,0
REUSDT,2026-08-16T16:00Z,PANEL_RIGHT,-6.186e-05,-6.186000246088952e-05,-7.359e-05,2026-08-16T16:00Z,4.0,4.0,0
RPLUSDT,2026-08-16T16:00Z,PANEL_RIGHT,5e-05,4.999999873689376e-05,-4.192e-05,2026-08-16T16:00Z,4.0,4.0,0
SONICUSDT,2026-08-16T16:00Z,PANEL_RIGHT,0.00025227,0.00025226999423466623,8.526e-05,2026-08-16T16:00Z,4.0,4.0,0
SPORTFUNUSDT,2026-08-16T16:00Z,PANEL_RIGHT,0.00021946,0.00021945999469608068,5e-05,2026-08-16T16:00Z,4.0,4.0,0
STEEMUSDT,2026-08-16T16:00Z,PANEL_RIGHT,-6.587e-05,-6.587000098079443e-05,-0.00033742,2026-08-16T16:00Z,4.0,4.0,0
SUPERUSDT,2026-08-16T16:00Z,PANEL_RIGHT,5e-05,4.999999873689376e-05,2.397e-05,2026-08-16T16:00Z,4.0,4.0,0
XVSUSDT,2026-08-16T16:00Z,PANEL_RIGHT,-0.00024995,-0.00024995001149363816,-0.00059901,2026-08-16T16:00Z,8.0,8.0,0
ZESTUSDT,2026-08-16T16:00Z,PANEL_RIGHT,0.00093635,0.0009363500284962356,0.00033801,2026-08-16T16:00Z,4.0,4.0,0
ZRXUSDT,2026-08-16T16:00Z,PANEL_RIGHT,5e-05,4.999999873689376e-05,-0.00023526,2026-08-16T16:00Z,4.0,4.0,0
1000000BOBUSDT,2026-08-16T20:00Z,PANEL_RIGHT,0.00096922,0.0009692200110293925,5e-05,2026-08-16T20:00Z,4.0,4.0,0
ALLUSDT,2026-08-16T20:00Z,PANEL_RIGHT,-0.00020684,-0.00020684000628534704,-0.00043968,2026-08-16T16:00Z,8.0,8.0,14400
ANIMEUSDT,2026-08-16T20:00Z,PANEL_RIGHT,-7.419e-05,-7.419000030495226e-05,-2.539e-05,2026-08-16T20:00Z,4.0,4.0,0
ASTRUSDT,2026-08-16T20:00Z,PANEL_RIGHT,-5.432e-05,-5.4320000344887376e-05,0.0001,2026-08-16T16:00Z,8.0,8.0,14400
BANDUSDT,2026-08-16T20:00Z,PANEL_RIGHT,-2.445e-05,-2.4450000637443736e-05,0.0001,2026-08-16T16:00Z,8.0,8.0,14400
BNTUSDT,2026-08-16T20:00Z,PANEL_RIGHT,0.0001,9.999999747378752e-05,-0.00013565,2026-08-16T16:00Z,8.0,8.0,14400
BTWUSDT,2026-08-16T20:00Z,PANEL_RIGHT,0.00166829,0.001668290002271533,0.00079561,2026-08-16T20:00Z,4.0,4.0,0
CAPUSDT,2026-08-16T20:00Z,PANEL_RIGHT,-0.00065018,-0.0006501799798570573,-0.00094881,2026-08-16T20:00Z,4.0,4.0,0
COWUSDT,2026-08-16T20:00Z,PANEL_RIGHT,-0.0011226,-0.0011226000497117639,5e-05,2026-08-16T20:00Z,4.0,4.0,0
CTRUSDT,2026-08-16T20:00Z,PANEL_RIGHT,0.00010358,0.00010358000145060942,0.00020821,2026-08-16T20:00Z,4.0,4.0,0
CYBERUSDT,2026-08-16T20:00Z,PANEL_RIGHT,5e-05,4.999999873689376e-05,2.675e-05,2026-08-16T20:00Z,4.0,4.0,0
DATAIPUSDT,2026-08-16T20:00Z,PANEL_RIGHT,5e-05,4.999999873689376e-05,-0.00056876,2026-08-16T20:00Z,4.0,4.0,0
GLMUSDT,2026-08-16T20:00Z,PANEL_RIGHT,-0.00020645,-0.00020645000040531158,5e-05,2026-08-16T20:00Z,4.0,4.0,0
GRVTUSDT,2026-08-16T20:00Z,PANEL_RIGHT,0.00015986,0.00015986000653356314,5e-05,2026-08-16T20:00Z,4.0,4.0,0
ICXUSDT,2026-08-16T20:00Z,PANEL_RIGHT,1.72e-06,1.720000000204891e-06,5e-05,2026-08-16T20:00Z,4.0,4.0,0
KNCUSDT,2026-08-16T20:00Z,PANEL_RIGHT,1.533e-05,1.5330000678659417e-05,-0.00051301,2026-08-16T16:00Z,8.0,8.0,14400
MAVIAUSDT,2026-08-16T20:00Z,PANEL_RIGHT,5e-05,4.999999873689376e-05,0.00055831,2026-08-16T20:00Z,4.0,4.0,0
MTLUSDT,2026-08-16T20:00Z,PANEL_RIGHT,8.862e-05,8.861999958753586e-05,-2.079e-05,2026-08-16T16:00Z,8.0,8.0,14400
NMRUSDT,2026-08-16T20:00Z,PANEL_RIGHT,3.627e-05,3.6270001146476716e-05,-0.00021259,2026-08-16T20:00Z,4.0,4.0,0
OGUSDT,2026-08-16T20:00Z,PANEL_RIGHT,5e-05,4.999999873689376e-05,3.615e-05,2026-08-16T20:00Z,4.0,4.0,0
OUSDT,2026-08-16T20:00Z,PANEL_RIGHT,0.0002536,0.0002536000101827085,0.00012714,2026-08-16T20:00Z,4.0,4.0,0
PUMPBTCUSDT,2026-08-16T20:00Z,PANEL_RIGHT,0.00016069,0.0001606900041224435,0.00029844,2026-08-16T20:00Z,4.0,4.0,0
REUSDT,2026-08-16T20:00Z,PANEL_RIGHT,5e-05,4.999999873689376e-05,-7.359e-05,2026-08-16T20:00Z,4.0,4.0,0
RPLUSDT,2026-08-16T20:00Z,PANEL_RIGHT,-0.00013391,-0.00013390999811235815,-4.192e-05,2026-08-16T20:00Z,4.0,4.0,0
SLPUSDT,2026-08-16T20:00Z,PANEL_RIGHT,-0.00016735,-0.00016734999371692538,5e-05,2026-08-16T20:00Z,4.0,4.0,0
SONICUSDT,2026-08-16T20:00Z,PANEL_RIGHT,-0.00012122,-0.00012122000043746084,8.526e-05,2026-08-16T20:00Z,4.0,4.0,0
SPORTFUNUSDT,2026-08-16T20:00Z,PANEL_RIGHT,0.00060403,0.0006040299776941538,5e-05,2026-08-16T20:00Z,4.0,4.0,0
STEEMUSDT,2026-08-16T20:00Z,PANEL_RIGHT,-0.00010709,-0.00010709000343922526,-0.00033742,2026-08-16T20:00Z,4.0,4.0,0
SUNUSDT,2026-08-16T20:00Z,PANEL_RIGHT,4.566e-05,4.565999915939756e-05,5e-05,2026-08-16T20:00Z,4.0,4.0,0
SUPERUSDT,2026-08-16T20:00Z,PANEL_RIGHT,5e-05,4.999999873689376e-05,2.397e-05,2026-08-16T20:00Z,4.0,4.0,0
XVSUSDT,2026-08-16T20:00Z,PANEL_RIGHT,-0.00024995,-0.00024995001149363816,-0.00059901,2026-08-16T16:00Z,8.0,8.0,14400
ZESTUSDT,2026-08-16T20:00Z,PANEL_RIGHT,0.00080622,0.0008062199922278523,0.00033801,2026-08-16T20:00Z,4.0,4.0,0
ZRXUSDT,2026-08-16T20:00Z,PANEL_RIGHT,-3.161e-05,-3.161000131512992e-05,-0.00023526,2026-08-16T20:00Z,4.0,4.0,0
ALLUSDT,2026-08-17T00:00Z,PANEL_RIGHT,-0.00023433,-0.0002343300002394244,-0.00043968,2026-08-17T00:00Z,8.0,8.0,0
ANIMEUSDT,2026-08-17T00:00Z,PANEL_RIGHT,3.842e-05,3.8419999327743426e-05,-2.539e-05,2026-08-17T00:00Z,4.0,4.0,0
ARKUSDT,2026-08-17T00:00Z,PANEL_RIGHT,-1.237e-05,-1.2370000149530824e-05,5e-05,2026-08-17T00:00Z,4.0,4.0,0
ASTRUSDT,2026-08-17T00:00Z,PANEL_RIGHT,-0.00011929,-0.00011929000174859539,0.0001,2026-08-17T00:00Z,8.0,8.0,0
AXLUSDT,2026-08-17T00:00Z,PANEL_RIGHT,4.898e-05,4.898000042885542e-05,5e-05,2026-08-17T00:00Z,4.0,4.0,0
BNTUSDT,2026-08-17T00:00Z,PANEL_RIGHT,-9.467e-05,-9.467000199947506e-05,-0.00013565,2026-08-17T00:00Z,8.0,8.0,0
BTWUSDT,2026-08-17T00:00Z,PANEL_RIGHT,0.00171533,0.0017153300577774644,0.00079561,2026-08-17T00:00Z,4.0,4.0,0
CAPUSDT,2026-08-17T00:00Z,PANEL_RIGHT,-0.00046908,-0.00046907999785616994,-0.00094881,2026-08-17T00:00Z,4.0,4.0,0
COWUSDT,2026-08-17T00:00Z,PANEL_RIGHT,-0.0017485,-0.0017485000425949693,5e-05,2026-08-17T00:00Z,4.0,4.0,0
CTRUSDT,2026-08-17T00:00Z,PANEL_RIGHT,5e-05,4.999999873689376e-05,0.00020821,2026-08-17T00:00Z,4.0,4.0,0
CYBERUSDT,2026-08-17T00:00Z,PANEL_RIGHT,5e-05,4.999999873689376e-05,2.675e-05,2026-08-17T00:00Z,4.0,4.0,0
DATAIPUSDT,2026-08-17T00:00Z,PANEL_RIGHT,-0.0001439,-0.00014390000433195382,-0.00056876,2026-08-17T00:00Z,4.0,4.0,0
FLUXUSDT,2026-08-17T00:00Z,PANEL_RIGHT,3.477e-05,3.477000063867308e-05,5e-05,2026-08-17T00:00Z,4.0,4.0,0
GLMUSDT,2026-08-17T00:00Z,PANEL_RIGHT,-5.394e-05,-5.393999890657142e-05,5e-05,2026-08-17T00:00Z,4.0,4.0,0
KNCUSDT,2026-08-17T00:00Z,PANEL_RIGHT,-0.00051615,-0.0005161499720998108,-0.00051301,2026-08-17T00:00Z,8.0,8.0,0
MAVIAUSDT,2026-08-17T00:00Z,PANEL_RIGHT,5e-05,4.999999873689376e-05,0.00055831,2026-08-17T00:00Z,4.0,4.0,0
MTLUSDT,2026-08-17T00:00Z,PANEL_RIGHT,-1.889e-05,-1.888999941002112e-05,-2.079e-05,2026-08-17T00:00Z,8.0,8.0,0
NMRUSDT,2026-08-17T00:00Z,PANEL_RIGHT,-0.00025036,-0.00025035999715328217,-0.00021259,2026-08-17T00:00Z,4.0,4.0,0
OGUSDT,2026-08-17T00:00Z,PANEL_RIGHT,5e-05,4.999999873689376e-05,3.615e-05,2026-08-17T00:00Z,4.0,4.0,0
OUSDT,2026-08-17T00:00Z,PANEL_RIGHT,5e-05,4.999999873689376e-05,0.00012714,2026-08-17T00:00Z,4.0,4.0,0
PUMPBTCUSDT,2026-08-17T00:00Z,PANEL_RIGHT,5.698e-05,5.697999949916266e-05,0.00029844,2026-08-17T00:00Z,4.0,4.0,0
REDUSDT,2026-08-17T00:00Z,PANEL_RIGHT,-8.9e-06,-8.89999955688836e-06,5e-05,2026-08-17T00:00Z,4.0,4.0,0
REUSDT,2026-08-17T00:00Z,PANEL_RIGHT,-5.224e-05,-5.224000051384792e-05,-7.359e-05,2026-08-17T00:00Z,4.0,4.0,0
RPLUSDT,2026-08-17T00:00Z,PANEL_RIGHT,5e-05,4.999999873689376e-05,-4.192e-05,2026-08-17T00:00Z,4.0,4.0,0
SANTOSUSDT,2026-08-17T00:00Z,PANEL_RIGHT,-7.41e-06,-7.409999852825422e-06,5e-05,2026-08-17T00:00Z,4.0,4.0,0
SONICUSDT,2026-08-17T00:00Z,PANEL_RIGHT,-1.877e-05,-1.87700006790692e-05,8.526e-05,2026-08-17T00:00Z,4.0,4.0,0
SPORTFUNUSDT,2026-08-17T00:00Z,PANEL_RIGHT,0.0001191,0.0001190999973914586,5e-05,2026-08-17T00:00Z,4.0,4.0,0
STEEMUSDT,2026-08-17T00:00Z,PANEL_RIGHT,-0.00032262,-0.0003226200060453266,-0.00033742,2026-08-17T00:00Z,4.0,4.0,0
SUNUSDT,2026-08-17T00:00Z,PANEL_RIGHT,-6.801e-05,-6.800999835832044e-05,5e-05,2026-08-17T00:00Z,4.0,4.0,0
SUPERUSDT,2026-08-17T00:00Z,PANEL_RIGHT,5e-05,4.999999873689376e-05,2.397e-05,2026-08-17T00:00Z,4.0,4.0,0
XVSUSDT,2026-08-17T00:00Z,PANEL_RIGHT,-0.0001247,-0.0001247000036528334,-0.00059901,2026-08-17T00:00Z,8.0,8.0,0
ZESTUSDT,2026-08-17T00:00Z,PANEL_RIGHT,0.00047105,0.0004710500070359558,0.00033801,2026-08-17T00:00Z,4.0,4.0,0
ZRXUSDT,2026-08-17T00:00Z,PANEL_RIGHT,5e-05,4.999999873689376e-05,-0.00023526,2026-08-17T00:00Z,4.0,4.0,0
1000000BOBUSDT,2026-08-17T04:00Z,PANEL_RIGHT,0.00035225,0.0003522500046528876,5e-05,2026-08-17T04:00Z,4.0,4.0,0
ALLUSDT,2026-08-17T04:00Z,PANEL_RIGHT,-0.00023433,-0.0002343300002394244,-0.00043968,2026-08-17T00:00Z,8.0,8.0,14400
ANIMEUSDT,2026-08-17T04:00Z,PANEL_RIGHT,-1.066e-05,-1.0660000043571927e-05,-2.539e-05,2026-08-17T04:00Z,4.0,4.0,0
ASTRUSDT,2026-08-17T04:00Z,PANEL_RIGHT,-0.00011929,-0.00011929000174859539,0.0001,2026-08-17T00:00Z,8.0,8.0,14400
BNTUSDT,2026-08-17T04:00Z,PANEL_RIGHT,-9.467e-05,-9.467000199947506e-05,-0.00013565,2026-08-17T00:00Z,8.0,8.0,14400
BTWUSDT,2026-08-17T04:00Z,PANEL_RIGHT,0.00138721,0.0013872099807485938,0.00079561,2026-08-17T04:00Z,4.0,4.0,0
CAPUSDT,2026-08-17T04:00Z,PANEL_RIGHT,-0.00070862,-0.0007086200057528913,-0.00094881,2026-08-17T04:00Z,4.0,4.0,0
CLANKERUSDT,2026-08-17T04:00Z,PANEL_RIGHT,0.00019773,0.0001977299980353564,5e-05,2026-08-17T04:00Z,4.0,4.0,0
COWUSDT,2026-08-17T04:00Z,PANEL_RIGHT,-0.00130676,-0.0013067600084468722,5e-05,2026-08-17T04:00Z,4.0,4.0,0
CTRUSDT,2026-08-17T04:00Z,PANEL_RIGHT,0.00021881,0.00021881000429857522,0.00020821,2026-08-17T04:00Z,4.0,4.0,0
CYBERUSDT,2026-08-17T04:00Z,PANEL_RIGHT,5e-05,4.999999873689376e-05,2.675e-05,2026-08-17T04:00Z,4.0,4.0,0
DATAIPUSDT,2026-08-17T04:00Z,PANEL_RIGHT,-9.79e-06,-9.790000149223488e-06,-0.00056876,2026-08-17T04:00Z,4.0,4.0,0
FLUXUSDT,2026-08-17T04:00Z,PANEL_RIGHT,4.887e-05,4.886999886366539e-05,5e-05,2026-08-17T04:00Z,4.0,4.0,0
GLMUSDT,2026-08-17T04:00Z,PANEL_RIGHT,-1.611e-05,-1.6109999705804512e-05,5e-05,2026-08-17T04:00Z,4.0,4.0,0
KNCUSDT,2026-08-17T04:00Z,PANEL_RIGHT,-0.00051615,-0.0005161499720998108,-0.00051301,2026-08-17T00:00Z,8.0,8.0,14400
MAVIAUSDT,2026-08-17T04:00Z,PANEL_RIGHT,5e-05,4.999999873689376e-05,0.00055831,2026-08-17T04:00Z,4.0,4.0,0
MTLUSDT,2026-08-17T04:00Z,PANEL_RIGHT,-1.889e-05,-1.888999941002112e-05,-2.079e-05,2026-08-17T00:00Z,8.0,8.0,14400
NMRUSDT,2026-08-17T04:00Z,PANEL_RIGHT,5e-05,4.999999873689376e-05,-0.00021259,2026-08-17T04:00Z,4.0,4.0,0
OGUSDT,2026-08-17T04:00Z,PANEL_RIGHT,5e-05,4.999999873689376e-05,3.615e-05,2026-08-17T04:00Z,4.0,4.0,0
OUSDT,2026-08-17T04:00Z,PANEL_RIGHT,0.00019779,0.00019778999558184296,0.00012714,2026-08-17T04:00Z,4.0,4.0,0
PUMPBTCUSDT,2026-08-17T04:00Z,PANEL_RIGHT,5e-05,4.999999873689376e-05,0.00029844,2026-08-17T04:00Z,4.0,4.0,0
REDUSDT,2026-08-17T04:00Z,PANEL_RIGHT,-3.27e-06,-3.2699999792384915e-06,5e-05,2026-08-17T04:00Z,4.0,4.0,0
REUSDT,2026-08-17T04:00Z,PANEL_RIGHT,5e-05,4.999999873689376e-05,-7.359e-05,2026-08-17T04:00Z,4.0,4.0,0
RPLUSDT,2026-08-17T04:00Z,PANEL_RIGHT,5e-05,4.999999873689376e-05,-4.192e-05,2026-08-17T04:00Z,4.0,4.0,0
SANTOSUSDT,2026-08-17T04:00Z,PANEL_RIGHT,-4.326e-05,-4.3259999074507505e-05,5e-05,2026-08-17T04:00Z,4.0,4.0,0
SONICUSDT,2026-08-17T04:00Z,PANEL_RIGHT,5e-05,4.999999873689376e-05,8.526e-05,2026-08-17T04:00Z,4.0,4.0,0
SPORTFUNUSDT,2026-08-17T04:00Z,PANEL_RIGHT,0.00027899,0.0002789899881463498,5e-05,2026-08-17T04:00Z,4.0,4.0,0
STEEMUSDT,2026-08-17T04:00Z,PANEL_RIGHT,-0.00054686,-0.0005468599847517908,-0.00033742,2026-08-17T04:00Z,4.0,4.0,0
SUPERUSDT,2026-08-17T04:00Z,PANEL_RIGHT,5e-05,4.999999873689376e-05,2.397e-05,2026-08-17T04:00Z,4.0,4.0,0
XVSUSDT,2026-08-17T04:00Z,PANEL_RIGHT,-0.0001247,-0.0001247000036528334,-0.00059901,2026-08-17T00:00Z,8.0,8.0,14400
ZESTUSDT,2026-08-17T04:00Z,PANEL_RIGHT,8.757e-05,8.756999886827543e-05,0.00033801,2026-08-17T04:00Z,4.0,4.0,0
ZRXUSDT,2026-08-17T04:00Z,PANEL_RIGHT,-7.185e-05,-7.185000140452757e-05,-0.00023526,2026-08-17T04:00Z,4.0,4.0,0
1000000BOBUSDT,2026-08-17T08:00Z,PANEL_RIGHT,0.00075991,0.0007599099772050977,5e-05,2026-08-17T08:00Z,4.0,4.0,0
ALLUSDT,2026-08-17T08:00Z,PANEL_RIGHT,-0.00031155,-0.000311549985781312,-0.00043968,2026-08-17T08:00Z,8.0,8.0,0
ANIMEUSDT,2026-08-17T08:00Z,PANEL_RIGHT,-2.833e-05,-2.8329999622656032e-05,-2.539e-05,2026-08-17T08:00Z,4.0,4.0,0
ASTRUSDT,2026-08-17T08:00Z,PANEL_RIGHT,-0.00010888,-0.00010887999815167859,0.0001,2026-08-17T08:00Z,8.0,8.0,0
BANDUSDT,2026-08-17T08:00Z,PANEL_RIGHT,6.536e-05,6.536000000778586e-05,0.0001,2026-08-17T08:00Z,8.0,8.0,0
BNTUSDT,2026-08-17T08:00Z,PANEL_RIGHT,0.0001,9.999999747378752e-05,-0.00013565,2026-08-17T08:00Z,8.0,8.0,0
BTWUSDT,2026-08-17T08:00Z,PANEL_RIGHT,0.00084955,0.0008495500078424811,0.00079561,2026-08-17T08:00Z,4.0,4.0,0
CAPUSDT,2026-08-17T08:00Z,PANEL_RIGHT,-0.00031612,-0.00031611998565495014,-0.00094881,2026-08-17T08:00Z,4.0,4.0,0
CELRUSDT,2026-08-17T08:00Z,PANEL_RIGHT,6.437e-05,6.436999683501199e-05,0.0001,2026-08-17T08:00Z,8.0,8.0,0
CKBUSDT,2026-08-17T08:00Z,PANEL_RIGHT,2.968e-05,2.9680000807275064e-05,0.0001,2026-08-17T08:00Z,8.0,8.0,0
COWUSDT,2026-08-17T08:00Z,PANEL_RIGHT,-0.0018884,-0.0018883999437093735,5e-05,2026-08-17T08:00Z,4.0,4.0,0
CTRUSDT,2026-08-17T08:00Z,PANEL_RIGHT,0.00024516,0.0002451599866617471,0.00020821,2026-08-17T08:00Z,4.0,4.0,0
CYBERUSDT,2026-08-17T08:00Z,PANEL_RIGHT,5e-05,4.999999873689376e-05,2.675e-05,2026-08-17T08:00Z,4.0,4.0,0
DATAIPUSDT,2026-08-17T08:00Z,PANEL_RIGHT,5e-05,4.999999873689376e-05,-0.00056876,2026-08-17T08:00Z,4.0,4.0,0
FLUXUSDT,2026-08-17T08:00Z,PANEL_RIGHT,-7.01e-06,-7.00999999025953e-06,5e-05,2026-08-17T08:00Z,4.0,4.0,0
GLMUSDT,2026-08-17T08:00Z,PANEL_RIGHT,-2.93e-06,-2.9299999368959107e-06,5e-05,2026-08-17T08:00Z,4.0,4.0,0
HIVEUSDT,2026-08-17T08:00Z,PANEL_RIGHT,-4.58e-06,-4.580000222631497e-06,5e-05,2026-08-17T08:00Z,4.0,4.0,0
KNCUSDT,2026-08-17T08:00Z,PANEL_RIGHT,-0.00013136,-0.0001313599932473153,-0.00051301,2026-08-17T08:00Z,8.0,8.0,0
MASKUSDT,2026-08-17T08:00Z,PANEL_RIGHT,-7.154e-05,-7.154000195441768e-05,5e-05,2026-08-17T08:00Z,4.0,4.0,0
MAVIAUSDT,2026-08-17T08:00Z,PANEL_RIGHT,5e-05,4.999999873689376e-05,0.00055831,2026-08-17T08:00Z,4.0,4.0,0
MTLUSDT,2026-08-17T08:00Z,PANEL_RIGHT,0.0001,9.999999747378752e-05,-2.079e-05,2026-08-17T08:00Z,8.0,8.0,0
NMRUSDT,2026-08-17T08:00Z,PANEL_RIGHT,3.597e-05,3.5969998862128705e-05,-0.00021259,2026-08-17T08:00Z,4.0,4.0,0
OGUSDT,2026-08-17T08:00Z,PANEL_RIGHT,5e-05,4.999999873689376e-05,3.615e-05,2026-08-17T08:00Z,4.0,4.0,0
OUSDT,2026-08-17T08:00Z,PANEL_RIGHT,6.265e-05,6.26499968348071e-05,0.00012714,2026-08-17T08:00Z,4.0,4.0,0
PUMPBTCUSDT,2026-08-17T08:00Z,PANEL_RIGHT,9.053e-05,9.052999666891992e-05,0.00029844,2026-08-17T08:00Z,4.0,4.0,0
REDUSDT,2026-08-17T08:00Z,PANEL_RIGHT,-5.403e-05,-5.402999886428006e-05,5e-05,2026-08-17T08:00Z,4.0,4.0,0
REUSDT,2026-08-17T08:00Z,PANEL_RIGHT,5e-05,4.999999873689376e-05,-7.359e-05,2026-08-17T08:00Z,4.0,4.0,0
RPLUSDT,2026-08-17T08:00Z,PANEL_RIGHT,5e-05,4.999999873689376e-05,-4.192e-05,2026-08-17T08:00Z,4.0,4.0,0
SANTOSUSDT,2026-08-17T08:00Z,PANEL_RIGHT,-6.132e-05,-6.132000271463767e-05,5e-05,2026-08-17T08:00Z,4.0,4.0,0
SLPUSDT,2026-08-17T08:00Z,PANEL_RIGHT,-0.00016057,-0.00016056999447755516,5e-05,2026-08-17T08:00Z,4.0,4.0,0
SONICUSDT,2026-08-17T08:00Z,PANEL_RIGHT,5e-05,4.999999873689376e-05,8.526e-05,2026-08-17T08:00Z,4.0,4.0,0
SPORTFUNUSDT,2026-08-17T08:00Z,PANEL_RIGHT,0.00028953,0.0002895299985539168,5e-05,2026-08-17T08:00Z,4.0,4.0,0
STEEMUSDT,2026-08-17T08:00Z,PANEL_RIGHT,-0.00017885,-0.00017884999397210777,-0.00033742,2026-08-17T08:00Z,4.0,4.0,0
SUPERUSDT,2026-08-17T08:00Z,PANEL_RIGHT,5e-05,4.999999873689376e-05,2.397e-05,2026-08-17T08:00Z,4.0,4.0,0
XVSUSDT,2026-08-17T08:00Z,PANEL_RIGHT,1.633e-05,1.632999919820577e-05,-0.00059901,2026-08-17T08:00Z,8.0,8.0,0
ZESTUSDT,2026-08-17T08:00Z,PANEL_RIGHT,0.00016646,0.00016645999858155847,0.00033801,2026-08-17T08:00Z,4.0,4.0,0
ZRXUSDT,2026-08-17T08:00Z,PANEL_RIGHT,5e-05,4.999999873689376e-05,-0.00023526,2026-08-17T08:00Z,4.0,4.0,0
ALLUSDT,2026-08-17T12:00Z,PANEL_RIGHT,-0.00031155,-0.000311549985781312,-0.00043968,2026-08-17T08:00Z,8.0,8.0,14400
ANIMEUSDT,2026-08-17T12:00Z,PANEL_RIGHT,5e-05,4.999999873689376e-05,-2.539e-05,2026-08-17T12:00Z,4.0,4.0,0
ASTRUSDT,2026-08-17T12:00Z,PANEL_RIGHT,-0.00010888,-0.00010887999815167859,0.0001,2026-08-17T08:00Z,8.0,8.0,14400
BANDUSDT,2026-08-17T12:00Z,PANEL_RIGHT,6.536e-05,6.536000000778586e-05,0.0001,2026-08-17T08:00Z,8.0,8.0,14400
BNTUSDT,2026-08-17T12:00Z,PANEL_RIGHT,0.0001,9.999999747378752e-05,-0.00013565,2026-08-17T08:00Z,8.0,8.0,14400
BTWUSDT,2026-08-17T12:00Z,PANEL_RIGHT,0.00053881,0.00053880998166278,0.00079561,2026-08-17T12:00Z,4.0,4.0,0
CAPUSDT,2026-08-17T12:00Z,PANEL_RIGHT,-0.00353896,-0.0035389598924666643,-0.00094881,2026-08-17T12:00Z,4.0,4.0,0
CELRUSDT,2026-08-17T12:00Z,PANEL_RIGHT,6.437e-05,6.436999683501199e-05,0.0001,2026-08-17T08:00Z,8.0,8.0,14400
CKBUSDT,2026-08-17T12:00Z,PANEL_RIGHT,2.968e-05,2.9680000807275064e-05,0.0001,2026-08-17T08:00Z,8.0,8.0,14400
COWUSDT,2026-08-17T12:00Z,PANEL_RIGHT,-0.0014812,-0.0014811999863013625,5e-05,2026-08-17T12:00Z,4.0,4.0,0
CTRUSDT,2026-08-17T12:00Z,PANEL_RIGHT,0.00019066,0.00019065999367740005,0.00020821,2026-08-17T12:00Z,4.0,4.0,0
CYBERUSDT,2026-08-17T12:00Z,PANEL_RIGHT,5e-05,4.999999873689376e-05,2.675e-05,2026-08-17T12:00Z,4.0,4.0,0
DATAIPUSDT,2026-08-17T12:00Z,PANEL_RIGHT,5e-05,4.999999873689376e-05,-0.00056876,2026-08-17T12:00Z,4.0,4.0,0
GRAMUSDT,2026-08-17T12:00Z,PANEL_RIGHT,1.523e-05,1.522999991721008e-05,5e-05,2026-08-17T12:00Z,4.0,4.0,0
HIVEUSDT,2026-08-17T12:00Z,PANEL_RIGHT,3.103e-05,3.102999835391529e-05,5e-05,2026-08-17T12:00Z,4.0,4.0,0
ILVUSDT,2026-08-17T12:00Z,PANEL_RIGHT,-3.618e-05,-3.6180001188768074e-05,5e-05,2026-08-17T12:00Z,4.0,4.0,0
KNCUSDT,2026-08-17T12:00Z,PANEL_RIGHT,-0.00013136,-0.0001313599932473153,-0.00051301,2026-08-17T08:00Z,8.0,8.0,14400
MASKUSDT,2026-08-17T12:00Z,PANEL_RIGHT,-0.00010843,-0.00010843000200111419,5e-05,2026-08-17T12:00Z,4.0,4.0,0
MAVIAUSDT,2026-08-17T12:00Z,PANEL_RIGHT,5e-05,4.999999873689376e-05,0.00055831,2026-08-17T12:00Z,4.0,4.0,0
MTLUSDT,2026-08-17T12:00Z,PANEL_RIGHT,0.0001,9.999999747378752e-05,-2.079e-05,2026-08-17T08:00Z,8.0,8.0,14400
NMRUSDT,2026-08-17T12:00Z,PANEL_RIGHT,5e-05,4.999999873689376e-05,-0.00021259,2026-08-17T12:00Z,4.0,4.0,0
OGUSDT,2026-08-17T12:00Z,PANEL_RIGHT,5e-05,4.999999873689376e-05,3.615e-05,2026-08-17T12:00Z,4.0,4.0,0
OUSDT,2026-08-17T12:00Z,PANEL_RIGHT,5e-05,4.999999873689376e-05,0.00012714,2026-08-17T12:00Z,4.0,4.0,0
PUMPBTCUSDT,2026-08-17T12:00Z,PANEL_RIGHT,5e-05,4.999999873689376e-05,0.00029844,2026-08-17T12:00Z,4.0,4.0,0
REDUSDT,2026-08-17T12:00Z,PANEL_RIGHT,4.365e-05,4.365000131656416e-05,5e-05,2026-08-17T12:00Z,4.0,4.0,0
REUSDT,2026-08-17T12:00Z,PANEL_RIGHT,2.876e-05,2.8759999622707255e-05,-7.359e-05,2026-08-17T12:00Z,4.0,4.0,0
RPLUSDT,2026-08-17T12:00Z,PANEL_RIGHT,5e-05,4.999999873689376e-05,-4.192e-05,2026-08-17T12:00Z,4.0,4.0,0
SANTOSUSDT,2026-08-17T12:00Z,PANEL_RIGHT,-0.000108,-0.00010800000018207356,5e-05,2026-08-17T12:00Z,4.0,4.0,0
SONICUSDT,2026-08-17T12:00Z,PANEL_RIGHT,5e-05,4.999999873689376e-05,8.526e-05,2026-08-17T12:00Z,4.0,4.0,0
SPORTFUNUSDT,2026-08-17T12:00Z,PANEL_RIGHT,8.025e-05,8.024999988265336e-05,5e-05,2026-08-17T12:00Z,4.0,4.0,0
STEEMUSDT,2026-08-17T12:00Z,PANEL_RIGHT,-7.594e-05,-7.593999907840043e-05,-0.00033742,2026-08-17T12:00Z,4.0,4.0,0
SUNUSDT,2026-08-17T12:00Z,PANEL_RIGHT,2.406e-05,2.4060000214376487e-05,5e-05,2026-08-17T12:00Z,4.0,4.0,0
SUPERUSDT,2026-08-17T12:00Z,PANEL_RIGHT,5e-05,4.999999873689376e-05,2.397e-05,2026-08-17T12:00Z,4.0,4.0,0
XVSUSDT,2026-08-17T12:00Z,PANEL_RIGHT,1.633e-05,1.632999919820577e-05,-0.00059901,2026-08-17T08:00Z,8.0,8.0,14400
ZESTUSDT,2026-08-17T12:00Z,PANEL_RIGHT,8.181e-05,8.181000157492235e-05,0.00033801,2026-08-17T12:00Z,4.0,4.0,0
ZRXUSDT,2026-08-17T12:00Z,PANEL_RIGHT,5e-05,4.999999873689376e-05,-0.00023526,2026-08-17T12:00Z,4.0,4.0,0
ALLUSDT,2026-08-17T16:00Z,PANEL_RIGHT,-0.00048423,-0.00048422999680042267,-0.00043968,2026-08-17T16:00Z,8.0,8.0,0
ANIMEUSDT,2026-08-17T16:00Z,PANEL_RIGHT,5e-05,4.999999873689376e-05,-2.539e-05,2026-08-17T16:00Z,4.0,4.0,0
ASTRUSDT,2026-08-17T16:00Z,PANEL_RIGHT,5.032e-05,5.031999899074435e-05,0.0001,2026-08-17T16:00Z,8.0,8.0,0
BNTUSDT,2026-08-17T16:00Z,PANEL_RIGHT,-0.00024202,-0.00024202000349760056,-0.00013565,2026-08-17T16:00Z,8.0,8.0,0
BTWUSDT,2026-08-17T16:00Z,PANEL_RIGHT,0.00032586,0.00032585998997092247,0.00079561,2026-08-17T16:00Z,4.0,4.0,0
CAPUSDT,2026-08-17T16:00Z,PANEL_RIGHT,-0.00245295,-0.002452949993312359,-0.00094881,2026-08-17T16:00Z,4.0,4.0,0
CELRUSDT,2026-08-17T16:00Z,PANEL_RIGHT,8.125e-05,8.125000022118911e-05,0.0001,2026-08-17T16:00Z,8.0,8.0,0
COWUSDT,2026-08-17T16:00Z,PANEL_RIGHT,-0.0019269,-0.0019269000040367246,5e-05,2026-08-17T16:00Z,4.0,4.0,0
CTRUSDT,2026-08-17T16:00Z,PANEL_RIGHT,5e-05,4.999999873689376e-05,0.00020821,2026-08-17T16:00Z,4.0,4.0,0
CYBERUSDT,2026-08-17T16:00Z,PANEL_RIGHT,5e-05,4.999999873689376e-05,2.675e-05,2026-08-17T16:00Z,4.0,4.0,0
DATAIPUSDT,2026-08-17T16:00Z,PANEL_RIGHT,5e-05,4.999999873689376e-05,-0.00056876,2026-08-17T16:00Z,4.0,4.0,0
FLUXUSDT,2026-08-17T16:00Z,PANEL_RIGHT,4.548e-05,4.5479999243980274e-05,5e-05,2026-08-17T16:00Z,4.0,4.0,0
GLMUSDT,2026-08-17T16:00Z,PANEL_RIGHT,1.871e-05,1.8709999494603835e-05,5e-05,2026-08-17T16:00Z,4.0,4.0,0
GRAMUSDT,2026-08-17T16:00Z,PANEL_RIGHT,-3.43e-06,-3.4300001061637886e-06,5e-05,2026-08-17T16:00Z,4.0,4.0,0
HIVEUSDT,2026-08-17T16:00Z,PANEL_RIGHT,2.332e-05,2.3320000764215365e-05,5e-05,2026-08-17T16:00Z,4.0,4.0,0
ILVUSDT,2026-08-17T16:00Z,PANEL_RIGHT,1.083e-05,1.0830000064743217e-05,5e-05,2026-08-17T16:00Z,4.0,4.0,0
KNCUSDT,2026-08-17T16:00Z,PANEL_RIGHT,-0.00034544,-0.00034543999936431646,-0.00051301,2026-08-17T16:00Z,8.0,8.0,0
MASKUSDT,2026-08-17T16:00Z,PANEL_RIGHT,-2.115e-05,-2.114999915647786e-05,5e-05,2026-08-17T16:00Z,4.0,4.0,0
MAVIAUSDT,2026-08-17T16:00Z,PANEL_RIGHT,5e-05,4.999999873689376e-05,0.00055831,2026-08-17T16:00Z,4.0,4.0,0
MTLUSDT,2026-08-17T16:00Z,PANEL_RIGHT,2.84e-05,2.8399999791872688e-05,-2.079e-05,2026-08-17T16:00Z,8.0,8.0,0
NMRUSDT,2026-08-17T16:00Z,PANEL_RIGHT,5e-05,4.999999873689376e-05,-0.00021259,2026-08-17T16:00Z,4.0,4.0,0
OGUSDT,2026-08-17T16:00Z,PANEL_RIGHT,5e-05,4.999999873689376e-05,3.615e-05,2026-08-17T16:00Z,4.0,4.0,0
OUSDT,2026-08-17T16:00Z,PANEL_RIGHT,9.253e-05,9.252999734599143e-05,0.00012714,2026-08-17T16:00Z,4.0,4.0,0
PUMPBTCUSDT,2026-08-17T16:00Z,PANEL_RIGHT,5e-05,4.999999873689376e-05,0.00029844,2026-08-17T16:00Z,4.0,4.0,0
REDUSDT,2026-08-17T16:00Z,PANEL_RIGHT,2.094e-05,2.09400004678173e-05,5e-05,2026-08-17T16:00Z,4.0,4.0,0
REUSDT,2026-08-17T16:00Z,PANEL_RIGHT,-5.489e-05,-5.4889998864382505e-05,-7.359e-05,2026-08-17T16:00Z,4.0,4.0,0
RPLUSDT,2026-08-17T16:00Z,PANEL_RIGHT,4.12e-05,4.1200000850949436e-05,-4.192e-05,2026-08-17T16:00Z,4.0,4.0,0
SANTOSUSDT,2026-08-17T16:00Z,PANEL_RIGHT,1.012e-05,1.0120000297320075e-05,5e-05,2026-08-17T16:00Z,4.0,4.0,0
SONICUSDT,2026-08-17T16:00Z,PANEL_RIGHT,5e-05,4.999999873689376e-05,8.526e-05,2026-08-17T16:00Z,4.0,4.0,0
SPORTFUNUSDT,2026-08-17T16:00Z,PANEL_RIGHT,9.799e-05,9.798999963095412e-05,5e-05,2026-08-17T16:00Z,4.0,4.0,0
STEEMUSDT,2026-08-17T16:00Z,PANEL_RIGHT,-8.021e-05,-8.020999666769058e-05,-0.00033742,2026-08-17T16:00Z,4.0,4.0,0
SUNUSDT,2026-08-17T16:00Z,PANEL_RIGHT,-8.466e-05,-8.466000144835562e-05,5e-05,2026-08-17T16:00Z,4.0,4.0,0
SUPERUSDT,2026-08-17T16:00Z,PANEL_RIGHT,5e-05,4.999999873689376e-05,2.397e-05,2026-08-17T16:00Z,4.0,4.0,0
XVSUSDT,2026-08-17T16:00Z,PANEL_RIGHT,-0.00058929,-0.0005892899935133755,-0.00059901,2026-08-17T16:00Z,8.0,8.0,0
ZESTUSDT,2026-08-17T16:00Z,PANEL_RIGHT,5e-05,4.999999873689376e-05,0.00033801,2026-08-17T16:00Z,4.0,4.0,0
ZRXUSDT,2026-08-17T16:00Z,PANEL_RIGHT,2.709e-05,2.7090000003227033e-05,-0.00023526,2026-08-17T16:00Z,4.0,4.0,0
1000000BOBUSDT,2026-08-17T20:00Z,PANEL_RIGHT,0.00084942,0.0008494199719280005,5e-05,2026-08-17T20:00Z,4.0,4.0,0
ALLUSDT,2026-08-17T20:00Z,PANEL_RIGHT,-0.00048423,-0.00048422999680042267,-0.00043968,2026-08-17T16:00Z,8.0,8.0,14400
ANIMEUSDT,2026-08-17T20:00Z,PANEL_RIGHT,-8.197e-05,-8.196999988285825e-05,-2.539e-05,2026-08-17T20:00Z,4.0,4.0,0
ASTRUSDT,2026-08-17T20:00Z,PANEL_RIGHT,5.032e-05,5.031999899074435e-05,0.0001,2026-08-17T16:00Z,8.0,8.0,14400
AXLUSDT,2026-08-17T20:00Z,PANEL_RIGHT,2.28e-05,2.28000008064555e-05,5e-05,2026-08-17T20:00Z,4.0,4.0,0
BNTUSDT,2026-08-17T20:00Z,PANEL_RIGHT,-0.00024202,-0.00024202000349760056,-0.00013565,2026-08-17T16:00Z,8.0,8.0,14400
BTWUSDT,2026-08-17T20:00Z,PANEL_RIGHT,0.00030426,0.0003042600001208484,0.00079561,2026-08-17T20:00Z,4.0,4.0,0
CAPUSDT,2026-08-17T20:00Z,PANEL_RIGHT,-0.001084,-0.0010839999886229634,-0.00094881,2026-08-17T20:00Z,4.0,4.0,0
CELRUSDT,2026-08-17T20:00Z,PANEL_RIGHT,8.125e-05,8.125000022118911e-05,0.0001,2026-08-17T16:00Z,8.0,8.0,14400
CLANKERUSDT,2026-08-17T20:00Z,PANEL_RIGHT,0.00020338,0.00020337999740149826,5e-05,2026-08-17T20:00Z,4.0,4.0,0
COWUSDT,2026-08-17T20:00Z,PANEL_RIGHT,-0.00200005,-0.0020000499207526445,5e-05,2026-08-17T20:00Z,4.0,4.0,0
CTKUSDT,2026-08-17T20:00Z,PANEL_RIGHT,-4.303e-05,-4.302999877836555e-05,5e-05,2026-08-17T20:00Z,4.0,4.0,0
CTRUSDT,2026-08-17T20:00Z,PANEL_RIGHT,5e-05,4.999999873689376e-05,0.00020821,2026-08-17T20:00Z,4.0,4.0,0
CYBERUSDT,2026-08-17T20:00Z,PANEL_RIGHT,5e-05,4.999999873689376e-05,2.675e-05,2026-08-17T20:00Z,4.0,4.0,0
DATAIPUSDT,2026-08-17T20:00Z,PANEL_RIGHT,-0.00134414,-0.0013441400369629264,-0.00056876,2026-08-17T20:00Z,4.0,4.0,0
FLUXUSDT,2026-08-17T20:00Z,PANEL_RIGHT,-4.47e-06,-4.470000021683518e-06,5e-05,2026-08-17T20:00Z,4.0,4.0,0
GLMUSDT,2026-08-17T20:00Z,PANEL_RIGHT,-4.448e-05,-4.447999890544452e-05,5e-05,2026-08-17T20:00Z,4.0,4.0,0
GRAMUSDT,2026-08-17T20:00Z,PANEL_RIGHT,-1.646e-05,-1.6460000551887788e-05,5e-05,2026-08-17T20:00Z,4.0,4.0,0
HIVEUSDT,2026-08-17T20:00Z,PANEL_RIGHT,3.74e-05,3.740000101970509e-05,5e-05,2026-08-17T20:00Z,4.0,4.0,0
ILVUSDT,2026-08-17T20:00Z,PANEL_RIGHT,-0.00020435,-0.00020434999896679074,5e-05,2026-08-17T20:00Z,4.0,4.0,0
KNCUSDT,2026-08-17T20:00Z,PANEL_RIGHT,-0.00034544,-0.00034543999936431646,-0.00051301,2026-08-17T16:00Z,8.0,8.0,14400
MAVIAUSDT,2026-08-17T20:00Z,PANEL_RIGHT,5e-05,4.999999873689376e-05,0.00055831,2026-08-17T20:00Z,4.0,4.0,0
MTLUSDT,2026-08-17T20:00Z,PANEL_RIGHT,2.84e-05,2.8399999791872688e-05,-2.079e-05,2026-08-17T16:00Z,8.0,8.0,14400
NMRUSDT,2026-08-17T20:00Z,PANEL_RIGHT,3.806e-05,3.805999949690886e-05,-0.00021259,2026-08-17T20:00Z,4.0,4.0,0
OGUSDT,2026-08-17T20:00Z,PANEL_RIGHT,5e-05,4.999999873689376e-05,3.615e-05,2026-08-17T20:00Z,4.0,4.0,0
OUSDT,2026-08-17T20:00Z,PANEL_RIGHT,5e-05,4.999999873689376e-05,0.00012714,2026-08-17T20:00Z,4.0,4.0,0
PUMPBTCUSDT,2026-08-17T20:00Z,PANEL_RIGHT,5e-05,4.999999873689376e-05,0.00029844,2026-08-17T20:00Z,4.0,4.0,0
REDUSDT,2026-08-17T20:00Z,PANEL_RIGHT,3.355e-05,3.355000080773607e-05,5e-05,2026-08-17T20:00Z,4.0,4.0,0
REUSDT,2026-08-17T20:00Z,PANEL_RIGHT,-1.391e-05,-1.3910000234318431e-05,-7.359e-05,2026-08-17T20:00Z,4.0,4.0,0
RPLUSDT,2026-08-17T20:00Z,PANEL_RIGHT,5e-05,4.999999873689376e-05,-4.192e-05,2026-08-17T20:00Z,4.0,4.0,0
SANTOSUSDT,2026-08-17T20:00Z,PANEL_RIGHT,1.135e-05,1.1350000022503082e-05,5e-05,2026-08-17T20:00Z,4.0,4.0,0
SLPUSDT,2026-08-17T20:00Z,PANEL_RIGHT,-1.448e-05,-1.4479999663308263e-05,5e-05,2026-08-17T20:00Z,4.0,4.0,0
SONICUSDT,2026-08-17T20:00Z,PANEL_RIGHT,5e-05,4.999999873689376e-05,8.526e-05,2026-08-17T20:00Z,4.0,4.0,0
SPORTFUNUSDT,2026-08-17T20:00Z,PANEL_RIGHT,0.00039436,0.0003943599876947701,5e-05,2026-08-17T20:00Z,4.0,4.0,0
STEEMUSDT,2026-08-17T20:00Z,PANEL_RIGHT,-0.00038268,-0.00038268000935204327,-0.00033742,2026-08-17T20:00Z,4.0,4.0,0
SUPERUSDT,2026-08-17T20:00Z,PANEL_RIGHT,4.768e-05,4.768000144395046e-05,2.397e-05,2026-08-17T20:00Z,4.0,4.0,0
XVSUSDT,2026-08-17T20:00Z,PANEL_RIGHT,-0.00058929,-0.0005892899935133755,-0.00059901,2026-08-17T16:00Z,8.0,8.0,14400
ZESTUSDT,2026-08-17T20:00Z,PANEL_RIGHT,5e-05,4.999999873689376e-05,0.00033801,2026-08-17T20:00Z,4.0,4.0,0
ZRXUSDT,2026-08-17T20:00Z,PANEL_RIGHT,-7.049e-05,-7.049000123515725e-05,-0.00023526,2026-08-17T20:00Z,4.0,4.0,0
ALLUSDT,2026-08-18T00:00Z,PANEL_RIGHT,-0.0002649,-0.0002649000089149922,-0.00043968,2026-08-18T00:00Z,8.0,8.0,0
ANIMEUSDT,2026-08-18T00:00Z,PANEL_RIGHT,-1.781e-05,-1.7809999917517416e-05,-2.539e-05,2026-08-18T00:00Z,4.0,4.0,0
AXLUSDT,2026-08-18T00:00Z,PANEL_RIGHT,2.523e-05,2.522999966458883e-05,5e-05,2026-08-18T00:00Z,4.0,4.0,0
BANDUSDT,2026-08-18T00:00Z,PANEL_RIGHT,7.319e-05,7.318999996641651e-05,0.0001,2026-08-18T00:00Z,8.0,8.0,0
BNTUSDT,2026-08-18T00:00Z,PANEL_RIGHT,0.0001,9.999999747378752e-05,-0.00013565,2026-08-18T00:00Z,8.0,8.0,0
BTWUSDT,2026-08-18T00:00Z,PANEL_RIGHT,0.00031155,0.000311549985781312,0.00079561,2026-08-18T00:00Z,4.0,4.0,0
CAPUSDT,2026-08-18T00:00Z,PANEL_RIGHT,-0.00042552,-0.00042552000377327204,-0.00094881,2026-08-18T00:00Z,4.0,4.0,0
CELRUSDT,2026-08-18T00:00Z,PANEL_RIGHT,9.364e-05,9.364000288769603e-05,0.0001,2026-08-18T00:00Z,8.0,8.0,0
CKBUSDT,2026-08-18T00:00Z,PANEL_RIGHT,-9.182e-05,-9.18200021260418e-05,0.0001,2026-08-18T00:00Z,8.0,8.0,0
CLANKERUSDT,2026-08-18T00:00Z,PANEL_RIGHT,0.00022956,0.00022955999884288758,5e-05,2026-08-18T00:00Z,4.0,4.0,0
COWUSDT,2026-08-18T00:00Z,PANEL_RIGHT,-0.00229246,-0.00229246006347239,5e-05,2026-08-18T00:00Z,4.0,4.0,0
CTRUSDT,2026-08-18T00:00Z,PANEL_RIGHT,5e-05,4.999999873689376e-05,0.00020821,2026-08-18T00:00Z,4.0,4.0,0
CYBERUSDT,2026-08-18T00:00Z,PANEL_RIGHT,5e-05,4.999999873689376e-05,2.675e-05,2026-08-18T00:00Z,4.0,4.0,0
DATAIPUSDT,2026-08-18T00:00Z,PANEL_RIGHT,-0.00139006,-0.001390059944242239,-0.00056876,2026-08-18T00:00Z,4.0,4.0,0
FLUXUSDT,2026-08-18T00:00Z,PANEL_RIGHT,-7.775e-05,-7.775000267429277e-05,5e-05,2026-08-18T00:00Z,4.0,4.0,0
GRAMUSDT,2026-08-18T00:00Z,PANEL_RIGHT,-5.162e-05,-5.162000161362812e-05,5e-05,2026-08-18T00:00Z,4.0,4.0,0
KNCUSDT,2026-08-18T00:00Z,PANEL_RIGHT,-0.00054039,-0.0005403900286182761,-0.00051301,2026-08-18T00:00Z,8.0,8.0,0
MAVIAUSDT,2026-08-18T00:00Z,PANEL_RIGHT,5e-05,4.999999873689376e-05,0.00055831,2026-08-18T00:00Z,4.0,4.0,0
MTLUSDT,2026-08-18T00:00Z,PANEL_RIGHT,0.0001,9.999999747378752e-05,-2.079e-05,2026-08-18T00:00Z,8.0,8.0,0
NMRUSDT,2026-08-18T00:00Z,PANEL_RIGHT,5e-05,4.999999873689376e-05,-0.00021259,2026-08-18T00:00Z,4.0,4.0,0
OGUSDT,2026-08-18T00:00Z,PANEL_RIGHT,5e-05,4.999999873689376e-05,3.615e-05,2026-08-18T00:00Z,4.0,4.0,0
OUSDT,2026-08-18T00:00Z,PANEL_RIGHT,5e-05,4.999999873689376e-05,0.00012714,2026-08-18T00:00Z,4.0,4.0,0
PUMPBTCUSDT,2026-08-18T00:00Z,PANEL_RIGHT,5e-05,4.999999873689376e-05,0.00029844,2026-08-18T00:00Z,4.0,4.0,0
PUNDIXUSDT,2026-08-18T00:00Z,PANEL_RIGHT,1.783e-05,1.7829999706009403e-05,5e-05,2026-08-18T00:00Z,4.0,4.0,0
REUSDT,2026-08-18T00:00Z,PANEL_RIGHT,-3.099e-05,-3.0989998776931316e-05,-7.359e-05,2026-08-18T00:00Z,4.0,4.0,0
RPLUSDT,2026-08-18T00:00Z,PANEL_RIGHT,-0.00014433,-0.00014432999887503684,-4.192e-05,2026-08-18T00:00Z,4.0,4.0,0
SANTOSUSDT,2026-08-18T00:00Z,PANEL_RIGHT,-5.773e-05,-5.773000157205388e-05,5e-05,2026-08-18T00:00Z,4.0,4.0,0
SLPUSDT,2026-08-18T00:00Z,PANEL_RIGHT,-8.791e-05,-8.790999709162861e-05,5e-05,2026-08-18T00:00Z,4.0,4.0,0
SONICUSDT,2026-08-18T00:00Z,PANEL_RIGHT,5e-05,4.999999873689376e-05,8.526e-05,2026-08-18T00:00Z,4.0,4.0,0
SPORTFUNUSDT,2026-08-18T00:00Z,PANEL_RIGHT,0.00032853,0.0003285300044808537,5e-05,2026-08-18T00:00Z,4.0,4.0,0
STEEMUSDT,2026-08-18T00:00Z,PANEL_RIGHT,-0.00025199,-0.000251989986281842,-0.00033742,2026-08-18T00:00Z,4.0,4.0,0
SUPERUSDT,2026-08-18T00:00Z,PANEL_RIGHT,5e-05,4.999999873689376e-05,2.397e-05,2026-08-18T00:00Z,4.0,4.0,0
XVSUSDT,2026-08-18T00:00Z,PANEL_RIGHT,-0.00025743,-0.0002574299869593233,-0.00059901,2026-08-18T00:00Z,8.0,8.0,0
ZESTUSDT,2026-08-18T00:00Z,PANEL_RIGHT,5e-05,4.999999873689376e-05,0.00033801,2026-08-18T00:00Z,4.0,4.0,0
ZRXUSDT,2026-08-18T00:00Z,PANEL_RIGHT,3.674e-05,3.673999890452251e-05,-0.00023526,2026-08-18T00:00Z,4.0,4.0,0
ALLUSDT,2026-08-18T04:00Z,PANEL_RIGHT,-0.0002649,-0.0002649000089149922,-0.00043968,2026-08-18T00:00Z,8.0,8.0,14400
ANIMEUSDT,2026-08-18T04:00Z,PANEL_RIGHT,3.473e-05,3.473000106168911e-05,-2.539e-05,2026-08-18T04:00Z,4.0,4.0,0
AXLUSDT,2026-08-18T04:00Z,PANEL_RIGHT,-0.0001587,-0.00015870000061113387,5e-05,2026-08-18T04:00Z,4.0,4.0,0
BANDUSDT,2026-08-18T04:00Z,PANEL_RIGHT,7.319e-05,7.318999996641651e-05,0.0001,2026-08-18T00:00Z,8.0,8.0,14400
BNTUSDT,2026-08-18T04:00Z,PANEL_RIGHT,0.0001,9.999999747378752e-05,-0.00013565,2026-08-18T00:00Z,8.0,8.0,14400
BTWUSDT,2026-08-18T04:00Z,PANEL_RIGHT,0.00035799,0.0003579900076147169,0.00079561,2026-08-18T04:00Z,4.0,4.0,0
CAPUSDT,2026-08-18T04:00Z,PANEL_RIGHT,-0.00068445,-0.0006844499730505049,-0.00094881,2026-08-18T04:00Z,4.0,4.0,0
CELRUSDT,2026-08-18T04:00Z,PANEL_RIGHT,9.364e-05,9.364000288769603e-05,0.0001,2026-08-18T00:00Z,8.0,8.0,14400
CKBUSDT,2026-08-18T04:00Z,PANEL_RIGHT,-9.182e-05,-9.18200021260418e-05,0.0001,2026-08-18T00:00Z,8.0,8.0,14400
COWUSDT,2026-08-18T04:00Z,PANEL_RIGHT,-0.00193016,-0.0019301599822938442,5e-05,2026-08-18T04:00Z,4.0,4.0,0
CTRUSDT,2026-08-18T04:00Z,PANEL_RIGHT,5e-05,4.999999873689376e-05,0.00020821,2026-08-18T04:00Z,4.0,4.0,0
CYBERUSDT,2026-08-18T04:00Z,PANEL_RIGHT,-1.379e-05,-1.3789999684377108e-05,2.675e-05,2026-08-18T04:00Z,4.0,4.0,0
DATAIPUSDT,2026-08-18T04:00Z,PANEL_RIGHT,-0.00108558,-0.0010855799773707986,-0.00056876,2026-08-18T04:00Z,4.0,4.0,0
GLMUSDT,2026-08-18T04:00Z,PANEL_RIGHT,-0.00019167,-0.0001916699984576553,5e-05,2026-08-18T04:00Z,4.0,4.0,0
HIVEUSDT,2026-08-18T04:00Z,PANEL_RIGHT,-7.9e-06,-7.900000127847306e-06,5e-05,2026-08-18T04:00Z,4.0,4.0,0
KNCUSDT,2026-08-18T04:00Z,PANEL_RIGHT,-0.00054039,-0.0005403900286182761,-0.00051301,2026-08-18T00:00Z,8.0,8.0,14400
MASKUSDT,2026-08-18T04:00Z,PANEL_RIGHT,-5.919e-05,-5.918999886489473e-05,5e-05,2026-08-18T04:00Z,4.0,4.0,0
MAVIAUSDT,2026-08-18T04:00Z,PANEL_RIGHT,5e-05,4.999999873689376e-05,0.00055831,2026-08-18T04:00Z,4.0,4.0,0
MTLUSDT,2026-08-18T04:00Z,PANEL_RIGHT,0.0001,9.999999747378752e-05,-2.079e-05,2026-08-18T00:00Z,8.0,8.0,14400
NMRUSDT,2026-08-18T04:00Z,PANEL_RIGHT,-0.00025878,-0.00025877999723888934,-0.00021259,2026-08-18T04:00Z,4.0,4.0,0
OGUSDT,2026-08-18T04:00Z,PANEL_RIGHT,5e-05,4.999999873689376e-05,3.615e-05,2026-08-18T04:00Z,4.0,4.0,0
OUSDT,2026-08-18T04:00Z,PANEL_RIGHT,5e-05,4.999999873689376e-05,0.00012714,2026-08-18T04:00Z,4.0,4.0,0
POLYXUSDT,2026-08-18T04:00Z,PANEL_RIGHT,-4.256e-05,-4.256000102031976e-05,5e-05,2026-08-18T04:00Z,4.0,4.0,0
PUMPBTCUSDT,2026-08-18T04:00Z,PANEL_RIGHT,5e-05,4.999999873689376e-05,0.00029844,2026-08-18T04:00Z,4.0,4.0,0
PUNDIXUSDT,2026-08-18T04:00Z,PANEL_RIGHT,-0.00011206,-0.00011205999908270314,5e-05,2026-08-18T04:00Z,4.0,4.0,0
REUSDT,2026-08-18T04:00Z,PANEL_RIGHT,-1.772e-05,-1.7719999959808774e-05,-7.359e-05,2026-08-18T04:00Z,4.0,4.0,0
RPLUSDT,2026-08-18T04:00Z,PANEL_RIGHT,5e-05,4.999999873689376e-05,-4.192e-05,2026-08-18T04:00Z,4.0,4.0,0
SANTOSUSDT,2026-08-18T04:00Z,PANEL_RIGHT,-4.273e-05,-4.273000013199635e-05,5e-05,2026-08-18T04:00Z,4.0,4.0,0
SLPUSDT,2026-08-18T04:00Z,PANEL_RIGHT,3.391e-05,3.3910000638570637e-05,5e-05,2026-08-18T04:00Z,4.0,4.0,0
SONICUSDT,2026-08-18T04:00Z,PANEL_RIGHT,8.634e-05,8.633999823359773e-05,8.526e-05,2026-08-18T04:00Z,4.0,4.0,0
SPORTFUNUSDT,2026-08-18T04:00Z,PANEL_RIGHT,6.131e-05,6.130999827291816e-05,5e-05,2026-08-18T04:00Z,4.0,4.0,0
STEEMUSDT,2026-08-18T04:00Z,PANEL_RIGHT,-0.00029452,-0.0002945199958048761,-0.00033742,2026-08-18T04:00Z,4.0,4.0,0
SUNUSDT,2026-08-18T04:00Z,PANEL_RIGHT,1.38e-06,1.3799999578623101e-06,5e-05,2026-08-18T04:00Z,4.0,4.0,0
SUPERUSDT,2026-08-18T04:00Z,PANEL_RIGHT,1.019e-05,1.0189999557042029e-05,2.397e-05,2026-08-18T04:00Z,4.0,4.0,0
VTHOUSDT,2026-08-18T04:00Z,PANEL_RIGHT,-4.572e-05,-4.572000034386292e-05,5e-05,2026-08-18T04:00Z,4.0,4.0,0
WCTUSDT,2026-08-18T04:00Z,PANEL_RIGHT,7.2e-06,7.199999799922807e-06,5e-05,2026-08-18T04:00Z,4.0,4.0,0
XVSUSDT,2026-08-18T04:00Z,PANEL_RIGHT,-0.00025743,-0.0002574299869593233,-0.00059901,2026-08-18T00:00Z,8.0,8.0,14400
ZESTUSDT,2026-08-18T04:00Z,PANEL_RIGHT,7.805e-05,7.804999768268317e-05,0.00033801,2026-08-18T04:00Z,4.0,4.0,0
ZRXUSDT,2026-08-18T04:00Z,PANEL_RIGHT,-7.129e-05,-7.129000005079433e-05,-0.00023526,2026-08-18T04:00Z,4.0,4.0,0
ALLUSDT,2026-08-18T08:00Z,PANEL_RIGHT,-0.00025166,-0.00025166000705212355,-0.00043968,2026-08-18T08:00Z,8.0,8.0,0
ANIMEUSDT,2026-08-18T08:00Z,PANEL_RIGHT,2.022e-05,2.0220000806148164e-05,-2.539e-05,2026-08-18T08:00Z,4.0,4.0,0
ASTRUSDT,2026-08-18T08:00Z,PANEL_RIGHT,9.928e-05,9.927999781211838e-05,0.0001,2026-08-18T08:00Z,8.0,8.0,0
BNTUSDT,2026-08-18T08:00Z,PANEL_RIGHT,-0.0004258,-0.00042580001172609627,-0.00013565,2026-08-18T08:00Z,8.0,8.0,0
BTWUSDT,2026-08-18T08:00Z,PANEL_RIGHT,0.00037716,0.0003771600022446364,0.00079561,2026-08-18T08:00Z,4.0,4.0,0
CAPUSDT,2026-08-18T08:00Z,PANEL_RIGHT,-0.00035887,-0.0003588699910324067,-0.00094881,2026-08-18T08:00Z,4.0,4.0,0
CLANKERUSDT,2026-08-18T08:00Z,PANEL_RIGHT,0.00048395,0.00048394998884759843,5e-05,2026-08-18T08:00Z,4.0,4.0,0
COWUSDT,2026-08-18T08:00Z,PANEL_RIGHT,-0.00117954,-0.001179539947770536,5e-05,2026-08-18T08:00Z,4.0,4.0,0
CTRUSDT,2026-08-18T08:00Z,PANEL_RIGHT,5e-05,4.999999873689376e-05,0.00020821,2026-08-18T08:00Z,4.0,4.0,0
CYBERUSDT,2026-08-18T08:00Z,PANEL_RIGHT,5e-05,4.999999873689376e-05,2.675e-05,2026-08-18T08:00Z,4.0,4.0,0
DATAIPUSDT,2026-08-18T08:00Z,PANEL_RIGHT,-0.00056068,-0.0005606799968518317,-0.00056876,2026-08-18T08:00Z,4.0,4.0,0
FLUXUSDT,2026-08-18T08:00Z,PANEL_RIGHT,4.68e-05,4.6799999836366624e-05,5e-05,2026-08-18T08:00Z,4.0,4.0,0
GLMUSDT,2026-08-18T08:00Z,PANEL_RIGHT,1.822e-05,1.8220000129076652e-05,5e-05,2026-08-18T08:00Z,4.0,4.0,0
GRVTUSDT,2026-08-18T08:00Z,PANEL_RIGHT,6.848e-05,6.848000339232385e-05,5e-05,2026-08-18T08:00Z,4.0,4.0,0
HIVEUSDT,2026-08-18T08:00Z,PANEL_RIGHT,3.575e-05,3.574999936972745e-05,5e-05,2026-08-18T08:00Z,4.0,4.0,0
ICXUSDT,2026-08-18T08:00Z,PANEL_RIGHT,3.395e-05,3.395000021555461e-05,5e-05,2026-08-18T08:00Z,4.0,4.0,0
KNCUSDT,2026-08-18T08:00Z,PANEL_RIGHT,0.0001,9.999999747378752e-05,-0.00051301,2026-08-18T08:00Z,8.0,8.0,0
MASKUSDT,2026-08-18T08:00Z,PANEL_RIGHT,3.603e-05,3.603000004659407e-05,5e-05,2026-08-18T08:00Z,4.0,4.0,0
MAVIAUSDT,2026-08-18T08:00Z,PANEL_RIGHT,5e-05,4.999999873689376e-05,0.00055831,2026-08-18T08:00Z,4.0,4.0,0
MEWUSDT,2026-08-18T08:00Z,PANEL_RIGHT,1.77e-06,1.7700000398690463e-06,5e-05,2026-08-18T08:00Z,4.0,4.0,0
MTLUSDT,2026-08-18T08:00Z,PANEL_RIGHT,0.0001,9.999999747378752e-05,-2.079e-05,2026-08-18T08:00Z,8.0,8.0,0
NMRUSDT,2026-08-18T08:00Z,PANEL_RIGHT,5e-05,4.999999873689376e-05,-0.00021259,2026-08-18T08:00Z,4.0,4.0,0
OGUSDT,2026-08-18T08:00Z,PANEL_RIGHT,5e-05,4.999999873689376e-05,3.615e-05,2026-08-18T08:00Z,4.0,4.0,0
OUSDT,2026-08-18T08:00Z,PANEL_RIGHT,5e-05,4.999999873689376e-05,0.00012714,2026-08-18T08:00Z,4.0,4.0,0
PUMPBTCUSDT,2026-08-18T08:00Z,PANEL_RIGHT,5e-05,4.999999873689376e-05,0.00029844,2026-08-18T08:00Z,4.0,4.0,0
RAYSOLUSDT,2026-08-18T08:00Z,PANEL_RIGHT,2.435e-05,2.43499998759944e-05,5e-05,2026-08-18T08:00Z,4.0,4.0,0
REDUSDT,2026-08-18T08:00Z,PANEL_RIGHT,-0.00312652,-0.003126519965007901,5e-05,2026-08-18T08:00Z,4.0,4.0,0
REUSDT,2026-08-18T08:00Z,PANEL_RIGHT,5.47e-06,5.469999905471923e-06,-7.359e-05,2026-08-18T08:00Z,4.0,4.0,0
RPLUSDT,2026-08-18T08:00Z,PANEL_RIGHT,5e-05,4.999999873689376e-05,-4.192e-05,2026-08-18T08:00Z,4.0,4.0,0
SLPUSDT,2026-08-18T08:00Z,PANEL_RIGHT,-0.00016745,-0.00016744999447837472,5e-05,2026-08-18T08:00Z,4.0,4.0,0
SONICUSDT,2026-08-18T08:00Z,PANEL_RIGHT,6.48e-05,6.479999865405262e-05,8.526e-05,2026-08-18T08:00Z,4.0,4.0,0
STEEMUSDT,2026-08-18T08:00Z,PANEL_RIGHT,4.361e-05,4.3610001739580184e-05,-0.00033742,2026-08-18T08:00Z,4.0,4.0,0
SUNUSDT,2026-08-18T08:00Z,PANEL_RIGHT,-0.0001006,-0.00010060000204248354,5e-05,2026-08-18T08:00Z,4.0,4.0,0
SUPERUSDT,2026-08-18T08:00Z,PANEL_RIGHT,5e-05,4.999999873689376e-05,2.397e-05,2026-08-18T08:00Z,4.0,4.0,0
XVSUSDT,2026-08-18T08:00Z,PANEL_RIGHT,-0.00046409,-0.00046409000060521066,-0.00059901,2026-08-18T08:00Z,8.0,8.0,0
ZESTUSDT,2026-08-18T08:00Z,PANEL_RIGHT,5e-05,4.999999873689376e-05,0.00033801,2026-08-18T08:00Z,4.0,4.0,0
ZRXUSDT,2026-08-18T08:00Z,PANEL_RIGHT,5e-05,4.999999873689376e-05,-0.00023526,2026-08-18T08:00Z,4.0,4.0,0
ALLUSDT,2026-08-18T12:00Z,PANEL_RIGHT,-0.00025166,-0.00025166000705212355,-0.00043968,2026-08-18T08:00Z,8.0,8.0,14400
ANIMEUSDT,2026-08-18T12:00Z,PANEL_RIGHT,5e-05,4.999999873689376e-05,-2.539e-05,2026-08-18T12:00Z,4.0,4.0,0
ASTRUSDT,2026-08-18T12:00Z,PANEL_RIGHT,9.928e-05,9.927999781211838e-05,0.0001,2026-08-18T08:00Z,8.0,8.0,14400
BNTUSDT,2026-08-18T12:00Z,PANEL_RIGHT,-0.0004258,-0.00042580001172609627,-0.00013565,2026-08-18T08:00Z,8.0,8.0,14400
BTWUSDT,2026-08-18T12:00Z,PANEL_RIGHT,0.00021912,0.00021912000374868512,0.00079561,2026-08-18T12:00Z,4.0,4.0,0
CAPUSDT,2026-08-18T12:00Z,PANEL_RIGHT,-0.00022749,-0.00022749000345356762,-0.00094881,2026-08-18T12:00Z,4.0,4.0,0
CLANKERUSDT,2026-08-18T12:00Z,PANEL_RIGHT,0.00010538,0.00010538000060478225,5e-05,2026-08-18T12:00Z,4.0,4.0,0
COWUSDT,2026-08-18T12:00Z,PANEL_RIGHT,-0.00115236,-0.0011523599969223142,5e-05,2026-08-18T12:00Z,4.0,4.0,0
CTRUSDT,2026-08-18T12:00Z,PANEL_RIGHT,0.0001341,0.00013410000246949494,0.00020821,2026-08-18T12:00Z,4.0,4.0,0
CYBERUSDT,2026-08-18T12:00Z,PANEL_RIGHT,-2.855e-05,-2.854999911505729e-05,2.675e-05,2026-08-18T12:00Z,4.0,4.0,0
DATAIPUSDT,2026-08-18T12:00Z,PANEL_RIGHT,-0.0005866,-0.0005865999846719205,-0.00056876,2026-08-18T12:00Z,4.0,4.0,0
FLUXUSDT,2026-08-18T12:00Z,PANEL_RIGHT,-0.00012097,-0.0001209699985338375,5e-05,2026-08-18T12:00Z,4.0,4.0,0
KNCUSDT,2026-08-18T12:00Z,PANEL_RIGHT,0.0001,9.999999747378752e-05,-0.00051301,2026-08-18T08:00Z,8.0,8.0,14400
MASKUSDT,2026-08-18T12:00Z,PANEL_RIGHT,-1.082e-05,-1.0820000170497224e-05,5e-05,2026-08-18T12:00Z,4.0,4.0,0
MAVIAUSDT,2026-08-18T12:00Z,PANEL_RIGHT,0.00028922,0.00028922001365572214,0.00055831,2026-08-18T12:00Z,4.0,4.0,0
MTLUSDT,2026-08-18T12:00Z,PANEL_RIGHT,0.0001,9.999999747378752e-05,-2.079e-05,2026-08-18T08:00Z,8.0,8.0,14400
NMRUSDT,2026-08-18T12:00Z,PANEL_RIGHT,5e-05,4.999999873689376e-05,-0.00021259,2026-08-18T12:00Z,4.0,4.0,0
OGUSDT,2026-08-18T12:00Z,PANEL_RIGHT,5e-05,4.999999873689376e-05,3.615e-05,2026-08-18T12:00Z,4.0,4.0,0
OUSDT,2026-08-18T12:00Z,PANEL_RIGHT,0.00025599,0.000255989987635985,0.00012714,2026-08-18T12:00Z,4.0,4.0,0
PUMPBTCUSDT,2026-08-18T12:00Z,PANEL_RIGHT,5e-05,4.999999873689376e-05,0.00029844,2026-08-18T12:00Z,4.0,4.0,0
REDUSDT,2026-08-18T12:00Z,PANEL_RIGHT,-0.00637983,-0.006379830185323954,5e-05,2026-08-18T12:00Z,4.0,4.0,0
REUSDT,2026-08-18T12:00Z,PANEL_RIGHT,-0.00011434,-0.00011434000043664128,-7.359e-05,2026-08-18T12:00Z,4.0,4.0,0
RPLUSDT,2026-08-18T12:00Z,PANEL_RIGHT,5e-05,4.999999873689376e-05,-4.192e-05,2026-08-18T12:00Z,4.0,4.0,0
SONICUSDT,2026-08-18T12:00Z,PANEL_RIGHT,5e-05,4.999999873689376e-05,8.526e-05,2026-08-18T12:00Z,4.0,4.0,0
SPORTFUNUSDT,2026-08-18T12:00Z,PANEL_RIGHT,0.00017987,0.00017986999591812491,5e-05,2026-08-18T12:00Z,4.0,4.0,0
STEEMUSDT,2026-08-18T12:00Z,PANEL_RIGHT,-6.382e-05,-6.381999992299825e-05,-0.00033742,2026-08-18T12:00Z,4.0,4.0,0
SUNUSDT,2026-08-18T12:00Z,PANEL_RIGHT,-0.00040251,-0.00040250999154523015,5e-05,2026-08-18T12:00Z,4.0,4.0,0
SUPERUSDT,2026-08-18T12:00Z,PANEL_RIGHT,5e-05,4.999999873689376e-05,2.397e-05,2026-08-18T12:00Z,4.0,4.0,0
XVSUSDT,2026-08-18T12:00Z,PANEL_RIGHT,-0.00046409,-0.00046409000060521066,-0.00059901,2026-08-18T08:00Z,8.0,8.0,14400
ZESTUSDT,2026-08-18T12:00Z,PANEL_RIGHT,0.00023747,0.00023746999795548618,0.00033801,2026-08-18T12:00Z,4.0,4.0,0
ZRXUSDT,2026-08-18T12:00Z,PANEL_RIGHT,5e-05,4.999999873689376e-05,-0.00023526,2026-08-18T12:00Z,4.0,4.0,0
ALLUSDT,2026-08-18T16:00Z,PANEL_RIGHT,-0.00021997,-0.00021996999566908926,-0.00043968,2026-08-18T16:00Z,8.0,8.0,0
ANIMEUSDT,2026-08-18T16:00Z,PANEL_RIGHT,5e-05,4.999999873689376e-05,-2.539e-05,2026-08-18T16:00Z,4.0,4.0,0
BNTUSDT,2026-08-18T16:00Z,PANEL_RIGHT,8.527e-05,8.527000318281353e-05,-0.00013565,2026-08-18T16:00Z,8.0,8.0,0
BTWUSDT,2026-08-18T16:00Z,PANEL_RIGHT,0.00024343,0.00024342999677173793,0.00079561,2026-08-18T16:00Z,4.0,4.0,0
CAPUSDT,2026-08-18T16:00Z,PANEL_RIGHT,-0.00022278,-0.00022277999960351735,-0.00094881,2026-08-18T16:00Z,4.0,4.0,0
CELRUSDT,2026-08-18T16:00Z,PANEL_RIGHT,5.619e-05,5.619000148726627e-05,0.0001,2026-08-18T16:00Z,8.0,8.0,0
CLANKERUSDT,2026-08-18T16:00Z,PANEL_RIGHT,7.373e-05,7.372999971266836e-05,5e-05,2026-08-18T16:00Z,4.0,4.0,0
COWUSDT,2026-08-18T16:00Z,PANEL_RIGHT,-0.00076451,-0.0007645100122317672,5e-05,2026-08-18T16:00Z,4.0,4.0,0
CTRUSDT,2026-08-18T16:00Z,PANEL_RIGHT,8.491e-05,8.491000335197896e-05,0.00020821,2026-08-18T16:00Z,4.0,4.0,0
CYBERUSDT,2026-08-18T16:00Z,PANEL_RIGHT,-0.00021443,-0.00021442999423015863,2.675e-05,2026-08-18T16:00Z,4.0,4.0,0
DATAIPUSDT,2026-08-18T16:00Z,PANEL_RIGHT,-0.00096012,-0.0009601199999451637,-0.00056876,2026-08-18T16:00Z,4.0,4.0,0
GRAMUSDT,2026-08-18T16:00Z,PANEL_RIGHT,3.725e-05,3.724999987753108e-05,5e-05,2026-08-18T16:00Z,4.0,4.0,0
ILVUSDT,2026-08-18T16:00Z,PANEL_RIGHT,-1.02e-05,-1.0200000360782724e-05,5e-05,2026-08-18T16:00Z,4.0,4.0,0
KNCUSDT,2026-08-18T16:00Z,PANEL_RIGHT,0.0001,9.999999747378752e-05,-0.00051301,2026-08-18T16:00Z,8.0,8.0,0
MASKUSDT,2026-08-18T16:00Z,PANEL_RIGHT,9.17e-06,9.170000339508988e-06,5e-05,2026-08-18T16:00Z,4.0,4.0,0
MAVIAUSDT,2026-08-18T16:00Z,PANEL_RIGHT,5e-05,4.999999873689376e-05,0.00055831,2026-08-18T16:00Z,4.0,4.0,0
MTLUSDT,2026-08-18T16:00Z,PANEL_RIGHT,0.0001,9.999999747378752e-05,-2.079e-05,2026-08-18T16:00Z,8.0,8.0,0
NMRUSDT,2026-08-18T16:00Z,PANEL_RIGHT,5e-05,4.999999873689376e-05,-0.00021259,2026-08-18T16:00Z,4.0,4.0,0
OGUSDT,2026-08-18T16:00Z,PANEL_RIGHT,5e-05,4.999999873689376e-05,3.615e-05,2026-08-18T16:00Z,4.0,4.0,0
OUSDT,2026-08-18T16:00Z,PANEL_RIGHT,0.00012998,0.0001299800060223788,0.00012714,2026-08-18T16:00Z,4.0,4.0,0
PUMPBTCUSDT,2026-08-18T16:00Z,PANEL_RIGHT,5e-05,4.999999873689376e-05,0.00029844,2026-08-18T16:00Z,4.0,4.0,0
REDUSDT,2026-08-18T16:00Z,PANEL_RIGHT,-0.00389346,-0.003893459914252162,5e-05,2026-08-18T16:00Z,4.0,4.0,0
REUSDT,2026-08-18T16:00Z,PANEL_RIGHT,-0.00010834,-0.00010833999840542674,-7.359e-05,2026-08-18T16:00Z,4.0,4.0,0
RPLUSDT,2026-08-18T16:00Z,PANEL_RIGHT,5e-05,4.999999873689376e-05,-4.192e-05,2026-08-18T16:00Z,4.0,4.0,0
SONICUSDT,2026-08-18T16:00Z,PANEL_RIGHT,0.00018514,0.00018514000112190843,8.526e-05,2026-08-18T16:00Z,4.0,4.0,0
SPORTFUNUSDT,2026-08-18T16:00Z,PANEL_RIGHT,0.00013786,0.0001378599990857765,5e-05,2026-08-18T16:00Z,4.0,4.0,0
STEEMUSDT,2026-08-18T16:00Z,PANEL_RIGHT,-0.00011309,-0.00011308999819448218,-0.00033742,2026-08-18T16:00Z,4.0,4.0,0
SUNUSDT,2026-08-18T16:00Z,PANEL_RIGHT,-0.00039768,-0.000397680007154122,5e-05,2026-08-18T16:00Z,4.0,4.0,0
SUPERUSDT,2026-08-18T16:00Z,PANEL_RIGHT,5e-05,4.999999873689376e-05,2.397e-05,2026-08-18T16:00Z,4.0,4.0,0
XVSUSDT,2026-08-18T16:00Z,PANEL_RIGHT,0.0001,9.999999747378752e-05,-0.00059901,2026-08-18T16:00Z,8.0,8.0,0
ZESTUSDT,2026-08-18T16:00Z,PANEL_RIGHT,0.00028026,0.0002802599919959903,0.00033801,2026-08-18T16:00Z,4.0,4.0,0
ZRXUSDT,2026-08-18T16:00Z,PANEL_RIGHT,5e-05,4.999999873689376e-05,-0.00023526,2026-08-18T16:00Z,4.0,4.0,0
ALLUSDT,2026-08-18T20:00Z,PANEL_RIGHT,-0.00021997,-0.00021996999566908926,-0.00043968,2026-08-18T16:00Z,8.0,8.0,14400
ALPINEUSDT,2026-08-18T20:00Z,PANEL_RIGHT,-0.00051472,-0.0005147199844941497,5e-05,2026-08-18T20:00Z,4.0,4.0,0
ANIMEUSDT,2026-08-18T20:00Z,PANEL_RIGHT,5e-05,4.999999873689376e-05,-2.539e-05,2026-08-18T20:00Z,4.0,4.0,0
BNTUSDT,2026-08-18T20:00Z,PANEL_RIGHT,8.527e-05,8.527000318281353e-05,-0.00013565,2026-08-18T16:00Z,8.0,8.0,14400
BTWUSDT,2026-08-18T20:00Z,PANEL_RIGHT,0.00067982,0.0006798200192861259,0.00079561,2026-08-18T20:00Z,4.0,4.0,0
CAPUSDT,2026-08-18T20:00Z,PANEL_RIGHT,-9.479e-05,-9.478999709244817e-05,-0.00094881,2026-08-18T20:00Z,4.0,4.0,0
CELRUSDT,2026-08-18T20:00Z,PANEL_RIGHT,5.619e-05,5.619000148726627e-05,0.0001,2026-08-18T16:00Z,8.0,8.0,14400
COWUSDT,2026-08-18T20:00Z,PANEL_RIGHT,-0.00078902,-0.0007890199776738882,5e-05,2026-08-18T20:00Z,4.0,4.0,0
CTRUSDT,2026-08-18T20:00Z,PANEL_RIGHT,5e-05,4.999999873689376e-05,0.00020821,2026-08-18T20:00Z,4.0,4.0,0
CYBERUSDT,2026-08-18T20:00Z,PANEL_RIGHT,3.077e-05,3.076999928453006e-05,2.675e-05,2026-08-18T20:00Z,4.0,4.0,0
DATAIPUSDT,2026-08-18T20:00Z,PANEL_RIGHT,-0.00052369,-0.0005236900178715587,-0.00056876,2026-08-18T20:00Z,4.0,4.0,0
FRAXUSDT,2026-08-18T20:00Z,PANEL_RIGHT,-5.152e-05,-5.152000085217878e-05,5e-05,2026-08-18T20:00Z,4.0,4.0,0
GRAMUSDT,2026-08-18T20:00Z,PANEL_RIGHT,3.006e-05,3.006000042660162e-05,5e-05,2026-08-18T20:00Z,4.0,4.0,0
ILVUSDT,2026-08-18T20:00Z,PANEL_RIGHT,-0.00023285,-0.00023284999770112336,5e-05,2026-08-18T20:00Z,4.0,4.0,0
KNCUSDT,2026-08-18T20:00Z,PANEL_RIGHT,0.0001,9.999999747378752e-05,-0.00051301,2026-08-18T16:00Z,8.0,8.0,14400
MAVIAUSDT,2026-08-18T20:00Z,PANEL_RIGHT,5e-05,4.999999873689376e-05,0.00055831,2026-08-18T20:00Z,4.0,4.0,0
MTLUSDT,2026-08-18T20:00Z,PANEL_RIGHT,0.0001,9.999999747378752e-05,-2.079e-05,2026-08-18T16:00Z,8.0,8.0,14400
NMRUSDT,2026-08-18T20:00Z,PANEL_RIGHT,5e-05,4.999999873689376e-05,-0.00021259,2026-08-18T20:00Z,4.0,4.0,0
OGUSDT,2026-08-18T20:00Z,PANEL_RIGHT,5e-05,4.999999873689376e-05,3.615e-05,2026-08-18T20:00Z,4.0,4.0,0
OUSDT,2026-08-18T20:00Z,PANEL_RIGHT,5e-05,4.999999873689376e-05,0.00012714,2026-08-18T20:00Z,4.0,4.0,0
PUMPBTCUSDT,2026-08-18T20:00Z,PANEL_RIGHT,5e-05,4.999999873689376e-05,0.00029844,2026-08-18T20:00Z,4.0,4.0,0
PUNDIXUSDT,2026-08-18T20:00Z,PANEL_RIGHT,1.319e-05,1.3189999663154595e-05,5e-05,2026-08-18T20:00Z,4.0,4.0,0
REDUSDT,2026-08-18T20:00Z,PANEL_RIGHT,-0.00212394,-0.002123940037563443,5e-05,2026-08-18T20:00Z,4.0,4.0,0
REUSDT,2026-08-18T20:00Z,PANEL_RIGHT,-0.00011664,-0.0001166400033980608,-7.359e-05,2026-08-18T20:00Z,4.0,4.0,0
RPLUSDT,2026-08-18T20:00Z,PANEL_RIGHT,-0.00019034,-0.00019033999706152827,-4.192e-05,2026-08-18T20:00Z,4.0,4.0,0
SONICUSDT,2026-08-18T20:00Z,PANEL_RIGHT,5e-05,4.999999873689376e-05,8.526e-05,2026-08-18T20:00Z,4.0,4.0,0
STEEMUSDT,2026-08-18T20:00Z,PANEL_RIGHT,-0.00017458,-0.00017457999638281763,-0.00033742,2026-08-18T20:00Z,4.0,4.0,0
SUNUSDT,2026-08-18T20:00Z,PANEL_RIGHT,-0.00115901,-0.0011590099893510342,5e-05,2026-08-18T20:00Z,4.0,4.0,0
SUPERUSDT,2026-08-18T20:00Z,PANEL_RIGHT,5e-05,4.999999873689376e-05,2.397e-05,2026-08-18T20:00Z,4.0,4.0,0
VTHOUSDT,2026-08-18T20:00Z,PANEL_RIGHT,3.114e-05,3.113999991910532e-05,5e-05,2026-08-18T20:00Z,4.0,4.0,0
XVSUSDT,2026-08-18T20:00Z,PANEL_RIGHT,0.0001,9.999999747378752e-05,-0.00059901,2026-08-18T16:00Z,8.0,8.0,14400
ZESTUSDT,2026-08-18T20:00Z,PANEL_RIGHT,0.00029491,0.0002949099871329963,0.00033801,2026-08-18T20:00Z,4.0,4.0,0
ZRXUSDT,2026-08-18T20:00Z,PANEL_RIGHT,-0.00013903,-0.00013903000217396766,-0.00023526,2026-08-18T20:00Z,4.0,4.0,0
ALLUSDT,2026-08-19T00:00Z,PANEL_RIGHT,0.0001,9.999999747378752e-05,-0.00043968,2026-08-19T00:00Z,8.0,8.0,0
ANIMEUSDT,2026-08-19T00:00Z,PANEL_RIGHT,5e-05,4.999999873689376e-05,-2.539e-05,2026-08-19T00:00Z,4.0,4.0,0
ASTRUSDT,2026-08-19T00:00Z,PANEL_RIGHT,-2.194e-05,-2.1940000806353055e-05,0.0001,2026-08-19T00:00Z,8.0,8.0,0
BNTUSDT,2026-08-19T00:00Z,PANEL_RIGHT,4.8e-05,4.8000001697801054e-05,-0.00013565,2026-08-19T00:00Z,8.0,8.0,0
BTWUSDT,2026-08-19T00:00Z,PANEL_RIGHT,0.00057407,0.0005740700289607048,0.00079561,2026-08-19T00:00Z,4.0,4.0,0
CAPUSDT,2026-08-19T00:00Z,PANEL_RIGHT,-6.51e-05,-6.510000093840063e-05,-0.00094881,2026-08-19T00:00Z,4.0,4.0,0
CELRUSDT,2026-08-19T00:00Z,PANEL_RIGHT,-6.631e-05,-6.630999996559694e-05,0.0001,2026-08-19T00:00Z,8.0,8.0,0
COWUSDT,2026-08-19T00:00Z,PANEL_RIGHT,-0.00114665,-0.0011466499418020248,5e-05,2026-08-19T00:00Z,4.0,4.0,0
CTRUSDT,2026-08-19T00:00Z,PANEL_RIGHT,8.805e-05,8.805000106804073e-05,0.00020821,2026-08-19T00:00Z,4.0,4.0,0
CYBERUSDT,2026-08-19T00:00Z,PANEL_RIGHT,4.427e-05,4.4270000216783956e-05,2.675e-05,2026-08-19T00:00Z,4.0,4.0,0
DATAIPUSDT,2026-08-19T00:00Z,PANEL_RIGHT,1.95e-06,1.950000068973168e-06,-0.00056876,2026-08-19T00:00Z,4.0,4.0,0
FRAXUSDT,2026-08-19T00:00Z,PANEL_RIGHT,-0.00021268,-0.00021267999545671046,5e-05,2026-08-19T00:00Z,4.0,4.0,0
GRAMUSDT,2026-08-19T00:00Z,PANEL_RIGHT,2.36e-06,2.3600000531587284e-06,5e-05,2026-08-19T00:00Z,4.0,4.0,0
ICXUSDT,2026-08-19T00:00Z,PANEL_RIGHT,1.893e-05,1.8930000805994496e-05,5e-05,2026-08-19T00:00Z,4.0,4.0,0
KNCUSDT,2026-08-19T00:00Z,PANEL_RIGHT,-0.00033357,-0.0003335700021125376,-0.00051301,2026-08-19T00:00Z,8.0,8.0,0
MAVIAUSDT,2026-08-19T00:00Z,PANEL_RIGHT,5e-05,4.999999873689376e-05,0.00055831,2026-08-19T00:00Z,4.0,4.0,0
MEWUSDT,2026-08-19T00:00Z,PANEL_RIGHT,2.737e-05,2.7370000680093654e-05,5e-05,2026-08-19T00:00Z,4.0,4.0,0
MTLUSDT,2026-08-19T00:00Z,PANEL_RIGHT,0.0001,9.999999747378752e-05,-2.079e-05,2026-08-19T00:00Z,8.0,8.0,0
NMRUSDT,2026-08-19T00:00Z,PANEL_RIGHT,5e-05,4.999999873689376e-05,-0.00021259,2026-08-19T00:00Z,4.0,4.0,0
OGUSDT,2026-08-19T00:00Z,PANEL_RIGHT,5e-05,4.999999873689376e-05,3.615e-05,2026-08-19T00:00Z,4.0,4.0,0
OUSDT,2026-08-19T00:00Z,PANEL_RIGHT,5e-05,4.999999873689376e-05,0.00012714,2026-08-19T00:00Z,4.0,4.0,0
PUMPBTCUSDT,2026-08-19T00:00Z,PANEL_RIGHT,5e-05,4.999999873689376e-05,0.00029844,2026-08-19T00:00Z,4.0,4.0,0
REDUSDT,2026-08-19T00:00Z,PANEL_RIGHT,-0.00212887,-0.0021288699936121702,5e-05,2026-08-19T00:00Z,4.0,4.0,0
REUSDT,2026-08-19T00:00Z,PANEL_RIGHT,-3.807e-05,-3.8070000300649554e-05,-7.359e-05,2026-08-19T00:00Z,4.0,4.0,0
RPLUSDT,2026-08-19T00:00Z,PANEL_RIGHT,5e-05,4.999999873689376e-05,-4.192e-05,2026-08-19T00:00Z,4.0,4.0,0
SONICUSDT,2026-08-19T00:00Z,PANEL_RIGHT,5e-05,4.999999873689376e-05,8.526e-05,2026-08-19T00:00Z,4.0,4.0,0
STEEMUSDT,2026-08-19T00:00Z,PANEL_RIGHT,-6.54e-05,-6.540000322274864e-05,-0.00033742,2026-08-19T00:00Z,4.0,4.0,0
SUNUSDT,2026-08-19T00:00Z,PANEL_RIGHT,-0.00054031,-0.0005403099930845201,5e-05,2026-08-19T00:00Z,4.0,4.0,0
SUPERUSDT,2026-08-19T00:00Z,PANEL_RIGHT,5e-05,4.999999873689376e-05,2.397e-05,2026-08-19T00:00Z,4.0,4.0,0
VTHOUSDT,2026-08-19T00:00Z,PANEL_RIGHT,3.596e-05,3.596000169636682e-05,5e-05,2026-08-19T00:00Z,4.0,4.0,0
XVSUSDT,2026-08-19T00:00Z,PANEL_RIGHT,-0.00011979,-0.00011978999827988446,-0.00059901,2026-08-19T00:00Z,8.0,8.0,0
ZESTUSDT,2026-08-19T00:00Z,PANEL_RIGHT,0.00012592,0.00012592000712174922,0.00033801,2026-08-19T00:00Z,4.0,4.0,0
ZRXUSDT,2026-08-19T00:00Z,PANEL_RIGHT,-0.00021488,-0.00021487999765668064,-0.00023526,2026-08-19T00:00Z,4.0,4.0,0
ALLUSDT,2026-08-19T04:00Z,PANEL_RIGHT,0.0001,9.999999747378752e-05,-0.00043968,2026-08-19T00:00Z,8.0,8.0,14400
ANIMEUSDT,2026-08-19T04:00Z,PANEL_RIGHT,5e-05,4.999999873689376e-05,-2.539e-05,2026-08-19T04:00Z,4.0,4.0,0
ASTRUSDT,2026-08-19T04:00Z,PANEL_RIGHT,-2.194e-05,-2.1940000806353055e-05,0.0001,2026-08-19T00:00Z,8.0,8.0,14400
BNTUSDT,2026-08-19T04:00Z,PANEL_RIGHT,4.8e-05,4.8000001697801054e-05,-0.00013565,2026-08-19T00:00Z,8.0,8.0,14400
BTWUSDT,2026-08-19T04:00Z,PANEL_RIGHT,0.00054948,0.0005494800279848278,0.00079561,2026-08-19T04:00Z,4.0,4.0,0
CAPUSDT,2026-08-19T04:00Z,PANEL_RIGHT,-0.00010996,-0.0001099599976441823,-0.00094881,2026-08-19T04:00Z,4.0,4.0,0
CELRUSDT,2026-08-19T04:00Z,PANEL_RIGHT,-6.631e-05,-6.630999996559694e-05,0.0001,2026-08-19T00:00Z,8.0,8.0,14400
COWUSDT,2026-08-19T04:00Z,PANEL_RIGHT,-0.00086719,-0.0008671900141052902,5e-05,2026-08-19T04:00Z,4.0,4.0,0
CTRUSDT,2026-08-19T04:00Z,PANEL_RIGHT,0.00025525,0.0002552499936427921,0.00020821,2026-08-19T04:00Z,4.0,4.0,0
CYBERUSDT,2026-08-19T04:00Z,PANEL_RIGHT,-0.00019698,-0.0001969800068764016,2.675e-05,2026-08-19T04:00Z,4.0,4.0,0
DATAIPUSDT,2026-08-19T04:00Z,PANEL_RIGHT,-0.00033581,-0.0003358100075274706,-0.00056876,2026-08-19T04:00Z,4.0,4.0,0
FRAXUSDT,2026-08-19T04:00Z,PANEL_RIGHT,-1.972e-05,-1.9720000636880286e-05,5e-05,2026-08-19T04:00Z,4.0,4.0,0
ICXUSDT,2026-08-19T04:00Z,PANEL_RIGHT,-2.77e-06,-2.770000037344289e-06,5e-05,2026-08-19T04:00Z,4.0,4.0,0
KNCUSDT,2026-08-19T04:00Z,PANEL_RIGHT,-0.00033357,-0.0003335700021125376,-0.00051301,2026-08-19T00:00Z,8.0,8.0,14400
MASKUSDT,2026-08-19T04:00Z,PANEL_RIGHT,-0.0001237,-0.00012369999603834003,5e-05,2026-08-19T04:00Z,4.0,4.0,0
MAVIAUSDT,2026-08-19T04:00Z,PANEL_RIGHT,0.00034046,0.0003404600138310343,0.00055831,2026-08-19T04:00Z,4.0,4.0,0
MEWUSDT,2026-08-19T04:00Z,PANEL_RIGHT,-8.68e-06,-8.680000064487103e-06,5e-05,2026-08-19T04:00Z,4.0,4.0,0
MTLUSDT,2026-08-19T04:00Z,PANEL_RIGHT,0.0001,9.999999747378752e-05,-2.079e-05,2026-08-19T00:00Z,8.0,8.0,14400
NMRUSDT,2026-08-19T04:00Z,PANEL_RIGHT,5e-05,4.999999873689376e-05,-0.00021259,2026-08-19T04:00Z,4.0,4.0,0
OGUSDT,2026-08-19T04:00Z,PANEL_RIGHT,5e-05,4.999999873689376e-05,3.615e-05,2026-08-19T04:00Z,4.0,4.0,0
OUSDT,2026-08-19T04:00Z,PANEL_RIGHT,5e-05,4.999999873689376e-05,0.00012714,2026-08-19T04:00Z,4.0,4.0,0
PUMPBTCUSDT,2026-08-19T04:00Z,PANEL_RIGHT,5e-05,4.999999873689376e-05,0.00029844,2026-08-19T04:00Z,4.0,4.0,0
PUNDIXUSDT,2026-08-19T04:00Z,PANEL_RIGHT,1.475e-05,1.475000044592889e-05,5e-05,2026-08-19T04:00Z,4.0,4.0,0
REDUSDT,2026-08-19T04:00Z,PANEL_RIGHT,-0.0010148,-0.0010148000437766314,5e-05,2026-08-19T04:00Z,4.0,4.0,0
REUSDT,2026-08-19T04:00Z,PANEL_RIGHT,-4.38e-05,-4.3799998820759356e-05,-7.359e-05,2026-08-19T04:00Z,4.0,4.0,0
RPLUSDT,2026-08-19T04:00Z,PANEL_RIGHT,3.639e-05,3.6389999877428636e-05,-4.192e-05,2026-08-19T04:00Z,4.0,4.0,0
SLPUSDT,2026-08-19T04:00Z,PANEL_RIGHT,-9.088e-05,-9.08799993339926e-05,5e-05,2026-08-19T04:00Z,4.0,4.0,0
SONICUSDT,2026-08-19T04:00Z,PANEL_RIGHT,5e-05,4.999999873689376e-05,8.526e-05,2026-08-19T04:00Z,4.0,4.0,0
SPORTFUNUSDT,2026-08-19T04:00Z,PANEL_RIGHT,6.033e-05,6.03299995418638e-05,5e-05,2026-08-19T04:00Z,4.0,4.0,0
STEEMUSDT,2026-08-19T04:00Z,PANEL_RIGHT,-0.00051192,-0.0005119200213812292,-0.00033742,2026-08-19T04:00Z,4.0,4.0,0
SUNUSDT,2026-08-19T04:00Z,PANEL_RIGHT,-5.459e-05,-5.45900002180133e-05,5e-05,2026-08-19T04:00Z,4.0,4.0,0
SUPERUSDT,2026-08-19T04:00Z,PANEL_RIGHT,5e-05,4.999999873689376e-05,2.397e-05,2026-08-19T04:00Z,4.0,4.0,0
WCTUSDT,2026-08-19T04:00Z,PANEL_RIGHT,-4.4e-06,-4.399999852466863e-06,5e-05,2026-08-19T04:00Z,4.0,4.0,0
XVSUSDT,2026-08-19T04:00Z,PANEL_RIGHT,-0.00011979,-0.00011978999827988446,-0.00059901,2026-08-19T00:00Z,8.0,8.0,14400
ZESTUSDT,2026-08-19T04:00Z,PANEL_RIGHT,0.00019636,0.00019635999342426658,0.00033801,2026-08-19T04:00Z,4.0,4.0,0
ZRXUSDT,2026-08-19T04:00Z,PANEL_RIGHT,-0.00010924,-0.00010923999798251316,-0.00023526,2026-08-19T04:00Z,4.0,4.0,0
ALLUSDT,2026-08-19T08:00Z,PANEL_RIGHT,-0.00037128,-0.0003712800098583102,-0.00043968,2026-08-19T08:00Z,8.0,8.0,0
ANIMEUSDT,2026-08-19T08:00Z,PANEL_RIGHT,-1.799e-05,-1.79899998329347e-05,-2.539e-05,2026-08-19T08:00Z,4.0,4.0,0
BNTUSDT,2026-08-19T08:00Z,PANEL_RIGHT,0.0001,9.999999747378752e-05,-0.00013565,2026-08-19T08:00Z,8.0,8.0,0
BTWUSDT,2026-08-19T08:00Z,PANEL_RIGHT,0.00051687,0.0005168700008653104,0.00079561,2026-08-19T08:00Z,4.0,4.0,0
CAPUSDT,2026-08-19T08:00Z,PANEL_RIGHT,-0.00013778,-0.00013778000720776618,-0.00094881,2026-08-19T08:00Z,4.0,4.0,0
COWUSDT,2026-08-19T08:00Z,PANEL_RIGHT,-0.00030458,-0.0003045799967367202,5e-05,2026-08-19T08:00Z,4.0,4.0,0
CTKUSDT,2026-08-19T08:00Z,PANEL_RIGHT,1.491e-05,1.4909999663359486e-05,5e-05,2026-08-19T08:00Z,4.0,4.0,0
CTRUSDT,2026-08-19T08:00Z,PANEL_RIGHT,0.00041774,0.00041773999691940844,0.00020821,2026-08-19T08:00Z,4.0,4.0,0
CYBERUSDT,2026-08-19T08:00Z,PANEL_RIGHT,3.179e-05,3.1790001230547205e-05,2.675e-05,2026-08-19T08:00Z,4.0,4.0,0
DATAIPUSDT,2026-08-19T08:00Z,PANEL_RIGHT,-0.00029573,-0.0002957299875561148,-0.00056876,2026-08-19T08:00Z,4.0,4.0,0
GRAMUSDT,2026-08-19T08:00Z,PANEL_RIGHT,1.098e-05,1.098000029742252e-05,5e-05,2026-08-19T08:00Z,4.0,4.0,0
ILVUSDT,2026-08-19T08:00Z,PANEL_RIGHT,-2.36e-06,-2.3600000531587284e-06,5e-05,2026-08-19T08:00Z,4.0,4.0,0
KNCUSDT,2026-08-19T08:00Z,PANEL_RIGHT,9.297e-05,9.297000360675156e-05,-0.00051301,2026-08-19T08:00Z,8.0,8.0,0
MASKUSDT,2026-08-19T08:00Z,PANEL_RIGHT,-4.271e-05,-4.270999852451496e-05,5e-05,2026-08-19T08:00Z,4.0,4.0,0
MAVIAUSDT,2026-08-19T08:00Z,PANEL_RIGHT,0.00012523,0.00012522999895736575,0.00055831,2026-08-19T08:00Z,4.0,4.0,0
MEWUSDT,2026-08-19T08:00Z,PANEL_RIGHT,-9.719e-05,-9.719000081531703e-05,5e-05,2026-08-19T08:00Z,4.0,4.0,0
MTLUSDT,2026-08-19T08:00Z,PANEL_RIGHT,0.0001,9.999999747378752e-05,-2.079e-05,2026-08-19T08:00Z,8.0,8.0,0
NMRUSDT,2026-08-19T08:00Z,PANEL_RIGHT,5e-05,4.999999873689376e-05,-0.00021259,2026-08-19T08:00Z,4.0,4.0,0
OGUSDT,2026-08-19T08:00Z,PANEL_RIGHT,5e-05,4.999999873689376e-05,3.615e-05,2026-08-19T08:00Z,4.0,4.0,0
OUSDT,2026-08-19T08:00Z,PANEL_RIGHT,5e-05,4.999999873689376e-05,0.00012714,2026-08-19T08:00Z,4.0,4.0,0
PUMPBTCUSDT,2026-08-19T08:00Z,PANEL_RIGHT,5e-05,4.999999873689376e-05,0.00029844,2026-08-19T08:00Z,4.0,4.0,0
REDUSDT,2026-08-19T08:00Z,PANEL_RIGHT,-0.00174301,-0.0017430100124329329,5e-05,2026-08-19T08:00Z,4.0,4.0,0
REUSDT,2026-08-19T08:00Z,PANEL_RIGHT,-0.00013724,-0.0001372400001855567,-7.359e-05,2026-08-19T08:00Z,4.0,4.0,0
RPLUSDT,2026-08-19T08:00Z,PANEL_RIGHT,5e-05,4.999999873689376e-05,-4.192e-05,2026-08-19T08:00Z,4.0,4.0,0
SONICUSDT,2026-08-19T08:00Z,PANEL_RIGHT,5e-05,4.999999873689376e-05,8.526e-05,2026-08-19T08:00Z,4.0,4.0,0
SPORTFUNUSDT,2026-08-19T08:00Z,PANEL_RIGHT,0.00027578,0.0002757800102699548,5e-05,2026-08-19T08:00Z,4.0,4.0,0
STEEMUSDT,2026-08-19T08:00Z,PANEL_RIGHT,2.352e-05,2.3520000468124636e-05,-0.00033742,2026-08-19T08:00Z,4.0,4.0,0
SUNUSDT,2026-08-19T08:00Z,PANEL_RIGHT,-9.207e-05,-9.206999675370753e-05,5e-05,2026-08-19T08:00Z,4.0,4.0,0
SUPERUSDT,2026-08-19T08:00Z,PANEL_RIGHT,6.72e-06,6.719999873894267e-06,2.397e-05,2026-08-19T08:00Z,4.0,4.0,0
WCTUSDT,2026-08-19T08:00Z,PANEL_RIGHT,1.92e-06,1.919999931487837e-06,5e-05,2026-08-19T08:00Z,4.0,4.0,0
XVSUSDT,2026-08-19T08:00Z,PANEL_RIGHT,-4.91e-05,-4.909999915980734e-05,-0.00059901,2026-08-19T08:00Z,8.0,8.0,0
ZESTUSDT,2026-08-19T08:00Z,PANEL_RIGHT,5e-05,4.999999873689376e-05,0.00033801,2026-08-19T08:00Z,4.0,4.0,0
ZRXUSDT,2026-08-19T08:00Z,PANEL_RIGHT,-0.00030013,-0.00030012999195605516,-0.00023526,2026-08-19T08:00Z,4.0,4.0,0
ALLUSDT,2026-08-19T12:00Z,PANEL_RIGHT,-0.00037128,-0.0003712800098583102,-0.00043968,2026-08-19T08:00Z,8.0,8.0,14400
ANIMEUSDT,2026-08-19T12:00Z,PANEL_RIGHT,5e-05,4.999999873689376e-05,-2.539e-05,2026-08-19T12:00Z,4.0,4.0,0
BNTUSDT,2026-08-19T12:00Z,PANEL_RIGHT,0.0001,9.999999747378752e-05,-0.00013565,2026-08-19T08:00Z,8.0,8.0,14400
BTWUSDT,2026-08-19T12:00Z,PANEL_RIGHT,0.00141401,0.0014140099519863725,0.00079561,2026-08-19T12:00Z,4.0,4.0,0
CAPUSDT,2026-08-19T12:00Z,PANEL_RIGHT,-4.439e-05,-4.4389998947735876e-05,-0.00094881,2026-08-19T12:00Z,4.0,4.0,0
COWUSDT,2026-08-19T12:00Z,PANEL_RIGHT,-0.00049114,-0.0004911400028504431,5e-05,2026-08-19T12:00Z,4.0,4.0,0
CTKUSDT,2026-08-19T12:00Z,PANEL_RIGHT,1.044e-05,1.0439999641675968e-05,5e-05,2026-08-19T12:00Z,4.0,4.0,0
CTRUSDT,2026-08-19T12:00Z,PANEL_RIGHT,5e-05,4.999999873689376e-05,0.00020821,2026-08-19T12:00Z,4.0,4.0,0
CYBERUSDT,2026-08-19T12:00Z,PANEL_RIGHT,5e-05,4.999999873689376e-05,2.675e-05,2026-08-19T12:00Z,4.0,4.0,0
DATAIPUSDT,2026-08-19T12:00Z,PANEL_RIGHT,-0.00016899,-0.00016898999456316233,-0.00056876,2026-08-19T12:00Z,4.0,4.0,0
GRVTUSDT,2026-08-19T12:00Z,PANEL_RIGHT,-0.00017346,-0.00017345999367535114,5e-05,2026-08-19T12:00Z,4.0,4.0,0
ILVUSDT,2026-08-19T12:00Z,PANEL_RIGHT,2.254e-05,2.2539999918080866e-05,5e-05,2026-08-19T12:00Z,4.0,4.0,0
KNCUSDT,2026-08-19T12:00Z,PANEL_RIGHT,9.297e-05,9.297000360675156e-05,-0.00051301,2026-08-19T08:00Z,8.0,8.0,14400
MAVIAUSDT,2026-08-19T12:00Z,PANEL_RIGHT,5e-05,4.999999873689376e-05,0.00055831,2026-08-19T12:00Z,4.0,4.0,0
MTLUSDT,2026-08-19T12:00Z,PANEL_RIGHT,0.0001,9.999999747378752e-05,-2.079e-05,2026-08-19T08:00Z,8.0,8.0,14400
NMRUSDT,2026-08-19T12:00Z,PANEL_RIGHT,3.21e-06,3.209999931641505e-06,-0.00021259,2026-08-19T12:00Z,4.0,4.0,0
OGUSDT,2026-08-19T12:00Z,PANEL_RIGHT,5e-05,4.999999873689376e-05,3.615e-05,2026-08-19T12:00Z,4.0,4.0,0
OUSDT,2026-08-19T12:00Z,PANEL_RIGHT,5e-05,4.999999873689376e-05,0.00012714,2026-08-19T12:00Z,4.0,4.0,0
PUMPBTCUSDT,2026-08-19T12:00Z,PANEL_RIGHT,5e-05,4.999999873689376e-05,0.00029844,2026-08-19T12:00Z,4.0,4.0,0
REDUSDT,2026-08-19T12:00Z,PANEL_RIGHT,-0.00145416,-0.0014541599666699767,5e-05,2026-08-19T12:00Z,4.0,4.0,0
REUSDT,2026-08-19T12:00Z,PANEL_RIGHT,-5.4e-07,-5.399999736255268e-07,-7.359e-05,2026-08-19T12:00Z,4.0,4.0,0
RPLUSDT,2026-08-19T12:00Z,PANEL_RIGHT,5e-05,4.999999873689376e-05,-4.192e-05,2026-08-19T12:00Z,4.0,4.0,0
SONICUSDT,2026-08-19T12:00Z,PANEL_RIGHT,5e-05,4.999999873689376e-05,8.526e-05,2026-08-19T12:00Z,4.0,4.0,0
SPORTFUNUSDT,2026-08-19T12:00Z,PANEL_RIGHT,0.00029918,0.0002991800138261169,5e-05,2026-08-19T12:00Z,4.0,4.0,0
STEEMUSDT,2026-08-19T12:00Z,PANEL_RIGHT,-7.106e-05,-7.105999975465238e-05,-0.00033742,2026-08-19T12:00Z,4.0,4.0,0
SUNUSDT,2026-08-19T12:00Z,PANEL_RIGHT,-0.00057374,-0.0005737399915233254,5e-05,2026-08-19T12:00Z,4.0,4.0,0
SUPERUSDT,2026-08-19T12:00Z,PANEL_RIGHT,5e-05,4.999999873689376e-05,2.397e-05,2026-08-19T12:00Z,4.0,4.0,0
XVSUSDT,2026-08-19T12:00Z,PANEL_RIGHT,-4.91e-05,-4.909999915980734e-05,-0.00059901,2026-08-19T08:00Z,8.0,8.0,14400
ZESTUSDT,2026-08-19T12:00Z,PANEL_RIGHT,0.00014619,0.00014618999557569623,0.00033801,2026-08-19T12:00Z,4.0,4.0,0
ZRXUSDT,2026-08-19T12:00Z,PANEL_RIGHT,-0.00012491,-0.00012491000234149396,-0.00023526,2026-08-19T12:00Z,4.0,4.0,0
ALLUSDT,2026-08-19T16:00Z,PANEL_RIGHT,-0.00011053,-0.00011053000343963504,-0.00043968,2026-08-19T16:00Z,8.0,8.0,0
ANIMEUSDT,2026-08-19T16:00Z,PANEL_RIGHT,5e-05,4.999999873689376e-05,-2.539e-05,2026-08-19T16:00Z,4.0,4.0,0
BNTUSDT,2026-08-19T16:00Z,PANEL_RIGHT,0.0001,9.999999747378752e-05,-0.00013565,2026-08-19T16:00Z,8.0,8.0,0
BTWUSDT,2026-08-19T16:00Z,PANEL_RIGHT,0.00111654,0.0011165400501340628,0.00079561,2026-08-19T16:00Z,4.0,4.0,0
CAPUSDT,2026-08-19T16:00Z,PANEL_RIGHT,5e-05,4.999999873689376e-05,-0.00094881,2026-08-19T16:00Z,4.0,4.0,0
CELRUSDT,2026-08-19T16:00Z,PANEL_RIGHT,7.22e-06,7.220000043162145e-06,0.0001,2026-08-19T16:00Z,8.0,8.0,0
CLANKERUSDT,2026-08-19T16:00Z,PANEL_RIGHT,0.00077136,0.0007713600061833858,5e-05,2026-08-19T16:00Z,4.0,4.0,0
COWUSDT,2026-08-19T16:00Z,PANEL_RIGHT,-0.00030829,-0.00030829000752419233,5e-05,2026-08-19T16:00Z,4.0,4.0,0
CTRUSDT,2026-08-19T16:00Z,PANEL_RIGHT,5e-05,4.999999873689376e-05,0.00020821,2026-08-19T16:00Z,4.0,4.0,0
CYBERUSDT,2026-08-19T16:00Z,PANEL_RIGHT,5e-05,4.999999873689376e-05,2.675e-05,2026-08-19T16:00Z,4.0,4.0,0
DATAIPUSDT,2026-08-19T16:00Z,PANEL_RIGHT,5e-05,4.999999873689376e-05,-0.00056876,2026-08-19T16:00Z,4.0,4.0,0
GLMUSDT,2026-08-19T16:00Z,PANEL_RIGHT,1.679e-05,1.6789999790489674e-05,5e-05,2026-08-19T16:00Z,4.0,4.0,0
KNCUSDT,2026-08-19T16:00Z,PANEL_RIGHT,-8.332e-05,-8.332000288646668e-05,-0.00051301,2026-08-19T16:00Z,8.0,8.0,0
MAVIAUSDT,2026-08-19T16:00Z,PANEL_RIGHT,0.00029567,0.00029567000456154346,0.00055831,2026-08-19T16:00Z,4.0,4.0,0
MTLUSDT,2026-08-19T16:00Z,PANEL_RIGHT,0.0001,9.999999747378752e-05,-2.079e-05,2026-08-19T16:00Z,8.0,8.0,0
NMRUSDT,2026-08-19T16:00Z,PANEL_RIGHT,1.846e-05,1.8459999409969896e-05,-0.00021259,2026-08-19T16:00Z,4.0,4.0,0
OGUSDT,2026-08-19T16:00Z,PANEL_RIGHT,5e-05,4.999999873689376e-05,3.615e-05,2026-08-19T16:00Z,4.0,4.0,0
OUSDT,2026-08-19T16:00Z,PANEL_RIGHT,8.664e-05,8.664000051794574e-05,0.00012714,2026-08-19T16:00Z,4.0,4.0,0
PUMPBTCUSDT,2026-08-19T16:00Z,PANEL_RIGHT,5.254e-05,5.253999916021712e-05,0.00029844,2026-08-19T16:00Z,4.0,4.0,0
REDUSDT,2026-08-19T16:00Z,PANEL_RIGHT,-0.00091112,-0.0009111199760809541,5e-05,2026-08-19T16:00Z,4.0,4.0,0
REUSDT,2026-08-19T16:00Z,PANEL_RIGHT,5e-05,4.999999873689376e-05,-7.359e-05,2026-08-19T16:00Z,4.0,4.0,0
RPLUSDT,2026-08-19T16:00Z,PANEL_RIGHT,5e-05,4.999999873689376e-05,-4.192e-05,2026-08-19T16:00Z,4.0,4.0,0
SONICUSDT,2026-08-19T16:00Z,PANEL_RIGHT,0.00029452,0.0002945199958048761,8.526e-05,2026-08-19T16:00Z,4.0,4.0,0
SPORTFUNUSDT,2026-08-19T16:00Z,PANEL_RIGHT,0.00054198,0.0005419800290837884,5e-05,2026-08-19T16:00Z,4.0,4.0,0
STEEMUSDT,2026-08-19T16:00Z,PANEL_RIGHT,5e-05,4.999999873689376e-05,-0.00033742,2026-08-19T16:00Z,4.0,4.0,0
SUPERUSDT,2026-08-19T16:00Z,PANEL_RIGHT,5e-05,4.999999873689376e-05,2.397e-05,2026-08-19T16:00Z,4.0,4.0,0
XVSUSDT,2026-08-19T16:00Z,PANEL_RIGHT,-0.00027387,-0.00027387001318857074,-0.00059901,2026-08-19T16:00Z,8.0,8.0,0
ZESTUSDT,2026-08-19T16:00Z,PANEL_RIGHT,5e-05,4.999999873689376e-05,0.00033801,2026-08-19T16:00Z,4.0,4.0,0
ZRXUSDT,2026-08-19T16:00Z,PANEL_RIGHT,-2.527e-05,-2.5269999241572805e-05,-0.00023526,2026-08-19T16:00Z,4.0,4.0,0
ALLUSDT,2026-08-19T20:00Z,PANEL_RIGHT,-0.00011053,-0.00011053000343963504,-0.00043968,2026-08-19T16:00Z,8.0,8.0,14400
ALPINEUSDT,2026-08-19T20:00Z,PANEL_RIGHT,3.204e-05,3.203999949619174e-05,5e-05,2026-08-19T20:00Z,4.0,4.0,0
ANIMEUSDT,2026-08-19T20:00Z,PANEL_RIGHT,5e-05,4.999999873689376e-05,-2.539e-05,2026-08-19T20:00Z,4.0,4.0,0
AXLUSDT,2026-08-19T20:00Z,PANEL_RIGHT,3.983e-05,3.982999987783842e-05,5e-05,2026-08-19T20:00Z,4.0,4.0,0
BNTUSDT,2026-08-19T20:00Z,PANEL_RIGHT,0.0001,9.999999747378752e-05,-0.00013565,2026-08-19T16:00Z,8.0,8.0,14400
BTWUSDT,2026-08-19T20:00Z,PANEL_RIGHT,0.00055651,0.0005565100000239909,0.00079561,2026-08-19T20:00Z,4.0,4.0,0
CAPUSDT,2026-08-19T20:00Z,PANEL_RIGHT,-4.771e-05,-4.771000021719374e-05,-0.00094881,2026-08-19T20:00Z,4.0,4.0,0
CELRUSDT,2026-08-19T20:00Z,PANEL_RIGHT,7.22e-06,7.220000043162145e-06,0.0001,2026-08-19T16:00Z,8.0,8.0,14400
COWUSDT,2026-08-19T20:00Z,PANEL_RIGHT,-0.00058128,-0.0005812799790874124,5e-05,2026-08-19T20:00Z,4.0,4.0,0
CTRUSDT,2026-08-19T20:00Z,PANEL_RIGHT,5e-05,4.999999873689376e-05,0.00020821,2026-08-19T20:00Z,4.0,4.0,0
CYBERUSDT,2026-08-19T20:00Z,PANEL_RIGHT,5e-05,4.999999873689376e-05,2.675e-05,2026-08-19T20:00Z,4.0,4.0,0
DATAIPUSDT,2026-08-19T20:00Z,PANEL_RIGHT,5e-05,4.999999873689376e-05,-0.00056876,2026-08-19T20:00Z,4.0,4.0,0
KNCUSDT,2026-08-19T20:00Z,PANEL_RIGHT,-8.332e-05,-8.332000288646668e-05,-0.00051301,2026-08-19T16:00Z,8.0,8.0,14400
MAVIAUSDT,2026-08-19T20:00Z,PANEL_RIGHT,0.00015262,0.000152620006701909,0.00055831,2026-08-19T20:00Z,4.0,4.0,0
MTLUSDT,2026-08-19T20:00Z,PANEL_RIGHT,0.0001,9.999999747378752e-05,-2.079e-05,2026-08-19T16:00Z,8.0,8.0,14400
NMRUSDT,2026-08-19T20:00Z,PANEL_RIGHT,5e-05,4.999999873689376e-05,-0.00021259,2026-08-19T20:00Z,4.0,4.0,0
OGUSDT,2026-08-19T20:00Z,PANEL_RIGHT,5e-05,4.999999873689376e-05,3.615e-05,2026-08-19T20:00Z,4.0,4.0,0
OUSDT,2026-08-19T20:00Z,PANEL_RIGHT,5e-05,4.999999873689376e-05,0.00012714,2026-08-19T20:00Z,4.0,4.0,0
PUMPBTCUSDT,2026-08-19T20:00Z,PANEL_RIGHT,5e-05,4.999999873689376e-05,0.00029844,2026-08-19T20:00Z,4.0,4.0,0
REDUSDT,2026-08-19T20:00Z,PANEL_RIGHT,-0.00037688,-0.0003768799942918122,5e-05,2026-08-19T20:00Z,4.0,4.0,0
REUSDT,2026-08-19T20:00Z,PANEL_RIGHT,-1.744e-05,-1.7439999282942154e-05,-7.359e-05,2026-08-19T20:00Z,4.0,4.0,0
RPLUSDT,2026-08-19T20:00Z,PANEL_RIGHT,-5.87e-06,-5.8700002227851655e-06,-4.192e-05,2026-08-19T20:00Z,4.0,4.0,0
SONICUSDT,2026-08-19T20:00Z,PANEL_RIGHT,0.00035827,0.00035826998646371067,8.526e-05,2026-08-19T20:00Z,4.0,4.0,0
SPORTFUNUSDT,2026-08-19T20:00Z,PANEL_RIGHT,0.00070173,0.0007017300231382251,5e-05,2026-08-19T20:00Z,4.0,4.0,0
STEEMUSDT,2026-08-19T20:00Z,PANEL_RIGHT,-0.00015524,-0.00015524000627920032,-0.00033742,2026-08-19T20:00Z,4.0,4.0,0
SUPERUSDT,2026-08-19T20:00Z,PANEL_RIGHT,5e-05,4.999999873689376e-05,2.397e-05,2026-08-19T20:00Z,4.0,4.0,0
XVSUSDT,2026-08-19T20:00Z,PANEL_RIGHT,-0.00027387,-0.00027387001318857074,-0.00059901,2026-08-19T16:00Z,8.0,8.0,14400
ZESTUSDT,2026-08-19T20:00Z,PANEL_RIGHT,5e-05,4.999999873689376e-05,0.00033801,2026-08-19T20:00Z,4.0,4.0,0
ZRXUSDT,2026-08-19T20:00Z,PANEL_RIGHT,-8.512e-05,-8.512000204063952e-05,-0.00023526,2026-08-19T20:00Z,4.0,4.0,0
ALLUSDT,2026-08-20T00:00Z,PANEL_RIGHT,0.0001,9.999999747378752e-05,-0.00043968,2026-08-20T00:00Z,8.0,8.0,0
ALPINEUSDT,2026-08-20T00:00Z,PANEL_RIGHT,-4.04e-06,-4.040000021632295e-06,5e-05,2026-08-20T00:00Z,4.0,4.0,0
ANIMEUSDT,2026-08-20T00:00Z,PANEL_RIGHT,5e-05,4.999999873689376e-05,-2.539e-05,2026-08-20T00:00Z,4.0,4.0,0
AXLUSDT,2026-08-20T00:00Z,PANEL_RIGHT,2.808e-05,2.8079999538022093e-05,5e-05,2026-08-20T00:00Z,4.0,4.0,0
BNTUSDT,2026-08-20T00:00Z,PANEL_RIGHT,-0.00111535,-0.0011153500527143478,-0.00013565,2026-08-20T00:00Z,8.0,8.0,0
BTWUSDT,2026-08-20T00:00Z,PANEL_RIGHT,0.00042069,0.0004206899902783334,0.00079561,2026-08-20T00:00Z,4.0,4.0,0
CAPUSDT,2026-08-20T00:00Z,PANEL_RIGHT,-0.00010795,-0.0001079499998013489,-0.00094881,2026-08-20T00:00Z,4.0,4.0,0
CLANKERUSDT,2026-08-20T00:00Z,PANEL_RIGHT,8.333e-05,8.333000005222857e-05,5e-05,2026-08-20T00:00Z,4.0,4.0,0
COWUSDT,2026-08-20T00:00Z,PANEL_RIGHT,-0.00046135,-0.000461349991383031,5e-05,2026-08-20T00:00Z,4.0,4.0,0
CTKUSDT,2026-08-20T00:00Z,PANEL_RIGHT,-4.185e-05,-4.184999852441251e-05,5e-05,2026-08-20T00:00Z,4.0,4.0,0
CTRUSDT,2026-08-20T00:00Z,PANEL_RIGHT,5e-05,4.999999873689376e-05,0.00020821,2026-08-20T00:00Z,4.0,4.0,0
CYBERUSDT,2026-08-20T00:00Z,PANEL_RIGHT,5e-05,4.999999873689376e-05,2.675e-05,2026-08-20T00:00Z,4.0,4.0,0
DATAIPUSDT,2026-08-20T00:00Z,PANEL_RIGHT,5e-05,4.999999873689376e-05,-0.00056876,2026-08-20T00:00Z,4.0,4.0,0
ILVUSDT,2026-08-20T00:00Z,PANEL_RIGHT,3.371e-05,3.370999911567196e-05,5e-05,2026-08-20T00:00Z,4.0,4.0,0
KNCUSDT,2026-08-20T00:00Z,PANEL_RIGHT,0.0001,9.999999747378752e-05,-0.00051301,2026-08-20T00:00Z,8.0,8.0,0
MAVIAUSDT,2026-08-20T00:00Z,PANEL_RIGHT,5e-05,4.999999873689376e-05,0.00055831,2026-08-20T00:00Z,4.0,4.0,0
MTLUSDT,2026-08-20T00:00Z,PANEL_RIGHT,0.0001,9.999999747378752e-05,-2.079e-05,2026-08-20T00:00Z,8.0,8.0,0
NMRUSDT,2026-08-20T00:00Z,PANEL_RIGHT,5e-05,4.999999873689376e-05,-0.00021259,2026-08-20T00:00Z,4.0,4.0,0
OGUSDT,2026-08-20T00:00Z,PANEL_RIGHT,5e-05,4.999999873689376e-05,3.615e-05,2026-08-20T00:00Z,4.0,4.0,0
OUSDT,2026-08-20T00:00Z,PANEL_RIGHT,0.00010691,0.00010691000352380797,0.00012714,2026-08-20T00:00Z,4.0,4.0,0
PUMPBTCUSDT,2026-08-20T00:00Z,PANEL_RIGHT,5e-05,4.999999873689376e-05,0.00029844,2026-08-20T00:00Z,4.0,4.0,0
REDUSDT,2026-08-20T00:00Z,PANEL_RIGHT,-0.00055421,-0.0005542099825106561,5e-05,2026-08-20T00:00Z,4.0,4.0,0
REUSDT,2026-08-20T00:00Z,PANEL_RIGHT,5e-05,4.999999873689376e-05,-7.359e-05,2026-08-20T00:00Z,4.0,4.0,0
RPLUSDT,2026-08-20T00:00Z,PANEL_RIGHT,5e-05,4.999999873689376e-05,-4.192e-05,2026-08-20T00:00Z,4.0,4.0,0
SONICUSDT,2026-08-20T00:00Z,PANEL_RIGHT,5e-05,4.999999873689376e-05,8.526e-05,2026-08-20T00:00Z,4.0,4.0,0
SPORTFUNUSDT,2026-08-20T00:00Z,PANEL_RIGHT,0.0001961,0.00019609999435488135,5e-05,2026-08-20T00:00Z,4.0,4.0,0
STEEMUSDT,2026-08-20T00:00Z,PANEL_RIGHT,-6.705e-05,-6.705000123474747e-05,-0.00033742,2026-08-20T00:00Z,4.0,4.0,0
SUPERUSDT,2026-08-20T00:00Z,PANEL_RIGHT,5e-05,4.999999873689376e-05,2.397e-05,2026-08-20T00:00Z,4.0,4.0,0
XVSUSDT,2026-08-20T00:00Z,PANEL_RIGHT,0.0001,9.999999747378752e-05,-0.00059901,2026-08-20T00:00Z,8.0,8.0,0
ZESTUSDT,2026-08-20T00:00Z,PANEL_RIGHT,5e-05,4.999999873689376e-05,0.00033801,2026-08-20T00:00Z,4.0,4.0,0
ZRXUSDT,2026-08-20T00:00Z,PANEL_RIGHT,5e-05,4.999999873689376e-05,-0.00023526,2026-08-20T00:00Z,4.0,4.0,0
ALLUSDT,2026-08-20T04:00Z,PANEL_RIGHT,0.0001,9.999999747378752e-05,-0.00043968,2026-08-20T00:00Z,8.0,8.0,14400
ANIMEUSDT,2026-08-20T04:00Z,PANEL_RIGHT,5e-05,4.999999873689376e-05,-2.539e-05,2026-08-20T04:00Z,4.0,4.0,0
BNTUSDT,2026-08-20T04:00Z,PANEL_RIGHT,-0.00111535,-0.0011153500527143478,-0.00013565,2026-08-20T00:00Z,8.0,8.0,14400
BTWUSDT,2026-08-20T04:00Z,PANEL_RIGHT,0.00049219,0.0004921900108456612,0.00079561,2026-08-20T04:00Z,4.0,4.0,0
CAPUSDT,2026-08-20T04:00Z,PANEL_RIGHT,5e-05,4.999999873689376e-05,-0.00094881,2026-08-20T04:00Z,4.0,4.0,0
CLANKERUSDT,2026-08-20T04:00Z,PANEL_RIGHT,0.00016524,0.00016523999511264265,5e-05,2026-08-20T04:00Z,4.0,4.0,0
COWUSDT,2026-08-20T04:00Z,PANEL_RIGHT,-0.00061377,-0.0006137699820101261,5e-05,2026-08-20T04:00Z,4.0,4.0,0
CTRUSDT,2026-08-20T04:00Z,PANEL_RIGHT,5e-05,4.999999873689376e-05,0.00020821,2026-08-20T04:00Z,4.0,4.0,0
CYBERUSDT,2026-08-20T04:00Z,PANEL_RIGHT,5e-05,4.999999873689376e-05,2.675e-05,2026-08-20T04:00Z,4.0,4.0,0
DATAIPUSDT,2026-08-20T04:00Z,PANEL_RIGHT,-0.00020976,-0.00020975999359507114,-0.00056876,2026-08-20T04:00Z,4.0,4.0,0
KNCUSDT,2026-08-20T04:00Z,PANEL_RIGHT,0.0001,9.999999747378752e-05,-0.00051301,2026-08-20T00:00Z,8.0,8.0,14400
MAVIAUSDT,2026-08-20T04:00Z,PANEL_RIGHT,0.00017794,0.00017794000450521708,0.00055831,2026-08-20T04:00Z,4.0,4.0,0
METISUSDT,2026-08-20T04:00Z,PANEL_RIGHT,-4.019e-05,-4.0189999708672985e-05,5e-05,2026-08-20T04:00Z,4.0,4.0,0
MTLUSDT,2026-08-20T04:00Z,PANEL_RIGHT,0.0001,9.999999747378752e-05,-2.079e-05,2026-08-20T00:00Z,8.0,8.0,14400
NMRUSDT,2026-08-20T04:00Z,PANEL_RIGHT,5e-05,4.999999873689376e-05,-0.00021259,2026-08-20T04:00Z,4.0,4.0,0
OGUSDT,2026-08-20T04:00Z,PANEL_RIGHT,5e-05,4.999999873689376e-05,3.615e-05,2026-08-20T04:00Z,4.0,4.0,0
OUSDT,2026-08-20T04:00Z,PANEL_RIGHT,5e-05,4.999999873689376e-05,0.00012714,2026-08-20T04:00Z,4.0,4.0,0
PUMPBTCUSDT,2026-08-20T04:00Z,PANEL_RIGHT,5e-05,4.999999873689376e-05,0.00029844,2026-08-20T04:00Z,4.0,4.0,0
REDUSDT,2026-08-20T04:00Z,PANEL_RIGHT,-0.00080666,-0.0008066599839366972,5e-05,2026-08-20T04:00Z,4.0,4.0,0
REUSDT,2026-08-20T04:00Z,PANEL_RIGHT,3.457e-05,3.456999911577441e-05,-7.359e-05,2026-08-20T04:00Z,4.0,4.0,0
RPLUSDT,2026-08-20T04:00Z,PANEL_RIGHT,5e-05,4.999999873689376e-05,-4.192e-05,2026-08-20T04:00Z,4.0,4.0,0
SLPUSDT,2026-08-20T04:00Z,PANEL_RIGHT,-0.00016946,-0.00016946000687312335,5e-05,2026-08-20T04:00Z,4.0,4.0,0
SONICUSDT,2026-08-20T04:00Z,PANEL_RIGHT,5e-05,4.999999873689376e-05,8.526e-05,2026-08-20T04:00Z,4.0,4.0,0
SPORTFUNUSDT,2026-08-20T04:00Z,PANEL_RIGHT,0.00032569,0.0003256899944972247,5e-05,2026-08-20T04:00Z,4.0,4.0,0
STEEMUSDT,2026-08-20T04:00Z,PANEL_RIGHT,4.203e-05,4.2029998439829797e-05,-0.00033742,2026-08-20T04:00Z,4.0,4.0,0
SUPERUSDT,2026-08-20T04:00Z,PANEL_RIGHT,5e-05,4.999999873689376e-05,2.397e-05,2026-08-20T04:00Z,4.0,4.0,0
XVSUSDT,2026-08-20T04:00Z,PANEL_RIGHT,0.0001,9.999999747378752e-05,-0.00059901,2026-08-20T00:00Z,8.0,8.0,14400
ZESTUSDT,2026-08-20T04:00Z,PANEL_RIGHT,5e-05,4.999999873689376e-05,0.00033801,2026-08-20T04:00Z,4.0,4.0,0
ZRXUSDT,2026-08-20T04:00Z,PANEL_RIGHT,5e-05,4.999999873689376e-05,-0.00023526,2026-08-20T04:00Z,4.0,4.0,0
ALLUSDT,2026-08-20T08:00Z,PANEL_RIGHT,0.0001,9.999999747378752e-05,-0.00043968,2026-08-20T08:00Z,8.0,8.0,0
ANIMEUSDT,2026-08-20T08:00Z,PANEL_RIGHT,5e-05,4.999999873689376e-05,-2.539e-05,2026-08-20T08:00Z,4.0,4.0,0
BNTUSDT,2026-08-20T08:00Z,PANEL_RIGHT,-0.00085549,-0.0008554899832233787,-0.00013565,2026-08-20T08:00Z,8.0,8.0,0
BTWUSDT,2026-08-20T08:00Z,PANEL_RIGHT,0.00034232,0.0003423200105316937,0.00079561,2026-08-20T08:00Z,4.0,4.0,0
CAPUSDT,2026-08-20T08:00Z,PANEL_RIGHT,-8.342e-05,-8.34199963719584e-05,-0.00094881,2026-08-20T08:00Z,4.0,4.0,0
CKBUSDT,2026-08-20T08:00Z,PANEL_RIGHT,4.019e-05,4.0189999708672985e-05,0.0001,2026-08-20T08:00Z,8.0,8.0,0
CLANKERUSDT,2026-08-20T08:00Z,PANEL_RIGHT,0.00023246,0.00023246000637300313,5e-05,2026-08-20T08:00Z,4.0,4.0,0
COWUSDT,2026-08-20T08:00Z,PANEL_RIGHT,-0.00026095,-0.00026095000794157386,5e-05,2026-08-20T08:00Z,4.0,4.0,0
CTRUSDT,2026-08-20T08:00Z,PANEL_RIGHT,5e-05,4.999999873689376e-05,0.00020821,2026-08-20T08:00Z,4.0,4.0,0
CYBERUSDT,2026-08-20T08:00Z,PANEL_RIGHT,5e-05,4.999999873689376e-05,2.675e-05,2026-08-20T08:00Z,4.0,4.0,0
DATAIPUSDT,2026-08-20T08:00Z,PANEL_RIGHT,4.962e-05,4.962000093655661e-05,-0.00056876,2026-08-20T08:00Z,4.0,4.0,0
GRVTUSDT,2026-08-20T08:00Z,PANEL_RIGHT,-1.389e-05,-1.3890000445826445e-05,5e-05,2026-08-20T08:00Z,4.0,4.0,0
ICXUSDT,2026-08-20T08:00Z,PANEL_RIGHT,1.947e-05,1.9470000552246347e-05,5e-05,2026-08-20T08:00Z,4.0,4.0,0
KNCUSDT,2026-08-20T08:00Z,PANEL_RIGHT,0.0001,9.999999747378752e-05,-0.00051301,2026-08-20T08:00Z,8.0,8.0,0
MAVIAUSDT,2026-08-20T08:00Z,PANEL_RIGHT,0.00027481,0.0002748100087046623,0.00055831,2026-08-20T08:00Z,4.0,4.0,0
MTLUSDT,2026-08-20T08:00Z,PANEL_RIGHT,0.0001,9.999999747378752e-05,-2.079e-05,2026-08-20T08:00Z,8.0,8.0,0
NMRUSDT,2026-08-20T08:00Z,PANEL_RIGHT,5e-05,4.999999873689376e-05,-0.00021259,2026-08-20T08:00Z,4.0,4.0,0
OGUSDT,2026-08-20T08:00Z,PANEL_RIGHT,5e-05,4.999999873689376e-05,3.615e-05,2026-08-20T08:00Z,4.0,4.0,0
OUSDT,2026-08-20T08:00Z,PANEL_RIGHT,5e-05,4.999999873689376e-05,0.00012714,2026-08-20T08:00Z,4.0,4.0,0
PUMPBTCUSDT,2026-08-20T08:00Z,PANEL_RIGHT,0.00025321,0.0002532099897507578,0.00029844,2026-08-20T08:00Z,4.0,4.0,0
REDUSDT,2026-08-20T08:00Z,PANEL_RIGHT,-0.00419015,-0.004190150182694197,5e-05,2026-08-20T08:00Z,4.0,4.0,0
REUSDT,2026-08-20T08:00Z,PANEL_RIGHT,5e-05,4.999999873689376e-05,-7.359e-05,2026-08-20T08:00Z,4.0,4.0,0
RPLUSDT,2026-08-20T08:00Z,PANEL_RIGHT,5e-05,4.999999873689376e-05,-4.192e-05,2026-08-20T08:00Z,4.0,4.0,0
SONICUSDT,2026-08-20T08:00Z,PANEL_RIGHT,0.00028407,0.00028407000354491174,8.526e-05,2026-08-20T08:00Z,4.0,4.0,0
SPORTFUNUSDT,2026-08-20T08:00Z,PANEL_RIGHT,0.00033235,0.0003323499986436218,5e-05,2026-08-20T08:00Z,4.0,4.0,0
STEEMUSDT,2026-08-20T08:00Z,PANEL_RIGHT,5e-05,4.999999873689376e-05,-0.00033742,2026-08-20T08:00Z,4.0,4.0,0
SUPERUSDT,2026-08-20T08:00Z,PANEL_RIGHT,5e-05,4.999999873689376e-05,2.397e-05,2026-08-20T08:00Z,4.0,4.0,0
VTHOUSDT,2026-08-20T08:00Z,PANEL_RIGHT,-2.159e-05,-2.158999996026978e-05,5e-05,2026-08-20T08:00Z,4.0,4.0,0
XVSUSDT,2026-08-20T08:00Z,PANEL_RIGHT,0.0001,9.999999747378752e-05,-0.00059901,2026-08-20T08:00Z,8.0,8.0,0
ZESTUSDT,2026-08-20T08:00Z,PANEL_RIGHT,5e-05,4.999999873689376e-05,0.00033801,2026-08-20T08:00Z,4.0,4.0,0
ZRXUSDT,2026-08-20T08:00Z,PANEL_RIGHT,5e-05,4.999999873689376e-05,-0.00023526,2026-08-20T08:00Z,4.0,4.0,0
ALLUSDT,2026-08-20T12:00Z,PANEL_RIGHT,0.0001,9.999999747378752e-05,-0.00043968,2026-08-20T08:00Z,8.0,8.0,14400
ANIMEUSDT,2026-08-20T12:00Z,PANEL_RIGHT,5e-05,4.999999873689376e-05,-2.539e-05,2026-08-20T12:00Z,4.0,4.0,0
ASRUSDT,2026-08-20T12:00Z,PANEL_RIGHT,6.693e-05,6.692999886581674e-05,5e-05,2026-08-20T12:00Z,4.0,4.0,0
BNTUSDT,2026-08-20T12:00Z,PANEL_RIGHT,-0.00085549,-0.0008554899832233787,-0.00013565,2026-08-20T08:00Z,8.0,8.0,14400
BTWUSDT,2026-08-20T12:00Z,PANEL_RIGHT,0.00034722,0.0003472199896350503,0.00079561,2026-08-20T12:00Z,4.0,4.0,0
CAPUSDT,2026-08-20T12:00Z,PANEL_RIGHT,-0.00013143,-0.00013143000251147896,-0.00094881,2026-08-20T12:00Z,4.0,4.0,0
CKBUSDT,2026-08-20T12:00Z,PANEL_RIGHT,4.019e-05,4.0189999708672985e-05,0.0001,2026-08-20T08:00Z,8.0,8.0,14400
CLANKERUSDT,2026-08-20T12:00Z,PANEL_RIGHT,0.00042295,0.00042294999002479017,5e-05,2026-08-20T12:00Z,4.0,4.0,0
COWUSDT,2026-08-20T12:00Z,PANEL_RIGHT,-0.00023159,-0.00023159000556915998,5e-05,2026-08-20T12:00Z,4.0,4.0,0
CTRUSDT,2026-08-20T12:00Z,PANEL_RIGHT,5e-05,4.999999873689376e-05,0.00020821,2026-08-20T12:00Z,4.0,4.0,0
CYBERUSDT,2026-08-20T12:00Z,PANEL_RIGHT,5e-05,4.999999873689376e-05,2.675e-05,2026-08-20T12:00Z,4.0,4.0,0
DATAIPUSDT,2026-08-20T12:00Z,PANEL_RIGHT,5e-05,4.999999873689376e-05,-0.00056876,2026-08-20T12:00Z,4.0,4.0,0
GRVTUSDT,2026-08-20T12:00Z,PANEL_RIGHT,-0.00013493,-0.0001349300000583753,5e-05,2026-08-20T12:00Z,4.0,4.0,0
ILVUSDT,2026-08-20T12:00Z,PANEL_RIGHT,-3.86e-05,-3.859999924316071e-05,5e-05,2026-08-20T12:00Z,4.0,4.0,0
KNCUSDT,2026-08-20T12:00Z,PANEL_RIGHT,0.0001,9.999999747378752e-05,-0.00051301,2026-08-20T08:00Z,8.0,8.0,14400
MAVIAUSDT,2026-08-20T12:00Z,PANEL_RIGHT,5e-05,4.999999873689376e-05,0.00055831,2026-08-20T12:00Z,4.0,4.0,0
MTLUSDT,2026-08-20T12:00Z,PANEL_RIGHT,0.0001,9.999999747378752e-05,-2.079e-05,2026-08-20T08:00Z,8.0,8.0,14400
NMRUSDT,2026-08-20T12:00Z,PANEL_RIGHT,5e-05,4.999999873689376e-05,-0.00021259,2026-08-20T12:00Z,4.0,4.0,0
OGUSDT,2026-08-20T12:00Z,PANEL_RIGHT,5e-05,4.999999873689376e-05,3.615e-05,2026-08-20T12:00Z,4.0,4.0,0
OUSDT,2026-08-20T12:00Z,PANEL_RIGHT,5e-05,4.999999873689376e-05,0.00012714,2026-08-20T12:00Z,4.0,4.0,0
PUMPBTCUSDT,2026-08-20T12:00Z,PANEL_RIGHT,5e-05,4.999999873689376e-05,0.00029844,2026-08-20T12:00Z,4.0,4.0,0
REDUSDT,2026-08-20T12:00Z,PANEL_RIGHT,-0.00124055,-0.0012405499583110213,5e-05,2026-08-20T12:00Z,4.0,4.0,0
REUSDT,2026-08-20T12:00Z,PANEL_RIGHT,5e-05,4.999999873689376e-05,-7.359e-05,2026-08-20T12:00Z,4.0,4.0,0
RPLUSDT,2026-08-20T12:00Z,PANEL_RIGHT,5e-05,4.999999873689376e-05,-4.192e-05,2026-08-20T12:00Z,4.0,4.0,0
SONICUSDT,2026-08-20T12:00Z,PANEL_RIGHT,5e-05,4.999999873689376e-05,8.526e-05,2026-08-20T12:00Z,4.0,4.0,0
SPORTFUNUSDT,2026-08-20T12:00Z,PANEL_RIGHT,0.00044927,0.00044927000999450684,5e-05,2026-08-20T12:00Z,4.0,4.0,0
STEEMUSDT,2026-08-20T12:00Z,PANEL_RIGHT,5e-05,4.999999873689376e-05,-0.00033742,2026-08-20T12:00Z,4.0,4.0,0
SUPERUSDT,2026-08-20T12:00Z,PANEL_RIGHT,5e-05,4.999999873689376e-05,2.397e-05,2026-08-20T12:00Z,4.0,4.0,0
VTHOUSDT,2026-08-20T12:00Z,PANEL_RIGHT,1.108e-05,1.1080000149377156e-05,5e-05,2026-08-20T12:00Z,4.0,4.0,0
XVSUSDT,2026-08-20T12:00Z,PANEL_RIGHT,0.0001,9.999999747378752e-05,-0.00059901,2026-08-20T08:00Z,8.0,8.0,14400
ZESTUSDT,2026-08-20T12:00Z,PANEL_RIGHT,7.845e-05,7.845000072848052e-05,0.00033801,2026-08-20T12:00Z,4.0,4.0,0
ZRXUSDT,2026-08-20T12:00Z,PANEL_RIGHT,5e-05,4.999999873689376e-05,-0.00023526,2026-08-20T12:00Z,4.0,4.0,0
1000000MOGUSDT,2026-08-20T16:00Z,PANEL_RIGHT,7.704e-05,7.704000017838553e-05,5e-05,2026-08-20T16:00Z,4.0,4.0,0
ALLUSDT,2026-08-20T16:00Z,PANEL_RIGHT,0.0001,9.999999747378752e-05,-0.00043968,2026-08-20T16:00Z,8.0,8.0,0
ANIMEUSDT,2026-08-20T16:00Z,PANEL_RIGHT,5e-05,4.999999873689376e-05,-2.539e-05,2026-08-20T16:00Z,4.0,4.0,0
BNTUSDT,2026-08-20T16:00Z,PANEL_RIGHT,0.0001,9.999999747378752e-05,-0.00013565,2026-08-20T16:00Z,8.0,8.0,0
BTWUSDT,2026-08-20T16:00Z,PANEL_RIGHT,0.00027365,0.00027364998823031783,0.00079561,2026-08-20T16:00Z,4.0,4.0,0
CAPUSDT,2026-08-20T16:00Z,PANEL_RIGHT,-0.00020092,-0.00020091999613214284,-0.00094881,2026-08-20T16:00Z,4.0,4.0,0
CELRUSDT,2026-08-20T16:00Z,PANEL_RIGHT,7.024e-05,7.023999933153391e-05,0.0001,2026-08-20T16:00Z,8.0,8.0,0
CLANKERUSDT,2026-08-20T16:00Z,PANEL_RIGHT,0.00063404,0.0006340399850159883,5e-05,2026-08-20T16:00Z,4.0,4.0,0
COWUSDT,2026-08-20T16:00Z,PANEL_RIGHT,-0.00023852,-0.00023852000595070422,5e-05,2026-08-20T16:00Z,4.0,4.0,0
CTRUSDT,2026-08-20T16:00Z,PANEL_RIGHT,5e-05,4.999999873689376e-05,0.00020821,2026-08-20T16:00Z,4.0,4.0,0
CYBERUSDT,2026-08-20T16:00Z,PANEL_RIGHT,5e-05,4.999999873689376e-05,2.675e-05,2026-08-20T16:00Z,4.0,4.0,0
DATAIPUSDT,2026-08-20T16:00Z,PANEL_RIGHT,5e-05,4.999999873689376e-05,-0.00056876,2026-08-20T16:00Z,4.0,4.0,0
GRVTUSDT,2026-08-20T16:00Z,PANEL_RIGHT,-0.00010693,-0.00010692999785533175,5e-05,2026-08-20T16:00Z,4.0,4.0,0
KNCUSDT,2026-08-20T16:00Z,PANEL_RIGHT,0.0001,9.999999747378752e-05,-0.00051301,2026-08-20T16:00Z,8.0,8.0,0
MAVIAUSDT,2026-08-20T16:00Z,PANEL_RIGHT,0.00014779,0.0001477899932069704,0.00055831,2026-08-20T16:00Z,4.0,4.0,0
MTLUSDT,2026-08-20T16:00Z,PANEL_RIGHT,0.0001,9.999999747378752e-05,-2.079e-05,2026-08-20T16:00Z,8.0,8.0,0
NMRUSDT,2026-08-20T16:00Z,PANEL_RIGHT,5e-05,4.999999873689376e-05,-0.00021259,2026-08-20T16:00Z,4.0,4.0,0
OGUSDT,2026-08-20T16:00Z,PANEL_RIGHT,5e-05,4.999999873689376e-05,3.615e-05,2026-08-20T16:00Z,4.0,4.0,0
OUSDT,2026-08-20T16:00Z,PANEL_RIGHT,0.00017247,0.0001724699977785349,0.00012714,2026-08-20T16:00Z,4.0,4.0,0
PUMPBTCUSDT,2026-08-20T16:00Z,PANEL_RIGHT,5e-05,4.999999873689376e-05,0.00029844,2026-08-20T16:00Z,4.0,4.0,0
REDUSDT,2026-08-20T16:00Z,PANEL_RIGHT,-0.0005293,-0.0005293000140227377,5e-05,2026-08-20T16:00Z,4.0,4.0,0
REUSDT,2026-08-20T16:00Z,PANEL_RIGHT,5e-05,4.999999873689376e-05,-7.359e-05,2026-08-20T16:00Z,4.0,4.0,0
RPLUSDT,2026-08-20T16:00Z,PANEL_RIGHT,5e-05,4.999999873689376e-05,-4.192e-05,2026-08-20T16:00Z,4.0,4.0,0
SONICUSDT,2026-08-20T16:00Z,PANEL_RIGHT,0.00037637,0.00037637000787071884,8.526e-05,2026-08-20T16:00Z,4.0,4.0,0
SPORTFUNUSDT,2026-08-20T16:00Z,PANEL_RIGHT,0.00045259,0.0004525900003500283,5e-05,2026-08-20T16:00Z,4.0,4.0,0
STEEMUSDT,2026-08-20T16:00Z,PANEL_RIGHT,5e-05,4.999999873689376e-05,-0.00033742,2026-08-20T16:00Z,4.0,4.0,0
SUPERUSDT,2026-08-20T16:00Z,PANEL_RIGHT,5e-05,4.999999873689376e-05,2.397e-05,2026-08-20T16:00Z,4.0,4.0,0
XVSUSDT,2026-08-20T16:00Z,PANEL_RIGHT,0.0001,9.999999747378752e-05,-0.00059901,2026-08-20T16:00Z,8.0,8.0,0
ZESTUSDT,2026-08-20T16:00Z,PANEL_RIGHT,5e-05,4.999999873689376e-05,0.00033801,2026-08-20T16:00Z,4.0,4.0,0
ZRXUSDT,2026-08-20T16:00Z,PANEL_RIGHT,5e-05,4.999999873689376e-05,-0.00023526,2026-08-20T16:00Z,4.0,4.0,0
1000000BOBUSDT,2026-08-20T20:00Z,PANEL_RIGHT,-3.637e-05,-3.6369998269947246e-05,5e-05,2026-08-20T20:00Z,4.0,4.0,0
ALLUSDT,2026-08-20T20:00Z,PANEL_RIGHT,0.0001,9.999999747378752e-05,-0.00043968,2026-08-20T16:00Z,8.0,8.0,14400
ANIMEUSDT,2026-08-20T20:00Z,PANEL_RIGHT,5e-05,4.999999873689376e-05,-2.539e-05,2026-08-20T20:00Z,4.0,4.0,0
ASRUSDT,2026-08-20T20:00Z,PANEL_RIGHT,0.00010713,0.00010712999937823042,5e-05,2026-08-20T20:00Z,4.0,4.0,0
BNTUSDT,2026-08-20T20:00Z,PANEL_RIGHT,0.0001,9.999999747378752e-05,-0.00013565,2026-08-20T16:00Z,8.0,8.0,14400
BTWUSDT,2026-08-20T20:00Z,PANEL_RIGHT,0.00027461,0.00027461000718176365,0.00079561,2026-08-20T20:00Z,4.0,4.0,0
CAPUSDT,2026-08-20T20:00Z,PANEL_RIGHT,-0.00042304,-0.00042304000817239285,-0.00094881,2026-08-20T20:00Z,4.0,4.0,0
CELRUSDT,2026-08-20T20:00Z,PANEL_RIGHT,7.024e-05,7.023999933153391e-05,0.0001,2026-08-20T16:00Z,8.0,8.0,14400
COWUSDT,2026-08-20T20:00Z,PANEL_RIGHT,-4.895e-05,-4.895000165561214e-05,5e-05,2026-08-20T20:00Z,4.0,4.0,0
CTKUSDT,2026-08-20T20:00Z,PANEL_RIGHT,3.555e-05,3.555000148480758e-05,5e-05,2026-08-20T20:00Z,4.0,4.0,0
CTRUSDT,2026-08-20T20:00Z,PANEL_RIGHT,5e-05,4.999999873689376e-05,0.00020821,2026-08-20T20:00Z,4.0,4.0,0
CYBERUSDT,2026-08-20T20:00Z,PANEL_RIGHT,5e-05,4.999999873689376e-05,2.675e-05,2026-08-20T20:00Z,4.0,4.0,0
DATAIPUSDT,2026-08-20T20:00Z,PANEL_RIGHT,5e-05,4.999999873689376e-05,-0.00056876,2026-08-20T20:00Z,4.0,4.0,0
GRVTUSDT,2026-08-20T20:00Z,PANEL_RIGHT,-0.00022846,-0.0002284600050188601,5e-05,2026-08-20T20:00Z,4.0,4.0,0
ICXUSDT,2026-08-20T20:00Z,PANEL_RIGHT,-0.00035263,-0.00035263001336716115,5e-05,2026-08-20T20:00Z,4.0,4.0,0
KNCUSDT,2026-08-20T20:00Z,PANEL_RIGHT,0.0001,9.999999747378752e-05,-0.00051301,2026-08-20T16:00Z,8.0,8.0,14400
MAVIAUSDT,2026-08-20T20:00Z,PANEL_RIGHT,0.00024228,0.00024228000256698579,0.00055831,2026-08-20T20:00Z,4.0,4.0,0
MTLUSDT,2026-08-20T20:00Z,PANEL_RIGHT,0.0001,9.999999747378752e-05,-2.079e-05,2026-08-20T16:00Z,8.0,8.0,14400
NMRUSDT,2026-08-20T20:00Z,PANEL_RIGHT,5e-05,4.999999873689376e-05,-0.00021259,2026-08-20T20:00Z,4.0,4.0,0
OGUSDT,2026-08-20T20:00Z,PANEL_RIGHT,5e-05,4.999999873689376e-05,3.615e-05,2026-08-20T20:00Z,4.0,4.0,0
OUSDT,2026-08-20T20:00Z,PANEL_RIGHT,0.00020294,0.00020294000569265336,0.00012714,2026-08-20T20:00Z,4.0,4.0,0
PUMPBTCUSDT,2026-08-20T20:00Z,PANEL_RIGHT,5e-05,4.999999873689376e-05,0.00029844,2026-08-20T20:00Z,4.0,4.0,0
REDUSDT,2026-08-20T20:00Z,PANEL_RIGHT,-0.00067545,-0.0006754500209353864,5e-05,2026-08-20T20:00Z,4.0,4.0,0
REUSDT,2026-08-20T20:00Z,PANEL_RIGHT,5e-05,4.999999873689376e-05,-7.359e-05,2026-08-20T20:00Z,4.0,4.0,0
RPLUSDT,2026-08-20T20:00Z,PANEL_RIGHT,5e-05,4.999999873689376e-05,-4.192e-05,2026-08-20T20:00Z,4.0,4.0,0
SONICUSDT,2026-08-20T20:00Z,PANEL_RIGHT,5e-05,4.999999873689376e-05,8.526e-05,2026-08-20T20:00Z,4.0,4.0,0
SPORTFUNUSDT,2026-08-20T20:00Z,PANEL_RIGHT,0.00043789,0.00043789000483229756,5e-05,2026-08-20T20:00Z,4.0,4.0,0
STEEMUSDT,2026-08-20T20:00Z,PANEL_RIGHT,5e-05,4.999999873689376e-05,-0.00033742,2026-08-20T20:00Z,4.0,4.0,0
SUPERUSDT,2026-08-20T20:00Z,PANEL_RIGHT,5e-05,4.999999873689376e-05,2.397e-05,2026-08-20T20:00Z,4.0,4.0,0
VTHOUSDT,2026-08-20T20:00Z,PANEL_RIGHT,-9.36e-06,-9.360000149172265e-06,5e-05,2026-08-20T20:00Z,4.0,4.0,0
XVSUSDT,2026-08-20T20:00Z,PANEL_RIGHT,0.0001,9.999999747378752e-05,-0.00059901,2026-08-20T16:00Z,8.0,8.0,14400
ZESTUSDT,2026-08-20T20:00Z,PANEL_RIGHT,5e-05,4.999999873689376e-05,0.00033801,2026-08-20T20:00Z,4.0,4.0,0
ZRXUSDT,2026-08-20T20:00Z,PANEL_RIGHT,5e-05,4.999999873689376e-05,-0.00023526,2026-08-20T20:00Z,4.0,4.0,0
ALLUSDT,2026-08-21T00:00Z,PANEL_RIGHT,0.0001,9.999999747378752e-05,-0.00043968,2026-08-21T00:00Z,8.0,8.0,0
ANIMEUSDT,2026-08-21T00:00Z,PANEL_RIGHT,5e-05,4.999999873689376e-05,-2.539e-05,2026-08-21T00:00Z,4.0,4.0,0
ASRUSDT,2026-08-21T00:00Z,PANEL_RIGHT,8.618e-05,8.617999992566183e-05,5e-05,2026-08-21T00:00Z,4.0,4.0,0
BNTUSDT,2026-08-21T00:00Z,PANEL_RIGHT,-3.68e-05,-3.680000008898787e-05,-0.00013565,2026-08-21T00:00Z,8.0,8.0,0
BTWUSDT,2026-08-21T00:00Z,PANEL_RIGHT,0.0004526,0.0004526000120677054,0.00079561,2026-08-21T00:00Z,4.0,4.0,0
CAPUSDT,2026-08-21T00:00Z,PANEL_RIGHT,-0.00022464,-0.00022463999630417675,-0.00094881,2026-08-21T00:00Z,4.0,4.0,0
CLANKERUSDT,2026-08-21T00:00Z,PANEL_RIGHT,0.00067127,0.0006712700123898685,5e-05,2026-08-21T00:00Z,4.0,4.0,0
COWUSDT,2026-08-21T00:00Z,PANEL_RIGHT,-0.00013693,-0.0001369300007354468,5e-05,2026-08-21T00:00Z,4.0,4.0,0
CTKUSDT,2026-08-21T00:00Z,PANEL_RIGHT,-7.64e-06,-7.640000148967374e-06,5e-05,2026-08-21T00:00Z,4.0,4.0,0
CTRUSDT,2026-08-21T00:00Z,PANEL_RIGHT,5e-05,4.999999873689376e-05,0.00020821,2026-08-21T00:00Z,4.0,4.0,0
CYBERUSDT,2026-08-21T00:00Z,PANEL_RIGHT,-9.88e-06,-9.88000010693213e-06,2.675e-05,2026-08-21T00:00Z,4.0,4.0,0
DATAIPUSDT,2026-08-21T00:00Z,PANEL_RIGHT,5e-05,4.999999873689376e-05,-0.00056876,2026-08-21T00:00Z,4.0,4.0,0
GRVTUSDT,2026-08-21T00:00Z,PANEL_RIGHT,-0.00020816,-0.00020815999596379697,5e-05,2026-08-21T00:00Z,4.0,4.0,0
KNCUSDT,2026-08-21T00:00Z,PANEL_RIGHT,0.0001,9.999999747378752e-05,-0.00051301,2026-08-21T00:00Z,8.0,8.0,0
MAVIAUSDT,2026-08-21T00:00Z,PANEL_RIGHT,0.00028162,0.00028162001399323344,0.00055831,2026-08-21T00:00Z,4.0,4.0,0
MTLUSDT,2026-08-21T00:00Z,PANEL_RIGHT,0.0001,9.999999747378752e-05,-2.079e-05,2026-08-21T00:00Z,8.0,8.0,0
NMRUSDT,2026-08-21T00:00Z,PANEL_RIGHT,5e-05,4.999999873689376e-05,-0.00021259,2026-08-21T00:00Z,4.0,4.0,0
OGUSDT,2026-08-21T00:00Z,PANEL_RIGHT,5e-05,4.999999873689376e-05,3.615e-05,2026-08-21T00:00Z,4.0,4.0,0
OUSDT,2026-08-21T00:00Z,PANEL_RIGHT,5e-05,4.999999873689376e-05,0.00012714,2026-08-21T00:00Z,4.0,4.0,0
PUMPBTCUSDT,2026-08-21T00:00Z,PANEL_RIGHT,5e-05,4.999999873689376e-05,0.00029844,2026-08-21T00:00Z,4.0,4.0,0
REDUSDT,2026-08-21T00:00Z,PANEL_RIGHT,-0.00072601,-0.000726010010112077,5e-05,2026-08-21T00:00Z,4.0,4.0,0
REUSDT,2026-08-21T00:00Z,PANEL_RIGHT,5e-05,4.999999873689376e-05,-7.359e-05,2026-08-21T00:00Z,4.0,4.0,0
RPLUSDT,2026-08-21T00:00Z,PANEL_RIGHT,5e-05,4.999999873689376e-05,-4.192e-05,2026-08-21T00:00Z,4.0,4.0,0
SONICUSDT,2026-08-21T00:00Z,PANEL_RIGHT,0.00011829,0.00011829000141005963,8.526e-05,2026-08-21T00:00Z,4.0,4.0,0
SPORTFUNUSDT,2026-08-21T00:00Z,PANEL_RIGHT,0.00032373,0.00032372999703511596,5e-05,2026-08-21T00:00Z,4.0,4.0,0
STEEMUSDT,2026-08-21T00:00Z,PANEL_RIGHT,5e-05,4.999999873689376e-05,-0.00033742,2026-08-21T00:00Z,4.0,4.0,0
SUPERUSDT,2026-08-21T00:00Z,PANEL_RIGHT,5e-05,4.999999873689376e-05,2.397e-05,2026-08-21T00:00Z,4.0,4.0,0
XVSUSDT,2026-08-21T00:00Z,PANEL_RIGHT,0.0001,9.999999747378752e-05,-0.00059901,2026-08-21T00:00Z,8.0,8.0,0
ZESTUSDT,2026-08-21T00:00Z,PANEL_RIGHT,5e-05,4.999999873689376e-05,0.00033801,2026-08-21T00:00Z,4.0,4.0,0
ZRXUSDT,2026-08-21T00:00Z,PANEL_RIGHT,5e-05,4.999999873689376e-05,-0.00023526,2026-08-21T00:00Z,4.0,4.0,0
1000000MOGUSDT,2026-08-21T04:00Z,PANEL_RIGHT,0.00056517,0.0005651700193993747,5e-05,2026-08-21T04:00Z,4.0,4.0,0
ALLUSDT,2026-08-21T04:00Z,PANEL_RIGHT,0.0001,9.999999747378752e-05,-0.00043968,2026-08-21T00:00Z,8.0,8.0,14400
ANIMEUSDT,2026-08-21T04:00Z,PANEL_RIGHT,5e-05,4.999999873689376e-05,-2.539e-05,2026-08-21T04:00Z,4.0,4.0,0
BNTUSDT,2026-08-21T04:00Z,PANEL_RIGHT,-3.68e-05,-3.680000008898787e-05,-0.00013565,2026-08-21T00:00Z,8.0,8.0,14400
BTWUSDT,2026-08-21T04:00Z,PANEL_RIGHT,0.00042912,0.0004291200020816177,0.00079561,2026-08-21T04:00Z,4.0,4.0,0
CAPUSDT,2026-08-21T04:00Z,PANEL_RIGHT,-0.00029894,-0.00029893999453634024,-0.00094881,2026-08-21T04:00Z,4.0,4.0,0
CLANKERUSDT,2026-08-21T04:00Z,PANEL_RIGHT,0.00024687,0.00024687001132406294,5e-05,2026-08-21T04:00Z,4.0,4.0,0
COWUSDT,2026-08-21T04:00Z,PANEL_RIGHT,-0.00031364,-0.00031363999005407095,5e-05,2026-08-21T04:00Z,4.0,4.0,0
CTRUSDT,2026-08-21T04:00Z,PANEL_RIGHT,5e-05,4.999999873689376e-05,0.00020821,2026-08-21T04:00Z,4.0,4.0,0
CYBERUSDT,2026-08-21T04:00Z,PANEL_RIGHT,5e-05,4.999999873689376e-05,2.675e-05,2026-08-21T04:00Z,4.0,4.0,0
DATAIPUSDT,2026-08-21T04:00Z,PANEL_RIGHT,-0.00099848,-0.000998480012640357,-0.00056876,2026-08-21T04:00Z,4.0,4.0,0
GRVTUSDT,2026-08-21T04:00Z,PANEL_RIGHT,-0.00010306,-0.00010306000331183895,5e-05,2026-08-21T04:00Z,4.0,4.0,0
KNCUSDT,2026-08-21T04:00Z,PANEL_RIGHT,0.0001,9.999999747378752e-05,-0.00051301,2026-08-21T00:00Z,8.0,8.0,14400
MAVIAUSDT,2026-08-21T04:00Z,PANEL_RIGHT,0.00019738,0.00019737999537028372,0.00055831,2026-08-21T04:00Z,4.0,4.0,0
MTLUSDT,2026-08-21T04:00Z,PANEL_RIGHT,0.0001,9.999999747378752e-05,-2.079e-05,2026-08-21T00:00Z,8.0,8.0,14400
NMRUSDT,2026-08-21T04:00Z,PANEL_RIGHT,5e-05,4.999999873689376e-05,-0.00021259,2026-08-21T04:00Z,4.0,4.0,0
OGUSDT,2026-08-21T04:00Z,PANEL_RIGHT,5e-05,4.999999873689376e-05,3.615e-05,2026-08-21T04:00Z,4.0,4.0,0
OUSDT,2026-08-21T04:00Z,PANEL_RIGHT,5e-05,4.999999873689376e-05,0.00012714,2026-08-21T04:00Z,4.0,4.0,0
PUMPBTCUSDT,2026-08-21T04:00Z,PANEL_RIGHT,5e-05,4.999999873689376e-05,0.00029844,2026-08-21T04:00Z,4.0,4.0,0
REDUSDT,2026-08-21T04:00Z,PANEL_RIGHT,-0.00117318,-0.0011731799459084868,5e-05,2026-08-21T04:00Z,4.0,4.0,0
REUSDT,2026-08-21T04:00Z,PANEL_RIGHT,5e-05,4.999999873689376e-05,-7.359e-05,2026-08-21T04:00Z,4.0,4.0,0
RPLUSDT,2026-08-21T04:00Z,PANEL_RIGHT,5e-05,4.999999873689376e-05,-4.192e-05,2026-08-21T04:00Z,4.0,4.0,0
SANTOSUSDT,2026-08-21T04:00Z,PANEL_RIGHT,-0.00014081,-0.00014081000699661672,5e-05,2026-08-21T04:00Z,4.0,4.0,0
SONICUSDT,2026-08-21T04:00Z,PANEL_RIGHT,5e-05,4.999999873689376e-05,8.526e-05,2026-08-21T04:00Z,4.0,4.0,0
SPORTFUNUSDT,2026-08-21T04:00Z,PANEL_RIGHT,0.00050684,0.0005068400059826672,5e-05,2026-08-21T04:00Z,4.0,4.0,0
STEEMUSDT,2026-08-21T04:00Z,PANEL_RIGHT,-0.00028799,-0.0002879899984691292,-0.00033742,2026-08-21T04:00Z,4.0,4.0,0
SUPERUSDT,2026-08-21T04:00Z,PANEL_RIGHT,5e-05,4.999999873689376e-05,2.397e-05,2026-08-21T04:00Z,4.0,4.0,0
XVSUSDT,2026-08-21T04:00Z,PANEL_RIGHT,0.0001,9.999999747378752e-05,-0.00059901,2026-08-21T00:00Z,8.0,8.0,14400
ZESTUSDT,2026-08-21T04:00Z,PANEL_RIGHT,5e-05,4.999999873689376e-05,0.00033801,2026-08-21T04:00Z,4.0,4.0,0
ZRXUSDT,2026-08-21T04:00Z,PANEL_RIGHT,5e-05,4.999999873689376e-05,-0.00023526,2026-08-21T04:00Z,4.0,4.0,0
1000000MOGUSDT,2026-08-21T08:00Z,PANEL_RIGHT,0.0001706,0.0001706000039121136,5e-05,2026-08-21T08:00Z,4.0,4.0,0
ALLUSDT,2026-08-21T08:00Z,PANEL_RIGHT,0.0001,9.999999747378752e-05,-0.00043968,2026-08-21T08:00Z,8.0,8.0,0
ANIMEUSDT,2026-08-21T08:00Z,PANEL_RIGHT,5e-05,4.999999873689376e-05,-2.539e-05,2026-08-21T08:00Z,4.0,4.0,0
ARXUSDT,2026-08-21T08:00Z,PANEL_RIGHT,0.00025273,0.00025273000937886536,5e-05,2026-08-21T08:00Z,4.0,4.0,0
ASRUSDT,2026-08-21T08:00Z,PANEL_RIGHT,0.00023184,0.0002318399929208681,5e-05,2026-08-21T08:00Z,4.0,4.0,0
BNTUSDT,2026-08-21T08:00Z,PANEL_RIGHT,0.0001,9.999999747378752e-05,-0.00013565,2026-08-21T08:00Z,8.0,8.0,0
BTWUSDT,2026-08-21T08:00Z,PANEL_RIGHT,0.00045155,0.00045155000407248735,0.00079561,2026-08-21T08:00Z,4.0,4.0,0
CAPUSDT,2026-08-21T08:00Z,PANEL_RIGHT,-0.00012207,-0.00012206999963382259,-0.00094881,2026-08-21T08:00Z,4.0,4.0,0
CLANKERUSDT,2026-08-21T08:00Z,PANEL_RIGHT,0.00068663,0.000686630024574697,5e-05,2026-08-21T08:00Z,4.0,4.0,0
COWUSDT,2026-08-21T08:00Z,PANEL_RIGHT,-0.00043756,-0.00043755999649874866,5e-05,2026-08-21T08:00Z,4.0,4.0,0
CTKUSDT,2026-08-21T08:00Z,PANEL_RIGHT,7.79e-06,7.790000381646678e-06,5e-05,2026-08-21T08:00Z,4.0,4.0,0
CTRUSDT,2026-08-21T08:00Z,PANEL_RIGHT,5e-05,4.999999873689376e-05,0.00020821,2026-08-21T08:00Z,4.0,4.0,0
CYBERUSDT,2026-08-21T08:00Z,PANEL_RIGHT,5e-05,4.999999873689376e-05,2.675e-05,2026-08-21T08:00Z,4.0,4.0,0
DATAIPUSDT,2026-08-21T08:00Z,PANEL_RIGHT,5e-05,4.999999873689376e-05,-0.00056876,2026-08-21T08:00Z,4.0,4.0,0
GRVTUSDT,2026-08-21T08:00Z,PANEL_RIGHT,-9.679e-05,-9.678999776951969e-05,5e-05,2026-08-21T08:00Z,4.0,4.0,0
KNCUSDT,2026-08-21T08:00Z,PANEL_RIGHT,0.0001,9.999999747378752e-05,-0.00051301,2026-08-21T08:00Z,8.0,8.0,0
MAVIAUSDT,2026-08-21T08:00Z,PANEL_RIGHT,0.00020636,0.00020635999680962414,0.00055831,2026-08-21T08:00Z,4.0,4.0,0
MTLUSDT,2026-08-21T08:00Z,PANEL_RIGHT,0.0001,9.999999747378752e-05,-2.079e-05,2026-08-21T08:00Z,8.0,8.0,0
NMRUSDT,2026-08-21T08:00Z,PANEL_RIGHT,5e-05,4.999999873689376e-05,-0.00021259,2026-08-21T08:00Z,4.0,4.0,0
OGUSDT,2026-08-21T08:00Z,PANEL_RIGHT,5e-05,4.999999873689376e-05,3.615e-05,2026-08-21T08:00Z,4.0,4.0,0
OUSDT,2026-08-21T08:00Z,PANEL_RIGHT,5e-05,4.999999873689376e-05,0.00012714,2026-08-21T08:00Z,4.0,4.0,0
PUMPBTCUSDT,2026-08-21T08:00Z,PANEL_RIGHT,0.00030426,0.0003042600001208484,0.00029844,2026-08-21T08:00Z,4.0,4.0,0
REDUSDT,2026-08-21T08:00Z,PANEL_RIGHT,-0.00131415,-0.001314150053076446,5e-05,2026-08-21T08:00Z,4.0,4.0,0
REUSDT,2026-08-21T08:00Z,PANEL_RIGHT,5e-05,4.999999873689376e-05,-7.359e-05,2026-08-21T08:00Z,4.0,4.0,0
RPLUSDT,2026-08-21T08:00Z,PANEL_RIGHT,5e-05,4.999999873689376e-05,-4.192e-05,2026-08-21T08:00Z,4.0,4.0,0
SANTOSUSDT,2026-08-21T08:00Z,PANEL_RIGHT,-8.114e-05,-8.114000229397789e-05,5e-05,2026-08-21T08:00Z,4.0,4.0,0
SONICUSDT,2026-08-21T08:00Z,PANEL_RIGHT,5e-05,4.999999873689376e-05,8.526e-05,2026-08-21T08:00Z,4.0,4.0,0
SPORTFUNUSDT,2026-08-21T08:00Z,PANEL_RIGHT,0.00063847,0.0006384699954651296,5e-05,2026-08-21T08:00Z,4.0,4.0,0
STEEMUSDT,2026-08-21T08:00Z,PANEL_RIGHT,4.694e-05,4.6940000174799934e-05,-0.00033742,2026-08-21T08:00Z,4.0,4.0,0
SUPERUSDT,2026-08-21T08:00Z,PANEL_RIGHT,5e-05,4.999999873689376e-05,2.397e-05,2026-08-21T08:00Z,4.0,4.0,0
XVSUSDT,2026-08-21T08:00Z,PANEL_RIGHT,0.0001,9.999999747378752e-05,-0.00059901,2026-08-21T08:00Z,8.0,8.0,0
ZESTUSDT,2026-08-21T08:00Z,PANEL_RIGHT,0.00010582,0.00010581999958958477,0.00033801,2026-08-21T08:00Z,4.0,4.0,0
ZRXUSDT,2026-08-21T08:00Z,PANEL_RIGHT,5e-05,4.999999873689376e-05,-0.00023526,2026-08-21T08:00Z,4.0,4.0,0
1000000MOGUSDT,2026-08-21T12:00Z,PANEL_RIGHT,0.00013207,0.00013206999574322253,5e-05,2026-08-21T12:00Z,4.0,4.0,0
ALLUSDT,2026-08-21T12:00Z,PANEL_RIGHT,0.0001,9.999999747378752e-05,-0.00043968,2026-08-21T08:00Z,8.0,8.0,14400
ANIMEUSDT,2026-08-21T12:00Z,PANEL_RIGHT,5e-05,4.999999873689376e-05,-2.539e-05,2026-08-21T12:00Z,4.0,4.0,0
ARXUSDT,2026-08-21T12:00Z,PANEL_RIGHT,0.00013274,0.000132739995024167,5e-05,2026-08-21T12:00Z,4.0,4.0,0
ASRUSDT,2026-08-21T12:00Z,PANEL_RIGHT,0.00026732,0.0002673199924174696,5e-05,2026-08-21T12:00Z,4.0,4.0,0
AZTECUSDT,2026-08-21T12:00Z,PANEL_RIGHT,0.00010767,0.00010766999912448227,5e-05,2026-08-21T12:00Z,4.0,4.0,0
BNTUSDT,2026-08-21T12:00Z,PANEL_RIGHT,0.0001,9.999999747378752e-05,-0.00013565,2026-08-21T08:00Z,8.0,8.0,14400
BTWUSDT,2026-08-21T12:00Z,PANEL_RIGHT,0.00049601,0.0004960100050084293,0.00079561,2026-08-21T12:00Z,4.0,4.0,0
CAPUSDT,2026-08-21T12:00Z,PANEL_RIGHT,5e-05,4.999999873689376e-05,-0.00094881,2026-08-21T12:00Z,4.0,4.0,0
CLANKERUSDT,2026-08-21T12:00Z,PANEL_RIGHT,0.00034526,0.00034525999217294157,5e-05,2026-08-21T12:00Z,4.0,4.0,0
COWUSDT,2026-08-21T12:00Z,PANEL_RIGHT,-0.00015969,-0.00015968999650795013,5e-05,2026-08-21T12:00Z,4.0,4.0,0
CTRUSDT,2026-08-21T12:00Z,PANEL_RIGHT,5.85e-05,5.850000161444768e-05,0.00020821,2026-08-21T12:00Z,4.0,4.0,0
CYBERUSDT,2026-08-21T12:00Z,PANEL_RIGHT,5e-05,4.999999873689376e-05,2.675e-05,2026-08-21T12:00Z,4.0,4.0,0
DATAIPUSDT,2026-08-21T12:00Z,PANEL_RIGHT,5e-05,4.999999873689376e-05,-0.00056876,2026-08-21T12:00Z,4.0,4.0,0
GOATUSDT,2026-08-21T12:00Z,PANEL_RIGHT,0.00010826,0.0001082599992514588,5e-05,2026-08-21T12:00Z,4.0,4.0,0
KNCUSDT,2026-08-21T12:00Z,PANEL_RIGHT,0.0001,9.999999747378752e-05,-0.00051301,2026-08-21T08:00Z,8.0,8.0,14400
MAVIAUSDT,2026-08-21T12:00Z,PANEL_RIGHT,0.00027937,0.00027936999686062336,0.00055831,2026-08-21T12:00Z,4.0,4.0,0
MTLUSDT,2026-08-21T12:00Z,PANEL_RIGHT,0.0001,9.999999747378752e-05,-2.079e-05,2026-08-21T08:00Z,8.0,8.0,14400
NMRUSDT,2026-08-21T12:00Z,PANEL_RIGHT,5e-05,4.999999873689376e-05,-0.00021259,2026-08-21T12:00Z,4.0,4.0,0
OGUSDT,2026-08-21T12:00Z,PANEL_RIGHT,5e-05,4.999999873689376e-05,3.615e-05,2026-08-21T12:00Z,4.0,4.0,0
OUSDT,2026-08-21T12:00Z,PANEL_RIGHT,8.748e-05,8.74800025485456e-05,0.00012714,2026-08-21T12:00Z,4.0,4.0,0
PUMPBTCUSDT,2026-08-21T12:00Z,PANEL_RIGHT,0.0002778,0.00027779999072663486,0.00029844,2026-08-21T12:00Z,4.0,4.0,0
REDUSDT,2026-08-21T12:00Z,PANEL_RIGHT,-0.00012745,-0.0001274499954888597,5e-05,2026-08-21T12:00Z,4.0,4.0,0
REUSDT,2026-08-21T12:00Z,PANEL_RIGHT,5e-05,4.999999873689376e-05,-7.359e-05,2026-08-21T12:00Z,4.0,4.0,0
RPLUSDT,2026-08-21T12:00Z,PANEL_RIGHT,5e-05,4.999999873689376e-05,-4.192e-05,2026-08-21T12:00Z,4.0,4.0,0
SANTOSUSDT,2026-08-21T12:00Z,PANEL_RIGHT,-0.00019344,-0.00019344000611454248,5e-05,2026-08-21T12:00Z,4.0,4.0,0
SLXUSDT,2026-08-21T12:00Z,PANEL_RIGHT,0.00014435,0.0001443499932065606,5e-05,2026-08-21T12:00Z,4.0,4.0,0
SONICUSDT,2026-08-21T12:00Z,PANEL_RIGHT,0.00024069,0.0002406900021014735,8.526e-05,2026-08-21T12:00Z,4.0,4.0,0
SPORTFUNUSDT,2026-08-21T12:00Z,PANEL_RIGHT,0.00057687,0.0005768699920736253,5e-05,2026-08-21T12:00Z,4.0,4.0,0
STEEMUSDT,2026-08-21T12:00Z,PANEL_RIGHT,2.991e-05,2.9909999284427613e-05,-0.00033742,2026-08-21T12:00Z,4.0,4.0,0
SUPERUSDT,2026-08-21T12:00Z,PANEL_RIGHT,5e-05,4.999999873689376e-05,2.397e-05,2026-08-21T12:00Z,4.0,4.0,0
XVSUSDT,2026-08-21T12:00Z,PANEL_RIGHT,0.0001,9.999999747378752e-05,-0.00059901,2026-08-21T08:00Z,8.0,8.0,14400
ZESTUSDT,2026-08-21T12:00Z,PANEL_RIGHT,0.00022846,0.0002284600050188601,0.00033801,2026-08-21T12:00Z,4.0,4.0,0
ZRXUSDT,2026-08-21T12:00Z,PANEL_RIGHT,5e-05,4.999999873689376e-05,-0.00023526,2026-08-21T12:00Z,4.0,4.0,0
1000000BOBUSDT,2026-08-21T16:00Z,PANEL_RIGHT,0.00047633,0.00047632999485358596,5e-05,2026-08-21T16:00Z,4.0,4.0,0
1000000MOGUSDT,2026-08-21T16:00Z,PANEL_RIGHT,0.00036149,0.0003614900051616132,5e-05,2026-08-21T16:00Z,4.0,4.0,0
ALLUSDT,2026-08-21T16:00Z,PANEL_RIGHT,0.0001,9.999999747378752e-05,-0.00043968,2026-08-21T16:00Z,8.0,8.0,0
ANIMEUSDT,2026-08-21T16:00Z,PANEL_RIGHT,5e-05,4.999999873689376e-05,-2.539e-05,2026-08-21T16:00Z,4.0,4.0,0
ARXUSDT,2026-08-21T16:00Z,PANEL_RIGHT,0.000155,0.00015500000154133886,5e-05,2026-08-21T16:00Z,4.0,4.0,0
ASRUSDT,2026-08-21T16:00Z,PANEL_RIGHT,0.00036889,0.00036889000330120325,5e-05,2026-08-21T16:00Z,4.0,4.0,0
AZTECUSDT,2026-08-21T16:00Z,PANEL_RIGHT,0.00013132,0.00013132000458426774,5e-05,2026-08-21T16:00Z,4.0,4.0,0
BNTUSDT,2026-08-21T16:00Z,PANEL_RIGHT,0.0001,9.999999747378752e-05,-0.00013565,2026-08-21T16:00Z,8.0,8.0,0
BTWUSDT,2026-08-21T16:00Z,PANEL_RIGHT,0.00055042,0.0005504200235009193,0.00079561,2026-08-21T16:00Z,4.0,4.0,0
CAPUSDT,2026-08-21T16:00Z,PANEL_RIGHT,5e-05,4.999999873689376e-05,-0.00094881,2026-08-21T16:00Z,4.0,4.0,0
CLANKERUSDT,2026-08-21T16:00Z,PANEL_RIGHT,0.00040747,0.000407470011850819,5e-05,2026-08-21T16:00Z,4.0,4.0,0
CTRUSDT,2026-08-21T16:00Z,PANEL_RIGHT,0.0001796,0.0001795999996829778,0.00020821,2026-08-21T16:00Z,4.0,4.0,0
CYBERUSDT,2026-08-21T16:00Z,PANEL_RIGHT,5e-05,4.999999873689376e-05,2.675e-05,2026-08-21T16:00Z,4.0,4.0,0
DATAIPUSDT,2026-08-21T16:00Z,PANEL_RIGHT,5e-05,4.999999873689376e-05,-0.00056876,2026-08-21T16:00Z,4.0,4.0,0
GOATUSDT,2026-08-21T16:00Z,PANEL_RIGHT,0.00013501,0.00013501000648830086,5e-05,2026-08-21T16:00Z,4.0,4.0,0
GRVTUSDT,2026-08-21T16:00Z,PANEL_RIGHT,-0.00088021,-0.0008802100201137364,5e-05,2026-08-21T16:00Z,4.0,4.0,0
KNCUSDT,2026-08-21T16:00Z,PANEL_RIGHT,0.0001,9.999999747378752e-05,-0.00051301,2026-08-21T16:00Z,8.0,8.0,0
MAVIAUSDT,2026-08-21T16:00Z,PANEL_RIGHT,0.00017723,0.00017723000200930983,0.00055831,2026-08-21T16:00Z,4.0,4.0,0
MOCAUSDT,2026-08-21T16:00Z,PANEL_RIGHT,0.00018879,0.00018878999981097877,5e-05,2026-08-21T16:00Z,4.0,4.0,0
MTLUSDT,2026-08-21T16:00Z,PANEL_RIGHT,0.00048608,0.0004860800108872354,-2.079e-05,2026-08-21T16:00Z,8.0,8.0,0
NMRUSDT,2026-08-21T16:00Z,PANEL_RIGHT,5e-05,4.999999873689376e-05,-0.00021259,2026-08-21T16:00Z,4.0,4.0,0
OGUSDT,2026-08-21T16:00Z,PANEL_RIGHT,5e-05,4.999999873689376e-05,3.615e-05,2026-08-21T16:00Z,4.0,4.0,0
OUSDT,2026-08-21T16:00Z,PANEL_RIGHT,5e-05,4.999999873689376e-05,0.00012714,2026-08-21T16:00Z,4.0,4.0,0
PUMPBTCUSDT,2026-08-21T16:00Z,PANEL_RIGHT,0.0001445,0.00014449999434873462,0.00029844,2026-08-21T16:00Z,4.0,4.0,0
REDUSDT,2026-08-21T16:00Z,PANEL_RIGHT,-0.00038039,-0.00038039000355638564,5e-05,2026-08-21T16:00Z,4.0,4.0,0
REUSDT,2026-08-21T16:00Z,PANEL_RIGHT,5e-05,4.999999873689376e-05,-7.359e-05,2026-08-21T16:00Z,4.0,4.0,0
RPLUSDT,2026-08-21T16:00Z,PANEL_RIGHT,5e-05,4.999999873689376e-05,-4.192e-05,2026-08-21T16:00Z,4.0,4.0,0
SANTOSUSDT,2026-08-21T16:00Z,PANEL_RIGHT,-0.00010328,-0.0001032799991662614,5e-05,2026-08-21T16:00Z,4.0,4.0,0
SLXUSDT,2026-08-21T16:00Z,PANEL_RIGHT,5.426e-05,5.425999916042201e-05,5e-05,2026-08-21T16:00Z,4.0,4.0,0
SONICUSDT,2026-08-21T16:00Z,PANEL_RIGHT,0.00025247,0.0002524699957575649,8.526e-05,2026-08-21T16:00Z,4.0,4.0,0
SPORTFUNUSDT,2026-08-21T16:00Z,PANEL_RIGHT,0.00051694,0.0005169400246813893,5e-05,2026-08-21T16:00Z,4.0,4.0,0
STEEMUSDT,2026-08-21T16:00Z,PANEL_RIGHT,5e-05,4.999999873689376e-05,-0.00033742,2026-08-21T16:00Z,4.0,4.0,0
SUPERUSDT,2026-08-21T16:00Z,PANEL_RIGHT,5e-05,4.999999873689376e-05,2.397e-05,2026-08-21T16:00Z,4.0,4.0,0
XVSUSDT,2026-08-21T16:00Z,PANEL_RIGHT,0.0001,9.999999747378752e-05,-0.00059901,2026-08-21T16:00Z,8.0,8.0,0
ZESTUSDT,2026-08-21T16:00Z,PANEL_RIGHT,0.00022984,0.00022984000679571182,0.00033801,2026-08-21T16:00Z,4.0,4.0,0
ZRXUSDT,2026-08-21T16:00Z,PANEL_RIGHT,5e-05,4.999999873689376e-05,-0.00023526,2026-08-21T16:00Z,4.0,4.0,0
1000000BOBUSDT,2026-08-21T20:00Z,PANEL_RIGHT,0.00019169,0.0001916899927891791,5e-05,2026-08-21T20:00Z,4.0,4.0,0
1000000MOGUSDT,2026-08-21T20:00Z,PANEL_RIGHT,0.00028026,0.0002802599919959903,5e-05,2026-08-21T20:00Z,4.0,4.0,0
ALLUSDT,2026-08-21T20:00Z,PANEL_RIGHT,0.0001,9.999999747378752e-05,-0.00043968,2026-08-21T16:00Z,8.0,8.0,14400
ANIMEUSDT,2026-08-21T20:00Z,PANEL_RIGHT,5e-05,4.999999873689376e-05,-2.539e-05,2026-08-21T20:00Z,4.0,4.0,0
ASRUSDT,2026-08-21T20:00Z,PANEL_RIGHT,0.00012292,0.00012291999883018434,5e-05,2026-08-21T20:00Z,4.0,4.0,0
BNTUSDT,2026-08-21T20:00Z,PANEL_RIGHT,0.0001,9.999999747378752e-05,-0.00013565,2026-08-21T16:00Z,8.0,8.0,14400
BTWUSDT,2026-08-21T20:00Z,PANEL_RIGHT,0.00055874,0.0005587399937212467,0.00079561,2026-08-21T20:00Z,4.0,4.0,0
CAPUSDT,2026-08-21T20:00Z,PANEL_RIGHT,5e-05,4.999999873689376e-05,-0.00094881,2026-08-21T20:00Z,4.0,4.0,0
CLANKERUSDT,2026-08-21T20:00Z,PANEL_RIGHT,0.00012,0.00011999999696854502,5e-05,2026-08-21T20:00Z,4.0,4.0,0
COWUSDT,2026-08-21T20:00Z,PANEL_RIGHT,-3.269e-05,-3.2690000807633623e-05,5e-05,2026-08-21T20:00Z,4.0,4.0,0
CTRUSDT,2026-08-21T20:00Z,PANEL_RIGHT,0.00017407,0.00017406999540980905,0.00020821,2026-08-21T20:00Z,4.0,4.0,0
CYBERUSDT,2026-08-21T20:00Z,PANEL_RIGHT,5e-05,4.999999873689376e-05,2.675e-05,2026-08-21T20:00Z,4.0,4.0,0
DATAIPUSDT,2026-08-21T20:00Z,PANEL_RIGHT,5e-05,4.999999873689376e-05,-0.00056876,2026-08-21T20:00Z,4.0,4.0,0
GOATUSDT,2026-08-21T20:00Z,PANEL_RIGHT,0.00013549,0.00013549000141210854,5e-05,2026-08-21T20:00Z,4.0,4.0,0
GRVTUSDT,2026-08-21T20:00Z,PANEL_RIGHT,-0.00072261,-0.0007226099842227995,5e-05,2026-08-21T20:00Z,4.0,4.0,0
KNCUSDT,2026-08-21T20:00Z,PANEL_RIGHT,0.0001,9.999999747378752e-05,-0.00051301,2026-08-21T16:00Z,8.0,8.0,14400
MAVIAUSDT,2026-08-21T20:00Z,PANEL_RIGHT,0.00012905,0.00012904999312013388,0.00055831,2026-08-21T20:00Z,4.0,4.0,0
MTLUSDT,2026-08-21T20:00Z,PANEL_RIGHT,0.00048608,0.0004860800108872354,-2.079e-05,2026-08-21T16:00Z,8.0,8.0,14400
NMRUSDT,2026-08-21T20:00Z,PANEL_RIGHT,5e-05,4.999999873689376e-05,-0.00021259,2026-08-21T20:00Z,4.0,4.0,0
OGUSDT,2026-08-21T20:00Z,PANEL_RIGHT,5e-05,4.999999873689376e-05,3.615e-05,2026-08-21T20:00Z,4.0,4.0,0
OUSDT,2026-08-21T20:00Z,PANEL_RIGHT,5e-05,4.999999873689376e-05,0.00012714,2026-08-21T20:00Z,4.0,4.0,0
PUMPBTCUSDT,2026-08-21T20:00Z,PANEL_RIGHT,0.00029032,0.0002903199929278344,0.00029844,2026-08-21T20:00Z,4.0,4.0,0
REUSDT,2026-08-21T20:00Z,PANEL_RIGHT,5e-05,4.999999873689376e-05,-7.359e-05,2026-08-21T20:00Z,4.0,4.0,0
RPLUSDT,2026-08-21T20:00Z,PANEL_RIGHT,5e-05,4.999999873689376e-05,-4.192e-05,2026-08-21T20:00Z,4.0,4.0,0
SANTOSUSDT,2026-08-21T20:00Z,PANEL_RIGHT,-0.00027107,-0.0002710699918679893,5e-05,2026-08-21T20:00Z,4.0,4.0,0
SLPUSDT,2026-08-21T20:00Z,PANEL_RIGHT,4.266e-05,4.26600017817691e-05,5e-05,2026-08-21T20:00Z,4.0,4.0,0
SONICUSDT,2026-08-21T20:00Z,PANEL_RIGHT,5e-05,4.999999873689376e-05,8.526e-05,2026-08-21T20:00Z,4.0,4.0,0
SPORTFUNUSDT,2026-08-21T20:00Z,PANEL_RIGHT,0.00012594,0.000125940001453273,5e-05,2026-08-21T20:00Z,4.0,4.0,0
STEEMUSDT,2026-08-21T20:00Z,PANEL_RIGHT,5e-05,4.999999873689376e-05,-0.00033742,2026-08-21T20:00Z,4.0,4.0,0
SUPERUSDT,2026-08-21T20:00Z,PANEL_RIGHT,5e-05,4.999999873689376e-05,2.397e-05,2026-08-21T20:00Z,4.0,4.0,0
XVSUSDT,2026-08-21T20:00Z,PANEL_RIGHT,0.0001,9.999999747378752e-05,-0.00059901,2026-08-21T16:00Z,8.0,8.0,14400
ZESTUSDT,2026-08-21T20:00Z,PANEL_RIGHT,0.00013553,0.00013553000462707132,0.00033801,2026-08-21T20:00Z,4.0,4.0,0
ZRXUSDT,2026-08-21T20:00Z,PANEL_RIGHT,5e-05,4.999999873689376e-05,-0.00023526,2026-08-21T20:00Z,4.0,4.0,0
1000000MOGUSDT,2026-08-22T00:00Z,PANEL_RIGHT,0.00057055,0.0005705499788746238,5e-05,2026-08-22T00:00Z,4.0,4.0,0
ALLUSDT,2026-08-22T00:00Z,PANEL_RIGHT,-2.053e-05,-2.0530000256258063e-05,-0.00043968,2026-08-22T00:00Z,8.0,8.0,0
ALPINEUSDT,2026-08-22T00:00Z,PANEL_RIGHT,0.00011684,0.00011683999764500186,5e-05,2026-08-22T00:00Z,4.0,4.0,0
ANIMEUSDT,2026-08-22T00:00Z,PANEL_RIGHT,5e-05,4.999999873689376e-05,-2.539e-05,2026-08-22T00:00Z,4.0,4.0,0
ARXUSDT,2026-08-22T00:00Z,PANEL_RIGHT,0.00024011,0.0002401100064162165,5e-05,2026-08-22T00:00Z,4.0,4.0,0
ASRUSDT,2026-08-22T00:00Z,PANEL_RIGHT,0.00045917,0.00045916999806649983,5e-05,2026-08-22T00:00Z,4.0,4.0,0
AZTECUSDT,2026-08-22T00:00Z,PANEL_RIGHT,0.00017121,0.00017121000564657152,5e-05,2026-08-22T00:00Z,4.0,4.0,0
BNTUSDT,2026-08-22T00:00Z,PANEL_RIGHT,0.0001,9.999999747378752e-05,-0.00013565,2026-08-22T00:00Z,8.0,8.0,0
BTWUSDT,2026-08-22T00:00Z,PANEL_RIGHT,0.00037162,0.0003716200008057058,0.00079561,2026-08-22T00:00Z,4.0,4.0,0
CAPUSDT,2026-08-22T00:00Z,PANEL_RIGHT,5e-05,4.999999873689376e-05,-0.00094881,2026-08-22T00:00Z,4.0,4.0,0
CLANKERUSDT,2026-08-22T00:00Z,PANEL_RIGHT,0.00028972,0.00028971998835913837,5e-05,2026-08-22T00:00Z,4.0,4.0,0
CTRUSDT,2026-08-22T00:00Z,PANEL_RIGHT,0.00016711,0.00016711000353097916,0.00020821,2026-08-22T00:00Z,4.0,4.0,0
CYBERUSDT,2026-08-22T00:00Z,PANEL_RIGHT,5e-05,4.999999873689376e-05,2.675e-05,2026-08-22T00:00Z,4.0,4.0,0
DATAIPUSDT,2026-08-22T00:00Z,PANEL_RIGHT,5e-05,4.999999873689376e-05,-0.00056876,2026-08-22T00:00Z,4.0,4.0,0
GRAMUSDT,2026-08-22T00:00Z,PANEL_RIGHT,0.00019592,0.00019592000171542168,5e-05,2026-08-22T00:00Z,4.0,4.0,0
GRVTUSDT,2026-08-22T00:00Z,PANEL_RIGHT,-0.00022657,-0.00022657000226899981,5e-05,2026-08-22T00:00Z,4.0,4.0,0
KNCUSDT,2026-08-22T00:00Z,PANEL_RIGHT,0.0001,9.999999747378752e-05,-0.00051301,2026-08-22T00:00Z,8.0,8.0,0
MAVIAUSDT,2026-08-22T00:00Z,PANEL_RIGHT,0.0003321,0.00033209999673999846,0.00055831,2026-08-22T00:00Z,4.0,4.0,0
MOCAUSDT,2026-08-22T00:00Z,PANEL_RIGHT,0.00031085,0.0003108500095549971,5e-05,2026-08-22T00:00Z,4.0,4.0,0
MTLUSDT,2026-08-22T00:00Z,PANEL_RIGHT,0.0001,9.999999747378752e-05,-2.079e-05,2026-08-22T00:00Z,8.0,8.0,0
NMRUSDT,2026-08-22T00:00Z,PANEL_RIGHT,5e-05,4.999999873689376e-05,-0.00021259,2026-08-22T00:00Z,4.0,4.0,0
OGUSDT,2026-08-22T00:00Z,PANEL_RIGHT,5e-05,4.999999873689376e-05,3.615e-05,2026-08-22T00:00Z,4.0,4.0,0
OUSDT,2026-08-22T00:00Z,PANEL_RIGHT,5e-05,4.999999873689376e-05,0.00012714,2026-08-22T00:00Z,4.0,4.0,0
PUMPBTCUSDT,2026-08-22T00:00Z,PANEL_RIGHT,5.779e-05,5.7789999118540436e-05,0.00029844,2026-08-22T00:00Z,4.0,4.0,0
REUSDT,2026-08-22T00:00Z,PANEL_RIGHT,5e-05,4.999999873689376e-05,-7.359e-05,2026-08-22T00:00Z,4.0,4.0,0
RPLUSDT,2026-08-22T00:00Z,PANEL_RIGHT,5e-05,4.999999873689376e-05,-4.192e-05,2026-08-22T00:00Z,4.0,4.0,0
SANTOSUSDT,2026-08-22T00:00Z,PANEL_RIGHT,-0.00010502,-0.00010502000077394769,5e-05,2026-08-22T00:00Z,4.0,4.0,0
SLXUSDT,2026-08-22T00:00Z,PANEL_RIGHT,0.00028203,0.00028202999965287745,5e-05,2026-08-22T00:00Z,4.0,4.0,0
SONICUSDT,2026-08-22T00:00Z,PANEL_RIGHT,8.86e-05,8.859999798005447e-05,8.526e-05,2026-08-22T00:00Z,4.0,4.0,0
SPORTFUNUSDT,2026-08-22T00:00Z,PANEL_RIGHT,8.364e-05,8.363999950233847e-05,5e-05,2026-08-22T00:00Z,4.0,4.0,0
STEEMUSDT,2026-08-22T00:00Z,PANEL_RIGHT,5e-05,4.999999873689376e-05,-0.00033742,2026-08-22T00:00Z,4.0,4.0,0
SUPERUSDT,2026-08-22T00:00Z,PANEL_RIGHT,5e-05,4.999999873689376e-05,2.397e-05,2026-08-22T00:00Z,4.0,4.0,0
XVSUSDT,2026-08-22T00:00Z,PANEL_RIGHT,0.0001,9.999999747378752e-05,-0.00059901,2026-08-22T00:00Z,8.0,8.0,0
ZESTUSDT,2026-08-22T00:00Z,PANEL_RIGHT,0.00048425,0.00048424999113194644,0.00033801,2026-08-22T00:00Z,4.0,4.0,0
ZRXUSDT,2026-08-22T00:00Z,PANEL_RIGHT,5e-05,4.999999873689376e-05,-0.00023526,2026-08-22T00:00Z,4.0,4.0,0
1000000MOGUSDT,2026-08-22T04:00Z,PANEL_RIGHT,0.00055508,0.0005550800124183297,5e-05,2026-08-22T04:00Z,4.0,4.0,0
ALLUSDT,2026-08-22T04:00Z,PANEL_RIGHT,-2.053e-05,-2.0530000256258063e-05,-0.00043968,2026-08-22T00:00Z,8.0,8.0,14400
ALPINEUSDT,2026-08-22T04:00Z,PANEL_RIGHT,0.00016671,0.0001667100004851818,5e-05,2026-08-22T04:00Z,4.0,4.0,0
ANIMEUSDT,2026-08-22T04:00Z,PANEL_RIGHT,5e-05,4.999999873689376e-05,-2.539e-05,2026-08-22T04:00Z,4.0,4.0,0
ARXUSDT,2026-08-22T04:00Z,PANEL_RIGHT,0.00010328,0.0001032799991662614,5e-05,2026-08-22T04:00Z,4.0,4.0,0
ASRUSDT,2026-08-22T04:00Z,PANEL_RIGHT,0.00042689,0.00042689000838436186,5e-05,2026-08-22T04:00Z,4.0,4.0,0
AZTECUSDT,2026-08-22T04:00Z,PANEL_RIGHT,0.00056224,0.0005622400203719735,5e-05,2026-08-22T04:00Z,4.0,4.0,0
BNTUSDT,2026-08-22T04:00Z,PANEL_RIGHT,0.0001,9.999999747378752e-05,-0.00013565,2026-08-22T00:00Z,8.0,8.0,14400
BTWUSDT,2026-08-22T04:00Z,PANEL_RIGHT,0.00040871,0.0004087100096512586,0.00079561,2026-08-22T04:00Z,4.0,4.0,0
CAPUSDT,2026-08-22T04:00Z,PANEL_RIGHT,5e-05,4.999999873689376e-05,-0.00094881,2026-08-22T04:00Z,4.0,4.0,0
CLANKERUSDT,2026-08-22T04:00Z,PANEL_RIGHT,0.00028569,0.0002856900100596249,5e-05,2026-08-22T04:00Z,4.0,4.0,0
CTRUSDT,2026-08-22T04:00Z,PANEL_RIGHT,0.00059419,0.0005941899726167321,0.00020821,2026-08-22T04:00Z,4.0,4.0,0
CYBERUSDT,2026-08-22T04:00Z,PANEL_RIGHT,5e-05,4.999999873689376e-05,2.675e-05,2026-08-22T04:00Z,4.0,4.0,0
DATAIPUSDT,2026-08-22T04:00Z,PANEL_RIGHT,-1.502e-05,-1.5020000319054816e-05,-0.00056876,2026-08-22T04:00Z,4.0,4.0,0
GOATUSDT,2026-08-22T04:00Z,PANEL_RIGHT,0.00029555,0.00029555000946857035,5e-05,2026-08-22T04:00Z,4.0,4.0,0
GRAMUSDT,2026-08-22T04:00Z,PANEL_RIGHT,0.00018652,0.00018652000289876014,5e-05,2026-08-22T04:00Z,4.0,4.0,0
GRVTUSDT,2026-08-22T04:00Z,PANEL_RIGHT,-0.00030129,-0.00030129001243039966,5e-05,2026-08-22T04:00Z,4.0,4.0,0
ICXUSDT,2026-08-22T04:00Z,PANEL_RIGHT,0.00091891,0.0009189100237563252,5e-05,2026-08-22T04:00Z,4.0,4.0,0
KNCUSDT,2026-08-22T04:00Z,PANEL_RIGHT,0.0001,9.999999747378752e-05,-0.00051301,2026-08-22T00:00Z,8.0,8.0,14400
MAVIAUSDT,2026-08-22T04:00Z,PANEL_RIGHT,0.00053716,0.0005371600273065269,0.00055831,2026-08-22T04:00Z,4.0,4.0,0
MELANIAUSDT,2026-08-22T04:00Z,PANEL_RIGHT,0.00050703,0.0005070299957878888,5e-05,2026-08-22T04:00Z,4.0,4.0,0
MOCAUSDT,2026-08-22T04:00Z,PANEL_RIGHT,0.00042558,0.00042557998676784337,5e-05,2026-08-22T04:00Z,4.0,4.0,0
MTLUSDT,2026-08-22T04:00Z,PANEL_RIGHT,0.0001,9.999999747378752e-05,-2.079e-05,2026-08-22T00:00Z,8.0,8.0,14400
NMRUSDT,2026-08-22T04:00Z,PANEL_RIGHT,5e-05,4.999999873689376e-05,-0.00021259,2026-08-22T04:00Z,4.0,4.0,0
OGUSDT,2026-08-22T04:00Z,PANEL_RIGHT,5e-05,4.999999873689376e-05,3.615e-05,2026-08-22T04:00Z,4.0,4.0,0
OUSDT,2026-08-22T04:00Z,PANEL_RIGHT,5e-05,4.999999873689376e-05,0.00012714,2026-08-22T04:00Z,4.0,4.0,0
PUMPBTCUSDT,2026-08-22T04:00Z,PANEL_RIGHT,0.0003772,0.00037719999090768397,0.00029844,2026-08-22T04:00Z,4.0,4.0,0
REUSDT,2026-08-22T04:00Z,PANEL_RIGHT,5e-05,4.999999873689376e-05,-7.359e-05,2026-08-22T04:00Z,4.0,4.0,0
RPLUSDT,2026-08-22T04:00Z,PANEL_RIGHT,5e-05,4.999999873689376e-05,-4.192e-05,2026-08-22T04:00Z,4.0,4.0,0
SLXUSDT,2026-08-22T04:00Z,PANEL_RIGHT,0.00013087,0.00013087000115774572,5e-05,2026-08-22T04:00Z,4.0,4.0,0
SONICUSDT,2026-08-22T04:00Z,PANEL_RIGHT,0.00024664,0.0002466400037519634,8.526e-05,2026-08-22T04:00Z,4.0,4.0,0
SPORTFUNUSDT,2026-08-22T04:00Z,PANEL_RIGHT,0.00057662,0.000576619990170002,5e-05,2026-08-22T04:00Z,4.0,4.0,0
STEEMUSDT,2026-08-22T04:00Z,PANEL_RIGHT,5e-05,4.999999873689376e-05,-0.00033742,2026-08-22T04:00Z,4.0,4.0,0
SUPERUSDT,2026-08-22T04:00Z,PANEL_RIGHT,5e-05,4.999999873689376e-05,2.397e-05,2026-08-22T04:00Z,4.0,4.0,0
USTCUSDT,2026-08-22T04:00Z,PANEL_RIGHT,0.00011641,0.00011641000310191885,5e-05,2026-08-22T04:00Z,4.0,4.0,0
XVSUSDT,2026-08-22T04:00Z,PANEL_RIGHT,0.0001,9.999999747378752e-05,-0.00059901,2026-08-22T00:00Z,8.0,8.0,14400
ZESTUSDT,2026-08-22T04:00Z,PANEL_RIGHT,0.00070271,0.0007027100073173642,0.00033801,2026-08-22T04:00Z,4.0,4.0,0
ZRXUSDT,2026-08-22T04:00Z,PANEL_RIGHT,5e-05,4.999999873689376e-05,-0.00023526,2026-08-22T04:00Z,4.0,4.0,0
1000000MOGUSDT,2026-08-22T08:00Z,PANEL_RIGHT,0.00041827,0.000418270006775856,5e-05,2026-08-22T08:00Z,4.0,4.0,0
ALLUSDT,2026-08-22T08:00Z,PANEL_RIGHT,0.0001,9.999999747378752e-05,-0.00043968,2026-08-22T08:00Z,8.0,8.0,0
ANIMEUSDT,2026-08-22T08:00Z,PANEL_RIGHT,5e-05,4.999999873689376e-05,-2.539e-05,2026-08-22T08:00Z,4.0,4.0,0
ARKUSDT,2026-08-22T08:00Z,PANEL_RIGHT,0.00013645,0.00013645000581163913,5e-05,2026-08-22T08:00Z,4.0,4.0,0
ARXUSDT,2026-08-22T08:00Z,PANEL_RIGHT,0.00037619,0.00037619000067934394,5e-05,2026-08-22T08:00Z,4.0,4.0,0
ASRUSDT,2026-08-22T08:00Z,PANEL_RIGHT,7.337e-05,7.336999988183379e-05,5e-05,2026-08-22T08:00Z,4.0,4.0,0
AZTECUSDT,2026-08-22T08:00Z,PANEL_RIGHT,0.00012354,0.00012353999773040414,5e-05,2026-08-22T08:00Z,4.0,4.0,0
BNTUSDT,2026-08-22T08:00Z,PANEL_RIGHT,0.0001,9.999999747378752e-05,-0.00013565,2026-08-22T08:00Z,8.0,8.0,0
BTWUSDT,2026-08-22T08:00Z,PANEL_RIGHT,0.00063718,0.0006371799972839653,0.00079561,2026-08-22T08:00Z,4.0,4.0,0
CAPUSDT,2026-08-22T08:00Z,PANEL_RIGHT,5e-05,4.999999873689376e-05,-0.00094881,2026-08-22T08:00Z,4.0,4.0,0
CLANKERUSDT,2026-08-22T08:00Z,PANEL_RIGHT,0.0002222,0.00022220000391826034,5e-05,2026-08-22T08:00Z,4.0,4.0,0
CTRUSDT,2026-08-22T08:00Z,PANEL_RIGHT,0.00021036,0.00021035999816376716,0.00020821,2026-08-22T08:00Z,4.0,4.0,0
CYBERUSDT,2026-08-22T08:00Z,PANEL_RIGHT,5e-05,4.999999873689376e-05,2.675e-05,2026-08-22T08:00Z,4.0,4.0,0
DATAIPUSDT,2026-08-22T08:00Z,PANEL_RIGHT,5e-05,4.999999873689376e-05,-0.00056876,2026-08-22T08:00Z,4.0,4.0,0
FRAXUSDT,2026-08-22T08:00Z,PANEL_RIGHT,0.00011202,0.00011202000314369798,5e-05,2026-08-22T08:00Z,4.0,4.0,0
GOATUSDT,2026-08-22T08:00Z,PANEL_RIGHT,0.00021679,0.0002167899947380647,5e-05,2026-08-22T08:00Z,4.0,4.0,0
GRVTUSDT,2026-08-22T08:00Z,PANEL_RIGHT,-0.00061782,-0.0006178200128488243,5e-05,2026-08-22T08:00Z,4.0,4.0,0
KNCUSDT,2026-08-22T08:00Z,PANEL_RIGHT,0.0001,9.999999747378752e-05,-0.00051301,2026-08-22T08:00Z,8.0,8.0,0
MAVIAUSDT,2026-08-22T08:00Z,PANEL_RIGHT,5e-05,4.999999873689376e-05,0.00055831,2026-08-22T08:00Z,4.0,4.0,0
MOCAUSDT,2026-08-22T08:00Z,PANEL_RIGHT,0.00015801,0.00015801000699866563,5e-05,2026-08-22T08:00Z,4.0,4.0,0
MTLUSDT,2026-08-22T08:00Z,PANEL_RIGHT,0.00018973,0.00018972999532707036,-2.079e-05,2026-08-22T08:00Z,8.0,8.0,0
NMRUSDT,2026-08-22T08:00Z,PANEL_RIGHT,5e-05,4.999999873689376e-05,-0.00021259,2026-08-22T08:00Z,4.0,4.0,0
OGUSDT,2026-08-22T08:00Z,PANEL_RIGHT,5e-05,4.999999873689376e-05,3.615e-05,2026-08-22T08:00Z,4.0,4.0,0
OUSDT,2026-08-22T08:00Z,PANEL_RIGHT,5e-05,4.999999873689376e-05,0.00012714,2026-08-22T08:00Z,4.0,4.0,0
PUMPBTCUSDT,2026-08-22T08:00Z,PANEL_RIGHT,0.00065034,0.0006503399927169085,0.00029844,2026-08-22T08:00Z,4.0,4.0,0
REUSDT,2026-08-22T08:00Z,PANEL_RIGHT,5e-05,4.999999873689376e-05,-7.359e-05,2026-08-22T08:00Z,4.0,4.0,0
RPLUSDT,2026-08-22T08:00Z,PANEL_RIGHT,5e-05,4.999999873689376e-05,-4.192e-05,2026-08-22T08:00Z,4.0,4.0,0
SONICUSDT,2026-08-22T08:00Z,PANEL_RIGHT,0.00022534,0.0002253400016343221,8.526e-05,2026-08-22T08:00Z,4.0,4.0,0
SPORTFUNUSDT,2026-08-22T08:00Z,PANEL_RIGHT,0.00051143,0.0005114299710839987,5e-05,2026-08-22T08:00Z,4.0,4.0,0
STEEMUSDT,2026-08-22T08:00Z,PANEL_RIGHT,5e-05,4.999999873689376e-05,-0.00033742,2026-08-22T08:00Z,4.0,4.0,0
SUPERUSDT,2026-08-22T08:00Z,PANEL_RIGHT,5e-05,4.999999873689376e-05,2.397e-05,2026-08-22T08:00Z,4.0,4.0,0
XVSUSDT,2026-08-22T08:00Z,PANEL_RIGHT,0.00022219,0.00022219000675249845,-0.00059901,2026-08-22T08:00Z,8.0,8.0,0
ZESTUSDT,2026-08-22T08:00Z,PANEL_RIGHT,5e-05,4.999999873689376e-05,0.00033801,2026-08-22T08:00Z,4.0,4.0,0
ZRXUSDT,2026-08-22T08:00Z,PANEL_RIGHT,5e-05,4.999999873689376e-05,-0.00023526,2026-08-22T08:00Z,4.0,4.0,0
1000000MOGUSDT,2026-08-22T12:00Z,PANEL_RIGHT,0.00033093,0.0003309299936518073,5e-05,2026-08-22T12:00Z,4.0,4.0,0
ALLUSDT,2026-08-22T12:00Z,PANEL_RIGHT,0.0001,9.999999747378752e-05,-0.00043968,2026-08-22T08:00Z,8.0,8.0,14400
ALPINEUSDT,2026-08-22T12:00Z,PANEL_RIGHT,0.00012767,0.0001276700058951974,5e-05,2026-08-22T12:00Z,4.0,4.0,0
ANIMEUSDT,2026-08-22T12:00Z,PANEL_RIGHT,5e-05,4.999999873689376e-05,-2.539e-05,2026-08-22T12:00Z,4.0,4.0,0
ARXUSDT,2026-08-22T12:00Z,PANEL_RIGHT,5.063e-05,5.062999844085425e-05,5e-05,2026-08-22T12:00Z,4.0,4.0,0
ASRUSDT,2026-08-22T12:00Z,PANEL_RIGHT,0.00030103,0.0003010299988090992,5e-05,2026-08-22T12:00Z,4.0,4.0,0
AZTECUSDT,2026-08-22T12:00Z,PANEL_RIGHT,0.00022118,0.0002211800019722432,5e-05,2026-08-22T12:00Z,4.0,4.0,0
BNTUSDT,2026-08-22T12:00Z,PANEL_RIGHT,0.0001,9.999999747378752e-05,-0.00013565,2026-08-22T08:00Z,8.0,8.0,14400
BTWUSDT,2026-08-22T12:00Z,PANEL_RIGHT,0.00040943,0.0004094300093129277,0.00079561,2026-08-22T12:00Z,4.0,4.0,0
CAPUSDT,2026-08-22T12:00Z,PANEL_RIGHT,5e-05,4.999999873689376e-05,-0.00094881,2026-08-22T12:00Z,4.0,4.0,0
COWUSDT,2026-08-22T12:00Z,PANEL_RIGHT,-5.215e-05,-5.2150000556139275e-05,5e-05,2026-08-22T12:00Z,4.0,4.0,0
CTRUSDT,2026-08-22T12:00Z,PANEL_RIGHT,5e-05,4.999999873689376e-05,0.00020821,2026-08-22T12:00Z,4.0,4.0,0
CYBERUSDT,2026-08-22T12:00Z,PANEL_RIGHT,5e-05,4.999999873689376e-05,2.675e-05,2026-08-22T12:00Z,4.0,4.0,0
DATAIPUSDT,2026-08-22T12:00Z,PANEL_RIGHT,-0.00016227,-0.00016226999287027866,-0.00056876,2026-08-22T12:00Z,4.0,4.0,0
HIVEUSDT,2026-08-22T12:00Z,PANEL_RIGHT,0.00012374,0.0001237399992533028,5e-05,2026-08-22T12:00Z,4.0,4.0,0
ICXUSDT,2026-08-22T12:00Z,PANEL_RIGHT,0.00015737,0.00015736999921500683,5e-05,2026-08-22T12:00Z,4.0,4.0,0
KNCUSDT,2026-08-22T12:00Z,PANEL_RIGHT,0.0001,9.999999747378752e-05,-0.00051301,2026-08-22T08:00Z,8.0,8.0,14400
MAVIAUSDT,2026-08-22T12:00Z,PANEL_RIGHT,5e-05,4.999999873689376e-05,0.00055831,2026-08-22T12:00Z,4.0,4.0,0
MTLUSDT,2026-08-22T12:00Z,PANEL_RIGHT,0.00018973,0.00018972999532707036,-2.079e-05,2026-08-22T08:00Z,8.0,8.0,14400
NMRUSDT,2026-08-22T12:00Z,PANEL_RIGHT,5e-05,4.999999873689376e-05,-0.00021259,2026-08-22T12:00Z,4.0,4.0,0
OGUSDT,2026-08-22T12:00Z,PANEL_RIGHT,5e-05,4.999999873689376e-05,3.615e-05,2026-08-22T12:00Z,4.0,4.0,0
OUSDT,2026-08-22T12:00Z,PANEL_RIGHT,5e-05,4.999999873689376e-05,0.00012714,2026-08-22T12:00Z,4.0,4.0,0
PUMPBTCUSDT,2026-08-22T12:00Z,PANEL_RIGHT,6.013e-05,6.013000165694393e-05,0.00029844,2026-08-22T12:00Z,4.0,4.0,0
REUSDT,2026-08-22T12:00Z,PANEL_RIGHT,5e-05,4.999999873689376e-05,-7.359e-05,2026-08-22T12:00Z,4.0,4.0,0
RPLUSDT,2026-08-22T12:00Z,PANEL_RIGHT,5e-05,4.999999873689376e-05,-4.192e-05,2026-08-22T12:00Z,4.0,4.0,0
SONICUSDT,2026-08-22T12:00Z,PANEL_RIGHT,0.0006442,0.0006442000158131123,8.526e-05,2026-08-22T12:00Z,4.0,4.0,0
STEEMUSDT,2026-08-22T12:00Z,PANEL_RIGHT,5e-05,4.999999873689376e-05,-0.00033742,2026-08-22T12:00Z,4.0,4.0,0
SUNUSDT,2026-08-22T12:00Z,PANEL_RIGHT,-2.568e-05,-2.567999945313204e-05,5e-05,2026-08-22T12:00Z,4.0,4.0,0
SUPERUSDT,2026-08-22T12:00Z,PANEL_RIGHT,5e-05,4.999999873689376e-05,2.397e-05,2026-08-22T12:00Z,4.0,4.0,0
XVSUSDT,2026-08-22T12:00Z,PANEL_RIGHT,0.00022219,0.00022219000675249845,-0.00059901,2026-08-22T08:00Z,8.0,8.0,14400
ZESTUSDT,2026-08-22T12:00Z,PANEL_RIGHT,5e-05,4.999999873689376e-05,0.00033801,2026-08-22T12:00Z,4.0,4.0,0
ZRXUSDT,2026-08-22T12:00Z,PANEL_RIGHT,5e-05,4.999999873689376e-05,-0.00023526,2026-08-22T12:00Z,4.0,4.0,0
1000000MOGUSDT,2026-08-22T16:00Z,PANEL_RIGHT,0.00021948,0.0002194800035795197,5e-05,2026-08-22T16:00Z,4.0,4.0,0
ALLUSDT,2026-08-22T16:00Z,PANEL_RIGHT,-0.00038508,-0.0003850799985229969,-0.00043968,2026-08-22T16:00Z,8.0,8.0,0
ANIMEUSDT,2026-08-22T16:00Z,PANEL_RIGHT,5e-05,4.999999873689376e-05,-2.539e-05,2026-08-22T16:00Z,4.0,4.0,0
BNTUSDT,2026-08-22T16:00Z,PANEL_RIGHT,0.0001,9.999999747378752e-05,-0.00013565,2026-08-22T16:00Z,8.0,8.0,0
BTWUSDT,2026-08-22T16:00Z,PANEL_RIGHT,0.00035503,0.0003550300025381148,0.00079561,2026-08-22T16:00Z,4.0,4.0,0
CAPUSDT,2026-08-22T16:00Z,PANEL_RIGHT,5e-05,4.999999873689376e-05,-0.00094881,2026-08-22T16:00Z,4.0,4.0,0
COWUSDT,2026-08-22T16:00Z,PANEL_RIGHT,-2.12e-06,-2.1200000901444582e-06,5e-05,2026-08-22T16:00Z,4.0,4.0,0
CTRUSDT,2026-08-22T16:00Z,PANEL_RIGHT,5e-05,4.999999873689376e-05,0.00020821,2026-08-22T16:00Z,4.0,4.0,0
CYBERUSDT,2026-08-22T16:00Z,PANEL_RIGHT,5e-05,4.999999873689376e-05,2.675e-05,2026-08-22T16:00Z,4.0,4.0,0
DATAIPUSDT,2026-08-22T16:00Z,PANEL_RIGHT,-2.582e-05,-2.581999979156535e-05,-0.00056876,2026-08-22T16:00Z,4.0,4.0,0
GRVTUSDT,2026-08-22T16:00Z,PANEL_RIGHT,-0.00022131,-0.0002213099942309782,5e-05,2026-08-22T16:00Z,4.0,4.0,0
KNCUSDT,2026-08-22T16:00Z,PANEL_RIGHT,0.0001,9.999999747378752e-05,-0.00051301,2026-08-22T16:00Z,8.0,8.0,0
MAVIAUSDT,2026-08-22T16:00Z,PANEL_RIGHT,5e-05,4.999999873689376e-05,0.00055831,2026-08-22T16:00Z,4.0,4.0,0
MTLUSDT,2026-08-22T16:00Z,PANEL_RIGHT,0.0001,9.999999747378752e-05,-2.079e-05,2026-08-22T16:00Z,8.0,8.0,0
NMRUSDT,2026-08-22T16:00Z,PANEL_RIGHT,5e-05,4.999999873689376e-05,-0.00021259,2026-08-22T16:00Z,4.0,4.0,0
OGUSDT,2026-08-22T16:00Z,PANEL_RIGHT,5e-05,4.999999873689376e-05,3.615e-05,2026-08-22T16:00Z,4.0,4.0,0
OUSDT,2026-08-22T16:00Z,PANEL_RIGHT,5e-05,4.999999873689376e-05,0.00012714,2026-08-22T16:00Z,4.0,4.0,0
PUMPBTCUSDT,2026-08-22T16:00Z,PANEL_RIGHT,5e-05,4.999999873689376e-05,0.00029844,2026-08-22T16:00Z,4.0,4.0,0
REUSDT,2026-08-22T16:00Z,PANEL_RIGHT,5e-05,4.999999873689376e-05,-7.359e-05,2026-08-22T16:00Z,4.0,4.0,0
RPLUSDT,2026-08-22T16:00Z,PANEL_RIGHT,5e-05,4.999999873689376e-05,-4.192e-05,2026-08-22T16:00Z,4.0,4.0,0
SONICUSDT,2026-08-22T16:00Z,PANEL_RIGHT,5e-05,4.999999873689376e-05,8.526e-05,2026-08-22T16:00Z,4.0,4.0,0
STEEMUSDT,2026-08-22T16:00Z,PANEL_RIGHT,-1.533e-05,-1.5330000678659417e-05,-0.00033742,2026-08-22T16:00Z,4.0,4.0,0
SUPERUSDT,2026-08-22T16:00Z,PANEL_RIGHT,5e-05,4.999999873689376e-05,2.397e-05,2026-08-22T16:00Z,4.0,4.0,0
XVSUSDT,2026-08-22T16:00Z,PANEL_RIGHT,0.0001,9.999999747378752e-05,-0.00059901,2026-08-22T16:00Z,8.0,8.0,0
ZESTUSDT,2026-08-22T16:00Z,PANEL_RIGHT,8.505e-05,8.505000005243346e-05,0.00033801,2026-08-22T16:00Z,4.0,4.0,0
ZRXUSDT,2026-08-22T16:00Z,PANEL_RIGHT,5e-05,4.999999873689376e-05,-0.00023526,2026-08-22T16:00Z,4.0,4.0,0
1000000MOGUSDT,2026-08-22T20:00Z,PANEL_RIGHT,0.00010766,0.00010766000195872039,5e-05,2026-08-22T20:00Z,4.0,4.0,0
ALLUSDT,2026-08-22T20:00Z,PANEL_RIGHT,-0.00038508,-0.0003850799985229969,-0.00043968,2026-08-22T16:00Z,8.0,8.0,14400
ALPINEUSDT,2026-08-22T20:00Z,PANEL_RIGHT,0.00018272,0.0001827200030675158,5e-05,2026-08-22T20:00Z,4.0,4.0,0
ANIMEUSDT,2026-08-22T20:00Z,PANEL_RIGHT,5e-05,4.999999873689376e-05,-2.539e-05,2026-08-22T20:00Z,4.0,4.0,0
ARXUSDT,2026-08-22T20:00Z,PANEL_RIGHT,8.394e-05,8.394000178668648e-05,5e-05,2026-08-22T20:00Z,4.0,4.0,0
BEAMXUSDT,2026-08-22T20:00Z,PANEL_RIGHT,0.00022958,0.00022957999317441136,5e-05,2026-08-22T20:00Z,4.0,4.0,0
BNTUSDT,2026-08-22T20:00Z,PANEL_RIGHT,0.0001,9.999999747378752e-05,-0.00013565,2026-08-22T16:00Z,8.0,8.0,14400
BTWUSDT,2026-08-22T20:00Z,PANEL_RIGHT,0.00044048,0.0004404800129123032,0.00079561,2026-08-22T20:00Z,4.0,4.0,0
CAPUSDT,2026-08-22T20:00Z,PANEL_RIGHT,5e-05,4.999999873689376e-05,-0.00094881,2026-08-22T20:00Z,4.0,4.0,0
CLANKERUSDT,2026-08-22T20:00Z,PANEL_RIGHT,0.00014105,0.00014104999718256295,5e-05,2026-08-22T20:00Z,4.0,4.0,0
COWUSDT,2026-08-22T20:00Z,PANEL_RIGHT,-0.00072858,-0.0007285799947567284,5e-05,2026-08-22T20:00Z,4.0,4.0,0
CTRUSDT,2026-08-22T20:00Z,PANEL_RIGHT,0.00024914,0.00024913999368436635,0.00020821,2026-08-22T20:00Z,4.0,4.0,0
CYBERUSDT,2026-08-22T20:00Z,PANEL_RIGHT,5e-05,4.999999873689376e-05,2.675e-05,2026-08-22T20:00Z,4.0,4.0,0
DATAIPUSDT,2026-08-22T20:00Z,PANEL_RIGHT,-0.00035746,-0.0003574599977582693,-0.00056876,2026-08-22T20:00Z,4.0,4.0,0
KNCUSDT,2026-08-22T20:00Z,PANEL_RIGHT,0.0001,9.999999747378752e-05,-0.00051301,2026-08-22T16:00Z,8.0,8.0,14400
MAVIAUSDT,2026-08-22T20:00Z,PANEL_RIGHT,5e-05,4.999999873689376e-05,0.00055831,2026-08-22T20:00Z,4.0,4.0,0
MTLUSDT,2026-08-22T20:00Z,PANEL_RIGHT,0.0001,9.999999747378752e-05,-2.079e-05,2026-08-22T16:00Z,8.0,8.0,14400
NMRUSDT,2026-08-22T20:00Z,PANEL_RIGHT,5e-05,4.999999873689376e-05,-0.00021259,2026-08-22T20:00Z,4.0,4.0,0
OGUSDT,2026-08-22T20:00Z,PANEL_RIGHT,5e-05,4.999999873689376e-05,3.615e-05,2026-08-22T20:00Z,4.0,4.0,0
OUSDT,2026-08-22T20:00Z,PANEL_RIGHT,3.577e-05,3.577000097720884e-05,0.00012714,2026-08-22T20:00Z,4.0,4.0,0
PUMPBTCUSDT,2026-08-22T20:00Z,PANEL_RIGHT,5e-05,4.999999873689376e-05,0.00029844,2026-08-22T20:00Z,4.0,4.0,0
REUSDT,2026-08-22T20:00Z,PANEL_RIGHT,5e-05,4.999999873689376e-05,-7.359e-05,2026-08-22T20:00Z,4.0,4.0,0
RPLUSDT,2026-08-22T20:00Z,PANEL_RIGHT,5e-05,4.999999873689376e-05,-4.192e-05,2026-08-22T20:00Z,4.0,4.0,0
SANTOSUSDT,2026-08-22T20:00Z,PANEL_RIGHT,7.611e-05,7.611000182805583e-05,5e-05,2026-08-22T20:00Z,4.0,4.0,0
SONICUSDT,2026-08-22T20:00Z,PANEL_RIGHT,8.208e-05,8.207999781006947e-05,8.526e-05,2026-08-22T20:00Z,4.0,4.0,0
SPORTFUNUSDT,2026-08-22T20:00Z,PANEL_RIGHT,0.00024143,0.00024142999609466642,5e-05,2026-08-22T20:00Z,4.0,4.0,0
STEEMUSDT,2026-08-22T20:00Z,PANEL_RIGHT,5e-05,4.999999873689376e-05,-0.00033742,2026-08-22T20:00Z,4.0,4.0,0
SUNUSDT,2026-08-22T20:00Z,PANEL_RIGHT,4.372e-05,4.371999966679141e-05,5e-05,2026-08-22T20:00Z,4.0,4.0,0
SUPERUSDT,2026-08-22T20:00Z,PANEL_RIGHT,5e-05,4.999999873689376e-05,2.397e-05,2026-08-22T20:00Z,4.0,4.0,0
XVSUSDT,2026-08-22T20:00Z,PANEL_RIGHT,0.0001,9.999999747378752e-05,-0.00059901,2026-08-22T16:00Z,8.0,8.0,14400
ZESTUSDT,2026-08-22T20:00Z,PANEL_RIGHT,5.718e-05,5.718000102206133e-05,0.00033801,2026-08-22T20:00Z,4.0,4.0,0
ZRXUSDT,2026-08-22T20:00Z,PANEL_RIGHT,5e-05,4.999999873689376e-05,-0.00023526,2026-08-22T20:00Z,4.0,4.0,0
ALLUSDT,2026-08-23T00:00Z,PANEL_RIGHT,-0.00023351,-0.00023350999981630594,-0.00043968,2026-08-23T00:00Z,8.0,8.0,0
ANIMEUSDT,2026-08-23T00:00Z,PANEL_RIGHT,5e-05,4.999999873689376e-05,-2.539e-05,2026-08-23T00:00Z,4.0,4.0,0
ARXUSDT,2026-08-23T00:00Z,PANEL_RIGHT,0.00015329,0.00015329000598285347,5e-05,2026-08-23T00:00Z,4.0,4.0,0
BNTUSDT,2026-08-23T00:00Z,PANEL_RIGHT,0.0001,9.999999747378752e-05,-0.00013565,2026-08-23T00:00Z,8.0,8.0,0
BTWUSDT,2026-08-23T00:00Z,PANEL_RIGHT,0.00034494,0.0003449399955570698,0.00079561,2026-08-23T00:00Z,4.0,4.0,0
CAPUSDT,2026-08-23T00:00Z,PANEL_RIGHT,5e-05,4.999999873689376e-05,-0.00094881,2026-08-23T00:00Z,4.0,4.0,0
CLANKERUSDT,2026-08-23T00:00Z,PANEL_RIGHT,0.00025117,0.0002511699858587235,5e-05,2026-08-23T00:00Z,4.0,4.0,0
CTRUSDT,2026-08-23T00:00Z,PANEL_RIGHT,0.00012925,0.00012924999464303255,0.00020821,2026-08-23T00:00Z,4.0,4.0,0
CYBERUSDT,2026-08-23T00:00Z,PANEL_RIGHT,5e-05,4.999999873689376e-05,2.675e-05,2026-08-23T00:00Z,4.0,4.0,0
DATAIPUSDT,2026-08-23T00:00Z,PANEL_RIGHT,-1.832e-05,-1.832000089052599e-05,-0.00056876,2026-08-23T00:00Z,4.0,4.0,0
KNCUSDT,2026-08-23T00:00Z,PANEL_RIGHT,0.0001,9.999999747378752e-05,-0.00051301,2026-08-23T00:00Z,8.0,8.0,0
MAVIAUSDT,2026-08-23T00:00Z,PANEL_RIGHT,5e-05,4.999999873689376e-05,0.00055831,2026-08-23T00:00Z,4.0,4.0,0
MTLUSDT,2026-08-23T00:00Z,PANEL_RIGHT,0.00038248,0.0003824800078291446,-2.079e-05,2026-08-23T00:00Z,8.0,8.0,0
NMRUSDT,2026-08-23T00:00Z,PANEL_RIGHT,5e-05,4.999999873689376e-05,-0.00021259,2026-08-23T00:00Z,4.0,4.0,0
OGUSDT,2026-08-23T00:00Z,PANEL_RIGHT,5e-05,4.999999873689376e-05,3.615e-05,2026-08-23T00:00Z,4.0,4.0,0
OUSDT,2026-08-23T00:00Z,PANEL_RIGHT,5e-05,4.999999873689376e-05,0.00012714,2026-08-23T00:00Z,4.0,4.0,0
PUMPBTCUSDT,2026-08-23T00:00Z,PANEL_RIGHT,0.0002738,0.00027379998937249184,0.00029844,2026-08-23T00:00Z,4.0,4.0,0
REUSDT,2026-08-23T00:00Z,PANEL_RIGHT,-4.581e-05,-4.581000030157156e-05,-7.359e-05,2026-08-23T00:00Z,4.0,4.0,0
RPLUSDT,2026-08-23T00:00Z,PANEL_RIGHT,5e-05,4.999999873689376e-05,-4.192e-05,2026-08-23T00:00Z,4.0,4.0,0
SONICUSDT,2026-08-23T00:00Z,PANEL_RIGHT,5e-05,4.999999873689376e-05,8.526e-05,2026-08-23T00:00Z,4.0,4.0,0
SPORTFUNUSDT,2026-08-23T00:00Z,PANEL_RIGHT,0.000137,0.00013699999544769526,5e-05,2026-08-23T00:00Z,4.0,4.0,0
STEEMUSDT,2026-08-23T00:00Z,PANEL_RIGHT,3.36e-05,3.360000118846074e-05,-0.00033742,2026-08-23T00:00Z,4.0,4.0,0
SUNUSDT,2026-08-23T00:00Z,PANEL_RIGHT,3.902e-05,3.902000025846064e-05,5e-05,2026-08-23T00:00Z,4.0,4.0,0
SUPERUSDT,2026-08-23T00:00Z,PANEL_RIGHT,5e-05,4.999999873689376e-05,2.397e-05,2026-08-23T00:00Z,4.0,4.0,0
XVSUSDT,2026-08-23T00:00Z,PANEL_RIGHT,0.0001,9.999999747378752e-05,-0.00059901,2026-08-23T00:00Z,8.0,8.0,0
ZESTUSDT,2026-08-23T00:00Z,PANEL_RIGHT,0.00023043,0.00023042999964673072,0.00033801,2026-08-23T00:00Z,4.0,4.0,0
ZRXUSDT,2026-08-23T00:00Z,PANEL_RIGHT,5e-05,4.999999873689376e-05,-0.00023526,2026-08-23T00:00Z,4.0,4.0,0
ALLUSDT,2026-08-23T04:00Z,PANEL_RIGHT,-0.00023351,-0.00023350999981630594,-0.00043968,2026-08-23T00:00Z,8.0,8.0,14400
ANIMEUSDT,2026-08-23T04:00Z,PANEL_RIGHT,5e-05,4.999999873689376e-05,-2.539e-05,2026-08-23T04:00Z,4.0,4.0,0
ARKUSDT,2026-08-23T04:00Z,PANEL_RIGHT,2.582e-05,2.581999979156535e-05,5e-05,2026-08-23T04:00Z,4.0,4.0,0
ARXUSDT,2026-08-23T04:00Z,PANEL_RIGHT,0.00014223,0.000142229997436516,5e-05,2026-08-23T04:00Z,4.0,4.0,0
BNTUSDT,2026-08-23T04:00Z,PANEL_RIGHT,0.0001,9.999999747378752e-05,-0.00013565,2026-08-23T00:00Z,8.0,8.0,14400
BTWUSDT,2026-08-23T04:00Z,PANEL_RIGHT,0.00035494,0.00035494001349434257,0.00079561,2026-08-23T04:00Z,4.0,4.0,0
CAPUSDT,2026-08-23T04:00Z,PANEL_RIGHT,5e-05,4.999999873689376e-05,-0.00094881,2026-08-23T04:00Z,4.0,4.0,0
CTRUSDT,2026-08-23T04:00Z,PANEL_RIGHT,5e-05,4.999999873689376e-05,0.00020821,2026-08-23T04:00Z,4.0,4.0,0
CYBERUSDT,2026-08-23T04:00Z,PANEL_RIGHT,5e-05,4.999999873689376e-05,2.675e-05,2026-08-23T04:00Z,4.0,4.0,0
DATAIPUSDT,2026-08-23T04:00Z,PANEL_RIGHT,-0.00023049,-0.00023048999719321728,-0.00056876,2026-08-23T04:00Z,4.0,4.0,0
FRAXUSDT,2026-08-23T04:00Z,PANEL_RIGHT,-0.00010662,-0.00010661999840522185,5e-05,2026-08-23T04:00Z,4.0,4.0,0
GRVTUSDT,2026-08-23T04:00Z,PANEL_RIGHT,-3.581e-05,-3.581000055419281e-05,5e-05,2026-08-23T04:00Z,4.0,4.0,0
KNCUSDT,2026-08-23T04:00Z,PANEL_RIGHT,0.0001,9.999999747378752e-05,-0.00051301,2026-08-23T00:00Z,8.0,8.0,14400
MAVIAUSDT,2026-08-23T04:00Z,PANEL_RIGHT,5e-05,4.999999873689376e-05,0.00055831,2026-08-23T04:00Z,4.0,4.0,0
MTLUSDT,2026-08-23T04:00Z,PANEL_RIGHT,0.00038248,0.0003824800078291446,-2.079e-05,2026-08-23T00:00Z,8.0,8.0,14400
NMRUSDT,2026-08-23T04:00Z,PANEL_RIGHT,5e-05,4.999999873689376e-05,-0.00021259,2026-08-23T04:00Z,4.0,4.0,0
OGUSDT,2026-08-23T04:00Z,PANEL_RIGHT,5e-05,4.999999873689376e-05,3.615e-05,2026-08-23T04:00Z,4.0,4.0,0
OUSDT,2026-08-23T04:00Z,PANEL_RIGHT,5e-05,4.999999873689376e-05,0.00012714,2026-08-23T04:00Z,4.0,4.0,0
PUMPBTCUSDT,2026-08-23T04:00Z,PANEL_RIGHT,5e-05,4.999999873689376e-05,0.00029844,2026-08-23T04:00Z,4.0,4.0,0
REUSDT,2026-08-23T04:00Z,PANEL_RIGHT,1.7e-07,1.700000069604357e-07,-7.359e-05,2026-08-23T04:00Z,4.0,4.0,0
RPLUSDT,2026-08-23T04:00Z,PANEL_RIGHT,5e-05,4.999999873689376e-05,-4.192e-05,2026-08-23T04:00Z,4.0,4.0,0
SONICUSDT,2026-08-23T04:00Z,PANEL_RIGHT,5e-05,4.999999873689376e-05,8.526e-05,2026-08-23T04:00Z,4.0,4.0,0
STEEMUSDT,2026-08-23T04:00Z,PANEL_RIGHT,5e-05,4.999999873689376e-05,-0.00033742,2026-08-23T04:00Z,4.0,4.0,0
SUNUSDT,2026-08-23T04:00Z,PANEL_RIGHT,-0.00046961,-0.0004696100077126175,5e-05,2026-08-23T04:00Z,4.0,4.0,0
SUPERUSDT,2026-08-23T04:00Z,PANEL_RIGHT,5e-05,4.999999873689376e-05,2.397e-05,2026-08-23T04:00Z,4.0,4.0,0
XVSUSDT,2026-08-23T04:00Z,PANEL_RIGHT,0.0001,9.999999747378752e-05,-0.00059901,2026-08-23T00:00Z,8.0,8.0,14400
ZESTUSDT,2026-08-23T04:00Z,PANEL_RIGHT,5e-05,4.999999873689376e-05,0.00033801,2026-08-23T04:00Z,4.0,4.0,0
ZRXUSDT,2026-08-23T04:00Z,PANEL_RIGHT,5e-05,4.999999873689376e-05,-0.00023526,2026-08-23T04:00Z,4.0,4.0,0
ALLUSDT,2026-08-23T08:00Z,PANEL_RIGHT,0.0001,9.999999747378752e-05,-0.00043968,2026-08-23T08:00Z,8.0,8.0,0
ANIMEUSDT,2026-08-23T08:00Z,PANEL_RIGHT,5e-05,4.999999873689376e-05,-2.539e-05,2026-08-23T08:00Z,4.0,4.0,0
BNTUSDT,2026-08-23T08:00Z,PANEL_RIGHT,0.0001,9.999999747378752e-05,-0.00013565,2026-08-23T08:00Z,8.0,8.0,0
BTWUSDT,2026-08-23T08:00Z,PANEL_RIGHT,0.00029907,0.00029907000134699047,0.00079561,2026-08-23T08:00Z,4.0,4.0,0
CAPUSDT,2026-08-23T08:00Z,PANEL_RIGHT,5e-05,4.999999873689376e-05,-0.00094881,2026-08-23T08:00Z,4.0,4.0,0
CLANKERUSDT,2026-08-23T08:00Z,PANEL_RIGHT,0.00038771,0.0003877099952660501,5e-05,2026-08-23T08:00Z,4.0,4.0,0
CTRUSDT,2026-08-23T08:00Z,PANEL_RIGHT,0.00026931,0.00026930999592877924,0.00020821,2026-08-23T08:00Z,4.0,4.0,0
CYBERUSDT,2026-08-23T08:00Z,PANEL_RIGHT,5e-05,4.999999873689376e-05,2.675e-05,2026-08-23T08:00Z,4.0,4.0,0
DATAIPUSDT,2026-08-23T08:00Z,PANEL_RIGHT,5e-05,4.999999873689376e-05,-0.00056876,2026-08-23T08:00Z,4.0,4.0,0
FRAXUSDT,2026-08-23T08:00Z,PANEL_RIGHT,-8.481e-05,-8.481000259052962e-05,5e-05,2026-08-23T08:00Z,4.0,4.0,0
GRVTUSDT,2026-08-23T08:00Z,PANEL_RIGHT,-0.0003514,-0.0003513999981805682,5e-05,2026-08-23T08:00Z,4.0,4.0,0
ICXUSDT,2026-08-23T08:00Z,PANEL_RIGHT,8.771e-05,8.771000284468755e-05,5e-05,2026-08-23T08:00Z,4.0,4.0,0
KNCUSDT,2026-08-23T08:00Z,PANEL_RIGHT,0.0001,9.999999747378752e-05,-0.00051301,2026-08-23T08:00Z,8.0,8.0,0
MAVIAUSDT,2026-08-23T08:00Z,PANEL_RIGHT,5e-05,4.999999873689376e-05,0.00055831,2026-08-23T08:00Z,4.0,4.0,0
MTLUSDT,2026-08-23T08:00Z,PANEL_RIGHT,0.0001,9.999999747378752e-05,-2.079e-05,2026-08-23T08:00Z,8.0,8.0,0
NMRUSDT,2026-08-23T08:00Z,PANEL_RIGHT,5e-05,4.999999873689376e-05,-0.00021259,2026-08-23T08:00Z,4.0,4.0,0
OGUSDT,2026-08-23T08:00Z,PANEL_RIGHT,5e-05,4.999999873689376e-05,3.615e-05,2026-08-23T08:00Z,4.0,4.0,0
OUSDT,2026-08-23T08:00Z,PANEL_RIGHT,5e-05,4.999999873689376e-05,0.00012714,2026-08-23T08:00Z,4.0,4.0,0
PUMPBTCUSDT,2026-08-23T08:00Z,PANEL_RIGHT,0.00096438,0.0009643799858167768,0.00029844,2026-08-23T08:00Z,4.0,4.0,0
REUSDT,2026-08-23T08:00Z,PANEL_RIGHT,5e-05,4.999999873689376e-05,-7.359e-05,2026-08-23T08:00Z,4.0,4.0,0
RPLUSDT,2026-08-23T08:00Z,PANEL_RIGHT,5e-05,4.999999873689376e-05,-4.192e-05,2026-08-23T08:00Z,4.0,4.0,0
SONICUSDT,2026-08-23T08:00Z,PANEL_RIGHT,5e-05,4.999999873689376e-05,8.526e-05,2026-08-23T08:00Z,4.0,4.0,0
SPORTFUNUSDT,2026-08-23T08:00Z,PANEL_RIGHT,0.00020779,0.00020778999896720052,5e-05,2026-08-23T08:00Z,4.0,4.0,0
STEEMUSDT,2026-08-23T08:00Z,PANEL_RIGHT,5e-05,4.999999873689376e-05,-0.00033742,2026-08-23T08:00Z,4.0,4.0,0
SUNUSDT,2026-08-23T08:00Z,PANEL_RIGHT,-0.0004013,-0.00040129999979399145,5e-05,2026-08-23T08:00Z,4.0,4.0,0
SUPERUSDT,2026-08-23T08:00Z,PANEL_RIGHT,5e-05,4.999999873689376e-05,2.397e-05,2026-08-23T08:00Z,4.0,4.0,0
XVSUSDT,2026-08-23T08:00Z,PANEL_RIGHT,0.0001,9.999999747378752e-05,-0.00059901,2026-08-23T08:00Z,8.0,8.0,0
ZESTUSDT,2026-08-23T08:00Z,PANEL_RIGHT,5e-05,4.999999873689376e-05,0.00033801,2026-08-23T08:00Z,4.0,4.0,0
ZRXUSDT,2026-08-23T08:00Z,PANEL_RIGHT,5e-05,4.999999873689376e-05,-0.00023526,2026-08-23T08:00Z,4.0,4.0,0
ALLUSDT,2026-08-23T12:00Z,PANEL_RIGHT,0.0001,9.999999747378752e-05,-0.00043968,2026-08-23T08:00Z,8.0,8.0,14400
ALPINEUSDT,2026-08-23T12:00Z,PANEL_RIGHT,9.111e-05,9.110999963013455e-05,5e-05,2026-08-23T12:00Z,4.0,4.0,0
ANIMEUSDT,2026-08-23T12:00Z,PANEL_RIGHT,5e-05,4.999999873689376e-05,-2.539e-05,2026-08-23T12:00Z,4.0,4.0,0
BNTUSDT,2026-08-23T12:00Z,PANEL_RIGHT,0.0001,9.999999747378752e-05,-0.00013565,2026-08-23T08:00Z,8.0,8.0,14400
BTWUSDT,2026-08-23T12:00Z,PANEL_RIGHT,0.00019502,0.00019501999486237764,0.00079561,2026-08-23T12:00Z,4.0,4.0,0
CAPUSDT,2026-08-23T12:00Z,PANEL_RIGHT,5e-05,4.999999873689376e-05,-0.00094881,2026-08-23T12:00Z,4.0,4.0,0
CLANKERUSDT,2026-08-23T12:00Z,PANEL_RIGHT,0.00059631,0.0005963100120425224,5e-05,2026-08-23T12:00Z,4.0,4.0,0
CTRUSDT,2026-08-23T12:00Z,PANEL_RIGHT,5e-05,4.999999873689376e-05,0.00020821,2026-08-23T12:00Z,4.0,4.0,0
CYBERUSDT,2026-08-23T12:00Z,PANEL_RIGHT,5e-05,4.999999873689376e-05,2.675e-05,2026-08-23T12:00Z,4.0,4.0,0
DATAIPUSDT,2026-08-23T12:00Z,PANEL_RIGHT,5e-05,4.999999873689376e-05,-0.00056876,2026-08-23T12:00Z,4.0,4.0,0
ETHWUSDT,2026-08-23T12:00Z,PANEL_RIGHT,7.769e-05,7.76899978518486e-05,5e-05,2026-08-23T12:00Z,4.0,4.0,0
GRVTUSDT,2026-08-23T12:00Z,PANEL_RIGHT,-0.00044613,-0.00044612999772652984,5e-05,2026-08-23T12:00Z,4.0,4.0,0
KNCUSDT,2026-08-23T12:00Z,PANEL_RIGHT,0.0001,9.999999747378752e-05,-0.00051301,2026-08-23T08:00Z,8.0,8.0,14400
MASKUSDT,2026-08-23T12:00Z,PANEL_RIGHT,6.703e-05,6.702999962726608e-05,5e-05,2026-08-23T12:00Z,4.0,4.0,0
MAVIAUSDT,2026-08-23T12:00Z,PANEL_RIGHT,5e-05,4.999999873689376e-05,0.00055831,2026-08-23T12:00Z,4.0,4.0,0
MTLUSDT,2026-08-23T12:00Z,PANEL_RIGHT,0.0001,9.999999747378752e-05,-2.079e-05,2026-08-23T08:00Z,8.0,8.0,14400
NMRUSDT,2026-08-23T12:00Z,PANEL_RIGHT,5e-05,4.999999873689376e-05,-0.00021259,2026-08-23T12:00Z,4.0,4.0,0
OGUSDT,2026-08-23T12:00Z,PANEL_RIGHT,5e-05,4.999999873689376e-05,3.615e-05,2026-08-23T12:00Z,4.0,4.0,0
OUSDT,2026-08-23T12:00Z,PANEL_RIGHT,5e-05,4.999999873689376e-05,0.00012714,2026-08-23T12:00Z,4.0,4.0,0
PUMPBTCUSDT,2026-08-23T12:00Z,PANEL_RIGHT,5e-05,4.999999873689376e-05,0.00029844,2026-08-23T12:00Z,4.0,4.0,0
REUSDT,2026-08-23T12:00Z,PANEL_RIGHT,5e-05,4.999999873689376e-05,-7.359e-05,2026-08-23T12:00Z,4.0,4.0,0
RPLUSDT,2026-08-23T12:00Z,PANEL_RIGHT,5e-05,4.999999873689376e-05,-4.192e-05,2026-08-23T12:00Z,4.0,4.0,0
SONICUSDT,2026-08-23T12:00Z,PANEL_RIGHT,0.00028939,0.0002893900091294199,8.526e-05,2026-08-23T12:00Z,4.0,4.0,0
STEEMUSDT,2026-08-23T12:00Z,PANEL_RIGHT,5e-05,4.999999873689376e-05,-0.00033742,2026-08-23T12:00Z,4.0,4.0,0
SUNUSDT,2026-08-23T12:00Z,PANEL_RIGHT,-6.253e-05,-6.253000174183398e-05,5e-05,2026-08-23T12:00Z,4.0,4.0,0
SUPERUSDT,2026-08-23T12:00Z,PANEL_RIGHT,5e-05,4.999999873689376e-05,2.397e-05,2026-08-23T12:00Z,4.0,4.0,0
XVSUSDT,2026-08-23T12:00Z,PANEL_RIGHT,0.0001,9.999999747378752e-05,-0.00059901,2026-08-23T08:00Z,8.0,8.0,14400
ZESTUSDT,2026-08-23T12:00Z,PANEL_RIGHT,5e-05,4.999999873689376e-05,0.00033801,2026-08-23T12:00Z,4.0,4.0,0
ZRXUSDT,2026-08-23T12:00Z,PANEL_RIGHT,5e-05,4.999999873689376e-05,-0.00023526,2026-08-23T12:00Z,4.0,4.0,0
ALLUSDT,2026-08-23T16:00Z,PANEL_RIGHT,-0.0003395,-0.0003394999948795885,-0.00043968,2026-08-23T16:00Z,8.0,8.0,0
ALPINEUSDT,2026-08-23T16:00Z,PANEL_RIGHT,0.00016708,0.00016707999748177826,5e-05,2026-08-23T16:00Z,4.0,4.0,0
ANIMEUSDT,2026-08-23T16:00Z,PANEL_RIGHT,5e-05,4.999999873689376e-05,-2.539e-05,2026-08-23T16:00Z,4.0,4.0,0
BNTUSDT,2026-08-23T16:00Z,PANEL_RIGHT,0.00015353,0.0001535299961687997,-0.00013565,2026-08-23T16:00Z,8.0,8.0,0
BTWUSDT,2026-08-23T16:00Z,PANEL_RIGHT,0.00022546,0.00022545999672729522,0.00079561,2026-08-23T16:00Z,4.0,4.0,0
CAPUSDT,2026-08-23T16:00Z,PANEL_RIGHT,2.944e-05,2.9439999707392417e-05,-0.00094881,2026-08-23T16:00Z,4.0,4.0,0
CLANKERUSDT,2026-08-23T16:00Z,PANEL_RIGHT,0.00011237,0.00011236999853281304,5e-05,2026-08-23T16:00Z,4.0,4.0,0
CTRUSDT,2026-08-23T16:00Z,PANEL_RIGHT,0.00012188,0.00012188000255264342,0.00020821,2026-08-23T16:00Z,4.0,4.0,0
CYBERUSDT,2026-08-23T16:00Z,PANEL_RIGHT,5e-05,4.999999873689376e-05,2.675e-05,2026-08-23T16:00Z,4.0,4.0,0
DATAIPUSDT,2026-08-23T16:00Z,PANEL_RIGHT,5e-05,4.999999873689376e-05,-0.00056876,2026-08-23T16:00Z,4.0,4.0,0
FRAXUSDT,2026-08-23T16:00Z,PANEL_RIGHT,0.00016769,0.00016768999921623617,5e-05,2026-08-23T16:00Z,4.0,4.0,0
GRVTUSDT,2026-08-23T16:00Z,PANEL_RIGHT,-0.00065176,-0.0006517600268125534,5e-05,2026-08-23T16:00Z,4.0,4.0,0
KNCUSDT,2026-08-23T16:00Z,PANEL_RIGHT,0.0001,9.999999747378752e-05,-0.00051301,2026-08-23T16:00Z,8.0,8.0,0
MAVIAUSDT,2026-08-23T16:00Z,PANEL_RIGHT,5e-05,4.999999873689376e-05,0.00055831,2026-08-23T16:00Z,4.0,4.0,0
MTLUSDT,2026-08-23T16:00Z,PANEL_RIGHT,0.0001,9.999999747378752e-05,-2.079e-05,2026-08-23T16:00Z,8.0,8.0,0
NMRUSDT,2026-08-23T16:00Z,PANEL_RIGHT,5e-05,4.999999873689376e-05,-0.00021259,2026-08-23T16:00Z,4.0,4.0,0
OGUSDT,2026-08-23T16:00Z,PANEL_RIGHT,5e-05,4.999999873689376e-05,3.615e-05,2026-08-23T16:00Z,4.0,4.0,0
OUSDT,2026-08-23T16:00Z,PANEL_RIGHT,5e-05,4.999999873689376e-05,0.00012714,2026-08-23T16:00Z,4.0,4.0,0
PUMPBTCUSDT,2026-08-23T16:00Z,PANEL_RIGHT,0.00024994,0.00024993999977596104,0.00029844,2026-08-23T16:00Z,4.0,4.0,0
REUSDT,2026-08-23T16:00Z,PANEL_RIGHT,5e-05,4.999999873689376e-05,-7.359e-05,2026-08-23T16:00Z,4.0,4.0,0
RPLUSDT,2026-08-23T16:00Z,PANEL_RIGHT,5e-05,4.999999873689376e-05,-4.192e-05,2026-08-23T16:00Z,4.0,4.0,0
SONICUSDT,2026-08-23T16:00Z,PANEL_RIGHT,0.00036681,0.0003668100107461214,8.526e-05,2026-08-23T16:00Z,4.0,4.0,0
SPORTFUNUSDT,2026-08-23T16:00Z,PANEL_RIGHT,7.976e-05,7.976000051712617e-05,5e-05,2026-08-23T16:00Z,4.0,4.0,0
STEEMUSDT,2026-08-23T16:00Z,PANEL_RIGHT,5e-05,4.999999873689376e-05,-0.00033742,2026-08-23T16:00Z,4.0,4.0,0
SUNUSDT,2026-08-23T16:00Z,PANEL_RIGHT,-4.802e-05,-4.801999966730364e-05,5e-05,2026-08-23T16:00Z,4.0,4.0,0
SUPERUSDT,2026-08-23T16:00Z,PANEL_RIGHT,5e-05,4.999999873689376e-05,2.397e-05,2026-08-23T16:00Z,4.0,4.0,0
XVSUSDT,2026-08-23T16:00Z,PANEL_RIGHT,0.0001,9.999999747378752e-05,-0.00059901,2026-08-23T16:00Z,8.0,8.0,0
ZESTUSDT,2026-08-23T16:00Z,PANEL_RIGHT,9.429e-05,9.42900005611591e-05,0.00033801,2026-08-23T16:00Z,4.0,4.0,0
ZRXUSDT,2026-08-23T16:00Z,PANEL_RIGHT,5e-05,4.999999873689376e-05,-0.00023526,2026-08-23T16:00Z,4.0,4.0,0
ALLUSDT,2026-08-23T20:00Z,PANEL_RIGHT,-0.0003395,-0.0003394999948795885,-0.00043968,2026-08-23T16:00Z,8.0,8.0,14400
ANIMEUSDT,2026-08-23T20:00Z,PANEL_RIGHT,5e-05,4.999999873689376e-05,-2.539e-05,2026-08-23T20:00Z,4.0,4.0,0
BNTUSDT,2026-08-23T20:00Z,PANEL_RIGHT,0.00015353,0.0001535299961687997,-0.00013565,2026-08-23T16:00Z,8.0,8.0,14400
BTWUSDT,2026-08-23T20:00Z,PANEL_RIGHT,0.00026736,0.00026736001018434763,0.00079561,2026-08-23T20:00Z,4.0,4.0,0
CAPUSDT,2026-08-23T20:00Z,PANEL_RIGHT,5e-05,4.999999873689376e-05,-0.00094881,2026-08-23T20:00Z,4.0,4.0,0
CLANKERUSDT,2026-08-23T20:00Z,PANEL_RIGHT,0.00011019,0.00011018999794032425,5e-05,2026-08-23T20:00Z,4.0,4.0,0
CTRUSDT,2026-08-23T20:00Z,PANEL_RIGHT,5e-05,4.999999873689376e-05,0.00020821,2026-08-23T20:00Z,4.0,4.0,0
CYBERUSDT,2026-08-23T20:00Z,PANEL_RIGHT,5e-05,4.999999873689376e-05,2.675e-05,2026-08-23T20:00Z,4.0,4.0,0
DATAIPUSDT,2026-08-23T20:00Z,PANEL_RIGHT,5e-05,4.999999873689376e-05,-0.00056876,2026-08-23T20:00Z,4.0,4.0,0
GRVTUSDT,2026-08-23T20:00Z,PANEL_RIGHT,-0.00069167,-0.0006916699931025505,5e-05,2026-08-23T20:00Z,4.0,4.0,0
ICXUSDT,2026-08-23T20:00Z,PANEL_RIGHT,0.00033861,0.00033860999974422157,5e-05,2026-08-23T20:00Z,4.0,4.0,0
KNCUSDT,2026-08-23T20:00Z,PANEL_RIGHT,0.0001,9.999999747378752e-05,-0.00051301,2026-08-23T16:00Z,8.0,8.0,14400
MAVIAUSDT,2026-08-23T20:00Z,PANEL_RIGHT,5e-05,4.999999873689376e-05,0.00055831,2026-08-23T20:00Z,4.0,4.0,0
MTLUSDT,2026-08-23T20:00Z,PANEL_RIGHT,0.0001,9.999999747378752e-05,-2.079e-05,2026-08-23T16:00Z,8.0,8.0,14400
NMRUSDT,2026-08-23T20:00Z,PANEL_RIGHT,5e-05,4.999999873689376e-05,-0.00021259,2026-08-23T20:00Z,4.0,4.0,0
OGUSDT,2026-08-23T20:00Z,PANEL_RIGHT,5e-05,4.999999873689376e-05,3.615e-05,2026-08-23T20:00Z,4.0,4.0,0
OUSDT,2026-08-23T20:00Z,PANEL_RIGHT,5e-05,4.999999873689376e-05,0.00012714,2026-08-23T20:00Z,4.0,4.0,0
PUMPBTCUSDT,2026-08-23T20:00Z,PANEL_RIGHT,6.62e-05,6.620000203838572e-05,0.00029844,2026-08-23T20:00Z,4.0,4.0,0
REUSDT,2026-08-23T20:00Z,PANEL_RIGHT,5e-05,4.999999873689376e-05,-7.359e-05,2026-08-23T20:00Z,4.0,4.0,0
RPLUSDT,2026-08-23T20:00Z,PANEL_RIGHT,5e-05,4.999999873689376e-05,-4.192e-05,2026-08-23T20:00Z,4.0,4.0,0
SONICUSDT,2026-08-23T20:00Z,PANEL_RIGHT,8.397e-05,8.397000055992976e-05,8.526e-05,2026-08-23T20:00Z,4.0,4.0,0
SPORTFUNUSDT,2026-08-23T20:00Z,PANEL_RIGHT,0.00031133,0.00031132998992688954,5e-05,2026-08-23T20:00Z,4.0,4.0,0
STEEMUSDT,2026-08-23T20:00Z,PANEL_RIGHT,5e-05,4.999999873689376e-05,-0.00033742,2026-08-23T20:00Z,4.0,4.0,0
SUNUSDT,2026-08-23T20:00Z,PANEL_RIGHT,-0.00022529,-0.00022529000125359744,5e-05,2026-08-23T20:00Z,4.0,4.0,0
SUPERUSDT,2026-08-23T20:00Z,PANEL_RIGHT,5e-05,4.999999873689376e-05,2.397e-05,2026-08-23T20:00Z,4.0,4.0,0
XVSUSDT,2026-08-23T20:00Z,PANEL_RIGHT,0.0001,9.999999747378752e-05,-0.00059901,2026-08-23T16:00Z,8.0,8.0,14400
ZESTUSDT,2026-08-23T20:00Z,PANEL_RIGHT,5e-05,4.999999873689376e-05,0.00033801,2026-08-23T20:00Z,4.0,4.0,0
ZRXUSDT,2026-08-23T20:00Z,PANEL_RIGHT,5e-05,4.999999873689376e-05,-0.00023526,2026-08-23T20:00Z,4.0,4.0,0
1000000BOBUSDT,2026-08-24T00:00Z,PANEL_RIGHT,4.79e-05,4.7900000936351717e-05,5e-05,2026-08-24T00:00Z,4.0,4.0,0
ALLUSDT,2026-08-24T00:00Z,PANEL_RIGHT,-0.00027148,-0.00027148000663146377,-0.00043968,2026-08-24T00:00Z,8.0,8.0,0
ANIMEUSDT,2026-08-24T00:00Z,PANEL_RIGHT,5e-05,4.999999873689376e-05,-2.539e-05,2026-08-24T00:00Z,4.0,4.0,0
ARXUSDT,2026-08-24T00:00Z,PANEL_RIGHT,0.00032932,0.00032931999885477126,5e-05,2026-08-24T00:00Z,4.0,4.0,0
ASRUSDT,2026-08-24T00:00Z,PANEL_RIGHT,0.00012537,0.00012537000293377787,5e-05,2026-08-24T00:00Z,4.0,4.0,0
BNTUSDT,2026-08-24T00:00Z,PANEL_RIGHT,0.0001,9.999999747378752e-05,-0.00013565,2026-08-24T00:00Z,8.0,8.0,0
BTWUSDT,2026-08-24T00:00Z,PANEL_RIGHT,0.00033265,0.0003326500009279698,0.00079561,2026-08-24T00:00Z,4.0,4.0,0
CAPUSDT,2026-08-24T00:00Z,PANEL_RIGHT,5e-05,4.999999873689376e-05,-0.00094881,2026-08-24T00:00Z,4.0,4.0,0
CLANKERUSDT,2026-08-24T00:00Z,PANEL_RIGHT,0.00017394,0.00017394000315107405,5e-05,2026-08-24T00:00Z,4.0,4.0,0
CTRUSDT,2026-08-24T00:00Z,PANEL_RIGHT,5e-05,4.999999873689376e-05,0.00020821,2026-08-24T00:00Z,4.0,4.0,0
CYBERUSDT,2026-08-24T00:00Z,PANEL_RIGHT,5e-05,4.999999873689376e-05,2.675e-05,2026-08-24T00:00Z,4.0,4.0,0
DATAIPUSDT,2026-08-24T00:00Z,PANEL_RIGHT,-0.00034095,-0.00034095000592060387,-0.00056876,2026-08-24T00:00Z,4.0,4.0,0
GRVTUSDT,2026-08-24T00:00Z,PANEL_RIGHT,-0.00018176,-0.0001817599986679852,5e-05,2026-08-24T00:00Z,4.0,4.0,0
ICXUSDT,2026-08-24T00:00Z,PANEL_RIGHT,0.00026765,0.0002676500007510185,5e-05,2026-08-24T00:00Z,4.0,4.0,0
KNCUSDT,2026-08-24T00:00Z,PANEL_RIGHT,0.0001,9.999999747378752e-05,-0.00051301,2026-08-24T00:00Z,8.0,8.0,0
MAVIAUSDT,2026-08-24T00:00Z,PANEL_RIGHT,5e-05,4.999999873689376e-05,0.00055831,2026-08-24T00:00Z,4.0,4.0,0
MTLUSDT,2026-08-24T00:00Z,PANEL_RIGHT,0.0001,9.999999747378752e-05,-2.079e-05,2026-08-24T00:00Z,8.0,8.0,0
NMRUSDT,2026-08-24T00:00Z,PANEL_RIGHT,5e-05,4.999999873689376e-05,-0.00021259,2026-08-24T00:00Z,4.0,4.0,0
OGUSDT,2026-08-24T00:00Z,PANEL_RIGHT,5e-05,4.999999873689376e-05,3.615e-05,2026-08-24T00:00Z,4.0,4.0,0
OUSDT,2026-08-24T00:00Z,PANEL_RIGHT,5e-05,4.999999873689376e-05,0.00012714,2026-08-24T00:00Z,4.0,4.0,0
PUMPBTCUSDT,2026-08-24T00:00Z,PANEL_RIGHT,5e-05,4.999999873689376e-05,0.00029844,2026-08-24T00:00Z,4.0,4.0,0
REUSDT,2026-08-24T00:00Z,PANEL_RIGHT,5e-05,4.999999873689376e-05,-7.359e-05,2026-08-24T00:00Z,4.0,4.0,0
RPLUSDT,2026-08-24T00:00Z,PANEL_RIGHT,5e-05,4.999999873689376e-05,-4.192e-05,2026-08-24T00:00Z,4.0,4.0,0
SONICUSDT,2026-08-24T00:00Z,PANEL_RIGHT,5.83e-05,5.830000009154901e-05,8.526e-05,2026-08-24T00:00Z,4.0,4.0,0
SPORTFUNUSDT,2026-08-24T00:00Z,PANEL_RIGHT,6.928e-05,6.928000220796093e-05,5e-05,2026-08-24T00:00Z,4.0,4.0,0
STEEMUSDT,2026-08-24T00:00Z,PANEL_RIGHT,5e-05,4.999999873689376e-05,-0.00033742,2026-08-24T00:00Z,4.0,4.0,0
SUNUSDT,2026-08-24T00:00Z,PANEL_RIGHT,1.936e-05,1.936000080604572e-05,5e-05,2026-08-24T00:00Z,4.0,4.0,0
SUPERUSDT,2026-08-24T00:00Z,PANEL_RIGHT,5e-05,4.999999873689376e-05,2.397e-05,2026-08-24T00:00Z,4.0,4.0,0
XVSUSDT,2026-08-24T00:00Z,PANEL_RIGHT,0.0001,9.999999747378752e-05,-0.00059901,2026-08-24T00:00Z,8.0,8.0,0
ZESTUSDT,2026-08-24T00:00Z,PANEL_RIGHT,5e-05,4.999999873689376e-05,0.00033801,2026-08-24T00:00Z,4.0,4.0,0
ZRXUSDT,2026-08-24T00:00Z,PANEL_RIGHT,5e-05,4.999999873689376e-05,-0.00023526,2026-08-24T00:00Z,4.0,4.0,0
1000000BOBUSDT,2026-08-24T04:00Z,PANEL_RIGHT,-0.00011202,-0.00011202000314369798,5e-05,2026-08-24T04:00Z,4.0,4.0,0
1000CHEEMSUSDT,2026-08-24T04:00Z,PANEL_RIGHT,-3.377e-05,-3.3770000300137326e-05,5e-05,2026-08-24T04:00Z,4.0,4.0,0
ALLUSDT,2026-08-24T04:00Z,PANEL_RIGHT,-0.00027148,-0.00027148000663146377,-0.00043968,2026-08-24T00:00Z,8.0,8.0,14400
ANIMEUSDT,2026-08-24T04:00Z,PANEL_RIGHT,5e-05,4.999999873689376e-05,-2.539e-05,2026-08-24T04:00Z,4.0,4.0,0
ARKUSDT,2026-08-24T04:00Z,PANEL_RIGHT,-9.62e-06,-9.620000128052197e-06,5e-05,2026-08-24T04:00Z,4.0,4.0,0
ARXUSDT,2026-08-24T04:00Z,PANEL_RIGHT,0.00016664,0.00016664000577293336,5e-05,2026-08-24T04:00Z,4.0,4.0,0
BNTUSDT,2026-08-24T04:00Z,PANEL_RIGHT,0.0001,9.999999747378752e-05,-0.00013565,2026-08-24T00:00Z,8.0,8.0,14400
BTWUSDT,2026-08-24T04:00Z,PANEL_RIGHT,0.00027679,0.00027679000049829483,0.00079561,2026-08-24T04:00Z,4.0,4.0,0
CAPUSDT,2026-08-24T04:00Z,PANEL_RIGHT,5e-05,4.999999873689376e-05,-0.00094881,2026-08-24T04:00Z,4.0,4.0,0
CTRUSDT,2026-08-24T04:00Z,PANEL_RIGHT,5e-05,4.999999873689376e-05,0.00020821,2026-08-24T04:00Z,4.0,4.0,0
CYBERUSDT,2026-08-24T04:00Z,PANEL_RIGHT,5e-05,4.999999873689376e-05,2.675e-05,2026-08-24T04:00Z,4.0,4.0,0
DATAIPUSDT,2026-08-24T04:00Z,PANEL_RIGHT,-0.00042043,-0.0004204300057608634,-0.00056876,2026-08-24T04:00Z,4.0,4.0,0
GRVTUSDT,2026-08-24T04:00Z,PANEL_RIGHT,-0.00079434,-0.0007943399832583964,5e-05,2026-08-24T04:00Z,4.0,4.0,0
KNCUSDT,2026-08-24T04:00Z,PANEL_RIGHT,0.0001,9.999999747378752e-05,-0.00051301,2026-08-24T00:00Z,8.0,8.0,14400
MAVIAUSDT,2026-08-24T04:00Z,PANEL_RIGHT,5e-05,4.999999873689376e-05,0.00055831,2026-08-24T04:00Z,4.0,4.0,0
MTLUSDT,2026-08-24T04:00Z,PANEL_RIGHT,0.0001,9.999999747378752e-05,-2.079e-05,2026-08-24T00:00Z,8.0,8.0,14400
NMRUSDT,2026-08-24T04:00Z,PANEL_RIGHT,5e-05,4.999999873689376e-05,-0.00021259,2026-08-24T04:00Z,4.0,4.0,0
OGUSDT,2026-08-24T04:00Z,PANEL_RIGHT,5e-05,4.999999873689376e-05,3.615e-05,2026-08-24T04:00Z,4.0,4.0,0
OUSDT,2026-08-24T04:00Z,PANEL_RIGHT,5e-05,4.999999873689376e-05,0.00012714,2026-08-24T04:00Z,4.0,4.0,0
PUMPBTCUSDT,2026-08-24T04:00Z,PANEL_RIGHT,0.00013821,0.0001382100017508492,0.00029844,2026-08-24T04:00Z,4.0,4.0,0
REUSDT,2026-08-24T04:00Z,PANEL_RIGHT,5e-05,4.999999873689376e-05,-7.359e-05,2026-08-24T04:00Z,4.0,4.0,0
RPLUSDT,2026-08-24T04:00Z,PANEL_RIGHT,5e-05,4.999999873689376e-05,-4.192e-05,2026-08-24T04:00Z,4.0,4.0,0
SONICUSDT,2026-08-24T04:00Z,PANEL_RIGHT,9.472e-05,9.472000238019973e-05,8.526e-05,2026-08-24T04:00Z,4.0,4.0,0
SPORTFUNUSDT,2026-08-24T04:00Z,PANEL_RIGHT,5.445e-05,5.444999987957999e-05,5e-05,2026-08-24T04:00Z,4.0,4.0,0
STEEMUSDT,2026-08-24T04:00Z,PANEL_RIGHT,5e-05,4.999999873689376e-05,-0.00033742,2026-08-24T04:00Z,4.0,4.0,0
SUNUSDT,2026-08-24T04:00Z,PANEL_RIGHT,-0.00041234,-0.00041234001400880516,5e-05,2026-08-24T04:00Z,4.0,4.0,0
SUPERUSDT,2026-08-24T04:00Z,PANEL_RIGHT,5e-05,4.999999873689376e-05,2.397e-05,2026-08-24T04:00Z,4.0,4.0,0
XVSUSDT,2026-08-24T04:00Z,PANEL_RIGHT,0.0001,9.999999747378752e-05,-0.00059901,2026-08-24T00:00Z,8.0,8.0,14400
ZESTUSDT,2026-08-24T04:00Z,PANEL_RIGHT,5e-05,4.999999873689376e-05,0.00033801,2026-08-24T04:00Z,4.0,4.0,0
ZRXUSDT,2026-08-24T04:00Z,PANEL_RIGHT,5e-05,4.999999873689376e-05,-0.00023526,2026-08-24T04:00Z,4.0,4.0,0
