# FX cells judged from P2 ledger_full.npz, FULL PRECISION (repr, round-trips)
# src: 1=API only, 2=zip only, 3=both equal, 4=both unequal (p2_prep_inputs.py L7)
# zip_iv is NaN exactly when src==1 -- a provenance fact, not a missing interval
symbol,anchor_utc,verdict,p2_truth_rate,panel_value,ledger_value,asof_event_utc,asof_age_s,src,zip_iv,spacing_h
FILUSDT,2022-02-27T00:00Z,PANEL_RIGHT,-8.141e-05,-8.1409998529125e-05,3.363e-05,2022-02-27T00:00Z,0,3,8.0,8.0
FLMUSDT,2022-02-27T00:00Z,PANEL_RIGHT,-6.43e-06,-6.4300002122763544e-06,0.0001,2022-02-27T00:00Z,0,3,8.0,8.0
FLOWUSDT,2022-02-27T00:00Z,PANEL_RIGHT,9.471e-05,9.470999793848023e-05,0.0001,2022-02-27T00:00Z,0,3,8.0,8.0
FTMUSDT,2022-02-27T00:00Z,PANEL_RIGHT,3.958e-05,3.958000161219388e-05,4.233e-05,2022-02-27T00:00Z,0,3,8.0,8.0
GRTUSDT,2022-02-27T00:00Z,PANEL_RIGHT,-0.00049092,-0.0004909199778921902,-0.00013267,2022-02-27T00:00Z,0,3,8.0,8.0
GTCUSDT,2022-02-27T00:00Z,PANEL_RIGHT,0.0001,9.999999747378752e-05,3.034e-05,2022-02-27T00:00Z,0,3,8.0,8.0
HBARUSDT,2022-02-27T00:00Z,PANEL_RIGHT,-0.00010013,-0.00010012999700848013,-0.00024521,2022-02-27T00:00Z,0,3,8.0,8.0
HOTUSDT,2022-02-27T00:00Z,PANEL_RIGHT,8.638e-05,8.63800014485605e-05,0.0001,2022-02-27T00:00Z,0,3,8.0,8.0
IOTAUSDT,2022-02-27T00:00Z,PANEL_RIGHT,-0.00033322,-0.00033321999944746494,-0.00030163,2022-02-27T00:00Z,0,3,8.0,8.0
KNCUSDT,2022-02-27T00:00Z,PANEL_RIGHT,-1.363e-05,-1.362999955745181e-05,4.572e-05,2022-02-27T00:00Z,0,3,8.0,8.0
KSMUSDT,2022-02-27T00:00Z,PANEL_RIGHT,-0.00042651,-0.0004265099996700883,-0.00037569,2022-02-27T00:00Z,0,3,8.0,8.0
LINAUSDT,2022-02-27T00:00Z,PANEL_RIGHT,8.005e-05,8.004999835975468e-05,0.0001,2022-02-27T00:00Z,0,3,8.0,8.0
LRCUSDT,2022-02-27T00:00Z,PANEL_RIGHT,-0.00011206,-0.00011205999908270314,0.0001,2022-02-27T00:00Z,0,3,8.0,8.0
LTCUSDT,2022-02-27T00:00Z,PANEL_RIGHT,3.501e-05,3.501000173855573e-05,0.0001,2022-02-27T00:00Z,0,3,8.0,8.0
LUNAUSDT,2022-02-27T00:00Z,PANEL_RIGHT,-0.00063153,-0.0006315300124697387,-0.0008477,2022-02-27T00:00Z,0,3,8.0,8.0
MANAUSDT,2022-02-27T00:00Z,PANEL_RIGHT,2.486e-05,2.4860000849002972e-05,-0.00015985,2022-02-27T00:00Z,0,3,8.0,8.0
MASKUSDT,2022-02-27T00:00Z,PANEL_RIGHT,4.599e-05,4.599000021698885e-05,0.0001,2022-02-27T00:00Z,0,3,8.0,8.0
NEARUSDT,2022-02-27T00:00Z,PANEL_RIGHT,0.0001,9.999999747378752e-05,8.435e-05,2022-02-27T00:00Z,0,3,8.0,8.0
OCEANUSDT,2022-02-27T00:00Z,PANEL_RIGHT,-8.568e-05,-8.568000339437276e-05,8.698e-05,2022-02-27T00:00Z,0,3,8.0,8.0
OMGUSDT,2022-02-27T00:00Z,PANEL_RIGHT,-7.026e-05,-7.02600009390153e-05,0.0001,2022-02-27T00:00Z,0,3,8.0,8.0
ONEUSDT,2022-02-27T00:00Z,PANEL_RIGHT,4.737e-05,4.736999835586175e-05,-1.132e-05,2022-02-27T00:00Z,0,3,8.0,8.0
PEOPLEUSDT,2022-02-27T00:00Z,PANEL_RIGHT,0.0001,9.999999747378752e-05,-7.746e-05,2022-02-27T00:00Z,0,3,8.0,8.0
ROSEUSDT,2022-02-27T00:00Z,PANEL_RIGHT,2.365e-05,2.365000000281725e-05,7.699e-05,2022-02-27T00:00Z,0,3,8.0,8.0
RSRUSDT,2022-02-27T00:00Z,PANEL_RIGHT,-0.00052109,-0.0005210899980738759,-0.00026775,2022-02-27T00:00Z,0,3,8.0,8.0
SANDUSDT,2022-02-27T00:00Z,PANEL_RIGHT,6.956e-05,6.956000288482755e-05,0.0001,2022-02-27T00:00Z,0,3,8.0,8.0
SKLUSDT,2022-02-27T00:00Z,PANEL_RIGHT,-0.00033532,-0.00033531998633407056,0.0001,2022-02-27T00:00Z,0,3,8.0,8.0
SOLUSDT,2022-02-27T00:00Z,PANEL_RIGHT,1.93e-05,1.9299999621580355e-05,-7.933e-05,2022-02-27T00:00Z,0,3,8.0,8.0
STORJUSDT,2022-02-27T00:00Z,PANEL_RIGHT,-0.00014431,-0.00014431000454351306,1.588e-05,2022-02-27T00:00Z,0,3,8.0,8.0
SUSHIUSDT,2022-02-27T00:00Z,PANEL_RIGHT,-1.041e-05,-1.0409999958937988e-05,6.28e-05,2022-02-27T00:00Z,0,3,8.0,8.0
TRXUSDT,2022-02-27T00:00Z,PANEL_RIGHT,-0.00046526,-0.0004652600036934018,-0.00047277,2022-02-27T00:00Z,0,3,8.0,8.0
VETUSDT,2022-02-27T00:00Z,PANEL_RIGHT,6.152e-05,6.151999696157873e-05,9.774e-05,2022-02-27T00:00Z,0,3,8.0,8.0
WAVESUSDT,2022-02-27T00:00Z,PANEL_RIGHT,-0.00014988,-0.00014987999747972935,-8.996e-05,2022-02-27T00:00Z,0,3,8.0,8.0
XRPUSDT,2022-02-27T00:00Z,PANEL_RIGHT,6.291e-05,6.291000318014994e-05,0.0001,2022-02-27T00:00Z,0,3,8.0,8.0
YFIUSDT,2022-02-27T00:00Z,PANEL_RIGHT,5.2e-06,5.200000032345997e-06,6.569e-05,2022-02-27T00:00Z,0,3,8.0,8.0
ZECUSDT,2022-02-27T00:00Z,PANEL_RIGHT,-0.00020643,-0.0002064300060737878,4.889e-05,2022-02-27T00:00Z,0,3,8.0,8.0
ZENUSDT,2022-02-27T00:00Z,PANEL_RIGHT,-0.00066471,-0.0006647100090049207,-0.00031348,2022-02-27T00:00Z,0,3,8.0,8.0
ZILUSDT,2022-02-27T00:00Z,PANEL_RIGHT,-0.00019063,-0.0001906300021801144,-4.452e-05,2022-02-27T00:00Z,0,3,8.0,8.0
FILUSDT,2022-02-27T04:00Z,PANEL_RIGHT,-8.141e-05,-8.1409998529125e-05,3.363e-05,2022-02-27T00:00Z,14400,3,8.0,8.0
FLMUSDT,2022-02-27T04:00Z,PANEL_RIGHT,-6.43e-06,-6.4300002122763544e-06,0.0001,2022-02-27T00:00Z,14400,3,8.0,8.0
FLOWUSDT,2022-02-27T04:00Z,PANEL_RIGHT,9.471e-05,9.470999793848023e-05,0.0001,2022-02-27T00:00Z,14400,3,8.0,8.0
FTMUSDT,2022-02-27T04:00Z,PANEL_RIGHT,3.958e-05,3.958000161219388e-05,4.233e-05,2022-02-27T00:00Z,14400,3,8.0,8.0
GRTUSDT,2022-02-27T04:00Z,PANEL_RIGHT,-0.00049092,-0.0004909199778921902,-0.00013267,2022-02-27T00:00Z,14400,3,8.0,8.0
GTCUSDT,2022-02-27T04:00Z,PANEL_RIGHT,0.0001,9.999999747378752e-05,3.034e-05,2022-02-27T00:00Z,14400,3,8.0,8.0
HBARUSDT,2022-02-27T04:00Z,PANEL_RIGHT,-0.00010013,-0.00010012999700848013,-0.00024521,2022-02-27T00:00Z,14400,3,8.0,8.0
HOTUSDT,2022-02-27T04:00Z,PANEL_RIGHT,8.638e-05,8.63800014485605e-05,0.0001,2022-02-27T00:00Z,14400,3,8.0,8.0
IOTAUSDT,2022-02-27T04:00Z,PANEL_RIGHT,-0.00033322,-0.00033321999944746494,-0.00030163,2022-02-27T00:00Z,14400,3,8.0,8.0
KNCUSDT,2022-02-27T04:00Z,PANEL_RIGHT,-1.363e-05,-1.362999955745181e-05,4.572e-05,2022-02-27T00:00Z,14400,3,8.0,8.0
KSMUSDT,2022-02-27T04:00Z,PANEL_RIGHT,-0.00042651,-0.0004265099996700883,-0.00037569,2022-02-27T00:00Z,14400,3,8.0,8.0
LINAUSDT,2022-02-27T04:00Z,PANEL_RIGHT,8.005e-05,8.004999835975468e-05,0.0001,2022-02-27T00:00Z,14400,3,8.0,8.0
LRCUSDT,2022-02-27T04:00Z,PANEL_RIGHT,-0.00011206,-0.00011205999908270314,0.0001,2022-02-27T00:00Z,14400,3,8.0,8.0
LTCUSDT,2022-02-27T04:00Z,PANEL_RIGHT,3.501e-05,3.501000173855573e-05,0.0001,2022-02-27T00:00Z,14400,3,8.0,8.0
LUNAUSDT,2022-02-27T04:00Z,PANEL_RIGHT,-0.00063153,-0.0006315300124697387,-0.0008477,2022-02-27T00:00Z,14400,3,8.0,8.0
MANAUSDT,2022-02-27T04:00Z,PANEL_RIGHT,2.486e-05,2.4860000849002972e-05,-0.00015985,2022-02-27T00:00Z,14400,3,8.0,8.0
MASKUSDT,2022-02-27T04:00Z,PANEL_RIGHT,4.599e-05,4.599000021698885e-05,0.0001,2022-02-27T00:00Z,14400,3,8.0,8.0
NEARUSDT,2022-02-27T04:00Z,PANEL_RIGHT,0.0001,9.999999747378752e-05,8.435e-05,2022-02-27T00:00Z,14400,3,8.0,8.0
OCEANUSDT,2022-02-27T04:00Z,PANEL_RIGHT,-8.568e-05,-8.568000339437276e-05,8.698e-05,2022-02-27T00:00Z,14400,3,8.0,8.0
OMGUSDT,2022-02-27T04:00Z,PANEL_RIGHT,-7.026e-05,-7.02600009390153e-05,0.0001,2022-02-27T00:00Z,14400,3,8.0,8.0
ONEUSDT,2022-02-27T04:00Z,PANEL_RIGHT,4.737e-05,4.736999835586175e-05,-1.132e-05,2022-02-27T00:00Z,14400,3,8.0,8.0
PEOPLEUSDT,2022-02-27T04:00Z,PANEL_RIGHT,0.0001,9.999999747378752e-05,-7.746e-05,2022-02-27T00:00Z,14400,3,8.0,8.0
ROSEUSDT,2022-02-27T04:00Z,PANEL_RIGHT,2.365e-05,2.365000000281725e-05,7.699e-05,2022-02-27T00:00Z,14400,3,8.0,8.0
RSRUSDT,2022-02-27T04:00Z,PANEL_RIGHT,-0.00052109,-0.0005210899980738759,-0.00026775,2022-02-27T00:00Z,14400,3,8.0,8.0
SANDUSDT,2022-02-27T04:00Z,PANEL_RIGHT,6.956e-05,6.956000288482755e-05,0.0001,2022-02-27T00:00Z,14400,3,8.0,8.0
SKLUSDT,2022-02-27T04:00Z,PANEL_RIGHT,-0.00033532,-0.00033531998633407056,0.0001,2022-02-27T00:00Z,14400,3,8.0,8.0
SOLUSDT,2022-02-27T04:00Z,PANEL_RIGHT,1.93e-05,1.9299999621580355e-05,-7.933e-05,2022-02-27T00:00Z,14400,3,8.0,8.0
STORJUSDT,2022-02-27T04:00Z,PANEL_RIGHT,-0.00014431,-0.00014431000454351306,1.588e-05,2022-02-27T00:00Z,14400,3,8.0,8.0
SUSHIUSDT,2022-02-27T04:00Z,PANEL_RIGHT,-1.041e-05,-1.0409999958937988e-05,6.28e-05,2022-02-27T00:00Z,14400,3,8.0,8.0
TRXUSDT,2022-02-27T04:00Z,PANEL_RIGHT,-0.00046526,-0.0004652600036934018,-0.00047277,2022-02-27T00:00Z,14400,3,8.0,8.0
VETUSDT,2022-02-27T04:00Z,PANEL_RIGHT,6.152e-05,6.151999696157873e-05,9.774e-05,2022-02-27T00:00Z,14400,3,8.0,8.0
WAVESUSDT,2022-02-27T04:00Z,PANEL_RIGHT,-0.00014988,-0.00014987999747972935,-8.996e-05,2022-02-27T00:00Z,14400,3,8.0,8.0
XRPUSDT,2022-02-27T04:00Z,PANEL_RIGHT,6.291e-05,6.291000318014994e-05,0.0001,2022-02-27T00:00Z,14400,3,8.0,8.0
YFIUSDT,2022-02-27T04:00Z,PANEL_RIGHT,5.2e-06,5.200000032345997e-06,6.569e-05,2022-02-27T00:00Z,14400,3,8.0,8.0
ZECUSDT,2022-02-27T04:00Z,PANEL_RIGHT,-0.00020643,-0.0002064300060737878,4.889e-05,2022-02-27T00:00Z,14400,3,8.0,8.0
ZENUSDT,2022-02-27T04:00Z,PANEL_RIGHT,-0.00066471,-0.0006647100090049207,-0.00031348,2022-02-27T00:00Z,14400,3,8.0,8.0
ZILUSDT,2022-02-27T04:00Z,PANEL_RIGHT,-0.00019063,-0.0001906300021801144,-4.452e-05,2022-02-27T00:00Z,14400,3,8.0,8.0
FILUSDT,2022-02-27T08:00Z,PANEL_RIGHT,3.947e-05,3.947000004700385e-05,3.363e-05,2022-02-27T08:00Z,0,3,8.0,8.0
FLMUSDT,2022-02-27T08:00Z,PANEL_RIGHT,-6.87e-05,-6.86999992467463e-05,0.0001,2022-02-27T08:00Z,0,3,8.0,8.0
FLOWUSDT,2022-02-27T08:00Z,PANEL_RIGHT,-0.00024292,-0.00024291999579872936,0.0001,2022-02-27T08:00Z,0,3,8.0,8.0
FTMUSDT,2022-02-27T08:00Z,PANEL_RIGHT,-5.122e-05,-5.121999856783077e-05,4.233e-05,2022-02-27T08:00Z,0,3,8.0,8.0
GRTUSDT,2022-02-27T08:00Z,PANEL_RIGHT,-8.808e-05,-8.807999984128401e-05,-0.00013267,2022-02-27T08:00Z,0,3,8.0,8.0
GTCUSDT,2022-02-27T08:00Z,PANEL_RIGHT,4.211e-05,4.211000123177655e-05,3.034e-05,2022-02-27T08:00Z,0,3,8.0,8.0
HBARUSDT,2022-02-27T08:00Z,PANEL_RIGHT,0.0001,9.999999747378752e-05,-0.00024521,2022-02-27T08:00Z,0,3,8.0,8.0
HOTUSDT,2022-02-27T08:00Z,PANEL_RIGHT,-0.00019462,-0.00019462000636849552,0.0001,2022-02-27T08:00Z,0,3,8.0,8.0
IOTAUSDT,2022-02-27T08:00Z,PANEL_RIGHT,-0.00029251,-0.0002925099979620427,-0.00030163,2022-02-27T08:00Z,0,3,8.0,8.0
KNCUSDT,2022-02-27T08:00Z,PANEL_RIGHT,0.0001,9.999999747378752e-05,4.572e-05,2022-02-27T08:00Z,0,3,8.0,8.0
KSMUSDT,2022-02-27T08:00Z,PANEL_RIGHT,-0.00012987,-0.00012986999354325235,-0.00037569,2022-02-27T08:00Z,0,3,8.0,8.0
LRCUSDT,2022-02-27T08:00Z,PANEL_RIGHT,-0.00023219,-0.00023218999558594078,0.0001,2022-02-27T08:00Z,0,3,8.0,8.0
LTCUSDT,2022-02-27T08:00Z,PANEL_RIGHT,-6.018e-05,-6.0179998399689794e-05,0.0001,2022-02-27T08:00Z,0,3,8.0,8.0
LUNAUSDT,2022-02-27T08:00Z,PANEL_RIGHT,-0.00049677,-0.0004967700224369764,-0.0008477,2022-02-27T08:00Z,0,3,8.0,8.0
MANAUSDT,2022-02-27T08:00Z,PANEL_RIGHT,-5.185e-05,-5.1849998271791264e-05,-0.00015985,2022-02-27T08:00Z,0,3,8.0,8.0
NEARUSDT,2022-02-27T08:00Z,PANEL_RIGHT,-1.79e-06,-1.7900000557347084e-06,8.435e-05,2022-02-27T08:00Z,0,3,8.0,8.0
OCEANUSDT,2022-02-27T08:00Z,PANEL_RIGHT,-1.576e-05,-1.576000067871064e-05,8.698e-05,2022-02-27T08:00Z,0,3,8.0,8.0
OMGUSDT,2022-02-27T08:00Z,PANEL_RIGHT,-2.881e-05,-2.8810000003431924e-05,0.0001,2022-02-27T08:00Z,0,3,8.0,8.0
ONEUSDT,2022-02-27T08:00Z,PANEL_RIGHT,0.0001,9.999999747378752e-05,-1.132e-05,2022-02-27T08:00Z,0,3,8.0,8.0
PEOPLEUSDT,2022-02-27T08:00Z,PANEL_RIGHT,-8.575e-05,-8.57499981066212e-05,-7.746e-05,2022-02-27T08:00Z,0,3,8.0,8.0
ROSEUSDT,2022-02-27T08:00Z,PANEL_RIGHT,-1.902e-05,-1.9020000763703138e-05,7.699e-05,2022-02-27T08:00Z,0,3,8.0,8.0
RSRUSDT,2022-02-27T08:00Z,PANEL_RIGHT,-0.00045748,-0.0004574799968395382,-0.00026775,2022-02-27T08:00Z,0,3,8.0,8.0
RVNUSDT,2022-02-27T08:00Z,PANEL_RIGHT,8.522e-05,8.522000280208886e-05,0.0001,2022-02-27T08:00Z,0,3,8.0,8.0
SANDUSDT,2022-02-27T08:00Z,PANEL_RIGHT,-0.00010461,-0.00010461000056238845,0.0001,2022-02-27T08:00Z,0,3,8.0,8.0
SKLUSDT,2022-02-27T08:00Z,PANEL_RIGHT,-0.00072259,-0.0007225900189951062,0.0001,2022-02-27T08:00Z,0,3,8.0,8.0
SOLUSDT,2022-02-27T08:00Z,PANEL_RIGHT,-0.00013711,-0.00013710999337490648,-7.933e-05,2022-02-27T08:00Z,0,3,8.0,8.0
STORJUSDT,2022-02-27T08:00Z,PANEL_RIGHT,-0.00022115,-0.0002211499959230423,1.588e-05,2022-02-27T08:00Z,0,3,8.0,8.0
SUSHIUSDT,2022-02-27T08:00Z,PANEL_RIGHT,-5.2e-07,-5.200000146032835e-07,6.28e-05,2022-02-27T08:00Z,0,3,8.0,8.0
TRXUSDT,2022-02-27T08:00Z,PANEL_RIGHT,-0.00030663,-0.0003066300123464316,-0.00047277,2022-02-27T08:00Z,0,3,8.0,8.0
VETUSDT,2022-02-27T08:00Z,PANEL_RIGHT,-9.608e-05,-9.608000254957005e-05,9.774e-05,2022-02-27T08:00Z,0,3,8.0,8.0
WAVESUSDT,2022-02-27T08:00Z,PANEL_RIGHT,-0.00068622,-0.0006862200098112226,-8.996e-05,2022-02-27T08:00Z,0,3,8.0,8.0
XLMUSDT,2022-02-27T08:00Z,PANEL_RIGHT,6.169e-05,6.168999971123412e-05,0.0001,2022-02-27T08:00Z,0,3,8.0,8.0
YFIUSDT,2022-02-27T08:00Z,PANEL_RIGHT,-7.09e-06,-7.0900000537221786e-06,6.569e-05,2022-02-27T08:00Z,0,3,8.0,8.0
ZECUSDT,2022-02-27T08:00Z,PANEL_RIGHT,-4.501e-05,-4.501000148593448e-05,4.889e-05,2022-02-27T08:00Z,0,3,8.0,8.0
ZENUSDT,2022-02-27T08:00Z,PANEL_RIGHT,-0.00056971,-0.0005697099841199815,-0.00031348,2022-02-27T08:00Z,0,3,8.0,8.0
ZILUSDT,2022-02-27T08:00Z,PANEL_RIGHT,-0.00022831,-0.0002283100038766861,-4.452e-05,2022-02-27T08:00Z,0,3,8.0,8.0
FILUSDT,2022-02-27T12:00Z,PANEL_RIGHT,3.947e-05,3.947000004700385e-05,3.363e-05,2022-02-27T08:00Z,14400,3,8.0,8.0
FLMUSDT,2022-02-27T12:00Z,PANEL_RIGHT,-6.87e-05,-6.86999992467463e-05,0.0001,2022-02-27T08:00Z,14400,3,8.0,8.0
FLOWUSDT,2022-02-27T12:00Z,PANEL_RIGHT,-0.00024292,-0.00024291999579872936,0.0001,2022-02-27T08:00Z,14400,3,8.0,8.0
FTMUSDT,2022-02-27T12:00Z,PANEL_RIGHT,-5.122e-05,-5.121999856783077e-05,4.233e-05,2022-02-27T08:00Z,14400,3,8.0,8.0
GRTUSDT,2022-02-27T12:00Z,PANEL_RIGHT,-8.808e-05,-8.807999984128401e-05,-0.00013267,2022-02-27T08:00Z,14400,3,8.0,8.0
GTCUSDT,2022-02-27T12:00Z,PANEL_RIGHT,4.211e-05,4.211000123177655e-05,3.034e-05,2022-02-27T08:00Z,14400,3,8.0,8.0
HBARUSDT,2022-02-27T12:00Z,PANEL_RIGHT,0.0001,9.999999747378752e-05,-0.00024521,2022-02-27T08:00Z,14400,3,8.0,8.0
HOTUSDT,2022-02-27T12:00Z,PANEL_RIGHT,-0.00019462,-0.00019462000636849552,0.0001,2022-02-27T08:00Z,14400,3,8.0,8.0
IOTAUSDT,2022-02-27T12:00Z,PANEL_RIGHT,-0.00029251,-0.0002925099979620427,-0.00030163,2022-02-27T08:00Z,14400,3,8.0,8.0
KNCUSDT,2022-02-27T12:00Z,PANEL_RIGHT,0.0001,9.999999747378752e-05,4.572e-05,2022-02-27T08:00Z,14400,3,8.0,8.0
KSMUSDT,2022-02-27T12:00Z,PANEL_RIGHT,-0.00012987,-0.00012986999354325235,-0.00037569,2022-02-27T08:00Z,14400,3,8.0,8.0
LRCUSDT,2022-02-27T12:00Z,PANEL_RIGHT,-0.00023219,-0.00023218999558594078,0.0001,2022-02-27T08:00Z,14400,3,8.0,8.0
LTCUSDT,2022-02-27T12:00Z,PANEL_RIGHT,-6.018e-05,-6.0179998399689794e-05,0.0001,2022-02-27T08:00Z,14400,3,8.0,8.0
LUNAUSDT,2022-02-27T12:00Z,PANEL_RIGHT,-0.00049677,-0.0004967700224369764,-0.0008477,2022-02-27T08:00Z,14400,3,8.0,8.0
MANAUSDT,2022-02-27T12:00Z,PANEL_RIGHT,-5.185e-05,-5.1849998271791264e-05,-0.00015985,2022-02-27T08:00Z,14400,3,8.0,8.0
NEARUSDT,2022-02-27T12:00Z,PANEL_RIGHT,-1.79e-06,-1.7900000557347084e-06,8.435e-05,2022-02-27T08:00Z,14400,3,8.0,8.0
OCEANUSDT,2022-02-27T12:00Z,PANEL_RIGHT,-1.576e-05,-1.576000067871064e-05,8.698e-05,2022-02-27T08:00Z,14400,3,8.0,8.0
OMGUSDT,2022-02-27T12:00Z,PANEL_RIGHT,-2.881e-05,-2.8810000003431924e-05,0.0001,2022-02-27T08:00Z,14400,3,8.0,8.0
ONEUSDT,2022-02-27T12:00Z,PANEL_RIGHT,0.0001,9.999999747378752e-05,-1.132e-05,2022-02-27T08:00Z,14400,3,8.0,8.0
PEOPLEUSDT,2022-02-27T12:00Z,PANEL_RIGHT,-8.575e-05,-8.57499981066212e-05,-7.746e-05,2022-02-27T08:00Z,14400,3,8.0,8.0
ROSEUSDT,2022-02-27T12:00Z,PANEL_RIGHT,-1.902e-05,-1.9020000763703138e-05,7.699e-05,2022-02-27T08:00Z,14400,3,8.0,8.0
RSRUSDT,2022-02-27T12:00Z,PANEL_RIGHT,-0.00045748,-0.0004574799968395382,-0.00026775,2022-02-27T08:00Z,14400,3,8.0,8.0
RVNUSDT,2022-02-27T12:00Z,PANEL_RIGHT,8.522e-05,8.522000280208886e-05,0.0001,2022-02-27T08:00Z,14400,3,8.0,8.0
SANDUSDT,2022-02-27T12:00Z,PANEL_RIGHT,-0.00010461,-0.00010461000056238845,0.0001,2022-02-27T08:00Z,14400,3,8.0,8.0
SKLUSDT,2022-02-27T12:00Z,PANEL_RIGHT,-0.00072259,-0.0007225900189951062,0.0001,2022-02-27T08:00Z,14400,3,8.0,8.0
SOLUSDT,2022-02-27T12:00Z,PANEL_RIGHT,-0.00013711,-0.00013710999337490648,-7.933e-05,2022-02-27T08:00Z,14400,3,8.0,8.0
STORJUSDT,2022-02-27T12:00Z,PANEL_RIGHT,-0.00022115,-0.0002211499959230423,1.588e-05,2022-02-27T08:00Z,14400,3,8.0,8.0
SUSHIUSDT,2022-02-27T12:00Z,PANEL_RIGHT,-5.2e-07,-5.200000146032835e-07,6.28e-05,2022-02-27T08:00Z,14400,3,8.0,8.0
TRXUSDT,2022-02-27T12:00Z,PANEL_RIGHT,-0.00030663,-0.0003066300123464316,-0.00047277,2022-02-27T08:00Z,14400,3,8.0,8.0
VETUSDT,2022-02-27T12:00Z,PANEL_RIGHT,-9.608e-05,-9.608000254957005e-05,9.774e-05,2022-02-27T08:00Z,14400,3,8.0,8.0
WAVESUSDT,2022-02-27T12:00Z,PANEL_RIGHT,-0.00068622,-0.0006862200098112226,-8.996e-05,2022-02-27T08:00Z,14400,3,8.0,8.0
XLMUSDT,2022-02-27T12:00Z,PANEL_RIGHT,6.169e-05,6.168999971123412e-05,0.0001,2022-02-27T08:00Z,14400,3,8.0,8.0
YFIUSDT,2022-02-27T12:00Z,PANEL_RIGHT,-7.09e-06,-7.0900000537221786e-06,6.569e-05,2022-02-27T08:00Z,14400,3,8.0,8.0
ZECUSDT,2022-02-27T12:00Z,PANEL_RIGHT,-4.501e-05,-4.501000148593448e-05,4.889e-05,2022-02-27T08:00Z,14400,3,8.0,8.0
ZENUSDT,2022-02-27T12:00Z,PANEL_RIGHT,-0.00056971,-0.0005697099841199815,-0.00031348,2022-02-27T08:00Z,14400,3,8.0,8.0
ZILUSDT,2022-02-27T12:00Z,PANEL_RIGHT,-0.00022831,-0.0002283100038766861,-4.452e-05,2022-02-27T08:00Z,14400,3,8.0,8.0
FILUSDT,2022-02-27T16:00Z,PANEL_RIGHT,0.0001,9.999999747378752e-05,3.363e-05,2022-02-27T16:00Z,0,3,8.0,8.0
FLOWUSDT,2022-02-27T16:00Z,PANEL_RIGHT,-0.00012639,-0.00012639000487979501,0.0001,2022-02-27T16:00Z,0,3,8.0,8.0
FTMUSDT,2022-02-27T16:00Z,PANEL_RIGHT,-4.807e-05,-4.8070000048028305e-05,4.233e-05,2022-02-27T16:00Z,0,3,8.0,8.0
GRTUSDT,2022-02-27T16:00Z,PANEL_RIGHT,6.588e-05,6.587999814655632e-05,-0.00013267,2022-02-27T16:00Z,0,3,8.0,8.0
GTCUSDT,2022-02-27T16:00Z,PANEL_RIGHT,0.0001,9.999999747378752e-05,3.034e-05,2022-02-27T16:00Z,0,3,8.0,8.0
HBARUSDT,2022-02-27T16:00Z,PANEL_RIGHT,0.0001,9.999999747378752e-05,-0.00024521,2022-02-27T16:00Z,0,3,8.0,8.0
IOTAUSDT,2022-02-27T16:00Z,PANEL_RIGHT,0.0001,9.999999747378752e-05,-0.00030163,2022-02-27T16:00Z,0,3,8.0,8.0
KNCUSDT,2022-02-27T16:00Z,PANEL_RIGHT,-9.288e-05,-9.288000001106411e-05,4.572e-05,2022-02-27T16:00Z,0,3,8.0,8.0
KSMUSDT,2022-02-27T16:00Z,PANEL_RIGHT,-0.00017941,-0.000179409995325841,-0.00037569,2022-02-27T16:00Z,0,3,8.0,8.0
LTCUSDT,2022-02-27T16:00Z,PANEL_RIGHT,-1.568e-05,-1.567999970575329e-05,0.0001,2022-02-27T16:00Z,0,3,8.0,8.0
LUNAUSDT,2022-02-27T16:00Z,PANEL_RIGHT,-0.00087519,-0.0008751900168135762,-0.0008477,2022-02-27T16:00Z,0,3,8.0,8.0
MANAUSDT,2022-02-27T16:00Z,PANEL_RIGHT,-6.622e-05,-6.62199963699095e-05,-0.00015985,2022-02-27T16:00Z,0,3,8.0,8.0
NEARUSDT,2022-02-27T16:00Z,PANEL_RIGHT,1.819e-05,1.818999953684397e-05,8.435e-05,2022-02-27T16:00Z,0,3,8.0,8.0
OCEANUSDT,2022-02-27T16:00Z,PANEL_RIGHT,0.0001,9.999999747378752e-05,8.698e-05,2022-02-27T16:00Z,0,3,8.0,8.0
ONEUSDT,2022-02-27T16:00Z,PANEL_RIGHT,7.52e-06,7.520000053773401e-06,-1.132e-05,2022-02-27T16:00Z,0,3,8.0,8.0
PEOPLEUSDT,2022-02-27T16:00Z,PANEL_RIGHT,3.242e-05,3.24200009345077e-05,-7.746e-05,2022-02-27T16:00Z,0,3,8.0,8.0
ROSEUSDT,2022-02-27T16:00Z,PANEL_RIGHT,-3.736e-05,-3.7360001442721114e-05,7.699e-05,2022-02-27T16:00Z,0,3,8.0,8.0
RSRUSDT,2022-02-27T16:00Z,PANEL_RIGHT,-0.00033943,-0.00033943000016734004,-0.00026775,2022-02-27T16:00Z,0,3,8.0,8.0
SANDUSDT,2022-02-27T16:00Z,PANEL_RIGHT,3.134e-05,3.1340001442003995e-05,0.0001,2022-02-27T16:00Z,0,3,8.0,8.0
SKLUSDT,2022-02-27T16:00Z,PANEL_RIGHT,-0.00062516,-0.0006251599988900125,0.0001,2022-02-27T16:00Z,0,3,8.0,8.0
SOLUSDT,2022-02-27T16:00Z,PANEL_RIGHT,3.243e-05,3.243000173824839e-05,-7.933e-05,2022-02-27T16:00Z,0,3,8.0,8.0
STORJUSDT,2022-02-27T16:00Z,PANEL_RIGHT,4.356e-05,4.3560001358855516e-05,1.588e-05,2022-02-27T16:00Z,0,3,8.0,8.0
SUSHIUSDT,2022-02-27T16:00Z,PANEL_RIGHT,-1.897e-05,-1.897000038297847e-05,6.28e-05,2022-02-27T16:00Z,0,3,8.0,8.0
TRXUSDT,2022-02-27T16:00Z,PANEL_RIGHT,-0.00026966,-0.0002696599985938519,-0.00047277,2022-02-27T16:00Z,0,3,8.0,8.0
VETUSDT,2022-02-27T16:00Z,PANEL_RIGHT,0.0001,9.999999747378752e-05,9.774e-05,2022-02-27T16:00Z,0,3,8.0,8.0
WAVESUSDT,2022-02-27T16:00Z,PANEL_RIGHT,-0.00026907,-0.000269070005742833,-8.996e-05,2022-02-27T16:00Z,0,3,8.0,8.0
XRPUSDT,2022-02-27T16:00Z,PANEL_RIGHT,9.109e-05,9.108999802265316e-05,0.0001,2022-02-27T16:00Z,0,3,8.0,8.0
YFIUSDT,2022-02-27T16:00Z,PANEL_RIGHT,5.495e-05,5.495000004884787e-05,6.569e-05,2022-02-27T16:00Z,0,3,8.0,8.0
ZECUSDT,2022-02-27T16:00Z,PANEL_RIGHT,0.0001,9.999999747378752e-05,4.889e-05,2022-02-27T16:00Z,0,3,8.0,8.0
ZENUSDT,2022-02-27T16:00Z,PANEL_RIGHT,-3.884e-05,-3.884000034304336e-05,-0.00031348,2022-02-27T16:00Z,0,3,8.0,8.0
ZILUSDT,2022-02-27T16:00Z,PANEL_RIGHT,9.872e-05,9.871999645838514e-05,-4.452e-05,2022-02-27T16:00Z,0,3,8.0,8.0
FILUSDT,2022-02-27T20:00Z,PANEL_RIGHT,0.0001,9.999999747378752e-05,3.363e-05,2022-02-27T16:00Z,14400,3,8.0,8.0
FLOWUSDT,2022-02-27T20:00Z,PANEL_RIGHT,-0.00012639,-0.00012639000487979501,0.0001,2022-02-27T16:00Z,14400,3,8.0,8.0
FTMUSDT,2022-02-27T20:00Z,PANEL_RIGHT,-4.807e-05,-4.8070000048028305e-05,4.233e-05,2022-02-27T16:00Z,14400,3,8.0,8.0
GRTUSDT,2022-02-27T20:00Z,PANEL_RIGHT,6.588e-05,6.587999814655632e-05,-0.00013267,2022-02-27T16:00Z,14400,3,8.0,8.0
GTCUSDT,2022-02-27T20:00Z,PANEL_RIGHT,0.0001,9.999999747378752e-05,3.034e-05,2022-02-27T16:00Z,14400,3,8.0,8.0
HBARUSDT,2022-02-27T20:00Z,PANEL_RIGHT,0.0001,9.999999747378752e-05,-0.00024521,2022-02-27T16:00Z,14400,3,8.0,8.0
IOTAUSDT,2022-02-27T20:00Z,PANEL_RIGHT,0.0001,9.999999747378752e-05,-0.00030163,2022-02-27T16:00Z,14400,3,8.0,8.0
KNCUSDT,2022-02-27T20:00Z,PANEL_RIGHT,-9.288e-05,-9.288000001106411e-05,4.572e-05,2022-02-27T16:00Z,14400,3,8.0,8.0
KSMUSDT,2022-02-27T20:00Z,PANEL_RIGHT,-0.00017941,-0.000179409995325841,-0.00037569,2022-02-27T16:00Z,14400,3,8.0,8.0
LTCUSDT,2022-02-27T20:00Z,PANEL_RIGHT,-1.568e-05,-1.567999970575329e-05,0.0001,2022-02-27T16:00Z,14400,3,8.0,8.0
LUNAUSDT,2022-02-27T20:00Z,PANEL_RIGHT,-0.00087519,-0.0008751900168135762,-0.0008477,2022-02-27T16:00Z,14400,3,8.0,8.0
MANAUSDT,2022-02-27T20:00Z,PANEL_RIGHT,-6.622e-05,-6.62199963699095e-05,-0.00015985,2022-02-27T16:00Z,14400,3,8.0,8.0
NEARUSDT,2022-02-27T20:00Z,PANEL_RIGHT,1.819e-05,1.818999953684397e-05,8.435e-05,2022-02-27T16:00Z,14400,3,8.0,8.0
OCEANUSDT,2022-02-27T20:00Z,PANEL_RIGHT,0.0001,9.999999747378752e-05,8.698e-05,2022-02-27T16:00Z,14400,3,8.0,8.0
ONEUSDT,2022-02-27T20:00Z,PANEL_RIGHT,7.52e-06,7.520000053773401e-06,-1.132e-05,2022-02-27T16:00Z,14400,3,8.0,8.0
PEOPLEUSDT,2022-02-27T20:00Z,PANEL_RIGHT,3.242e-05,3.24200009345077e-05,-7.746e-05,2022-02-27T16:00Z,14400,3,8.0,8.0
ROSEUSDT,2022-02-27T20:00Z,PANEL_RIGHT,-3.736e-05,-3.7360001442721114e-05,7.699e-05,2022-02-27T16:00Z,14400,3,8.0,8.0
RSRUSDT,2022-02-27T20:00Z,PANEL_RIGHT,-0.00033943,-0.00033943000016734004,-0.00026775,2022-02-27T16:00Z,14400,3,8.0,8.0
SANDUSDT,2022-02-27T20:00Z,PANEL_RIGHT,3.134e-05,3.1340001442003995e-05,0.0001,2022-02-27T16:00Z,14400,3,8.0,8.0
SKLUSDT,2022-02-27T20:00Z,PANEL_RIGHT,-0.00062516,-0.0006251599988900125,0.0001,2022-02-27T16:00Z,14400,3,8.0,8.0
SOLUSDT,2022-02-27T20:00Z,PANEL_RIGHT,3.243e-05,3.243000173824839e-05,-7.933e-05,2022-02-27T16:00Z,14400,3,8.0,8.0
STORJUSDT,2022-02-27T20:00Z,PANEL_RIGHT,4.356e-05,4.3560001358855516e-05,1.588e-05,2022-02-27T16:00Z,14400,3,8.0,8.0
SUSHIUSDT,2022-02-27T20:00Z,PANEL_RIGHT,-1.897e-05,-1.897000038297847e-05,6.28e-05,2022-02-27T16:00Z,14400,3,8.0,8.0
TRXUSDT,2022-02-27T20:00Z,PANEL_RIGHT,-0.00026966,-0.0002696599985938519,-0.00047277,2022-02-27T16:00Z,14400,3,8.0,8.0
VETUSDT,2022-02-27T20:00Z,PANEL_RIGHT,0.0001,9.999999747378752e-05,9.774e-05,2022-02-27T16:00Z,14400,3,8.0,8.0
WAVESUSDT,2022-02-27T20:00Z,PANEL_RIGHT,-0.00026907,-0.000269070005742833,-8.996e-05,2022-02-27T16:00Z,14400,3,8.0,8.0
XRPUSDT,2022-02-27T20:00Z,PANEL_RIGHT,9.109e-05,9.108999802265316e-05,0.0001,2022-02-27T16:00Z,14400,3,8.0,8.0
YFIUSDT,2022-02-27T20:00Z,PANEL_RIGHT,5.495e-05,5.495000004884787e-05,6.569e-05,2022-02-27T16:00Z,14400,3,8.0,8.0
ZECUSDT,2022-02-27T20:00Z,PANEL_RIGHT,0.0001,9.999999747378752e-05,4.889e-05,2022-02-27T16:00Z,14400,3,8.0,8.0
ZENUSDT,2022-02-27T20:00Z,PANEL_RIGHT,-3.884e-05,-3.884000034304336e-05,-0.00031348,2022-02-27T16:00Z,14400,3,8.0,8.0
ZILUSDT,2022-02-27T20:00Z,PANEL_RIGHT,9.872e-05,9.871999645838514e-05,-4.452e-05,2022-02-27T16:00Z,14400,3,8.0,8.0
FILUSDT,2022-02-28T00:00Z,PANEL_RIGHT,0.0001,9.999999747378752e-05,3.363e-05,2022-02-28T00:00Z,0,3,8.0,8.0
FLMUSDT,2022-02-28T00:00Z,PANEL_RIGHT,-0.00026136,-0.00026135999360121787,0.0001,2022-02-28T00:00Z,0,3,8.0,8.0
FLOWUSDT,2022-02-28T00:00Z,PANEL_RIGHT,-0.00032035,-0.00032034999458119273,0.0001,2022-02-28T00:00Z,0,3,8.0,8.0
FTMUSDT,2022-02-28T00:00Z,PANEL_RIGHT,-0.00026227,-0.000262270012171939,4.233e-05,2022-02-28T00:00Z,0,3,8.0,8.0
GRTUSDT,2022-02-28T00:00Z,PANEL_RIGHT,-9.554e-05,-9.55400028033182e-05,-0.00013267,2022-02-28T00:00Z,0,3,8.0,8.0
GTCUSDT,2022-02-28T00:00Z,PANEL_RIGHT,-0.00018346,-0.0001834599970607087,3.034e-05,2022-02-28T00:00Z,0,3,8.0,8.0
HBARUSDT,2022-02-28T00:00Z,PANEL_RIGHT,0.0001,9.999999747378752e-05,-0.00024521,2022-02-28T00:00Z,0,3,8.0,8.0
HOTUSDT,2022-02-28T00:00Z,PANEL_RIGHT,-0.00022756,-0.00022755999816581607,0.0001,2022-02-28T00:00Z,0,3,8.0,8.0
IMXUSDT,2022-02-28T00:00Z,PANEL_RIGHT,8.172e-05,8.17199979792349e-05,0.0001,2022-02-28T00:00Z,0,3,8.0,8.0
IOTAUSDT,2022-02-28T00:00Z,PANEL_RIGHT,-0.00036353,-0.0003635300090536475,-0.00030163,2022-02-28T00:00Z,0,3,8.0,8.0
KNCUSDT,2022-02-28T00:00Z,PANEL_RIGHT,-0.00049264,-0.0004926400142721832,4.572e-05,2022-02-28T00:00Z,0,3,8.0,8.0
KSMUSDT,2022-02-28T00:00Z,PANEL_RIGHT,-0.0004109,-0.00041089998558163643,-0.00037569,2022-02-28T00:00Z,0,3,8.0,8.0
LINAUSDT,2022-02-28T00:00Z,PANEL_RIGHT,2.202e-05,2.2019999960321002e-05,0.0001,2022-02-28T00:00Z,0,3,8.0,8.0
LRCUSDT,2022-02-28T00:00Z,PANEL_RIGHT,4e-08,3.999999975690116e-08,0.0001,2022-02-28T00:00Z,0,3,8.0,8.0
LTCUSDT,2022-02-28T00:00Z,PANEL_RIGHT,-3.062e-05,-3.062000178033486e-05,0.0001,2022-02-28T00:00Z,0,3,8.0,8.0
LUNAUSDT,2022-02-28T00:00Z,PANEL_RIGHT,-0.00037043,-0.00037043000338599086,-0.0008477,2022-02-28T00:00Z,0,3,8.0,8.0
MANAUSDT,2022-02-28T00:00Z,PANEL_RIGHT,-0.00012295,-0.00012295000487938523,-0.00015985,2022-02-28T00:00Z,0,3,8.0,8.0
MASKUSDT,2022-02-28T00:00Z,PANEL_RIGHT,-6.633e-05,-6.633000157307833e-05,0.0001,2022-02-28T00:00Z,0,3,8.0,8.0
NEARUSDT,2022-02-28T00:00Z,PANEL_RIGHT,-0.00016547,-0.0001654700026847422,8.435e-05,2022-02-28T00:00Z,0,3,8.0,8.0
OCEANUSDT,2022-02-28T00:00Z,PANEL_RIGHT,0.0001,9.999999747378752e-05,8.698e-05,2022-02-28T00:00Z,0,3,8.0,8.0
OGNUSDT,2022-02-28T00:00Z,PANEL_RIGHT,-0.00063338,-0.0006333800265565515,0.0001,2022-02-28T00:00Z,0,3,8.0,8.0
OMGUSDT,2022-02-28T00:00Z,PANEL_RIGHT,-5.34e-06,-5.339999916031957e-06,0.0001,2022-02-28T00:00Z,0,3,8.0,8.0
ONEUSDT,2022-02-28T00:00Z,PANEL_RIGHT,-1.744e-05,-1.7439999282942154e-05,-1.132e-05,2022-02-28T00:00Z,0,3,8.0,8.0
PEOPLEUSDT,2022-02-28T00:00Z,PANEL_RIGHT,0.0001,9.999999747378752e-05,-7.746e-05,2022-02-28T00:00Z,0,3,8.0,8.0
RLCUSDT,2022-02-28T00:00Z,PANEL_RIGHT,9.49e-06,9.48999968386488e-06,0.0001,2022-02-28T00:00Z,0,3,8.0,8.0
ROSEUSDT,2022-02-28T00:00Z,PANEL_RIGHT,-8e-07,-8.000000093488779e-07,7.699e-05,2022-02-28T00:00Z,0,3,8.0,8.0
RSRUSDT,2022-02-28T00:00Z,PANEL_RIGHT,-0.00064104,-0.000641039980109781,-0.00026775,2022-02-28T00:00Z,0,3,8.0,8.0
RVNUSDT,2022-02-28T00:00Z,PANEL_RIGHT,1.915e-05,1.9150000298395753e-05,0.0001,2022-02-28T00:00Z,0,3,8.0,8.0
SANDUSDT,2022-02-28T00:00Z,PANEL_RIGHT,-2.528e-05,-2.52800000453135e-05,0.0001,2022-02-28T00:00Z,0,3,8.0,8.0
SKLUSDT,2022-02-28T00:00Z,PANEL_RIGHT,-0.00023667,-0.0002366700064158067,0.0001,2022-02-28T00:00Z,0,3,8.0,8.0
SOLUSDT,2022-02-28T00:00Z,PANEL_RIGHT,-9.949e-05,-9.948999650077894e-05,-7.933e-05,2022-02-28T00:00Z,0,3,8.0,8.0
STORJUSDT,2022-02-28T00:00Z,PANEL_RIGHT,-0.00019085,-0.00019084999803453684,1.588e-05,2022-02-28T00:00Z,0,3,8.0,8.0
SUSHIUSDT,2022-02-28T00:00Z,PANEL_RIGHT,-0.00011138,-0.00011138000263599679,6.28e-05,2022-02-28T00:00Z,0,3,8.0,8.0
TRBUSDT,2022-02-28T00:00Z,PANEL_RIGHT,3.642e-05,3.6419998650671914e-05,0.0001,2022-02-28T00:00Z,0,3,8.0,8.0
TRXUSDT,2022-02-28T00:00Z,PANEL_RIGHT,-0.00061695,-0.0006169499829411507,-0.00047277,2022-02-28T00:00Z,0,3,8.0,8.0
VETUSDT,2022-02-28T00:00Z,PANEL_RIGHT,-0.00015798,-0.00015798000094946474,9.774e-05,2022-02-28T00:00Z,0,3,8.0,8.0
WAVESUSDT,2022-02-28T00:00Z,PANEL_RIGHT,-0.00019059,-0.0001905899989651516,-8.996e-05,2022-02-28T00:00Z,0,3,8.0,8.0
XLMUSDT,2022-02-28T00:00Z,PANEL_RIGHT,9.43e-06,9.43000031838892e-06,0.0001,2022-02-28T00:00Z,0,3,8.0,8.0
XRPUSDT,2022-02-28T00:00Z,PANEL_RIGHT,8.674e-05,8.674000127939507e-05,0.0001,2022-02-28T00:00Z,0,3,8.0,8.0
YFIUSDT,2022-02-28T00:00Z,PANEL_RIGHT,-0.00028942,-0.00028941998607479036,6.569e-05,2022-02-28T00:00Z,0,3,8.0,8.0
ZECUSDT,2022-02-28T00:00Z,PANEL_RIGHT,-8.211e-05,-8.210999658331275e-05,4.889e-05,2022-02-28T00:00Z,0,3,8.0,8.0
ZENUSDT,2022-02-28T00:00Z,PANEL_RIGHT,-2.268e-05,-2.2680000256514177e-05,-0.00031348,2022-02-28T00:00Z,0,3,8.0,8.0
ZILUSDT,2022-02-28T00:00Z,PANEL_RIGHT,-9.445e-05,-9.4449998869095e-05,-4.452e-05,2022-02-28T00:00Z,0,3,8.0,8.0
FILUSDT,2022-02-28T04:00Z,PANEL_RIGHT,0.0001,9.999999747378752e-05,3.363e-05,2022-02-28T00:00Z,14400,3,8.0,8.0
FLMUSDT,2022-02-28T04:00Z,PANEL_RIGHT,-0.00026136,-0.00026135999360121787,0.0001,2022-02-28T00:00Z,14400,3,8.0,8.0
FLOWUSDT,2022-02-28T04:00Z,PANEL_RIGHT,-0.00032035,-0.00032034999458119273,0.0001,2022-02-28T00:00Z,14400,3,8.0,8.0
FTMUSDT,2022-02-28T04:00Z,PANEL_RIGHT,-0.00026227,-0.000262270012171939,4.233e-05,2022-02-28T00:00Z,14400,3,8.0,8.0
GRTUSDT,2022-02-28T04:00Z,PANEL_RIGHT,-9.554e-05,-9.55400028033182e-05,-0.00013267,2022-02-28T00:00Z,14400,3,8.0,8.0
GTCUSDT,2022-02-28T04:00Z,PANEL_RIGHT,-0.00018346,-0.0001834599970607087,3.034e-05,2022-02-28T00:00Z,14400,3,8.0,8.0
HBARUSDT,2022-02-28T04:00Z,PANEL_RIGHT,0.0001,9.999999747378752e-05,-0.00024521,2022-02-28T00:00Z,14400,3,8.0,8.0
HOTUSDT,2022-02-28T04:00Z,PANEL_RIGHT,-0.00022756,-0.00022755999816581607,0.0001,2022-02-28T00:00Z,14400,3,8.0,8.0
IMXUSDT,2022-02-28T04:00Z,PANEL_RIGHT,8.172e-05,8.17199979792349e-05,0.0001,2022-02-28T00:00Z,14400,3,8.0,8.0
IOTAUSDT,2022-02-28T04:00Z,PANEL_RIGHT,-0.00036353,-0.0003635300090536475,-0.00030163,2022-02-28T00:00Z,14400,3,8.0,8.0
KNCUSDT,2022-02-28T04:00Z,PANEL_RIGHT,-0.00049264,-0.0004926400142721832,4.572e-05,2022-02-28T00:00Z,14400,3,8.0,8.0
KSMUSDT,2022-02-28T04:00Z,PANEL_RIGHT,-0.0004109,-0.00041089998558163643,-0.00037569,2022-02-28T00:00Z,14400,3,8.0,8.0
LINAUSDT,2022-02-28T04:00Z,PANEL_RIGHT,2.202e-05,2.2019999960321002e-05,0.0001,2022-02-28T00:00Z,14400,3,8.0,8.0
LRCUSDT,2022-02-28T04:00Z,PANEL_RIGHT,4e-08,3.999999975690116e-08,0.0001,2022-02-28T00:00Z,14400,3,8.0,8.0
LTCUSDT,2022-02-28T04:00Z,PANEL_RIGHT,-3.062e-05,-3.062000178033486e-05,0.0001,2022-02-28T00:00Z,14400,3,8.0,8.0
LUNAUSDT,2022-02-28T04:00Z,PANEL_RIGHT,-0.00037043,-0.00037043000338599086,-0.0008477,2022-02-28T00:00Z,14400,3,8.0,8.0
MANAUSDT,2022-02-28T04:00Z,PANEL_RIGHT,-0.00012295,-0.00012295000487938523,-0.00015985,2022-02-28T00:00Z,14400,3,8.0,8.0
MASKUSDT,2022-02-28T04:00Z,PANEL_RIGHT,-6.633e-05,-6.633000157307833e-05,0.0001,2022-02-28T00:00Z,14400,3,8.0,8.0
NEARUSDT,2022-02-28T04:00Z,PANEL_RIGHT,-0.00016547,-0.0001654700026847422,8.435e-05,2022-02-28T00:00Z,14400,3,8.0,8.0
OCEANUSDT,2022-02-28T04:00Z,PANEL_RIGHT,0.0001,9.999999747378752e-05,8.698e-05,2022-02-28T00:00Z,14400,3,8.0,8.0
OGNUSDT,2022-02-28T04:00Z,PANEL_RIGHT,-0.00063338,-0.0006333800265565515,0.0001,2022-02-28T00:00Z,14400,3,8.0,8.0
OMGUSDT,2022-02-28T04:00Z,PANEL_RIGHT,-5.34e-06,-5.339999916031957e-06,0.0001,2022-02-28T00:00Z,14400,3,8.0,8.0
ONEUSDT,2022-02-28T04:00Z,PANEL_RIGHT,-1.744e-05,-1.7439999282942154e-05,-1.132e-05,2022-02-28T00:00Z,14400,3,8.0,8.0
PEOPLEUSDT,2022-02-28T04:00Z,PANEL_RIGHT,0.0001,9.999999747378752e-05,-7.746e-05,2022-02-28T00:00Z,14400,3,8.0,8.0
RLCUSDT,2022-02-28T04:00Z,PANEL_RIGHT,9.49e-06,9.48999968386488e-06,0.0001,2022-02-28T00:00Z,14400,3,8.0,8.0
ROSEUSDT,2022-02-28T04:00Z,PANEL_RIGHT,-8e-07,-8.000000093488779e-07,7.699e-05,2022-02-28T00:00Z,14400,3,8.0,8.0
RSRUSDT,2022-02-28T04:00Z,PANEL_RIGHT,-0.00064104,-0.000641039980109781,-0.00026775,2022-02-28T00:00Z,14400,3,8.0,8.0
RVNUSDT,2022-02-28T04:00Z,PANEL_RIGHT,1.915e-05,1.9150000298395753e-05,0.0001,2022-02-28T00:00Z,14400,3,8.0,8.0
SANDUSDT,2022-02-28T04:00Z,PANEL_RIGHT,-2.528e-05,-2.52800000453135e-05,0.0001,2022-02-28T00:00Z,14400,3,8.0,8.0
SKLUSDT,2022-02-28T04:00Z,PANEL_RIGHT,-0.00023667,-0.0002366700064158067,0.0001,2022-02-28T00:00Z,14400,3,8.0,8.0
SOLUSDT,2022-02-28T04:00Z,PANEL_RIGHT,-9.949e-05,-9.948999650077894e-05,-7.933e-05,2022-02-28T00:00Z,14400,3,8.0,8.0
STORJUSDT,2022-02-28T04:00Z,PANEL_RIGHT,-0.00019085,-0.00019084999803453684,1.588e-05,2022-02-28T00:00Z,14400,3,8.0,8.0
SUSHIUSDT,2022-02-28T04:00Z,PANEL_RIGHT,-0.00011138,-0.00011138000263599679,6.28e-05,2022-02-28T00:00Z,14400,3,8.0,8.0
TRBUSDT,2022-02-28T04:00Z,PANEL_RIGHT,3.642e-05,3.6419998650671914e-05,0.0001,2022-02-28T00:00Z,14400,3,8.0,8.0
TRXUSDT,2022-02-28T04:00Z,PANEL_RIGHT,-0.00061695,-0.0006169499829411507,-0.00047277,2022-02-28T00:00Z,14400,3,8.0,8.0
VETUSDT,2022-02-28T04:00Z,PANEL_RIGHT,-0.00015798,-0.00015798000094946474,9.774e-05,2022-02-28T00:00Z,14400,3,8.0,8.0
WAVESUSDT,2022-02-28T04:00Z,PANEL_RIGHT,-0.00019059,-0.0001905899989651516,-8.996e-05,2022-02-28T00:00Z,14400,3,8.0,8.0
XLMUSDT,2022-02-28T04:00Z,PANEL_RIGHT,9.43e-06,9.43000031838892e-06,0.0001,2022-02-28T00:00Z,14400,3,8.0,8.0
XRPUSDT,2022-02-28T04:00Z,PANEL_RIGHT,8.674e-05,8.674000127939507e-05,0.0001,2022-02-28T00:00Z,14400,3,8.0,8.0
YFIUSDT,2022-02-28T04:00Z,PANEL_RIGHT,-0.00028942,-0.00028941998607479036,6.569e-05,2022-02-28T00:00Z,14400,3,8.0,8.0
ZECUSDT,2022-02-28T04:00Z,PANEL_RIGHT,-8.211e-05,-8.210999658331275e-05,4.889e-05,2022-02-28T00:00Z,14400,3,8.0,8.0
ZENUSDT,2022-02-28T04:00Z,PANEL_RIGHT,-2.268e-05,-2.2680000256514177e-05,-0.00031348,2022-02-28T00:00Z,14400,3,8.0,8.0
ZILUSDT,2022-02-28T04:00Z,PANEL_RIGHT,-9.445e-05,-9.4449998869095e-05,-4.452e-05,2022-02-28T00:00Z,14400,3,8.0,8.0
FILUSDT,2022-02-28T08:00Z,PANEL_RIGHT,0.0001,9.999999747378752e-05,3.363e-05,2022-02-28T08:00Z,0,3,8.0,8.0
FLMUSDT,2022-02-28T08:00Z,PANEL_RIGHT,5.907e-05,5.907000013394281e-05,0.0001,2022-02-28T08:00Z,0,3,8.0,8.0
FLOWUSDT,2022-02-28T08:00Z,PANEL_RIGHT,-0.00029162,-0.00029162000282667577,0.0001,2022-02-28T08:00Z,0,3,8.0,8.0
FTMUSDT,2022-02-28T08:00Z,PANEL_RIGHT,-0.00060101,-0.0006010099896229804,4.233e-05,2022-02-28T08:00Z,0,3,8.0,8.0
GRTUSDT,2022-02-28T08:00Z,PANEL_RIGHT,-5.803e-05,-5.8030000218423083e-05,-0.00013267,2022-02-28T08:00Z,0,3,8.0,8.0
GTCUSDT,2022-02-28T08:00Z,PANEL_RIGHT,6.639e-05,6.638999911956489e-05,3.034e-05,2022-02-28T08:00Z,0,3,8.0,8.0
HBARUSDT,2022-02-28T08:00Z,PANEL_RIGHT,-0.00011313,-0.00011313000140944496,-0.00024521,2022-02-28T08:00Z,0,3,8.0,8.0
HOTUSDT,2022-02-28T08:00Z,PANEL_RIGHT,-0.00018905,-0.000189049998880364,0.0001,2022-02-28T08:00Z,0,3,8.0,8.0
IOTAUSDT,2022-02-28T08:00Z,PANEL_RIGHT,-0.00013757,-0.00013756999396719038,-0.00030163,2022-02-28T08:00Z,0,3,8.0,8.0
KNCUSDT,2022-02-28T08:00Z,PANEL_RIGHT,1.433e-05,1.4330000340123661e-05,4.572e-05,2022-02-28T08:00Z,0,3,8.0,8.0
KSMUSDT,2022-02-28T08:00Z,PANEL_RIGHT,-0.00018887,-0.00018887000624090433,-0.00037569,2022-02-28T08:00Z,0,3,8.0,8.0
LRCUSDT,2022-02-28T08:00Z,PANEL_RIGHT,-0.00014809,-0.0001480899954913184,0.0001,2022-02-28T08:00Z,0,3,8.0,8.0
LTCUSDT,2022-02-28T08:00Z,PANEL_RIGHT,-0.00017147,-0.00017147000471595675,0.0001,2022-02-28T08:00Z,0,3,8.0,8.0
LUNAUSDT,2022-02-28T08:00Z,PANEL_RIGHT,-0.00038824,-0.0003882400051224977,-0.0008477,2022-02-28T08:00Z,0,3,8.0,8.0
MANAUSDT,2022-02-28T08:00Z,PANEL_RIGHT,-0.0002557,-0.0002556999970693141,-0.00015985,2022-02-28T08:00Z,0,3,8.0,8.0
MASKUSDT,2022-02-28T08:00Z,PANEL_RIGHT,-3.018e-05,-3.017999915755354e-05,0.0001,2022-02-28T08:00Z,0,3,8.0,8.0
NEARUSDT,2022-02-28T08:00Z,PANEL_RIGHT,-0.00013583,-0.00013583000691141933,8.435e-05,2022-02-28T08:00Z,0,3,8.0,8.0
OCEANUSDT,2022-02-28T08:00Z,PANEL_RIGHT,0.0001,9.999999747378752e-05,8.698e-05,2022-02-28T08:00Z,0,3,8.0,8.0
OMGUSDT,2022-02-28T08:00Z,PANEL_RIGHT,3.808e-05,3.808000110439025e-05,0.0001,2022-02-28T08:00Z,0,3,8.0,8.0
ONEUSDT,2022-02-28T08:00Z,PANEL_RIGHT,-0.00011044,-0.00011043999984394759,-1.132e-05,2022-02-28T08:00Z,0,3,8.0,8.0
PEOPLEUSDT,2022-02-28T08:00Z,PANEL_RIGHT,8.156e-05,8.155999967129901e-05,-7.746e-05,2022-02-28T08:00Z,0,3,8.0,8.0
ROSEUSDT,2022-02-28T08:00Z,PANEL_RIGHT,-0.00016776,-0.00016775999392848462,7.699e-05,2022-02-28T08:00Z,0,3,8.0,8.0
RSRUSDT,2022-02-28T08:00Z,PANEL_RIGHT,-0.0003089,-0.000308899994706735,-0.00026775,2022-02-28T08:00Z,0,3,8.0,8.0
RVNUSDT,2022-02-28T08:00Z,PANEL_RIGHT,-2.721e-05,-2.7210000553168356e-05,0.0001,2022-02-28T08:00Z,0,3,8.0,8.0
SANDUSDT,2022-02-28T08:00Z,PANEL_RIGHT,-5.047e-05,-5.047000013291836e-05,0.0001,2022-02-28T08:00Z,0,3,8.0,8.0
SKLUSDT,2022-02-28T08:00Z,PANEL_RIGHT,-0.00017947,-0.00017946999287232757,0.0001,2022-02-28T08:00Z,0,3,8.0,8.0
SOLUSDT,2022-02-28T08:00Z,PANEL_RIGHT,-2.105e-05,-2.1050000214017928e-05,-7.933e-05,2022-02-28T08:00Z,0,3,8.0,8.0
STORJUSDT,2022-02-28T08:00Z,PANEL_RIGHT,-0.00018593,-0.000185929995495826,1.588e-05,2022-02-28T08:00Z,0,3,8.0,8.0
SUSHIUSDT,2022-02-28T08:00Z,PANEL_RIGHT,-6.96e-06,-6.960000064282212e-06,6.28e-05,2022-02-28T08:00Z,0,3,8.0,8.0
TRXUSDT,2022-02-28T08:00Z,PANEL_RIGHT,-0.00025472,-0.000254720012890175,-0.00047277,2022-02-28T08:00Z,0,3,8.0,8.0
VETUSDT,2022-02-28T08:00Z,PANEL_RIGHT,5.239e-05,5.239000165602192e-05,9.774e-05,2022-02-28T08:00Z,0,3,8.0,8.0
WAVESUSDT,2022-02-28T08:00Z,PANEL_RIGHT,-0.00052362,-0.0005236199940554798,-8.996e-05,2022-02-28T08:00Z,0,3,8.0,8.0
XLMUSDT,2022-02-28T08:00Z,PANEL_RIGHT,2.231e-05,2.2309999621938914e-05,0.0001,2022-02-28T08:00Z,0,3,8.0,8.0
XRPUSDT,2022-02-28T08:00Z,PANEL_RIGHT,2.694e-05,2.694000068004243e-05,0.0001,2022-02-28T08:00Z,0,3,8.0,8.0
YFIUSDT,2022-02-28T08:00Z,PANEL_RIGHT,1.366e-05,1.3660000149684492e-05,6.569e-05,2022-02-28T08:00Z,0,3,8.0,8.0
ZECUSDT,2022-02-28T08:00Z,PANEL_RIGHT,-2.818e-05,-2.818000029947143e-05,4.889e-05,2022-02-28T08:00Z,0,3,8.0,8.0
ZENUSDT,2022-02-28T08:00Z,PANEL_RIGHT,8.301e-05,8.301000343635678e-05,-0.00031348,2022-02-28T08:00Z,0,3,8.0,8.0
ZILUSDT,2022-02-28T08:00Z,PANEL_RIGHT,-0.00011296,-0.00011295999865978956,-4.452e-05,2022-02-28T08:00Z,0,3,8.0,8.0
FILUSDT,2022-02-28T12:00Z,PANEL_RIGHT,0.0001,9.999999747378752e-05,3.363e-05,2022-02-28T08:00Z,14400,3,8.0,8.0
FLMUSDT,2022-02-28T12:00Z,PANEL_RIGHT,5.907e-05,5.907000013394281e-05,0.0001,2022-02-28T08:00Z,14400,3,8.0,8.0
FLOWUSDT,2022-02-28T12:00Z,PANEL_RIGHT,-0.00029162,-0.00029162000282667577,0.0001,2022-02-28T08:00Z,14400,3,8.0,8.0
FTMUSDT,2022-02-28T12:00Z,PANEL_RIGHT,-0.00060101,-0.0006010099896229804,4.233e-05,2022-02-28T08:00Z,14400,3,8.0,8.0
GRTUSDT,2022-02-28T12:00Z,PANEL_RIGHT,-5.803e-05,-5.8030000218423083e-05,-0.00013267,2022-02-28T08:00Z,14400,3,8.0,8.0
GTCUSDT,2022-02-28T12:00Z,PANEL_RIGHT,6.639e-05,6.638999911956489e-05,3.034e-05,2022-02-28T08:00Z,14400,3,8.0,8.0
HBARUSDT,2022-02-28T12:00Z,PANEL_RIGHT,-0.00011313,-0.00011313000140944496,-0.00024521,2022-02-28T08:00Z,14400,3,8.0,8.0
HOTUSDT,2022-02-28T12:00Z,PANEL_RIGHT,-0.00018905,-0.000189049998880364,0.0001,2022-02-28T08:00Z,14400,3,8.0,8.0
IOTAUSDT,2022-02-28T12:00Z,PANEL_RIGHT,-0.00013757,-0.00013756999396719038,-0.00030163,2022-02-28T08:00Z,14400,3,8.0,8.0
KNCUSDT,2022-02-28T12:00Z,PANEL_RIGHT,1.433e-05,1.4330000340123661e-05,4.572e-05,2022-02-28T08:00Z,14400,3,8.0,8.0
KSMUSDT,2022-02-28T12:00Z,PANEL_RIGHT,-0.00018887,-0.00018887000624090433,-0.00037569,2022-02-28T08:00Z,14400,3,8.0,8.0
LRCUSDT,2022-02-28T12:00Z,PANEL_RIGHT,-0.00014809,-0.0001480899954913184,0.0001,2022-02-28T08:00Z,14400,3,8.0,8.0
LTCUSDT,2022-02-28T12:00Z,PANEL_RIGHT,-0.00017147,-0.00017147000471595675,0.0001,2022-02-28T08:00Z,14400,3,8.0,8.0
LUNAUSDT,2022-02-28T12:00Z,PANEL_RIGHT,-0.00038824,-0.0003882400051224977,-0.0008477,2022-02-28T08:00Z,14400,3,8.0,8.0
MANAUSDT,2022-02-28T12:00Z,PANEL_RIGHT,-0.0002557,-0.0002556999970693141,-0.00015985,2022-02-28T08:00Z,14400,3,8.0,8.0
MASKUSDT,2022-02-28T12:00Z,PANEL_RIGHT,-3.018e-05,-3.017999915755354e-05,0.0001,2022-02-28T08:00Z,14400,3,8.0,8.0
NEARUSDT,2022-02-28T12:00Z,PANEL_RIGHT,-0.00013583,-0.00013583000691141933,8.435e-05,2022-02-28T08:00Z,14400,3,8.0,8.0
OCEANUSDT,2022-02-28T12:00Z,PANEL_RIGHT,0.0001,9.999999747378752e-05,8.698e-05,2022-02-28T08:00Z,14400,3,8.0,8.0
OMGUSDT,2022-02-28T12:00Z,PANEL_RIGHT,3.808e-05,3.808000110439025e-05,0.0001,2022-02-28T08:00Z,14400,3,8.0,8.0
ONEUSDT,2022-02-28T12:00Z,PANEL_RIGHT,-0.00011044,-0.00011043999984394759,-1.132e-05,2022-02-28T08:00Z,14400,3,8.0,8.0
PEOPLEUSDT,2022-02-28T12:00Z,PANEL_RIGHT,8.156e-05,8.155999967129901e-05,-7.746e-05,2022-02-28T08:00Z,14400,3,8.0,8.0
ROSEUSDT,2022-02-28T12:00Z,PANEL_RIGHT,-0.00016776,-0.00016775999392848462,7.699e-05,2022-02-28T08:00Z,14400,3,8.0,8.0
RSRUSDT,2022-02-28T12:00Z,PANEL_RIGHT,-0.0003089,-0.000308899994706735,-0.00026775,2022-02-28T08:00Z,14400,3,8.0,8.0
RVNUSDT,2022-02-28T12:00Z,PANEL_RIGHT,-2.721e-05,-2.7210000553168356e-05,0.0001,2022-02-28T08:00Z,14400,3,8.0,8.0
SANDUSDT,2022-02-28T12:00Z,PANEL_RIGHT,-5.047e-05,-5.047000013291836e-05,0.0001,2022-02-28T08:00Z,14400,3,8.0,8.0
SKLUSDT,2022-02-28T12:00Z,PANEL_RIGHT,-0.00017947,-0.00017946999287232757,0.0001,2022-02-28T08:00Z,14400,3,8.0,8.0
SOLUSDT,2022-02-28T12:00Z,PANEL_RIGHT,-2.105e-05,-2.1050000214017928e-05,-7.933e-05,2022-02-28T08:00Z,14400,3,8.0,8.0
STORJUSDT,2022-02-28T12:00Z,PANEL_RIGHT,-0.00018593,-0.000185929995495826,1.588e-05,2022-02-28T08:00Z,14400,3,8.0,8.0
SUSHIUSDT,2022-02-28T12:00Z,PANEL_RIGHT,-6.96e-06,-6.960000064282212e-06,6.28e-05,2022-02-28T08:00Z,14400,3,8.0,8.0
TRXUSDT,2022-02-28T12:00Z,PANEL_RIGHT,-0.00025472,-0.000254720012890175,-0.00047277,2022-02-28T08:00Z,14400,3,8.0,8.0
VETUSDT,2022-02-28T12:00Z,PANEL_RIGHT,5.239e-05,5.239000165602192e-05,9.774e-05,2022-02-28T08:00Z,14400,3,8.0,8.0
WAVESUSDT,2022-02-28T12:00Z,PANEL_RIGHT,-0.00052362,-0.0005236199940554798,-8.996e-05,2022-02-28T08:00Z,14400,3,8.0,8.0
XLMUSDT,2022-02-28T12:00Z,PANEL_RIGHT,2.231e-05,2.2309999621938914e-05,0.0001,2022-02-28T08:00Z,14400,3,8.0,8.0
XRPUSDT,2022-02-28T12:00Z,PANEL_RIGHT,2.694e-05,2.694000068004243e-05,0.0001,2022-02-28T08:00Z,14400,3,8.0,8.0
YFIUSDT,2022-02-28T12:00Z,PANEL_RIGHT,1.366e-05,1.3660000149684492e-05,6.569e-05,2022-02-28T08:00Z,14400,3,8.0,8.0
ZECUSDT,2022-02-28T12:00Z,PANEL_RIGHT,-2.818e-05,-2.818000029947143e-05,4.889e-05,2022-02-28T08:00Z,14400,3,8.0,8.0
ZENUSDT,2022-02-28T12:00Z,PANEL_RIGHT,8.301e-05,8.301000343635678e-05,-0.00031348,2022-02-28T08:00Z,14400,3,8.0,8.0
ZILUSDT,2022-02-28T12:00Z,PANEL_RIGHT,-0.00011296,-0.00011295999865978956,-4.452e-05,2022-02-28T08:00Z,14400,3,8.0,8.0
FILUSDT,2022-02-28T16:00Z,PANEL_RIGHT,0.0001,9.999999747378752e-05,3.363e-05,2022-02-28T16:00Z,0,3,8.0,8.0
FLOWUSDT,2022-02-28T16:00Z,PANEL_RIGHT,-0.00078551,-0.0007855099975131452,0.0001,2022-02-28T16:00Z,0,3,8.0,8.0
FTMUSDT,2022-02-28T16:00Z,PANEL_RIGHT,-0.00054498,-0.0005449799937196076,4.233e-05,2022-02-28T16:00Z,0,3,8.0,8.0
GRTUSDT,2022-02-28T16:00Z,PANEL_RIGHT,9.204e-05,9.203999798046425e-05,-0.00013267,2022-02-28T16:00Z,0,3,8.0,8.0
GTCUSDT,2022-02-28T16:00Z,PANEL_RIGHT,9.28e-05,9.280000085709617e-05,3.034e-05,2022-02-28T16:00Z,0,3,8.0,8.0
HBARUSDT,2022-02-28T16:00Z,PANEL_RIGHT,0.0001,9.999999747378752e-05,-0.00024521,2022-02-28T16:00Z,0,3,8.0,8.0
IOTAUSDT,2022-02-28T16:00Z,PANEL_RIGHT,-4.093e-05,-4.093000097782351e-05,-0.00030163,2022-02-28T16:00Z,0,3,8.0,8.0
KNCUSDT,2022-02-28T16:00Z,PANEL_RIGHT,-0.00042994,-0.0004299400025047362,4.572e-05,2022-02-28T16:00Z,0,3,8.0,8.0
KSMUSDT,2022-02-28T16:00Z,PANEL_RIGHT,-9.66e-05,-9.660000068834051e-05,-0.00037569,2022-02-28T16:00Z,0,3,8.0,8.0
LRCUSDT,2022-02-28T16:00Z,PANEL_RIGHT,8.097e-05,8.096999954432249e-05,0.0001,2022-02-28T16:00Z,0,3,8.0,8.0
LTCUSDT,2022-02-28T16:00Z,PANEL_RIGHT,-8.658e-05,-8.658000297145918e-05,0.0001,2022-02-28T16:00Z,0,3,8.0,8.0
LUNAUSDT,2022-02-28T16:00Z,PANEL_RIGHT,-0.00037389,-0.00037389001226983964,-0.0008477,2022-02-28T16:00Z,0,3,8.0,8.0
MANAUSDT,2022-02-28T16:00Z,PANEL_RIGHT,-0.00021051,-0.00021050999930594116,-0.00015985,2022-02-28T16:00Z,0,3,8.0,8.0
NEARUSDT,2022-02-28T16:00Z,PANEL_RIGHT,8.286e-05,8.286000229418278e-05,8.435e-05,2022-02-28T16:00Z,0,3,8.0,8.0
OCEANUSDT,2022-02-28T16:00Z,PANEL_RIGHT,0.0001,9.999999747378752e-05,8.698e-05,2022-02-28T16:00Z,0,3,8.0,8.0
OMGUSDT,2022-02-28T16:00Z,PANEL_RIGHT,2.492e-05,2.4920000214478932e-05,0.0001,2022-02-28T16:00Z,0,3,8.0,8.0
ONEUSDT,2022-02-28T16:00Z,PANEL_RIGHT,-0.00032868,-0.0003286800056230277,-1.132e-05,2022-02-28T16:00Z,0,3,8.0,8.0
PEOPLEUSDT,2022-02-28T16:00Z,PANEL_RIGHT,-0.00022585,-0.00022585000260733068,-7.746e-05,2022-02-28T16:00Z,0,3,8.0,8.0
ROSEUSDT,2022-02-28T16:00Z,PANEL_RIGHT,5.645e-05,5.64500005566515e-05,7.699e-05,2022-02-28T16:00Z,0,3,8.0,8.0
RSRUSDT,2022-02-28T16:00Z,PANEL_RIGHT,0.0001,9.999999747378752e-05,-0.00026775,2022-02-28T16:00Z,0,3,8.0,8.0
SANDUSDT,2022-02-28T16:00Z,PANEL_RIGHT,6.099e-05,6.099000165704638e-05,0.0001,2022-02-28T16:00Z,0,3,8.0,8.0
SKLUSDT,2022-02-28T16:00Z,PANEL_RIGHT,-0.00033543,-0.000335429998813197,0.0001,2022-02-28T16:00Z,0,3,8.0,8.0
SOLUSDT,2022-02-28T16:00Z,PANEL_RIGHT,0.0001,9.999999747378752e-05,-7.933e-05,2022-02-28T16:00Z,0,3,8.0,8.0
STORJUSDT,2022-02-28T16:00Z,PANEL_RIGHT,8.01e-05,8.009999874047935e-05,1.588e-05,2022-02-28T16:00Z,0,3,8.0,8.0
SUSHIUSDT,2022-02-28T16:00Z,PANEL_RIGHT,7.757e-05,7.757000275887549e-05,6.28e-05,2022-02-28T16:00Z,0,3,8.0,8.0
TRXUSDT,2022-02-28T16:00Z,PANEL_RIGHT,-0.00017567,-0.00017566999304108322,-0.00047277,2022-02-28T16:00Z,0,3,8.0,8.0
VETUSDT,2022-02-28T16:00Z,PANEL_RIGHT,0.0001,9.999999747378752e-05,9.774e-05,2022-02-28T16:00Z,0,3,8.0,8.0
WAVESUSDT,2022-02-28T16:00Z,PANEL_RIGHT,-0.00045382,-0.00045381998643279076,-8.996e-05,2022-02-28T16:00Z,0,3,8.0,8.0
XLMUSDT,2022-02-28T16:00Z,PANEL_RIGHT,4.485e-05,4.484999954001978e-05,0.0001,2022-02-28T16:00Z,0,3,8.0,8.0
XRPUSDT,2022-02-28T16:00Z,PANEL_RIGHT,7.64e-05,7.639999967068434e-05,0.0001,2022-02-28T16:00Z,0,3,8.0,8.0
YFIUSDT,2022-02-28T16:00Z,PANEL_RIGHT,8.968e-05,8.967999747255817e-05,6.569e-05,2022-02-28T16:00Z,0,3,8.0,8.0
ZECUSDT,2022-02-28T16:00Z,PANEL_RIGHT,3.015e-05,3.015000038431026e-05,4.889e-05,2022-02-28T16:00Z,0,3,8.0,8.0
ZENUSDT,2022-02-28T16:00Z,PANEL_RIGHT,7.366e-05,7.36599977244623e-05,-0.00031348,2022-02-28T16:00Z,0,3,8.0,8.0
ZILUSDT,2022-02-28T16:00Z,PANEL_RIGHT,0.0001,9.999999747378752e-05,-4.452e-05,2022-02-28T16:00Z,0,3,8.0,8.0
FILUSDT,2022-02-28T20:00Z,PANEL_RIGHT,0.0001,9.999999747378752e-05,3.363e-05,2022-02-28T16:00Z,14400,3,8.0,8.0
FLOWUSDT,2022-02-28T20:00Z,PANEL_RIGHT,-0.00078551,-0.0007855099975131452,0.0001,2022-02-28T16:00Z,14400,3,8.0,8.0
FTMUSDT,2022-02-28T20:00Z,PANEL_RIGHT,-0.00054498,-0.0005449799937196076,4.233e-05,2022-02-28T16:00Z,14400,3,8.0,8.0
GRTUSDT,2022-02-28T20:00Z,PANEL_RIGHT,9.204e-05,9.203999798046425e-05,-0.00013267,2022-02-28T16:00Z,14400,3,8.0,8.0
GTCUSDT,2022-02-28T20:00Z,PANEL_RIGHT,9.28e-05,9.280000085709617e-05,3.034e-05,2022-02-28T16:00Z,14400,3,8.0,8.0
HBARUSDT,2022-02-28T20:00Z,PANEL_RIGHT,0.0001,9.999999747378752e-05,-0.00024521,2022-02-28T16:00Z,14400,3,8.0,8.0
IOTAUSDT,2022-02-28T20:00Z,PANEL_RIGHT,-4.093e-05,-4.093000097782351e-05,-0.00030163,2022-02-28T16:00Z,14400,3,8.0,8.0
KNCUSDT,2022-02-28T20:00Z,PANEL_RIGHT,-0.00042994,-0.0004299400025047362,4.572e-05,2022-02-28T16:00Z,14400,3,8.0,8.0
KSMUSDT,2022-02-28T20:00Z,PANEL_RIGHT,-9.66e-05,-9.660000068834051e-05,-0.00037569,2022-02-28T16:00Z,14400,3,8.0,8.0
LRCUSDT,2022-02-28T20:00Z,PANEL_RIGHT,8.097e-05,8.096999954432249e-05,0.0001,2022-02-28T16:00Z,14400,3,8.0,8.0
LTCUSDT,2022-02-28T20:00Z,PANEL_RIGHT,-8.658e-05,-8.658000297145918e-05,0.0001,2022-02-28T16:00Z,14400,3,8.0,8.0
LUNAUSDT,2022-02-28T20:00Z,PANEL_RIGHT,-0.00037389,-0.00037389001226983964,-0.0008477,2022-02-28T16:00Z,14400,3,8.0,8.0
MANAUSDT,2022-02-28T20:00Z,PANEL_RIGHT,-0.00021051,-0.00021050999930594116,-0.00015985,2022-02-28T16:00Z,14400,3,8.0,8.0
NEARUSDT,2022-02-28T20:00Z,PANEL_RIGHT,8.286e-05,8.286000229418278e-05,8.435e-05,2022-02-28T16:00Z,14400,3,8.0,8.0
OCEANUSDT,2022-02-28T20:00Z,PANEL_RIGHT,0.0001,9.999999747378752e-05,8.698e-05,2022-02-28T16:00Z,14400,3,8.0,8.0
OMGUSDT,2022-02-28T20:00Z,PANEL_RIGHT,2.492e-05,2.4920000214478932e-05,0.0001,2022-02-28T16:00Z,14400,3,8.0,8.0
ONEUSDT,2022-02-28T20:00Z,PANEL_RIGHT,-0.00032868,-0.0003286800056230277,-1.132e-05,2022-02-28T16:00Z,14400,3,8.0,8.0
PEOPLEUSDT,2022-02-28T20:00Z,PANEL_RIGHT,-0.00022585,-0.00022585000260733068,-7.746e-05,2022-02-28T16:00Z,14400,3,8.0,8.0
ROSEUSDT,2022-02-28T20:00Z,PANEL_RIGHT,5.645e-05,5.64500005566515e-05,7.699e-05,2022-02-28T16:00Z,14400,3,8.0,8.0
RSRUSDT,2022-02-28T20:00Z,PANEL_RIGHT,0.0001,9.999999747378752e-05,-0.00026775,2022-02-28T16:00Z,14400,3,8.0,8.0
SANDUSDT,2022-02-28T20:00Z,PANEL_RIGHT,6.099e-05,6.099000165704638e-05,0.0001,2022-02-28T16:00Z,14400,3,8.0,8.0
SKLUSDT,2022-02-28T20:00Z,PANEL_RIGHT,-0.00033543,-0.000335429998813197,0.0001,2022-02-28T16:00Z,14400,3,8.0,8.0
SOLUSDT,2022-02-28T20:00Z,PANEL_RIGHT,0.0001,9.999999747378752e-05,-7.933e-05,2022-02-28T16:00Z,14400,3,8.0,8.0
STORJUSDT,2022-02-28T20:00Z,PANEL_RIGHT,8.01e-05,8.009999874047935e-05,1.588e-05,2022-02-28T16:00Z,14400,3,8.0,8.0
SUSHIUSDT,2022-02-28T20:00Z,PANEL_RIGHT,7.757e-05,7.757000275887549e-05,6.28e-05,2022-02-28T16:00Z,14400,3,8.0,8.0
TRXUSDT,2022-02-28T20:00Z,PANEL_RIGHT,-0.00017567,-0.00017566999304108322,-0.00047277,2022-02-28T16:00Z,14400,3,8.0,8.0
VETUSDT,2022-02-28T20:00Z,PANEL_RIGHT,0.0001,9.999999747378752e-05,9.774e-05,2022-02-28T16:00Z,14400,3,8.0,8.0
WAVESUSDT,2022-02-28T20:00Z,PANEL_RIGHT,-0.00045382,-0.00045381998643279076,-8.996e-05,2022-02-28T16:00Z,14400,3,8.0,8.0
XLMUSDT,2022-02-28T20:00Z,PANEL_RIGHT,4.485e-05,4.484999954001978e-05,0.0001,2022-02-28T16:00Z,14400,3,8.0,8.0
XRPUSDT,2022-02-28T20:00Z,PANEL_RIGHT,7.64e-05,7.639999967068434e-05,0.0001,2022-02-28T16:00Z,14400,3,8.0,8.0
YFIUSDT,2022-02-28T20:00Z,PANEL_RIGHT,8.968e-05,8.967999747255817e-05,6.569e-05,2022-02-28T16:00Z,14400,3,8.0,8.0
ZECUSDT,2022-02-28T20:00Z,PANEL_RIGHT,3.015e-05,3.015000038431026e-05,4.889e-05,2022-02-28T16:00Z,14400,3,8.0,8.0
ZENUSDT,2022-02-28T20:00Z,PANEL_RIGHT,7.366e-05,7.36599977244623e-05,-0.00031348,2022-02-28T16:00Z,14400,3,8.0,8.0
ZILUSDT,2022-02-28T20:00Z,PANEL_RIGHT,0.0001,9.999999747378752e-05,-4.452e-05,2022-02-28T16:00Z,14400,3,8.0,8.0
FILUSDT,2022-03-01T00:00Z,PANEL_RIGHT,0.0001,9.999999747378752e-05,3.363e-05,2022-03-01T00:00Z,0,3,8.0,8.0
FLOWUSDT,2022-03-01T00:00Z,PANEL_RIGHT,-0.00077133,-0.0007713299710303545,0.0001,2022-03-01T00:00Z,0,3,8.0,8.0
FTMUSDT,2022-03-01T00:00Z,PANEL_RIGHT,-0.00038284,-0.00038283999310806394,4.233e-05,2022-03-01T00:00Z,0,3,8.0,8.0
GRTUSDT,2022-03-01T00:00Z,PANEL_RIGHT,0.0001,9.999999747378752e-05,-0.00013267,2022-03-01T00:00Z,0,3,8.0,8.0
GTCUSDT,2022-03-01T00:00Z,PANEL_RIGHT,3.303e-05,3.30299990309868e-05,3.034e-05,2022-03-01T00:00Z,0,3,8.0,8.0
HBARUSDT,2022-03-01T00:00Z,PANEL_RIGHT,0.0001,9.999999747378752e-05,-0.00024521,2022-03-01T00:00Z,0,3,8.0,8.0
IOTAUSDT,2022-03-01T00:00Z,PANEL_RIGHT,-3.521e-05,-3.5209999623475596e-05,-0.00030163,2022-03-01T00:00Z,0,3,8.0,8.0
KNCUSDT,2022-03-01T00:00Z,PANEL_RIGHT,0.0001,9.999999747378752e-05,4.572e-05,2022-03-01T00:00Z,0,3,8.0,8.0
KSMUSDT,2022-03-01T00:00Z,PANEL_RIGHT,-7.961e-05,-7.960999937495217e-05,-0.00037569,2022-03-01T00:00Z,0,3,8.0,8.0
LTCUSDT,2022-03-01T00:00Z,PANEL_RIGHT,1.751e-05,1.750999945215881e-05,0.0001,2022-03-01T00:00Z,0,3,8.0,8.0
LUNAUSDT,2022-03-01T00:00Z,PANEL_RIGHT,4.028e-05,4.027999966638163e-05,-0.0008477,2022-03-01T00:00Z,0,3,8.0,8.0
MANAUSDT,2022-03-01T00:00Z,PANEL_RIGHT,0.0001,9.999999747378752e-05,-0.00015985,2022-03-01T00:00Z,0,3,8.0,8.0
NEARUSDT,2022-03-01T00:00Z,PANEL_RIGHT,0.0001,9.999999747378752e-05,8.435e-05,2022-03-01T00:00Z,0,3,8.0,8.0
OCEANUSDT,2022-03-01T00:00Z,PANEL_RIGHT,0.0001,9.999999747378752e-05,8.698e-05,2022-03-01T00:00Z,0,3,8.0,8.0
ONEUSDT,2022-03-01T00:00Z,PANEL_RIGHT,-0.0003775,-0.000377499993192032,-1.132e-05,2022-03-01T00:00Z,0,3,8.0,8.0
PEOPLEUSDT,2022-03-01T00:00Z,PANEL_RIGHT,0.0001,9.999999747378752e-05,-7.746e-05,2022-03-01T00:00Z,0,3,8.0,8.0
ROSEUSDT,2022-03-01T00:00Z,PANEL_RIGHT,6.781e-05,6.780999683542177e-05,7.699e-05,2022-03-01T00:00Z,0,3,8.0,8.0
RSRUSDT,2022-03-01T00:00Z,PANEL_RIGHT,0.0001,9.999999747378752e-05,-0.00026775,2022-03-01T00:00Z,0,3,8.0,8.0
SANDUSDT,2022-03-01T00:00Z,PANEL_RIGHT,9.879e-05,9.87899984465912e-05,0.0001,2022-03-01T00:00Z,0,3,8.0,8.0
SKLUSDT,2022-03-01T00:00Z,PANEL_RIGHT,7.149e-05,7.149000157369301e-05,0.0001,2022-03-01T00:00Z,0,3,8.0,8.0
SOLUSDT,2022-03-01T00:00Z,PANEL_RIGHT,0.0001,9.999999747378752e-05,-7.933e-05,2022-03-01T00:00Z,0,3,8.0,8.0
STORJUSDT,2022-03-01T00:00Z,PANEL_RIGHT,0.0001,9.999999747378752e-05,1.588e-05,2022-03-01T00:00Z,0,3,8.0,8.0
SUSHIUSDT,2022-03-01T00:00Z,PANEL_RIGHT,0.0001,9.999999747378752e-05,6.28e-05,2022-03-01T00:00Z,0,3,8.0,8.0
TRXUSDT,2022-03-01T00:00Z,PANEL_RIGHT,0.0001,9.999999747378752e-05,-0.00047277,2022-03-01T00:00Z,0,3,8.0,8.0
VETUSDT,2022-03-01T00:00Z,PANEL_RIGHT,0.0001,9.999999747378752e-05,9.774e-05,2022-03-01T00:00Z,0,3,8.0,8.0
WAVESUSDT,2022-03-01T00:00Z,PANEL_RIGHT,-0.00024349,-0.0002434899943182245,-8.996e-05,2022-03-01T00:00Z,0,3,8.0,8.0
YFIUSDT,2022-03-01T00:00Z,PANEL_RIGHT,0.0001,9.999999747378752e-05,6.569e-05,2022-03-01T00:00Z,0,3,8.0,8.0
ZECUSDT,2022-03-01T00:00Z,PANEL_RIGHT,-3.589e-05,-3.588999970816076e-05,4.889e-05,2022-03-01T00:00Z,0,3,8.0,8.0
ZENUSDT,2022-03-01T00:00Z,PANEL_RIGHT,9.077e-05,9.077000140678138e-05,-0.00031348,2022-03-01T00:00Z,0,3,8.0,8.0
ZILUSDT,2022-03-01T00:00Z,PANEL_RIGHT,0.0001,9.999999747378752e-05,-4.452e-05,2022-03-01T00:00Z,0,3,8.0,8.0
GMTUSDT,2022-04-02T00:00Z,PANEL_RIGHT,0.0001,9.999999747378752e-05,3.265e-05,2022-04-02T00:00Z,0,3,8.0,8.0
LUNAUSDT,2022-04-02T00:00Z,PANEL_RIGHT,-8.684e-05,-8.684000204084441e-05,-9.244e-05,2022-04-02T00:00Z,0,3,8.0,8.0
SANDUSDT,2022-04-02T00:00Z,PANEL_RIGHT,0.0001,9.999999747378752e-05,3.816e-05,2022-04-02T00:00Z,0,3,8.0,8.0
WAVESUSDT,2022-04-02T00:00Z,PANEL_RIGHT,-0.00061522,-0.0006152199930511415,-0.00068996,2022-04-02T00:00Z,0,3,8.0,8.0
GMTUSDT,2022-04-02T04:00Z,PANEL_RIGHT,0.0001,9.999999747378752e-05,3.265e-05,2022-04-02T00:00Z,14400,3,8.0,8.0
LUNAUSDT,2022-04-02T04:00Z,PANEL_RIGHT,-8.684e-05,-8.684000204084441e-05,-9.244e-05,2022-04-02T00:00Z,14400,3,8.0,8.0
SANDUSDT,2022-04-02T04:00Z,PANEL_RIGHT,0.0001,9.999999747378752e-05,3.816e-05,2022-04-02T00:00Z,14400,3,8.0,8.0
WAVESUSDT,2022-04-02T04:00Z,PANEL_RIGHT,-0.00061522,-0.0006152199930511415,-0.00068996,2022-04-02T00:00Z,14400,3,8.0,8.0
FLMUSDT,2022-04-02T08:00Z,PANEL_RIGHT,0.00050487,0.0005048700259067118,0.0001,2022-04-02T08:00Z,0,3,8.0,8.0
GMTUSDT,2022-04-02T08:00Z,PANEL_RIGHT,0.0001,9.999999747378752e-05,3.265e-05,2022-04-02T08:00Z,0,3,8.0,8.0
LUNAUSDT,2022-04-02T08:00Z,PANEL_RIGHT,-0.00012795,-0.0001279499992961064,-9.244e-05,2022-04-02T08:00Z,0,3,8.0,8.0
SANDUSDT,2022-04-02T08:00Z,PANEL_RIGHT,0.0001,9.999999747378752e-05,3.816e-05,2022-04-02T08:00Z,0,3,8.0,8.0
WAVESUSDT,2022-04-02T08:00Z,PANEL_RIGHT,-0.00056389,-0.0005638899747282267,-0.00068996,2022-04-02T08:00Z,0,3,8.0,8.0
FLMUSDT,2022-04-02T12:00Z,PANEL_RIGHT,0.00050487,0.0005048700259067118,0.0001,2022-04-02T08:00Z,14400,3,8.0,8.0
GMTUSDT,2022-04-02T12:00Z,PANEL_RIGHT,0.0001,9.999999747378752e-05,3.265e-05,2022-04-02T08:00Z,14400,3,8.0,8.0
LUNAUSDT,2022-04-02T12:00Z,PANEL_RIGHT,-0.00012795,-0.0001279499992961064,-9.244e-05,2022-04-02T08:00Z,14400,3,8.0,8.0
SANDUSDT,2022-04-02T12:00Z,PANEL_RIGHT,0.0001,9.999999747378752e-05,3.816e-05,2022-04-02T08:00Z,14400,3,8.0,8.0
WAVESUSDT,2022-04-02T12:00Z,PANEL_RIGHT,-0.00056389,-0.0005638899747282267,-0.00068996,2022-04-02T08:00Z,14400,3,8.0,8.0
GMTUSDT,2022-04-02T16:00Z,PANEL_RIGHT,0.00023834,0.00023833999875932932,3.265e-05,2022-04-02T16:00Z,0,3,8.0,8.0
LUNAUSDT,2022-04-02T16:00Z,PANEL_RIGHT,-0.0001001,-0.00010009999823523685,-9.244e-05,2022-04-02T16:00Z,0,3,8.0,8.0
NEARUSDT,2022-04-02T16:00Z,PANEL_RIGHT,0.0003165,0.0003164999943692237,0.0001,2022-04-02T16:00Z,0,3,8.0,8.0
SANDUSDT,2022-04-02T16:00Z,PANEL_RIGHT,0.0001,9.999999747378752e-05,3.816e-05,2022-04-02T16:00Z,0,3,8.0,8.0
WAVESUSDT,2022-04-02T16:00Z,PANEL_RIGHT,-0.00040008,-0.0004000799963250756,-0.00068996,2022-04-02T16:00Z,0,3,8.0,8.0
GMTUSDT,2022-04-02T20:00Z,PANEL_RIGHT,0.00023834,0.00023833999875932932,3.265e-05,2022-04-02T16:00Z,14400,3,8.0,8.0
LUNAUSDT,2022-04-02T20:00Z,PANEL_RIGHT,-0.0001001,-0.00010009999823523685,-9.244e-05,2022-04-02T16:00Z,14400,3,8.0,8.0
NEARUSDT,2022-04-02T20:00Z,PANEL_RIGHT,0.0003165,0.0003164999943692237,0.0001,2022-04-02T16:00Z,14400,3,8.0,8.0
SANDUSDT,2022-04-02T20:00Z,PANEL_RIGHT,0.0001,9.999999747378752e-05,3.816e-05,2022-04-02T16:00Z,14400,3,8.0,8.0
WAVESUSDT,2022-04-02T20:00Z,PANEL_RIGHT,-0.00040008,-0.0004000799963250756,-0.00068996,2022-04-02T16:00Z,14400,3,8.0,8.0
GMTUSDT,2022-04-03T00:00Z,PANEL_RIGHT,0.00027985,0.00027985000633634627,3.265e-05,2022-04-03T00:00Z,0,3,8.0,8.0
LUNAUSDT,2022-04-03T00:00Z,PANEL_RIGHT,-0.00014369,-0.00014369000564329326,-9.244e-05,2022-04-03T00:00Z,0,3,8.0,8.0
SANDUSDT,2022-04-03T00:00Z,PANEL_RIGHT,0.0001,9.999999747378752e-05,3.816e-05,2022-04-03T00:00Z,0,3,8.0,8.0
WAVESUSDT,2022-04-03T00:00Z,PANEL_RIGHT,-0.00060576,-0.0006057600257918239,-0.00068996,2022-04-03T00:00Z,0,3,8.0,8.0
BNXUSDT,2022-04-18T00:00Z,PANEL_RIGHT,-0.00046797,-0.00046797000686638057,-5.909e-05,2022-04-18T00:00Z,0,1,nan,8.0
BNXUSDT,2022-08-11T00:00Z,PANEL_RIGHT,-7.688e-05,-7.688000187044963e-05,-9.884e-05,2022-08-11T00:00Z,0,1,nan,8.0
BNXUSDT,2022-08-11T04:00Z,PANEL_RIGHT,-7.688e-05,-7.688000187044963e-05,-9.884e-05,2022-08-11T00:00Z,14400,1,nan,8.0
BNXUSDT,2022-08-11T08:00Z,PANEL_RIGHT,6.563e-05,6.563000351889059e-05,-9.884e-05,2022-08-11T08:00Z,0,1,nan,8.0
BNXUSDT,2022-08-11T12:00Z,PANEL_RIGHT,6.563e-05,6.563000351889059e-05,-9.884e-05,2022-08-11T08:00Z,14400,1,nan,8.0
BNXUSDT,2022-08-11T16:00Z,PANEL_RIGHT,0.0001,9.999999747378752e-05,-9.884e-05,2022-08-11T16:00Z,0,1,nan,8.0
BNXUSDT,2022-08-11T20:00Z,PANEL_RIGHT,0.0001,9.999999747378752e-05,-9.884e-05,2022-08-11T16:00Z,14400,1,nan,8.0
BNXUSDT,2022-08-12T00:00Z,PANEL_RIGHT,0.0001,9.999999747378752e-05,-9.884e-05,2022-08-12T00:00Z,0,1,nan,8.0
BNXUSDT,2022-08-12T04:00Z,PANEL_RIGHT,0.0001,9.999999747378752e-05,-9.884e-05,2022-08-12T00:00Z,14400,1,nan,8.0
BNXUSDT,2022-08-12T08:00Z,PANEL_RIGHT,0.0001,9.999999747378752e-05,-9.884e-05,2022-08-12T08:00Z,0,1,nan,8.0
BNXUSDT,2022-08-12T12:00Z,PANEL_RIGHT,0.0001,9.999999747378752e-05,-9.884e-05,2022-08-12T08:00Z,14400,1,nan,8.0
BNXUSDT,2022-08-12T16:00Z,PANEL_RIGHT,0.0001,9.999999747378752e-05,-9.884e-05,2022-08-12T16:00Z,0,1,nan,8.0
BNXUSDT,2022-08-12T20:00Z,PANEL_RIGHT,0.0001,9.999999747378752e-05,-9.884e-05,2022-08-12T16:00Z,14400,1,nan,8.0
BNXUSDT,2022-08-13T00:00Z,PANEL_RIGHT,0.0001,9.999999747378752e-05,-9.884e-05,2022-08-13T00:00Z,0,1,nan,8.0
SOLUSDT,2022-11-09T20:00Z,PANEL_RIGHT,-0.02,-0.019999999552965164,-0.015,2022-11-09T20:00Z,0,3,4.0,4.0
BNXUSDT,2022-12-04T12:00Z,PANEL_RIGHT,-0.025,-0.02500000037252903,-0.00604453,2022-12-04T12:00Z,0,1,nan,4.0
HNTUSDT,2022-12-21T20:00Z,PANEL_RIGHT,-0.02,-0.019999999552965164,-0.01,2022-12-21T20:00Z,0,3,4.0,4.0
BNXUSDT,2023-02-02T16:00Z,PANEL_RIGHT,0.00011408,0.00011408000136725605,0.0001,2023-02-02T16:00Z,0,3,8.0,8.0
BNXUSDT,2023-02-02T20:00Z,PANEL_RIGHT,0.00011408,0.00011408000136725605,0.0001,2023-02-02T16:00Z,14400,3,8.0,8.0
BNXUSDT,2023-02-03T00:00Z,PANEL_RIGHT,0.00014347,0.00014346999523695558,0.0001,2023-02-03T00:00Z,0,3,8.0,8.0
BNXUSDT,2023-02-03T04:00Z,PANEL_RIGHT,0.00014347,0.00014346999523695558,0.0001,2023-02-03T00:00Z,14400,3,8.0,8.0
BNXUSDT,2023-02-03T16:00Z,PANEL_RIGHT,0.00026449,0.00026448999415151775,0.0001,2023-02-03T16:00Z,0,3,8.0,8.0
BNXUSDT,2023-02-03T20:00Z,PANEL_RIGHT,0.00026449,0.00026448999415151775,0.0001,2023-02-03T16:00Z,14400,3,8.0,8.0
BNXUSDT,2023-02-04T00:00Z,PANEL_RIGHT,0.00064075,0.0006407499895431101,0.0001,2023-02-04T00:00Z,0,3,8.0,8.0
BNXUSDT,2023-02-04T04:00Z,PANEL_RIGHT,0.00064075,0.0006407499895431101,0.0001,2023-02-04T00:00Z,14400,3,8.0,8.0
BNXUSDT,2023-02-04T08:00Z,PANEL_RIGHT,0.00023754,0.00023754000721964985,0.0001,2023-02-04T08:00Z,0,3,8.0,8.0
BNXUSDT,2023-02-04T12:00Z,PANEL_RIGHT,0.00023754,0.00023754000721964985,0.0001,2023-02-04T08:00Z,14400,3,8.0,8.0
BNXUSDT,2023-02-04T16:00Z,PANEL_RIGHT,0.00022651,0.00022651000472251326,0.0001,2023-02-04T16:00Z,0,3,8.0,8.0
BNXUSDT,2023-02-04T20:00Z,PANEL_RIGHT,0.00022651,0.00022651000472251326,0.0001,2023-02-04T16:00Z,14400,3,8.0,8.0
BNXUSDT,2023-02-05T00:00Z,PANEL_RIGHT,0.00027053,0.00027052999939769506,0.0001,2023-02-05T00:00Z,0,3,8.0,8.0
BNXUSDT,2023-02-05T04:00Z,PANEL_RIGHT,0.00027053,0.00027052999939769506,0.0001,2023-02-05T00:00Z,14400,3,8.0,8.0
BNXUSDT,2023-02-07T16:00Z,PANEL_RIGHT,0.00010275,0.00010274999658577144,0.0001,2023-02-07T16:00Z,0,3,8.0,8.0
BNXUSDT,2023-02-07T20:00Z,PANEL_RIGHT,0.00010275,0.00010274999658577144,0.0001,2023-02-07T16:00Z,14400,3,8.0,8.0
BNXUSDT,2023-02-08T00:00Z,PANEL_RIGHT,0.00031075,0.00031075000879354775,0.0001,2023-02-08T00:00Z,0,3,8.0,8.0
BNXUSDT,2023-02-08T04:00Z,PANEL_RIGHT,0.00031075,0.00031075000879354775,0.0001,2023-02-08T00:00Z,14400,3,8.0,8.0
BNXUSDT,2023-02-08T08:00Z,PANEL_RIGHT,0.00043519,0.0004351900133769959,0.0001,2023-02-08T08:00Z,0,3,8.0,8.0
BNXUSDT,2023-02-08T12:00Z,PANEL_RIGHT,0.00043519,0.0004351900133769959,0.0001,2023-02-08T08:00Z,14400,3,8.0,8.0
BNXUSDT,2023-02-08T16:00Z,PANEL_RIGHT,-0.00062128,-0.0006212799926288426,0.0001,2023-02-08T16:00Z,0,3,8.0,8.0
BNXUSDT,2023-02-08T20:00Z,PANEL_RIGHT,-0.00062128,-0.0006212799926288426,0.0001,2023-02-08T16:00Z,14400,3,8.0,8.0
BNXUSDT,2023-02-09T08:00Z,PANEL_RIGHT,-0.00057692,-0.00057691999245435,0.0001,2023-02-09T08:00Z,0,3,8.0,8.0
BNXUSDT,2023-02-09T12:00Z,PANEL_RIGHT,-0.00057692,-0.00057691999245435,0.0001,2023-02-09T08:00Z,14400,3,8.0,8.0
BNXUSDT,2023-02-10T08:00Z,PANEL_RIGHT,-0.00115496,-0.001154960016719997,0.0001,2023-02-10T08:00Z,0,3,8.0,8.0
BNXUSDT,2023-02-10T12:00Z,PANEL_RIGHT,-0.00115496,-0.001154960016719997,0.0001,2023-02-10T08:00Z,14400,3,8.0,8.0
BNXUSDT,2023-02-10T16:00Z,PANEL_RIGHT,6.695e-05,6.695000047329813e-05,0.0001,2023-02-10T16:00Z,0,3,8.0,8.0
BNXUSDT,2023-02-10T20:00Z,PANEL_RIGHT,6.695e-05,6.695000047329813e-05,0.0001,2023-02-10T16:00Z,14400,3,8.0,8.0
BNXUSDT,2023-02-11T00:00Z,PANEL_RIGHT,0.00609236,0.0060923597775399685,0.0001,2023-02-11T00:00Z,0,3,8.0,8.0
BNXUSDT,2023-02-11T04:00Z,PANEL_RIGHT,0.00609236,0.0060923597775399685,0.0001,2023-02-11T00:00Z,14400,3,8.0,8.0
BNXUSDT,2023-02-11T08:00Z,PANEL_RIGHT,-0.02056789,-0.020567890256643295,0.0001,2023-02-11T08:00Z,0,3,8.0,8.0
BNXUSDT,2023-02-11T12:00Z,PANEL_RIGHT,-0.02056789,-0.020567890256643295,0.0001,2023-02-11T08:00Z,14400,3,8.0,8.0
MTLUSDT,2023-06-07T20:00Z,PANEL_RIGHT,-0.00376588,-0.003765879897400737,-0.02,2023-06-07T20:00Z,0,3,4.0,4.0
XVGUSDT,2023-07-06T20:00Z,PANEL_RIGHT,-0.00645861,-0.006458609830588102,-0.02,2023-07-06T20:00Z,0,3,4.0,4.0
STMXUSDT,2023-07-23T12:00Z,PANEL_RIGHT,-0.01379602,-0.013796020299196243,-0.025,2023-07-23T12:00Z,0,3,2.0,2.0
CYBERUSDT,2023-08-31T12:00Z,PANEL_RIGHT,-0.00182505,-0.0018250499852001667,-0.0097599,2023-08-31T12:00Z,0,3,4.0,4.0
NMRUSDT,2023-09-02T20:00Z,PANEL_RIGHT,-0.00822913,-0.008229129947721958,-0.02,2023-09-02T20:00Z,0,3,2.0,2.0
BLZUSDT,2023-09-05T20:00Z,PANEL_RIGHT,-0.01520987,-0.015209870412945747,-0.025,2023-09-05T20:00Z,0,3,4.0,4.0
FLMUSDT,2023-09-05T20:00Z,PANEL_RIGHT,-0.01250372,-0.01250371988862753,-0.00041998,2023-09-05T20:00Z,0,3,2.0,4.0
HIFIUSDT,2023-09-17T12:00Z,PANEL_RIGHT,-0.00285999,-0.0028599901124835014,-0.00233522,2023-09-17T12:00Z,0,3,4.0,4.0
LOOMUSDT,2023-10-11T20:00Z,PANEL_RIGHT,-0.00282151,-0.0028215099591761827,-0.01071786,2023-10-11T20:00Z,0,3,4.0,4.0
AMBUSDT,2023-10-12T12:00Z,PANEL_RIGHT,5e-05,4.999999873689376e-05,0.0001,2023-10-12T12:00Z,0,3,4.0,4.0
API3USDT,2023-10-12T12:00Z,PANEL_RIGHT,5e-05,4.999999873689376e-05,9.077e-05,2023-10-12T12:00Z,0,3,4.0,4.0
BLZUSDT,2023-10-12T12:00Z,PANEL_RIGHT,-0.00022507,-0.000225070005399175,0.0001,2023-10-12T12:00Z,0,3,4.0,4.0
CYBERUSDT,2023-10-12T12:00Z,PANEL_RIGHT,5e-05,4.999999873689376e-05,4.4e-05,2023-10-12T12:00Z,0,3,4.0,4.0
DODOXUSDT,2023-10-12T12:00Z,PANEL_RIGHT,5e-05,4.999999873689376e-05,0.0001,2023-10-12T12:00Z,0,3,4.0,4.0
FLMUSDT,2023-10-12T12:00Z,PANEL_RIGHT,5e-05,4.999999873689376e-05,0.0001,2023-10-12T12:00Z,0,3,4.0,4.0
HIFIUSDT,2023-10-12T12:00Z,PANEL_RIGHT,5e-05,4.999999873689376e-05,0.0001,2023-10-12T12:00Z,0,3,4.0,4.0
IMXUSDT,2023-10-12T12:00Z,PANEL_RIGHT,1.522e-05,1.5220000022964086e-05,-8.677e-05,2023-10-12T12:00Z,0,3,4.0,4.0
LPTUSDT,2023-10-12T12:00Z,PANEL_RIGHT,5e-05,4.999999873689376e-05,0.0001,2023-10-12T12:00Z,0,3,4.0,4.0
NMRUSDT,2023-10-12T12:00Z,PANEL_RIGHT,5e-05,4.999999873689376e-05,0.0001,2023-10-12T12:00Z,0,3,4.0,4.0
PERPUSDT,2023-10-12T12:00Z,PANEL_RIGHT,5e-05,4.999999873689376e-05,0.0001,2023-10-12T12:00Z,0,3,4.0,4.0
STMXUSDT,2023-10-12T12:00Z,PANEL_RIGHT,5e-05,4.999999873689376e-05,5.824e-05,2023-10-12T12:00Z,0,3,4.0,4.0
TRBUSDT,2023-10-12T12:00Z,PANEL_RIGHT,3.15e-06,3.150000111418194e-06,-3.996e-05,2023-10-12T12:00Z,0,3,4.0,4.0
UNFIUSDT,2023-10-12T12:00Z,PANEL_RIGHT,2.148e-05,2.148000021406915e-05,2.033e-05,2023-10-12T12:00Z,0,3,4.0,4.0
YGGUSDT,2023-10-12T12:00Z,PANEL_RIGHT,5e-05,4.999999873689376e-05,-0.00023133,2023-10-12T12:00Z,0,3,4.0,4.0
BONDUSDT,2023-10-15T20:00Z,PANEL_RIGHT,-0.00167267,-0.0016726700123399496,-0.00130402,2023-10-15T20:00Z,0,3,4.0,4.0
ORBSUSDT,2023-10-17T12:00Z,PANEL_RIGHT,-0.0007016,-0.0007015999872237444,-0.00022494,2023-10-17T12:00Z,0,3,4.0,4.0
STPTUSDT,2023-10-18T20:00Z,PANEL_RIGHT,-0.00077183,-0.0007718299748376012,-0.00022211,2023-10-18T20:00Z,0,3,4.0,4.0
WAXPUSDT,2023-10-18T20:00Z,PANEL_RIGHT,-0.00361843,-0.0036184301134198904,-0.00152009,2023-10-18T20:00Z,0,3,4.0,4.0
BSVUSDT,2023-10-20T20:00Z,PANEL_RIGHT,5e-05,4.999999873689376e-05,2.065e-05,2023-10-20T20:00Z,0,3,4.0,4.0
RIFUSDT,2023-10-21T20:00Z,PANEL_RIGHT,-0.00363135,-0.0036313498858362436,-0.00127366,2023-10-21T20:00Z,0,3,4.0,4.0
SLPUSDT,2023-10-31T20:00Z,PANEL_RIGHT,0.00014462,0.00014462000399362296,-1.562e-05,2023-10-31T20:00Z,0,3,4.0,4.0
TIAUSDT,2023-11-01T00:00Z,PANEL_RIGHT,0.00069725,0.0006972500123083591,0.00100553,2023-11-01T00:00Z,0,3,4.0,4.0
TOKENUSDT,2023-11-03T20:00Z,PANEL_RIGHT,0.0013152,0.0013152000028640032,0.00359782,2023-11-03T20:00Z,0,3,4.0,4.0
STEEMUSDT,2023-11-08T20:00Z,PANEL_RIGHT,0.00015038,0.00015038000128697604,0.00012519,2023-11-08T20:00Z,0,3,4.0,4.0
BADGERUSDT,2023-11-09T20:00Z,PANEL_RIGHT,5e-05,4.999999873689376e-05,0.00073019,2023-11-09T20:00Z,0,3,4.0,4.0
NTRNUSDT,2023-11-14T20:00Z,PANEL_RIGHT,0.00037288,0.00037287999293766916,0.00051087,2023-11-14T20:00Z,0,3,4.0,4.0
BEAMXUSDT,2023-11-17T20:00Z,PANEL_RIGHT,-0.00039178,-0.00039177999133244157,5e-05,2023-11-17T20:00Z,0,3,4.0,4.0
1000BONKUSDT,2023-11-22T20:00Z,PANEL_RIGHT,0.0004449,0.00044490001164376736,0.00056702,2023-11-22T20:00Z,0,3,4.0,4.0
PYTHUSDT,2023-11-22T20:00Z,PANEL_RIGHT,0.0008228,0.0008227999787777662,0.00072509,2023-11-22T20:00Z,0,3,4.0,4.0
SUPERUSDT,2023-11-26T20:00Z,PANEL_RIGHT,-0.00013956,-0.0001395599974785,-0.00097946,2023-11-26T20:00Z,0,3,4.0,4.0
ONGUSDT,2023-11-27T20:00Z,PANEL_RIGHT,0.00014809,0.0001480899954913184,6.762e-05,2023-11-27T20:00Z,0,3,4.0,4.0
USTCUSDT,2023-11-27T20:00Z,PANEL_RIGHT,-0.00042363,-0.00042363000102341175,-0.0011339,2023-11-27T20:00Z,0,3,4.0,4.0
JTOUSDT,2023-12-08T16:00Z,PANEL_RIGHT,0.00074698,0.0007469800184480846,0.00071406,2023-12-08T16:00Z,0,3,4.0,4.0
1000SATSUSDT,2023-12-12T20:00Z,PANEL_RIGHT,0.00097468,0.0009746800060383976,-0.00331731,2023-12-12T20:00Z,0,3,4.0,4.0
1000RATSUSDT,2023-12-15T20:00Z,PANEL_RIGHT,0.00279311,0.0027931099757552147,0.00392931,2023-12-15T20:00Z,0,3,4.0,4.0
AUCTIONUSDT,2023-12-15T20:00Z,PANEL_RIGHT,-0.00185824,-0.0018582399934530258,-0.00388436,2023-12-15T20:00Z,0,3,4.0,4.0
ACEUSDT,2023-12-18T16:00Z,PANEL_RIGHT,-0.00072532,-0.0007253200164996088,-0.00025197,2023-12-18T16:00Z,0,3,4.0,4.0
MOVRUSDT,2023-12-26T20:00Z,PANEL_RIGHT,0.00017306,0.00017306000518146902,5e-05,2023-12-26T20:00Z,0,3,4.0,4.0
NFPUSDT,2023-12-27T20:00Z,PANEL_RIGHT,0.00115631,0.001156309968791902,0.00105688,2023-12-27T20:00Z,0,3,4.0,4.0
XAIUSDT,2024-01-09T20:00Z,PANEL_RIGHT,-0.00183489,-0.0018348899902775884,-0.00097547,2024-01-09T20:00Z,0,3,4.0,4.0
MANTAUSDT,2024-01-18T20:00Z,PANEL_RIGHT,-0.00024888,-0.00024888000916689634,-0.00538034,2024-01-18T20:00Z,0,3,4.0,4.0
WIFUSDT,2024-01-18T20:00Z,PANEL_RIGHT,0.00176672,0.0017667199717834592,0.00046418,2024-01-18T20:00Z,0,3,4.0,4.0
ONDOUSDT,2024-01-20T20:00Z,PANEL_RIGHT,0.0003023,0.0003023000026587397,0.00054476,2024-01-20T20:00Z,0,3,4.0,4.0
ALTUSDT,2024-01-25T20:00Z,PANEL_RIGHT,0.0003658,0.0003657999914139509,-6.455e-05,2024-01-25T20:00Z,0,3,4.0,4.0
LSKUSDT,2024-01-25T20:00Z,PANEL_RIGHT,5e-05,4.999999873689376e-05,-0.00201623,2024-01-25T20:00Z,0,3,4.0,4.0
OMUSDT,2024-02-13T20:00Z,PANEL_RIGHT,5e-05,4.999999873689376e-05,-0.00035904,2024-02-13T20:00Z,0,3,4.0,4.0
PIXELUSDT,2024-02-19T20:00Z,PANEL_RIGHT,0.0007705,0.0007704999879933894,0.00127785,2024-02-19T20:00Z,0,3,4.0,4.0
PORTALUSDT,2024-02-29T20:00Z,PANEL_RIGHT,0.0005466,0.0005465999711304903,0.0010317,2024-02-29T20:00Z,0,3,4.0,4.0
AXLUSDT,2024-03-01T20:00Z,PANEL_RIGHT,0.0005337,0.0005336999893188477,0.00042852,2024-03-01T20:00Z,0,3,4.0,4.0
TONUSDT,2024-03-01T20:00Z,PANEL_RIGHT,0.00066654,0.0006665399996563792,0.00078185,2024-03-01T20:00Z,0,3,4.0,4.0
AEVOUSDT,2024-03-13T20:00Z,PANEL_RIGHT,5e-05,4.999999873689376e-05,-0.00279112,2024-03-13T20:00Z,0,3,4.0,4.0
BOMEUSDT,2024-03-16T20:00Z,PANEL_RIGHT,0.00048272,0.00048272000276483595,0.00033754,2024-03-16T20:00Z,0,3,4.0,4.0
ETHFIUSDT,2024-03-18T20:00Z,PANEL_RIGHT,-0.0012044,-0.0012043999740853906,-0.00113783,2024-03-18T20:00Z,0,3,4.0,4.0
ENAUSDT,2024-04-02T20:00Z,PANEL_RIGHT,-0.00063878,-0.0006387800094671547,9.479e-05,2024-04-02T20:00Z,0,3,4.0,4.0
WUSDT,2024-04-03T20:00Z,PANEL_RIGHT,0.00075373,0.0007537300116382539,0.00035511,2024-04-03T20:00Z,0,3,4.0,4.0
TNSRUSDT,2024-04-09T00:00Z,PANEL_RIGHT,0.00052199,0.0005219900049269199,0.00038914,2024-04-09T00:00Z,0,3,4.0,4.0
OMNIUSDT,2024-04-17T20:00Z,PANEL_RIGHT,5e-05,4.999999873689376e-05,-0.0034733,2024-04-17T20:00Z,0,3,4.0,4.0
REZUSDT,2024-04-30T20:00Z,PANEL_RIGHT,5e-05,4.999999873689376e-05,-0.00252755,2024-04-30T20:00Z,0,3,4.0,4.0
BBUSDT,2024-05-13T20:00Z,PANEL_RIGHT,5e-05,4.999999873689376e-05,-0.00053575,2024-05-13T20:00Z,0,3,4.0,4.0
NOTUSDT,2024-05-16T20:00Z,PANEL_RIGHT,-0.00561447,-0.005614470224827528,-0.02,2024-05-16T20:00Z,0,3,4.0,4.0
TURBOUSDT,2024-05-30T20:00Z,PANEL_RIGHT,0.00041498,0.000414979993365705,0.00069091,2024-05-30T20:00Z,0,3,4.0,4.0
IOUSDT,2024-06-11T20:00Z,PANEL_RIGHT,-0.00019785,-0.00019784999312832952,-0.00179495,2024-06-11T20:00Z,0,3,4.0,4.0
ZKUSDT,2024-06-17T16:00Z,PANEL_RIGHT,5e-05,4.999999873689376e-05,-0.00347673,2024-06-17T16:00Z,0,3,4.0,4.0
MEWUSDT,2024-06-17T20:00Z,PANEL_RIGHT,0.00012699,0.0001269899948965758,0.00048281,2024-06-17T20:00Z,0,3,4.0,4.0
ZROUSDT,2024-06-20T20:00Z,PANEL_RIGHT,-0.00056377,-0.000563770008739084,-0.00500889,2024-06-20T20:00Z,0,3,4.0,4.0
RENDERUSDT,2024-07-26T16:00Z,PANEL_RIGHT,0.00017482,0.00017482000112067908,5e-05,2024-07-26T16:00Z,0,3,4.0,4.0
GUSDT,2024-08-15T20:00Z,PANEL_RIGHT,-0.00016328,-0.00016327999765053391,5e-05,2024-08-15T20:00Z,0,3,4.0,4.0
RAREUSDT,2024-08-15T20:00Z,PANEL_RIGHT,-0.0102005,-0.010200499556958675,-0.013785,2024-08-15T20:00Z,0,3,4.0,4.0
SYNUSDT,2024-08-16T20:00Z,PANEL_RIGHT,-0.0001058,-0.00010579999798210338,-0.00155346,2024-08-16T20:00Z,0,3,4.0,4.0
BRETTUSDT,2024-08-20T16:00Z,PANEL_RIGHT,0.00020462,0.00020461999520193785,5e-05,2024-08-20T16:00Z,0,3,4.0,4.0
ALPACAUSDT,2024-08-22T16:00Z,PANEL_RIGHT,-0.00017294,-0.00017293999553658068,5e-05,2024-08-22T16:00Z,0,3,4.0,4.0
SUNUSDT,2024-08-22T20:00Z,PANEL_RIGHT,5e-05,4.999999873689376e-05,6.72e-06,2024-08-22T20:00Z,0,3,4.0,4.0
DOGSUSDT,2024-08-26T20:00Z,PANEL_RIGHT,0.00021561,0.00021560999448411167,-0.00319703,2024-08-26T20:00Z,0,3,4.0,4.0
MBOXUSDT,2024-08-28T16:00Z,PANEL_RIGHT,0.00015022,0.00015022000297904015,0.00014028,2024-08-28T16:00Z,0,3,4.0,4.0
FLUXUSDT,2024-09-03T12:00Z,PANEL_RIGHT,-0.00040726,-0.0004072599986102432,-0.00015633,2024-09-03T12:00Z,0,3,4.0,4.0
QUICKUSDT,2024-09-06T12:00Z,PANEL_RIGHT,-0.00193411,-0.0019341099541634321,-0.00329845,2024-09-06T12:00Z,0,3,4.0,4.0
RPLUSDT,2024-09-09T20:00Z,PANEL_RIGHT,5e-05,4.999999873689376e-05,-0.00121746,2024-09-09T20:00Z,0,3,4.0,4.0
AERGOUSDT,2024-09-10T20:00Z,PANEL_RIGHT,-0.00051184,-0.0005118399858474731,-0.00076881,2024-09-10T20:00Z,0,3,4.0,4.0
POLUSDT,2024-09-13T20:00Z,PANEL_RIGHT,-0.00074757,-0.0007475700112991035,5e-05,2024-09-13T20:00Z,0,3,4.0,4.0
1MBABYDOGEUSDT,2024-09-16T16:00Z,PANEL_RIGHT,-0.00146434,-0.0014643400209024549,-0.00071744,2024-09-16T16:00Z,0,3,4.0,4.0
FIDAUSDT,2024-09-19T20:00Z,PANEL_RIGHT,5e-05,4.999999873689376e-05,0.00030887,2024-09-19T20:00Z,0,3,4.0,4.0
FIOUSDT,2024-09-20T16:00Z,PANEL_RIGHT,5e-05,4.999999873689376e-05,0.00038298,2024-09-20T16:00Z,0,3,4.0,4.0
HMSTRUSDT,2024-09-26T20:00Z,PANEL_RIGHT,5e-05,4.999999873689376e-05,-0.00060307,2024-09-26T20:00Z,0,3,4.0,4.0
REIUSDT,2024-09-27T16:00Z,PANEL_RIGHT,5e-05,4.999999873689376e-05,-0.00040692,2024-09-27T16:00Z,0,3,4.0,4.0
COSUSDT,2024-09-30T20:00Z,PANEL_RIGHT,-0.0002788,-0.00027879999834112823,-0.00061845,2024-09-30T20:00Z,0,3,4.0,4.0
EIGENUSDT,2024-10-01T12:00Z,PANEL_RIGHT,0.00059683,0.0005968299810774624,0.00046303,2024-10-01T12:00Z,0,3,4.0,4.0
DIAUSDT,2024-10-02T20:00Z,PANEL_RIGHT,-0.00328846,-0.003288459964096546,-0.00333665,2024-10-02T20:00Z,0,3,4.0,4.0
REEFUSDT,2024-10-16T12:00Z,PANEL_RIGHT,0.00086733,0.0008673300035297871,0.00248486,2024-10-16T12:00Z,0,3,4.0,4.0
1000CATUSDT,2024-10-21T20:00Z,PANEL_RIGHT,0.00076233,0.000762330018915236,0.00124533,2024-10-21T20:00Z,0,3,4.0,4.0
GOATUSDT,2024-10-24T20:00Z,PANEL_RIGHT,0.00076899,0.0007689900230616331,0.00034381,2024-10-24T20:00Z,0,3,4.0,4.0
MOODENGUSDT,2024-10-25T16:00Z,PANEL_RIGHT,0.00034015,0.0003401499998290092,0.00060427,2024-10-25T16:00Z,0,3,4.0,4.0
SAFEUSDT,2024-10-25T20:00Z,PANEL_RIGHT,-0.0011482,-0.0011482000118121505,-0.00258163,2024-10-25T20:00Z,0,3,4.0,4.0
TROYUSDT,2024-10-31T20:00Z,PANEL_RIGHT,-0.00077163,-0.0007716299733147025,-0.00021362,2024-10-31T20:00Z,0,3,4.0,4.0
PONKEUSDT,2024-11-04T20:00Z,PANEL_RIGHT,5e-05,4.999999873689376e-05,-2.233e-05,2024-11-04T20:00Z,0,3,4.0,4.0
CETUSUSDT,2024-11-06T20:00Z,PANEL_RIGHT,5e-05,4.999999873689376e-05,-0.00012589,2024-11-06T20:00Z,0,3,4.0,4.0
COWUSDT,2024-11-06T20:00Z,PANEL_RIGHT,0.00015056,0.0001505599939264357,0.00040045,2024-11-06T20:00Z,0,3,4.0,4.0
1000000MOGUSDT,2024-11-07T20:00Z,PANEL_RIGHT,0.00015853,0.0001585300051374361,5e-05,2024-11-07T20:00Z,0,3,4.0,4.0
DRIFTUSDT,2024-11-08T20:00Z,PANEL_RIGHT,-0.00127858,-0.001278580049984157,-0.00091138,2024-11-08T20:00Z,0,3,4.0,4.0
ACTUSDT,2024-11-11T20:00Z,PANEL_RIGHT,0.00045493,0.0004549300065264106,0.00052504,2024-11-11T20:00Z,0,3,4.0,4.0
PNUTUSDT,2024-11-11T20:00Z,PANEL_RIGHT,0.00035479,0.00035479001235216856,0.00033587,2024-11-11T20:00Z,0,3,4.0,4.0
1000XUSDT,2024-11-13T20:00Z,PANEL_RIGHT,5e-05,4.999999873689376e-05,0.00011407,2024-11-13T20:00Z,0,3,4.0,4.0
HIPPOUSDT,2024-11-13T20:00Z,PANEL_RIGHT,0.00141283,0.0014128299662843347,0.00265612,2024-11-13T20:00Z,0,3,4.0,4.0
DEGENUSDT,2024-11-15T16:00Z,PANEL_RIGHT,0.00074374,0.0007437400054186583,0.00101341,2024-11-15T16:00Z,0,3,4.0,4.0
AKTUSDT,2024-11-18T16:00Z,PANEL_RIGHT,0.00076477,0.0007647700258530676,0.00153477,2024-11-18T16:00Z,0,3,4.0,4.0
BANUSDT,2024-11-18T16:00Z,PANEL_RIGHT,0.00046604,0.0004660399863496423,0.00495539,2024-11-18T16:00Z,0,3,4.0,4.0
SCRTUSDT,2024-11-21T16:00Z,PANEL_RIGHT,-9.677e-05,-9.677000343799591e-05,-7.616e-05,2024-11-21T16:00Z,0,3,4.0,4.0
SLERFUSDT,2024-11-21T16:00Z,PANEL_RIGHT,0.00041621,0.00041621000855229795,0.00041456,2024-11-21T16:00Z,0,3,4.0,4.0
1000CHEEMSUSDT,2024-11-25T16:00Z,PANEL_RIGHT,0.00096021,0.000960209988988936,0.00145681,2024-11-25T16:00Z,0,3,4.0,4.0
1000WHYUSDT,2024-11-25T16:00Z,PANEL_RIGHT,0.0014996,0.0014996000099927187,0.0011787,2024-11-25T16:00Z,0,3,4.0,4.0
CHILLGUYUSDT,2024-11-27T20:00Z,PANEL_RIGHT,0.00083608,0.0008360799984075129,5e-05,2024-11-27T20:00Z,0,3,4.0,4.0
MORPHOUSDT,2024-11-27T20:00Z,PANEL_RIGHT,5e-05,4.999999873689376e-05,0.00027428,2024-11-27T20:00Z,0,3,4.0,4.0
THEUSDT,2024-11-27T20:00Z,PANEL_RIGHT,-0.00106236,-0.0010623600101098418,0.00013713,2024-11-27T20:00Z,0,3,4.0,4.0
AEROUSDT,2024-12-04T20:00Z,PANEL_RIGHT,-0.00249424,-0.0024942399468272924,0.00112713,2024-12-04T20:00Z,0,3,4.0,4.0
KAIAUSDT,2024-12-04T20:00Z,PANEL_RIGHT,0.00024805,0.00024804999702610075,0.00029726,2024-12-04T20:00Z,0,3,4.0,4.0
ACXUSDT,2024-12-06T20:00Z,PANEL_RIGHT,0.00043318,0.00043317998643033206,0.00070325,2024-12-06T20:00Z,0,3,4.0,4.0
ORCAUSDT,2024-12-06T20:00Z,PANEL_RIGHT,7.942e-05,7.9420002293773e-05,5e-05,2024-12-06T20:00Z,0,3,4.0,4.0
MOVEUSDT,2024-12-09T20:00Z,PANEL_RIGHT,-0.00326715,-0.003267149906605482,-0.00339621,2024-12-09T20:00Z,0,3,4.0,4.0
RAYUSDT,2024-12-10T16:00Z,PANEL_RIGHT,5e-05,4.999999873689376e-05,0.0001,2024-12-10T16:00Z,0,3,4.0,8.0
KOMAUSDT,2024-12-10T20:00Z,PANEL_RIGHT,0.00051027,0.0005102700088173151,0.00269419,2024-12-10T20:00Z,0,3,4.0,4.0
RAYUSDT,2024-12-10T20:00Z,PANEL_RIGHT,5e-05,4.999999873689376e-05,0.0001,2024-12-10T20:00Z,0,3,4.0,4.0
SPXUSDT,2024-12-10T20:00Z,PANEL_RIGHT,5e-05,4.999999873689376e-05,0.00018131,2024-12-10T20:00Z,0,3,4.0,4.0
RAYUSDT,2024-12-11T00:00Z,PANEL_RIGHT,5e-05,4.999999873689376e-05,0.0001,2024-12-11T00:00Z,0,3,4.0,4.0
RAYUSDT,2024-12-11T04:00Z,PANEL_RIGHT,5e-05,4.999999873689376e-05,0.0001,2024-12-11T04:00Z,0,3,4.0,4.0
RAYUSDT,2024-12-11T08:00Z,PANEL_RIGHT,5e-05,4.999999873689376e-05,0.0001,2024-12-11T08:00Z,0,3,4.0,4.0
RAYUSDT,2024-12-11T12:00Z,PANEL_RIGHT,5e-05,4.999999873689376e-05,0.0001,2024-12-11T12:00Z,0,3,4.0,4.0
RAYUSDT,2024-12-11T16:00Z,PANEL_RIGHT,5e-05,4.999999873689376e-05,0.0001,2024-12-11T16:00Z,0,3,4.0,4.0
RAYUSDT,2024-12-11T20:00Z,PANEL_RIGHT,5e-05,4.999999873689376e-05,0.0001,2024-12-11T20:00Z,0,3,4.0,4.0
RAYUSDT,2024-12-12T00:00Z,PANEL_RIGHT,5e-05,4.999999873689376e-05,0.0001,2024-12-12T00:00Z,0,3,4.0,4.0
RAYSOLUSDT,2024-12-12T04:00Z,PANEL_RIGHT,5e-05,4.999999873689376e-05,0.0001,2024-12-12T04:00Z,0,3,4.0,4.0
RAYUSDT,2024-12-12T04:00Z,PANEL_RIGHT,5e-05,4.999999873689376e-05,0.0001,2024-12-12T04:00Z,0,3,4.0,4.0
RAYUSDT,2024-12-12T08:00Z,PANEL_RIGHT,5e-05,4.999999873689376e-05,0.0001,2024-12-12T08:00Z,0,3,4.0,4.0
RAYUSDT,2024-12-12T12:00Z,PANEL_RIGHT,5e-05,4.999999873689376e-05,0.0001,2024-12-12T12:00Z,0,3,4.0,4.0
RAYUSDT,2024-12-12T16:00Z,PANEL_RIGHT,5e-05,4.999999873689376e-05,0.0001,2024-12-12T16:00Z,0,3,4.0,4.0
RAYUSDT,2024-12-12T20:00Z,PANEL_RIGHT,5e-05,4.999999873689376e-05,0.0001,2024-12-12T20:00Z,0,3,4.0,4.0
RAYUSDT,2024-12-13T00:00Z,PANEL_RIGHT,5e-05,4.999999873689376e-05,0.0001,2024-12-13T00:00Z,0,3,4.0,4.0
RAYUSDT,2024-12-13T04:00Z,PANEL_RIGHT,5e-05,4.999999873689376e-05,0.0001,2024-12-13T04:00Z,0,3,4.0,4.0
RAYUSDT,2024-12-13T08:00Z,PANEL_RIGHT,5e-05,4.999999873689376e-05,0.0001,2024-12-13T08:00Z,0,3,4.0,4.0
RAYUSDT,2024-12-13T12:00Z,PANEL_RIGHT,5e-05,4.999999873689376e-05,0.0001,2024-12-13T12:00Z,0,3,4.0,4.0
RAYUSDT,2024-12-13T16:00Z,PANEL_RIGHT,5e-05,4.999999873689376e-05,0.0001,2024-12-13T16:00Z,0,3,4.0,4.0
RAYUSDT,2024-12-13T20:00Z,PANEL_RIGHT,5e-05,4.999999873689376e-05,0.0001,2024-12-13T20:00Z,0,3,4.0,4.0
RAYUSDT,2024-12-14T00:00Z,PANEL_RIGHT,5e-05,4.999999873689376e-05,0.0001,2024-12-14T00:00Z,0,3,4.0,4.0
RAYUSDT,2024-12-14T04:00Z,PANEL_RIGHT,5e-05,4.999999873689376e-05,0.0001,2024-12-14T04:00Z,0,3,4.0,4.0
RAYUSDT,2024-12-14T08:00Z,PANEL_RIGHT,5e-05,4.999999873689376e-05,0.0001,2024-12-14T08:00Z,0,3,4.0,4.0
RAYUSDT,2024-12-14T12:00Z,PANEL_RIGHT,5e-05,4.999999873689376e-05,0.0001,2024-12-14T12:00Z,0,3,4.0,4.0
RAYUSDT,2024-12-14T16:00Z,PANEL_RIGHT,5e-05,4.999999873689376e-05,0.0001,2024-12-14T16:00Z,0,3,4.0,4.0
RAYUSDT,2024-12-14T20:00Z,PANEL_RIGHT,5e-05,4.999999873689376e-05,0.0001,2024-12-14T20:00Z,0,3,4.0,4.0
RAYUSDT,2024-12-15T00:00Z,PANEL_RIGHT,5e-05,4.999999873689376e-05,0.0001,2024-12-15T00:00Z,0,3,4.0,4.0
RAYUSDT,2024-12-15T04:00Z,PANEL_RIGHT,5e-05,4.999999873689376e-05,0.0001,2024-12-15T04:00Z,0,3,4.0,4.0
RAYUSDT,2024-12-15T08:00Z,PANEL_RIGHT,5e-05,4.999999873689376e-05,0.0001,2024-12-15T08:00Z,0,3,4.0,4.0
RAYUSDT,2024-12-15T12:00Z,PANEL_RIGHT,5e-05,4.999999873689376e-05,0.0001,2024-12-15T12:00Z,0,3,4.0,4.0
RAYUSDT,2024-12-15T16:00Z,PANEL_RIGHT,5e-05,4.999999873689376e-05,0.0001,2024-12-15T16:00Z,0,3,4.0,4.0
RAYUSDT,2024-12-15T20:00Z,PANEL_RIGHT,5e-05,4.999999873689376e-05,0.0001,2024-12-15T20:00Z,0,3,4.0,4.0
RAYUSDT,2024-12-16T00:00Z,PANEL_RIGHT,5e-05,4.999999873689376e-05,0.0001,2024-12-16T00:00Z,0,3,4.0,4.0
RAYUSDT,2024-12-16T04:00Z,PANEL_RIGHT,5e-05,4.999999873689376e-05,0.0001,2024-12-16T04:00Z,0,3,4.0,4.0
RAYUSDT,2024-12-16T08:00Z,PANEL_RIGHT,5e-05,4.999999873689376e-05,0.0001,2024-12-16T08:00Z,0,3,4.0,4.0
RAYUSDT,2024-12-16T12:00Z,PANEL_RIGHT,5e-05,4.999999873689376e-05,0.0001,2024-12-16T12:00Z,0,3,4.0,4.0
MOCAUSDT,2024-12-16T16:00Z,PANEL_RIGHT,-0.00278379,-0.002783789997920394,-0.00212009,2024-12-16T16:00Z,0,3,4.0,4.0
RAYUSDT,2024-12-16T16:00Z,PANEL_RIGHT,5e-05,4.999999873689376e-05,0.0001,2024-12-16T16:00Z,0,3,4.0,4.0
RAYUSDT,2024-12-16T20:00Z,PANEL_RIGHT,5e-05,4.999999873689376e-05,0.0001,2024-12-16T20:00Z,0,3,4.0,4.0
VANAUSDT,2024-12-16T20:00Z,PANEL_RIGHT,-0.02,-0.019999999552965164,-0.01394136,2024-12-16T20:00Z,0,3,4.0,4.0
RAYUSDT,2024-12-17T00:00Z,PANEL_RIGHT,5e-05,4.999999873689376e-05,0.0001,2024-12-17T00:00Z,0,3,4.0,4.0
RAYUSDT,2024-12-17T04:00Z,PANEL_RIGHT,5e-05,4.999999873689376e-05,0.0001,2024-12-17T04:00Z,0,3,4.0,4.0
RAYUSDT,2024-12-17T08:00Z,PANEL_RIGHT,5e-05,4.999999873689376e-05,0.0001,2024-12-17T08:00Z,0,3,4.0,4.0
RAYUSDT,2024-12-17T12:00Z,PANEL_RIGHT,5e-05,4.999999873689376e-05,0.0001,2024-12-17T12:00Z,0,3,4.0,4.0
RAYUSDT,2024-12-17T16:00Z,PANEL_RIGHT,5e-05,4.999999873689376e-05,0.0001,2024-12-17T16:00Z,0,3,4.0,4.0
RAYUSDT,2024-12-17T20:00Z,PANEL_RIGHT,5e-05,4.999999873689376e-05,0.0001,2024-12-17T20:00Z,0,3,4.0,4.0
RAYUSDT,2024-12-18T00:00Z,PANEL_RIGHT,5e-05,4.999999873689376e-05,0.0001,2024-12-18T00:00Z,0,3,4.0,4.0
RAYUSDT,2024-12-18T04:00Z,PANEL_RIGHT,5e-05,4.999999873689376e-05,0.0001,2024-12-18T04:00Z,0,3,4.0,4.0
RAYUSDT,2024-12-18T08:00Z,PANEL_RIGHT,5e-05,4.999999873689376e-05,0.0001,2024-12-18T08:00Z,0,3,4.0,4.0
RAYUSDT,2024-12-18T12:00Z,PANEL_RIGHT,5e-05,4.999999873689376e-05,0.0001,2024-12-18T12:00Z,0,3,4.0,4.0
LUMIAUSDT,2024-12-18T16:00Z,PANEL_RIGHT,-0.00037126,-0.000371259986422956,-0.00033232,2024-12-18T16:00Z,0,3,4.0,4.0
RAYUSDT,2024-12-18T16:00Z,PANEL_RIGHT,5e-05,4.999999873689376e-05,0.0001,2024-12-18T16:00Z,0,3,4.0,4.0
RAYUSDT,2024-12-18T20:00Z,PANEL_RIGHT,5e-05,4.999999873689376e-05,0.0001,2024-12-18T20:00Z,0,3,4.0,4.0
USUALUSDT,2024-12-18T20:00Z,PANEL_RIGHT,-0.00126115,-0.001261149998754263,-0.0012038,2024-12-18T20:00Z,0,3,4.0,4.0
RAYUSDT,2024-12-19T00:00Z,PANEL_RIGHT,5e-05,4.999999873689376e-05,0.0001,2024-12-19T00:00Z,0,3,4.0,4.0
RAYUSDT,2024-12-19T04:00Z,PANEL_RIGHT,5e-05,4.999999873689376e-05,0.0001,2024-12-19T04:00Z,0,3,4.0,4.0
RAYUSDT,2024-12-19T08:00Z,PANEL_RIGHT,5e-05,4.999999873689376e-05,0.0001,2024-12-19T08:00Z,0,3,4.0,4.0
RAYUSDT,2024-12-19T12:00Z,PANEL_RIGHT,5e-05,4.999999873689376e-05,0.0001,2024-12-19T12:00Z,0,3,4.0,4.0
RAYUSDT,2024-12-19T16:00Z,PANEL_RIGHT,5e-05,4.999999873689376e-05,0.0001,2024-12-19T16:00Z,0,3,4.0,4.0
RAYUSDT,2024-12-19T20:00Z,PANEL_RIGHT,5e-05,4.999999873689376e-05,0.0001,2024-12-19T20:00Z,0,3,4.0,4.0
RAYUSDT,2024-12-20T00:00Z,PANEL_RIGHT,5e-05,4.999999873689376e-05,0.0001,2024-12-20T00:00Z,0,3,4.0,4.0
RAYUSDT,2024-12-20T04:00Z,PANEL_RIGHT,5e-05,4.999999873689376e-05,0.0001,2024-12-20T04:00Z,0,3,4.0,4.0
RAYUSDT,2024-12-20T08:00Z,PANEL_RIGHT,5e-05,4.999999873689376e-05,0.0001,2024-12-20T08:00Z,0,3,4.0,4.0
RAYUSDT,2024-12-20T12:00Z,PANEL_RIGHT,5e-05,4.999999873689376e-05,0.0001,2024-12-20T12:00Z,0,3,4.0,4.0
RAYUSDT,2024-12-20T16:00Z,PANEL_RIGHT,5e-05,4.999999873689376e-05,0.0001,2024-12-20T16:00Z,0,3,4.0,4.0
RAYUSDT,2024-12-20T20:00Z,PANEL_RIGHT,5e-05,4.999999873689376e-05,0.0001,2024-12-20T20:00Z,0,3,4.0,4.0
AIXBTUSDT,2024-12-21T00:00Z,PANEL_RIGHT,0.00297454,0.0029745399951934814,0.0042899,2024-12-21T00:00Z,0,3,4.0,4.0
CGPTUSDT,2024-12-21T00:00Z,PANEL_RIGHT,0.00118057,0.0011805699905380607,0.00233317,2024-12-21T00:00Z,0,3,4.0,4.0
FARTCOINUSDT,2024-12-21T00:00Z,PANEL_RIGHT,0.00114393,0.0011439300142228603,0.00013548,2024-12-21T00:00Z,0,3,4.0,4.0
KMNOUSDT,2024-12-21T00:00Z,PANEL_RIGHT,0.00062244,0.0006224400131031871,0.00130088,2024-12-21T00:00Z,0,3,4.0,4.0
RAYUSDT,2024-12-21T00:00Z,PANEL_RIGHT,5e-05,4.999999873689376e-05,0.0001,2024-12-21T00:00Z,0,3,4.0,4.0
RAYUSDT,2024-12-21T04:00Z,PANEL_RIGHT,5e-05,4.999999873689376e-05,0.0001,2024-12-21T04:00Z,0,3,4.0,4.0
RAYUSDT,2024-12-21T08:00Z,PANEL_RIGHT,5e-05,4.999999873689376e-05,0.0001,2024-12-21T08:00Z,0,3,4.0,4.0
RAYUSDT,2024-12-21T12:00Z,PANEL_RIGHT,5e-05,4.999999873689376e-05,0.0001,2024-12-21T12:00Z,0,3,4.0,4.0
RAYUSDT,2024-12-21T16:00Z,PANEL_RIGHT,5e-05,4.999999873689376e-05,0.0001,2024-12-21T16:00Z,0,3,4.0,4.0
RAYUSDT,2024-12-21T20:00Z,PANEL_RIGHT,5e-05,4.999999873689376e-05,0.0001,2024-12-21T20:00Z,0,3,4.0,4.0
RAYUSDT,2024-12-22T00:00Z,PANEL_RIGHT,5e-05,4.999999873689376e-05,0.0001,2024-12-22T00:00Z,0,3,4.0,4.0
RAYUSDT,2024-12-22T04:00Z,PANEL_RIGHT,5e-05,4.999999873689376e-05,0.0001,2024-12-22T04:00Z,0,3,4.0,4.0
RAYUSDT,2024-12-22T08:00Z,PANEL_RIGHT,5e-05,4.999999873689376e-05,0.0001,2024-12-22T08:00Z,0,3,4.0,4.0
RAYUSDT,2024-12-22T12:00Z,PANEL_RIGHT,5e-05,4.999999873689376e-05,0.0001,2024-12-22T12:00Z,0,3,4.0,4.0
RAYUSDT,2024-12-22T16:00Z,PANEL_RIGHT,5e-05,4.999999873689376e-05,0.0001,2024-12-22T16:00Z,0,3,4.0,4.0
RAYUSDT,2024-12-22T20:00Z,PANEL_RIGHT,5e-05,4.999999873689376e-05,0.0001,2024-12-22T20:00Z,0,3,4.0,4.0
RAYUSDT,2024-12-23T00:00Z,PANEL_RIGHT,5e-05,4.999999873689376e-05,0.0001,2024-12-23T00:00Z,0,3,4.0,4.0
RAYUSDT,2024-12-23T04:00Z,PANEL_RIGHT,5e-05,4.999999873689376e-05,0.0001,2024-12-23T04:00Z,0,3,4.0,4.0
RAYUSDT,2024-12-23T08:00Z,PANEL_RIGHT,5e-05,4.999999873689376e-05,0.0001,2024-12-23T08:00Z,0,3,4.0,4.0
RAYUSDT,2024-12-23T12:00Z,PANEL_RIGHT,5e-05,4.999999873689376e-05,0.0001,2024-12-23T12:00Z,0,3,4.0,4.0
HIVEUSDT,2024-12-23T16:00Z,PANEL_RIGHT,-0.00030797,-0.00030797001090832055,-0.00092468,2024-12-23T16:00Z,0,3,4.0,4.0
RAYUSDT,2024-12-23T16:00Z,PANEL_RIGHT,5e-05,4.999999873689376e-05,0.0001,2024-12-23T16:00Z,0,3,4.0,4.0
RAYUSDT,2024-12-23T20:00Z,PANEL_RIGHT,5e-05,4.999999873689376e-05,0.0001,2024-12-23T20:00Z,0,3,4.0,4.0
RAYUSDT,2024-12-24T00:00Z,PANEL_RIGHT,5e-05,4.999999873689376e-05,0.0001,2024-12-24T00:00Z,0,3,4.0,4.0
RAYUSDT,2024-12-24T04:00Z,PANEL_RIGHT,5e-05,4.999999873689376e-05,0.0001,2024-12-24T04:00Z,0,3,4.0,4.0
RAYUSDT,2024-12-24T08:00Z,PANEL_RIGHT,5e-05,4.999999873689376e-05,0.0001,2024-12-24T08:00Z,0,3,4.0,4.0
RAYUSDT,2024-12-24T12:00Z,PANEL_RIGHT,5e-05,4.999999873689376e-05,0.0001,2024-12-24T12:00Z,0,3,4.0,4.0
DEXEUSDT,2024-12-24T16:00Z,PANEL_RIGHT,5e-05,4.999999873689376e-05,-0.00070425,2024-12-24T16:00Z,0,3,4.0,4.0
RAYUSDT,2024-12-24T16:00Z,PANEL_RIGHT,5e-05,4.999999873689376e-05,0.0001,2024-12-24T16:00Z,0,3,4.0,4.0
RAYUSDT,2024-12-24T20:00Z,PANEL_RIGHT,5e-05,4.999999873689376e-05,0.0001,2024-12-24T20:00Z,0,3,4.0,4.0
RAYUSDT,2024-12-25T00:00Z,PANEL_RIGHT,5e-05,4.999999873689376e-05,0.0001,2024-12-25T00:00Z,0,3,4.0,4.0
RAYUSDT,2024-12-25T04:00Z,PANEL_RIGHT,5e-05,4.999999873689376e-05,0.0001,2024-12-25T04:00Z,0,3,4.0,4.0
RAYUSDT,2024-12-25T08:00Z,PANEL_RIGHT,5e-05,4.999999873689376e-05,0.0001,2024-12-25T08:00Z,0,3,4.0,4.0
RAYUSDT,2024-12-25T12:00Z,PANEL_RIGHT,5e-05,4.999999873689376e-05,0.0001,2024-12-25T12:00Z,0,3,4.0,4.0
RAYUSDT,2024-12-25T16:00Z,PANEL_RIGHT,5e-05,4.999999873689376e-05,0.0001,2024-12-25T16:00Z,0,3,4.0,4.0
RAYUSDT,2024-12-25T20:00Z,PANEL_RIGHT,5e-05,4.999999873689376e-05,0.0001,2024-12-25T20:00Z,0,3,4.0,4.0
RAYUSDT,2024-12-26T00:00Z,PANEL_RIGHT,5e-05,4.999999873689376e-05,0.0001,2024-12-26T00:00Z,0,3,4.0,4.0
RAYUSDT,2024-12-26T04:00Z,PANEL_RIGHT,5e-05,4.999999873689376e-05,0.0001,2024-12-26T04:00Z,0,3,4.0,4.0
RAYUSDT,2024-12-26T08:00Z,PANEL_RIGHT,5e-05,4.999999873689376e-05,0.0001,2024-12-26T08:00Z,0,3,4.0,4.0
RAYUSDT,2024-12-26T12:00Z,PANEL_RIGHT,5e-05,4.999999873689376e-05,0.0001,2024-12-26T12:00Z,0,3,4.0,4.0
RAYUSDT,2024-12-26T16:00Z,PANEL_RIGHT,5e-05,4.999999873689376e-05,0.0001,2024-12-26T16:00Z,0,3,4.0,4.0
RAYUSDT,2024-12-26T20:00Z,PANEL_RIGHT,5e-05,4.999999873689376e-05,0.0001,2024-12-26T20:00Z,0,3,4.0,4.0
RAYUSDT,2024-12-27T00:00Z,PANEL_RIGHT,5e-05,4.999999873689376e-05,0.0001,2024-12-27T00:00Z,0,3,4.0,4.0
RAYUSDT,2024-12-27T04:00Z,PANEL_RIGHT,5e-05,4.999999873689376e-05,0.0001,2024-12-27T04:00Z,0,3,4.0,4.0
RAYUSDT,2024-12-27T08:00Z,PANEL_RIGHT,5e-05,4.999999873689376e-05,0.0001,2024-12-27T08:00Z,0,3,4.0,4.0
RAYUSDT,2024-12-27T12:00Z,PANEL_RIGHT,5e-05,4.999999873689376e-05,0.0001,2024-12-27T12:00Z,0,3,4.0,4.0
RAYUSDT,2024-12-27T16:00Z,PANEL_RIGHT,5e-05,4.999999873689376e-05,0.0001,2024-12-27T16:00Z,0,3,4.0,4.0
RAYUSDT,2024-12-27T20:00Z,PANEL_RIGHT,5e-05,4.999999873689376e-05,0.0001,2024-12-27T20:00Z,0,3,4.0,4.0
RAYUSDT,2024-12-28T00:00Z,PANEL_RIGHT,5e-05,4.999999873689376e-05,0.0001,2024-12-28T00:00Z,0,3,4.0,4.0
RAYUSDT,2024-12-28T04:00Z,PANEL_RIGHT,5e-05,4.999999873689376e-05,0.0001,2024-12-28T04:00Z,0,3,4.0,4.0
RAYUSDT,2024-12-28T08:00Z,PANEL_RIGHT,5e-05,4.999999873689376e-05,0.0001,2024-12-28T08:00Z,0,3,4.0,4.0
RAYUSDT,2024-12-28T12:00Z,PANEL_RIGHT,5e-05,4.999999873689376e-05,0.0001,2024-12-28T12:00Z,0,3,4.0,4.0
RAYUSDT,2024-12-28T16:00Z,PANEL_RIGHT,5e-05,4.999999873689376e-05,0.0001,2024-12-28T16:00Z,0,3,4.0,4.0
RAYUSDT,2024-12-28T20:00Z,PANEL_RIGHT,5e-05,4.999999873689376e-05,0.0001,2024-12-28T20:00Z,0,3,4.0,4.0
RAYUSDT,2024-12-29T00:00Z,PANEL_RIGHT,5e-05,4.999999873689376e-05,0.0001,2024-12-29T00:00Z,0,3,4.0,4.0
RAYUSDT,2024-12-29T04:00Z,PANEL_RIGHT,5e-05,4.999999873689376e-05,0.0001,2024-12-29T04:00Z,0,3,4.0,4.0
RAYUSDT,2024-12-29T08:00Z,PANEL_RIGHT,5e-05,4.999999873689376e-05,0.0001,2024-12-29T08:00Z,0,3,4.0,4.0
RAYUSDT,2024-12-29T12:00Z,PANEL_RIGHT,5e-05,4.999999873689376e-05,0.0001,2024-12-29T12:00Z,0,3,4.0,4.0
RAYUSDT,2024-12-29T16:00Z,PANEL_RIGHT,5e-05,4.999999873689376e-05,0.0001,2024-12-29T16:00Z,0,3,4.0,4.0
RAYUSDT,2024-12-29T20:00Z,PANEL_RIGHT,5e-05,4.999999873689376e-05,0.0001,2024-12-29T20:00Z,0,3,4.0,4.0
RAYUSDT,2024-12-30T00:00Z,PANEL_RIGHT,5e-05,4.999999873689376e-05,0.0001,2024-12-30T00:00Z,0,3,4.0,4.0
RAYUSDT,2024-12-30T04:00Z,PANEL_RIGHT,5e-05,4.999999873689376e-05,0.0001,2024-12-30T04:00Z,0,3,4.0,4.0
RAYUSDT,2024-12-30T08:00Z,PANEL_RIGHT,5e-05,4.999999873689376e-05,0.0001,2024-12-30T08:00Z,0,3,4.0,4.0
RAYUSDT,2024-12-30T12:00Z,PANEL_RIGHT,5e-05,4.999999873689376e-05,0.0001,2024-12-30T12:00Z,0,3,4.0,4.0
DFUSDT,2024-12-30T16:00Z,PANEL_RIGHT,-0.00075468,-0.0007546800188720226,-0.00077131,2024-12-30T16:00Z,0,3,4.0,4.0
PHAUSDT,2024-12-30T16:00Z,PANEL_RIGHT,5e-05,4.999999873689376e-05,-0.00082931,2024-12-30T16:00Z,0,3,4.0,4.0
RAYUSDT,2024-12-30T16:00Z,PANEL_RIGHT,5e-05,4.999999873689376e-05,0.0001,2024-12-30T16:00Z,0,3,4.0,4.0
RAYUSDT,2024-12-30T20:00Z,PANEL_RIGHT,5e-05,4.999999873689376e-05,0.0001,2024-12-30T20:00Z,0,3,4.0,4.0
RAYUSDT,2024-12-31T00:00Z,PANEL_RIGHT,5e-05,4.999999873689376e-05,0.0001,2024-12-31T00:00Z,0,3,4.0,4.0
RAYUSDT,2024-12-31T04:00Z,PANEL_RIGHT,5e-05,4.999999873689376e-05,0.0001,2024-12-31T04:00Z,0,3,4.0,4.0
RAYUSDT,2024-12-31T08:00Z,PANEL_RIGHT,5e-05,4.999999873689376e-05,0.0001,2024-12-31T08:00Z,0,3,4.0,4.0
RAYUSDT,2024-12-31T12:00Z,PANEL_RIGHT,5e-05,4.999999873689376e-05,0.0001,2024-12-31T12:00Z,0,3,4.0,4.0
RAYUSDT,2024-12-31T16:00Z,PANEL_RIGHT,5e-05,4.999999873689376e-05,0.0001,2024-12-31T16:00Z,0,3,4.0,4.0
RAYUSDT,2024-12-31T20:00Z,PANEL_RIGHT,5e-05,4.999999873689376e-05,0.0001,2024-12-31T20:00Z,0,3,4.0,4.0
RAYUSDT,2025-01-01T00:00Z,PANEL_RIGHT,5e-05,4.999999873689376e-05,0.0001,2025-01-01T00:00Z,0,3,4.0,4.0
RAYUSDT,2025-01-01T04:00Z,PANEL_RIGHT,5e-05,4.999999873689376e-05,0.0001,2025-01-01T04:00Z,0,3,4.0,4.0
RAYUSDT,2025-01-01T08:00Z,PANEL_RIGHT,5e-05,4.999999873689376e-05,0.0001,2025-01-01T08:00Z,0,3,4.0,4.0
RAYUSDT,2025-01-01T12:00Z,PANEL_RIGHT,5e-05,4.999999873689376e-05,0.0001,2025-01-01T12:00Z,0,3,4.0,4.0
RAYUSDT,2025-01-01T16:00Z,PANEL_RIGHT,5e-05,4.999999873689376e-05,0.0001,2025-01-01T16:00Z,0,3,4.0,4.0
RAYUSDT,2025-01-01T20:00Z,PANEL_RIGHT,5e-05,4.999999873689376e-05,0.0001,2025-01-01T20:00Z,0,3,4.0,4.0
RAYUSDT,2025-01-02T00:00Z,PANEL_RIGHT,5e-05,4.999999873689376e-05,0.0001,2025-01-02T00:00Z,0,3,4.0,4.0
RAYUSDT,2025-01-02T04:00Z,PANEL_RIGHT,5e-05,4.999999873689376e-05,0.0001,2025-01-02T04:00Z,0,3,4.0,4.0
RAYUSDT,2025-01-02T08:00Z,PANEL_RIGHT,5e-05,4.999999873689376e-05,0.0001,2025-01-02T08:00Z,0,3,4.0,4.0
RAYUSDT,2025-01-02T12:00Z,PANEL_RIGHT,5e-05,4.999999873689376e-05,0.0001,2025-01-02T12:00Z,0,3,4.0,4.0
RAYUSDT,2025-01-02T16:00Z,PANEL_RIGHT,5e-05,4.999999873689376e-05,0.0001,2025-01-02T16:00Z,0,3,4.0,4.0
AI16ZUSDT,2025-01-02T20:00Z,PANEL_RIGHT,0.001169,0.0011690000537782907,0.00108163,2025-01-02T20:00Z,0,3,4.0,4.0
GRIFFAINUSDT,2025-01-02T20:00Z,PANEL_RIGHT,0.00053033,0.0005303299985826015,0.00030026,2025-01-02T20:00Z,0,3,4.0,4.0
RAYUSDT,2025-01-02T20:00Z,PANEL_RIGHT,5e-05,4.999999873689376e-05,0.0001,2025-01-02T20:00Z,0,3,4.0,4.0
ZEREBROUSDT,2025-01-02T20:00Z,PANEL_RIGHT,0.00069511,0.0006951100076548755,0.00058681,2025-01-02T20:00Z,0,3,4.0,4.0
RAYUSDT,2025-01-03T00:00Z,PANEL_RIGHT,5e-05,4.999999873689376e-05,0.0001,2025-01-03T00:00Z,0,3,4.0,4.0
RAYUSDT,2025-01-03T04:00Z,PANEL_RIGHT,5e-05,4.999999873689376e-05,0.0001,2025-01-03T04:00Z,0,3,4.0,4.0
RAYUSDT,2025-01-03T08:00Z,PANEL_RIGHT,5e-05,4.999999873689376e-05,0.0001,2025-01-03T08:00Z,0,3,4.0,4.0
RAYUSDT,2025-01-03T12:00Z,PANEL_RIGHT,5e-05,4.999999873689376e-05,0.0001,2025-01-03T12:00Z,0,3,4.0,4.0
RAYUSDT,2025-01-03T16:00Z,PANEL_RIGHT,5e-05,4.999999873689376e-05,0.0001,2025-01-03T16:00Z,0,3,4.0,4.0
RAYUSDT,2025-01-03T20:00Z,PANEL_RIGHT,5e-05,4.999999873689376e-05,0.0001,2025-01-03T20:00Z,0,3,4.0,4.0
RAYUSDT,2025-01-04T00:00Z,PANEL_RIGHT,5e-05,4.999999873689376e-05,0.0001,2025-01-04T00:00Z,0,3,4.0,4.0
RAYUSDT,2025-01-04T04:00Z,PANEL_RIGHT,5e-05,4.999999873689376e-05,0.0001,2025-01-04T04:00Z,0,3,4.0,4.0
RAYUSDT,2025-01-04T08:00Z,PANEL_RIGHT,5e-05,4.999999873689376e-05,0.0001,2025-01-04T08:00Z,0,3,4.0,4.0
RAYUSDT,2025-01-04T12:00Z,PANEL_RIGHT,5e-05,4.999999873689376e-05,0.0001,2025-01-04T12:00Z,0,3,4.0,4.0
RAYUSDT,2025-01-04T16:00Z,PANEL_RIGHT,5e-05,4.999999873689376e-05,0.0001,2025-01-04T16:00Z,0,3,4.0,4.0
RAYUSDT,2025-01-04T20:00Z,PANEL_RIGHT,5e-05,4.999999873689376e-05,0.0001,2025-01-04T20:00Z,0,3,4.0,4.0
RAYUSDT,2025-01-05T00:00Z,PANEL_RIGHT,5e-05,4.999999873689376e-05,0.0001,2025-01-05T00:00Z,0,3,4.0,4.0
RAYUSDT,2025-01-05T04:00Z,PANEL_RIGHT,5e-05,4.999999873689376e-05,0.0001,2025-01-05T04:00Z,0,3,4.0,4.0
RAYUSDT,2025-01-05T08:00Z,PANEL_RIGHT,5e-05,4.999999873689376e-05,0.0001,2025-01-05T08:00Z,0,3,4.0,4.0
RAYUSDT,2025-01-05T12:00Z,PANEL_RIGHT,5e-05,4.999999873689376e-05,0.0001,2025-01-05T12:00Z,0,3,4.0,4.0
RAYUSDT,2025-01-05T16:00Z,PANEL_RIGHT,5e-05,4.999999873689376e-05,0.0001,2025-01-05T16:00Z,0,3,4.0,4.0
RAYUSDT,2025-01-05T20:00Z,PANEL_RIGHT,5e-05,4.999999873689376e-05,0.0001,2025-01-05T20:00Z,0,3,4.0,4.0
RAYUSDT,2025-01-06T00:00Z,PANEL_RIGHT,5e-05,4.999999873689376e-05,0.0001,2025-01-06T00:00Z,0,3,4.0,4.0
RAYUSDT,2025-01-06T04:00Z,PANEL_RIGHT,5e-05,4.999999873689376e-05,0.0001,2025-01-06T04:00Z,0,3,4.0,4.0
RAYUSDT,2025-01-06T08:00Z,PANEL_RIGHT,5e-05,4.999999873689376e-05,0.0001,2025-01-06T08:00Z,0,3,4.0,4.0
RAYUSDT,2025-01-06T12:00Z,PANEL_RIGHT,5e-05,4.999999873689376e-05,0.0001,2025-01-06T12:00Z,0,3,4.0,4.0
RAYUSDT,2025-01-06T16:00Z,PANEL_RIGHT,5e-05,4.999999873689376e-05,0.0001,2025-01-06T16:00Z,0,3,4.0,4.0
RAYUSDT,2025-01-06T20:00Z,PANEL_RIGHT,5e-05,4.999999873689376e-05,0.0001,2025-01-06T20:00Z,0,3,4.0,4.0
RAYUSDT,2025-01-07T00:00Z,PANEL_RIGHT,5e-05,4.999999873689376e-05,0.0001,2025-01-07T00:00Z,0,3,4.0,4.0
RAYUSDT,2025-01-07T04:00Z,PANEL_RIGHT,5e-05,4.999999873689376e-05,0.0001,2025-01-07T04:00Z,0,3,4.0,4.0
RAYUSDT,2025-01-07T08:00Z,PANEL_RIGHT,5e-05,4.999999873689376e-05,0.0001,2025-01-07T08:00Z,0,3,4.0,4.0
RAYUSDT,2025-01-07T12:00Z,PANEL_RIGHT,5e-05,4.999999873689376e-05,0.0001,2025-01-07T12:00Z,0,3,4.0,4.0
ALCHUSDT,2025-01-07T16:00Z,PANEL_RIGHT,0.0006967,0.0006967000081203878,0.00134875,2025-01-07T16:00Z,0,3,4.0,4.0
COOKIEUSDT,2025-01-07T16:00Z,PANEL_RIGHT,0.00024252,0.000242519992752932,0.00057921,2025-01-07T16:00Z,0,3,4.0,4.0
RAYUSDT,2025-01-07T16:00Z,PANEL_RIGHT,5e-05,4.999999873689376e-05,0.0001,2025-01-07T16:00Z,0,3,4.0,4.0
RAYUSDT,2025-01-07T20:00Z,PANEL_RIGHT,5e-05,4.999999873689376e-05,0.0001,2025-01-07T20:00Z,0,3,4.0,4.0
SWARMSUSDT,2025-01-07T20:00Z,PANEL_RIGHT,0.00107846,0.0010784600162878633,0.00047693,2025-01-07T20:00Z,0,3,4.0,4.0
RAYUSDT,2025-01-08T00:00Z,PANEL_RIGHT,5e-05,4.999999873689376e-05,0.0001,2025-01-08T00:00Z,0,3,4.0,4.0
RAYUSDT,2025-01-08T04:00Z,PANEL_RIGHT,5e-05,4.999999873689376e-05,0.0001,2025-01-08T04:00Z,0,3,4.0,4.0
RAYUSDT,2025-01-08T08:00Z,PANEL_RIGHT,5e-05,4.999999873689376e-05,0.0001,2025-01-08T08:00Z,0,3,4.0,4.0
RAYUSDT,2025-01-08T12:00Z,PANEL_RIGHT,5e-05,4.999999873689376e-05,0.0001,2025-01-08T12:00Z,0,3,4.0,4.0
SONICUSDT,2025-01-08T12:00Z,PANEL_RIGHT,-0.00324332,-0.003243319923058152,-0.0058035,2025-01-08T12:00Z,0,3,4.0,4.0
RAYUSDT,2025-01-08T16:00Z,PANEL_RIGHT,5e-05,4.999999873689376e-05,0.0001,2025-01-08T16:00Z,0,3,4.0,4.0
RAYUSDT,2025-01-08T20:00Z,PANEL_RIGHT,5e-05,4.999999873689376e-05,0.0001,2025-01-08T20:00Z,0,3,4.0,4.0
RAYUSDT,2025-01-09T00:00Z,PANEL_RIGHT,5e-05,4.999999873689376e-05,0.0001,2025-01-09T00:00Z,0,3,4.0,4.0
RAYUSDT,2025-01-09T04:00Z,PANEL_RIGHT,5e-05,4.999999873689376e-05,0.0001,2025-01-09T04:00Z,0,3,4.0,4.0
RAYUSDT,2025-01-09T08:00Z,PANEL_RIGHT,5e-05,4.999999873689376e-05,0.0001,2025-01-09T08:00Z,0,3,4.0,4.0
RAYUSDT,2025-01-09T12:00Z,PANEL_RIGHT,5e-05,4.999999873689376e-05,0.0001,2025-01-09T12:00Z,0,3,4.0,4.0
DUSDT,2025-01-09T16:00Z,PANEL_RIGHT,-0.00137178,-0.0013717799447476864,-0.00345946,2025-01-09T16:00Z,0,3,4.0,4.0
RAYUSDT,2025-01-09T16:00Z,PANEL_RIGHT,5e-05,4.999999873689376e-05,0.0001,2025-01-09T16:00Z,0,3,4.0,4.0
RAYUSDT,2025-01-09T20:00Z,PANEL_RIGHT,5e-05,4.999999873689376e-05,0.0001,2025-01-09T20:00Z,0,3,4.0,4.0
RAYUSDT,2025-01-10T00:00Z,PANEL_RIGHT,5e-05,4.999999873689376e-05,0.0001,2025-01-10T00:00Z,0,3,4.0,4.0
RAYUSDT,2025-01-10T04:00Z,PANEL_RIGHT,5e-05,4.999999873689376e-05,0.0001,2025-01-10T04:00Z,0,3,4.0,4.0
RAYUSDT,2025-01-10T08:00Z,PANEL_RIGHT,5e-05,4.999999873689376e-05,0.0001,2025-01-10T08:00Z,0,3,4.0,4.0
RAYUSDT,2025-01-10T12:00Z,PANEL_RIGHT,5e-05,4.999999873689376e-05,0.0001,2025-01-10T12:00Z,0,3,4.0,4.0
RAYUSDT,2025-01-10T16:00Z,PANEL_RIGHT,5e-05,4.999999873689376e-05,0.0001,2025-01-10T16:00Z,0,3,4.0,4.0
RAYUSDT,2025-01-10T20:00Z,PANEL_RIGHT,5e-05,4.999999873689376e-05,0.0001,2025-01-10T20:00Z,0,3,4.0,4.0
RAYUSDT,2025-01-11T00:00Z,PANEL_RIGHT,5e-05,4.999999873689376e-05,0.0001,2025-01-11T00:00Z,0,3,4.0,4.0
RAYUSDT,2025-01-11T04:00Z,PANEL_RIGHT,5e-05,4.999999873689376e-05,0.0001,2025-01-11T04:00Z,0,3,4.0,4.0
RAYUSDT,2025-01-11T08:00Z,PANEL_RIGHT,5e-05,4.999999873689376e-05,0.0001,2025-01-11T08:00Z,0,3,4.0,4.0
RAYUSDT,2025-01-11T12:00Z,PANEL_RIGHT,5e-05,4.999999873689376e-05,0.0001,2025-01-11T12:00Z,0,3,4.0,4.0
RAYUSDT,2025-01-11T16:00Z,PANEL_RIGHT,5e-05,4.999999873689376e-05,0.0001,2025-01-11T16:00Z,0,3,4.0,4.0
RAYUSDT,2025-01-11T20:00Z,PANEL_RIGHT,5e-05,4.999999873689376e-05,0.0001,2025-01-11T20:00Z,0,3,4.0,4.0
RAYUSDT,2025-01-12T00:00Z,PANEL_RIGHT,5e-05,4.999999873689376e-05,0.0001,2025-01-12T00:00Z,0,3,4.0,4.0
RAYUSDT,2025-01-12T04:00Z,PANEL_RIGHT,5e-05,4.999999873689376e-05,0.0001,2025-01-12T04:00Z,0,3,4.0,4.0
RAYUSDT,2025-01-12T08:00Z,PANEL_RIGHT,5e-05,4.999999873689376e-05,0.0001,2025-01-12T08:00Z,0,3,4.0,4.0
RAYUSDT,2025-01-12T12:00Z,PANEL_RIGHT,5e-05,4.999999873689376e-05,0.0001,2025-01-12T12:00Z,0,3,4.0,4.0
RAYUSDT,2025-01-12T16:00Z,PANEL_RIGHT,5e-05,4.999999873689376e-05,0.0001,2025-01-12T16:00Z,0,3,4.0,4.0
RAYUSDT,2025-01-12T20:00Z,PANEL_RIGHT,5e-05,4.999999873689376e-05,0.0001,2025-01-12T20:00Z,0,3,4.0,4.0
RAYUSDT,2025-01-13T00:00Z,PANEL_RIGHT,5e-05,4.999999873689376e-05,0.0001,2025-01-13T00:00Z,0,3,4.0,4.0
RAYUSDT,2025-01-13T04:00Z,PANEL_RIGHT,5e-05,4.999999873689376e-05,0.0001,2025-01-13T04:00Z,0,3,4.0,4.0
RAYUSDT,2025-01-13T08:00Z,PANEL_RIGHT,5e-05,4.999999873689376e-05,0.0001,2025-01-13T08:00Z,0,3,4.0,4.0
RAYUSDT,2025-01-13T12:00Z,PANEL_RIGHT,5e-05,4.999999873689376e-05,0.0001,2025-01-13T12:00Z,0,3,4.0,4.0
RAYUSDT,2025-01-13T16:00Z,PANEL_RIGHT,5e-05,4.999999873689376e-05,0.0001,2025-01-13T16:00Z,0,3,4.0,4.0
RAYUSDT,2025-01-13T20:00Z,PANEL_RIGHT,5e-05,4.999999873689376e-05,0.0001,2025-01-13T20:00Z,0,3,4.0,4.0
RAYUSDT,2025-01-14T00:00Z,PANEL_RIGHT,5e-05,4.999999873689376e-05,0.0001,2025-01-14T00:00Z,0,3,4.0,4.0
RAYUSDT,2025-01-14T04:00Z,PANEL_RIGHT,5e-05,4.999999873689376e-05,0.0001,2025-01-14T04:00Z,0,3,4.0,4.0
RAYUSDT,2025-01-14T08:00Z,PANEL_RIGHT,5e-05,4.999999873689376e-05,0.0001,2025-01-14T08:00Z,0,3,4.0,4.0
RAYUSDT,2025-01-14T12:00Z,PANEL_RIGHT,5e-05,4.999999873689376e-05,0.0001,2025-01-14T12:00Z,0,3,4.0,4.0
RAYUSDT,2025-01-14T16:00Z,PANEL_RIGHT,5e-05,4.999999873689376e-05,0.0001,2025-01-14T16:00Z,0,3,4.0,4.0
RAYUSDT,2025-01-14T20:00Z,PANEL_RIGHT,5e-05,4.999999873689376e-05,0.0001,2025-01-14T20:00Z,0,3,4.0,4.0
RAYUSDT,2025-01-15T00:00Z,PANEL_RIGHT,5e-05,4.999999873689376e-05,0.0001,2025-01-15T00:00Z,0,3,4.0,4.0
RAYUSDT,2025-01-15T04:00Z,PANEL_RIGHT,5e-05,4.999999873689376e-05,0.0001,2025-01-15T04:00Z,0,3,4.0,4.0
RAYUSDT,2025-01-15T08:00Z,PANEL_RIGHT,5e-05,4.999999873689376e-05,0.0001,2025-01-15T08:00Z,0,3,4.0,4.0
RAYUSDT,2025-01-15T12:00Z,PANEL_RIGHT,5e-05,4.999999873689376e-05,0.0001,2025-01-15T12:00Z,0,3,4.0,4.0
RAYUSDT,2025-01-15T16:00Z,PANEL_RIGHT,5e-05,4.999999873689376e-05,0.0001,2025-01-15T16:00Z,0,3,4.0,4.0
PROMUSDT,2025-01-15T20:00Z,PANEL_RIGHT,5e-05,4.999999873689376e-05,-0.00068956,2025-01-15T20:00Z,0,3,4.0,4.0
RAYUSDT,2025-01-15T20:00Z,PANEL_RIGHT,5e-05,4.999999873689376e-05,0.0001,2025-01-15T20:00Z,0,3,4.0,4.0
RAYUSDT,2025-01-16T00:00Z,PANEL_RIGHT,5e-05,4.999999873689376e-05,0.0001,2025-01-16T00:00Z,0,3,4.0,4.0
RAYUSDT,2025-01-16T04:00Z,PANEL_RIGHT,5e-05,4.999999873689376e-05,0.0001,2025-01-16T04:00Z,0,3,4.0,4.0
RAYUSDT,2025-01-16T08:00Z,PANEL_RIGHT,5e-05,4.999999873689376e-05,0.0001,2025-01-16T08:00Z,0,3,4.0,4.0
RAYUSDT,2025-01-16T12:00Z,PANEL_RIGHT,5e-05,4.999999873689376e-05,0.0001,2025-01-16T12:00Z,0,3,4.0,4.0
RAYUSDT,2025-01-16T16:00Z,PANEL_RIGHT,5e-05,4.999999873689376e-05,0.0001,2025-01-16T16:00Z,0,3,4.0,4.0
RAYUSDT,2025-01-16T20:00Z,PANEL_RIGHT,5e-05,4.999999873689376e-05,0.0001,2025-01-16T20:00Z,0,3,4.0,4.0
RAYUSDT,2025-01-17T00:00Z,PANEL_RIGHT,5e-05,4.999999873689376e-05,0.0001,2025-01-17T00:00Z,0,3,4.0,4.0
RAYUSDT,2025-01-17T04:00Z,PANEL_RIGHT,5e-05,4.999999873689376e-05,0.0001,2025-01-17T04:00Z,0,3,4.0,4.0
RAYUSDT,2025-01-17T08:00Z,PANEL_RIGHT,5e-05,4.999999873689376e-05,0.0001,2025-01-17T08:00Z,0,3,4.0,4.0
RAYUSDT,2025-01-17T12:00Z,PANEL_RIGHT,5e-05,4.999999873689376e-05,0.0001,2025-01-17T12:00Z,0,3,4.0,4.0
RAYUSDT,2025-01-17T16:00Z,PANEL_RIGHT,5e-05,4.999999873689376e-05,0.0001,2025-01-17T16:00Z,0,3,4.0,4.0
ARCUSDT,2025-01-17T20:00Z,PANEL_RIGHT,-0.00031134,-0.00031134000164456666,2.514e-05,2025-01-17T20:00Z,0,3,4.0,4.0
RAYUSDT,2025-01-17T20:00Z,PANEL_RIGHT,5e-05,4.999999873689376e-05,0.0001,2025-01-17T20:00Z,0,3,4.0,4.0
RAYUSDT,2025-01-18T00:00Z,PANEL_RIGHT,5e-05,4.999999873689376e-05,0.0001,2025-01-18T00:00Z,0,3,4.0,4.0
RAYUSDT,2025-01-18T04:00Z,PANEL_RIGHT,5e-05,4.999999873689376e-05,0.0001,2025-01-18T04:00Z,0,3,4.0,4.0
RAYUSDT,2025-01-18T08:00Z,PANEL_RIGHT,5e-05,4.999999873689376e-05,0.0001,2025-01-18T08:00Z,0,3,4.0,4.0
RAYUSDT,2025-01-18T12:00Z,PANEL_RIGHT,5e-05,4.999999873689376e-05,0.0001,2025-01-18T12:00Z,0,3,4.0,4.0
RAYUSDT,2025-01-18T16:00Z,PANEL_RIGHT,5e-05,4.999999873689376e-05,0.0001,2025-01-18T16:00Z,0,3,4.0,4.0
RAYUSDT,2025-01-18T20:00Z,PANEL_RIGHT,5e-05,4.999999873689376e-05,0.0001,2025-01-18T20:00Z,0,3,4.0,4.0
TRUMPUSDT,2025-01-18T20:00Z,PANEL_RIGHT,0.00172785,0.001727849943563342,0.0024269,2025-01-18T20:00Z,0,3,4.0,4.0
RAYUSDT,2025-01-19T00:00Z,PANEL_RIGHT,5e-05,4.999999873689376e-05,0.0001,2025-01-19T00:00Z,0,3,4.0,4.0
RAYUSDT,2025-01-19T04:00Z,PANEL_RIGHT,5e-05,4.999999873689376e-05,0.0001,2025-01-19T04:00Z,0,3,4.0,4.0
RAYUSDT,2025-01-19T08:00Z,PANEL_RIGHT,5e-05,4.999999873689376e-05,0.0001,2025-01-19T08:00Z,0,3,4.0,4.0
RAYUSDT,2025-01-19T12:00Z,PANEL_RIGHT,5e-05,4.999999873689376e-05,0.0001,2025-01-19T12:00Z,0,3,4.0,4.0
RAYUSDT,2025-01-19T16:00Z,PANEL_RIGHT,5e-05,4.999999873689376e-05,0.0001,2025-01-19T16:00Z,0,3,4.0,4.0
RAYUSDT,2025-01-19T20:00Z,PANEL_RIGHT,5e-05,4.999999873689376e-05,0.0001,2025-01-19T20:00Z,0,3,4.0,4.0
RAYUSDT,2025-01-20T00:00Z,PANEL_RIGHT,5e-05,4.999999873689376e-05,0.0001,2025-01-20T00:00Z,0,3,4.0,4.0
RAYUSDT,2025-01-20T04:00Z,PANEL_RIGHT,5e-05,4.999999873689376e-05,0.0001,2025-01-20T04:00Z,0,3,4.0,4.0
RAYUSDT,2025-01-20T08:00Z,PANEL_RIGHT,5e-05,4.999999873689376e-05,0.0001,2025-01-20T08:00Z,0,3,4.0,4.0
RAYUSDT,2025-01-20T12:00Z,PANEL_RIGHT,5e-05,4.999999873689376e-05,0.0001,2025-01-20T12:00Z,0,3,4.0,4.0
MELANIAUSDT,2025-01-20T16:00Z,PANEL_RIGHT,0.00011318,0.00011318000179016963,0.00139456,2025-01-20T16:00Z,0,3,4.0,4.0
RAYUSDT,2025-01-20T16:00Z,PANEL_RIGHT,5e-05,4.999999873689376e-05,0.0001,2025-01-20T16:00Z,0,3,4.0,4.0
RAYUSDT,2025-01-20T20:00Z,PANEL_RIGHT,5e-05,4.999999873689376e-05,0.0001,2025-01-20T20:00Z,0,3,4.0,4.0
RAYUSDT,2025-01-21T00:00Z,PANEL_RIGHT,5e-05,4.999999873689376e-05,0.0001,2025-01-21T00:00Z,0,3,4.0,4.0
RAYUSDT,2025-01-21T04:00Z,PANEL_RIGHT,5e-05,4.999999873689376e-05,0.0001,2025-01-21T04:00Z,0,3,4.0,4.0
RAYUSDT,2025-01-21T08:00Z,PANEL_RIGHT,5e-05,4.999999873689376e-05,0.0001,2025-01-21T08:00Z,0,3,4.0,4.0
RAYUSDT,2025-01-21T12:00Z,PANEL_RIGHT,5e-05,4.999999873689376e-05,0.0001,2025-01-21T12:00Z,0,3,4.0,4.0
RAYUSDT,2025-01-21T16:00Z,PANEL_RIGHT,5e-05,4.999999873689376e-05,0.0001,2025-01-21T16:00Z,0,3,4.0,4.0
RAYUSDT,2025-01-21T20:00Z,PANEL_RIGHT,5e-05,4.999999873689376e-05,0.0001,2025-01-21T20:00Z,0,3,4.0,4.0
RAYUSDT,2025-01-22T00:00Z,PANEL_RIGHT,5e-05,4.999999873689376e-05,0.0001,2025-01-22T00:00Z,0,3,4.0,4.0
RAYUSDT,2025-01-22T04:00Z,PANEL_RIGHT,5e-05,4.999999873689376e-05,0.0001,2025-01-22T04:00Z,0,3,4.0,4.0
RAYUSDT,2025-01-22T08:00Z,PANEL_RIGHT,5e-05,4.999999873689376e-05,0.0001,2025-01-22T08:00Z,0,3,4.0,4.0
RAYUSDT,2025-01-22T12:00Z,PANEL_RIGHT,5e-05,4.999999873689376e-05,0.0001,2025-01-22T12:00Z,0,3,4.0,4.0
RAYUSDT,2025-01-22T16:00Z,PANEL_RIGHT,5e-05,4.999999873689376e-05,0.0001,2025-01-22T16:00Z,0,3,4.0,4.0
VTHOUSDT,2025-01-22T16:00Z,PANEL_RIGHT,-0.01172875,-0.011728749610483646,-0.02,2025-01-22T16:00Z,0,3,4.0,4.0
RAYUSDT,2025-01-22T20:00Z,PANEL_RIGHT,5e-05,4.999999873689376e-05,0.0001,2025-01-22T20:00Z,0,3,4.0,4.0
RAYUSDT,2025-01-23T00:00Z,PANEL_RIGHT,5e-05,4.999999873689376e-05,0.0001,2025-01-23T00:00Z,0,3,4.0,4.0
RAYUSDT,2025-01-23T04:00Z,PANEL_RIGHT,5e-05,4.999999873689376e-05,0.0001,2025-01-23T04:00Z,0,3,4.0,4.0
RAYUSDT,2025-01-23T08:00Z,PANEL_RIGHT,5e-05,4.999999873689376e-05,0.0001,2025-01-23T08:00Z,0,3,4.0,4.0
RAYUSDT,2025-01-23T12:00Z,PANEL_RIGHT,5e-05,4.999999873689376e-05,0.0001,2025-01-23T12:00Z,0,3,4.0,4.0
RAYUSDT,2025-01-23T16:00Z,PANEL_RIGHT,5e-05,4.999999873689376e-05,0.0001,2025-01-23T16:00Z,0,3,4.0,4.0
RAYUSDT,2025-01-23T20:00Z,PANEL_RIGHT,5e-05,4.999999873689376e-05,0.0001,2025-01-23T20:00Z,0,3,4.0,4.0
ANIMEUSDT,2025-01-24T00:00Z,PANEL_RIGHT,-0.01981448,-0.01981448009610176,-0.01543156,2025-01-24T00:00Z,0,3,4.0,4.0
RAYUSDT,2025-01-24T00:00Z,PANEL_RIGHT,5e-05,4.999999873689376e-05,0.0001,2025-01-24T00:00Z,0,3,4.0,4.0
RAYUSDT,2025-01-24T04:00Z,PANEL_RIGHT,5e-05,4.999999873689376e-05,0.0001,2025-01-24T04:00Z,0,3,4.0,4.0
RAYUSDT,2025-01-24T08:00Z,PANEL_RIGHT,5e-05,4.999999873689376e-05,0.0001,2025-01-24T08:00Z,0,3,4.0,4.0
RAYUSDT,2025-01-24T12:00Z,PANEL_RIGHT,5e-05,4.999999873689376e-05,0.0001,2025-01-24T12:00Z,0,3,4.0,4.0
PIPPINUSDT,2025-01-24T16:00Z,PANEL_RIGHT,-0.00189028,-0.0018902800511568785,-0.00146863,2025-01-24T16:00Z,0,3,4.0,4.0
RAYUSDT,2025-01-24T16:00Z,PANEL_RIGHT,5e-05,4.999999873689376e-05,0.0001,2025-01-24T16:00Z,0,3,4.0,4.0
VINEUSDT,2025-01-24T16:00Z,PANEL_RIGHT,-0.00020533,-0.0002053299976978451,-0.00012381,2025-01-24T16:00Z,0,3,4.0,4.0
RAYUSDT,2025-01-24T20:00Z,PANEL_RIGHT,5e-05,4.999999873689376e-05,0.0001,2025-01-24T20:00Z,0,3,4.0,4.0
RAYUSDT,2025-01-25T00:00Z,PANEL_RIGHT,5e-05,4.999999873689376e-05,0.0001,2025-01-25T00:00Z,0,3,4.0,4.0
RAYUSDT,2025-01-25T04:00Z,PANEL_RIGHT,5e-05,4.999999873689376e-05,0.0001,2025-01-25T04:00Z,0,3,4.0,4.0
RAYUSDT,2025-01-25T08:00Z,PANEL_RIGHT,5e-05,4.999999873689376e-05,0.0001,2025-01-25T08:00Z,0,3,4.0,4.0
RAYUSDT,2025-01-25T12:00Z,PANEL_RIGHT,5e-05,4.999999873689376e-05,0.0001,2025-01-25T12:00Z,0,3,4.0,4.0
RAYUSDT,2025-01-25T16:00Z,PANEL_RIGHT,5e-05,4.999999873689376e-05,0.0001,2025-01-25T16:00Z,0,3,4.0,4.0
RAYUSDT,2025-01-25T20:00Z,PANEL_RIGHT,5e-05,4.999999873689376e-05,0.0001,2025-01-25T20:00Z,0,3,4.0,4.0
RAYUSDT,2025-01-26T00:00Z,PANEL_RIGHT,5e-05,4.999999873689376e-05,0.0001,2025-01-26T00:00Z,0,3,4.0,4.0
RAYUSDT,2025-01-26T04:00Z,PANEL_RIGHT,5e-05,4.999999873689376e-05,0.0001,2025-01-26T04:00Z,0,3,4.0,4.0
RAYUSDT,2025-01-26T08:00Z,PANEL_RIGHT,5e-05,4.999999873689376e-05,0.0001,2025-01-26T08:00Z,0,3,4.0,4.0
RAYUSDT,2025-01-26T12:00Z,PANEL_RIGHT,5e-05,4.999999873689376e-05,0.0001,2025-01-26T12:00Z,0,3,4.0,4.0
RAYUSDT,2025-01-26T16:00Z,PANEL_RIGHT,5e-05,4.999999873689376e-05,0.0001,2025-01-26T16:00Z,0,3,4.0,4.0
RAYUSDT,2025-01-26T20:00Z,PANEL_RIGHT,5e-05,4.999999873689376e-05,0.0001,2025-01-26T20:00Z,0,3,4.0,4.0
RAYUSDT,2025-01-27T00:00Z,PANEL_RIGHT,5e-05,4.999999873689376e-05,0.0001,2025-01-27T00:00Z,0,3,4.0,4.0
RAYUSDT,2025-01-27T04:00Z,PANEL_RIGHT,5e-05,4.999999873689376e-05,0.0001,2025-01-27T04:00Z,0,3,4.0,4.0
RAYUSDT,2025-01-27T08:00Z,PANEL_RIGHT,5e-05,4.999999873689376e-05,0.0001,2025-01-27T08:00Z,0,3,4.0,4.0
RAYUSDT,2025-01-27T12:00Z,PANEL_RIGHT,5e-05,4.999999873689376e-05,0.0001,2025-01-27T12:00Z,0,3,4.0,4.0
RAYUSDT,2025-01-27T16:00Z,PANEL_RIGHT,5e-05,4.999999873689376e-05,0.0001,2025-01-27T16:00Z,0,3,4.0,4.0
RAYUSDT,2025-01-27T20:00Z,PANEL_RIGHT,5e-05,4.999999873689376e-05,0.0001,2025-01-27T20:00Z,0,3,4.0,4.0
RAYUSDT,2025-01-28T00:00Z,PANEL_RIGHT,5e-05,4.999999873689376e-05,0.0001,2025-01-28T00:00Z,0,3,4.0,4.0
RAYUSDT,2025-01-28T04:00Z,PANEL_RIGHT,5e-05,4.999999873689376e-05,0.0001,2025-01-28T04:00Z,0,3,4.0,4.0
RAYUSDT,2025-01-28T08:00Z,PANEL_RIGHT,5e-05,4.999999873689376e-05,0.0001,2025-01-28T08:00Z,0,3,4.0,4.0
RAYUSDT,2025-01-28T12:00Z,PANEL_RIGHT,5e-05,4.999999873689376e-05,0.0001,2025-01-28T12:00Z,0,3,4.0,4.0
RAYUSDT,2025-01-28T16:00Z,PANEL_RIGHT,5e-05,4.999999873689376e-05,0.0001,2025-01-28T16:00Z,0,3,4.0,4.0
RAYUSDT,2025-01-28T20:00Z,PANEL_RIGHT,5e-05,4.999999873689376e-05,0.0001,2025-01-28T20:00Z,0,3,4.0,4.0
RAYUSDT,2025-01-29T00:00Z,PANEL_RIGHT,5e-05,4.999999873689376e-05,0.0001,2025-01-29T00:00Z,0,3,4.0,4.0
RAYUSDT,2025-01-29T04:00Z,PANEL_RIGHT,5e-05,4.999999873689376e-05,0.0001,2025-01-29T04:00Z,0,3,4.0,4.0
RAYUSDT,2025-01-29T08:00Z,PANEL_RIGHT,5e-05,4.999999873689376e-05,0.0001,2025-01-29T08:00Z,0,3,4.0,4.0
RAYUSDT,2025-01-29T12:00Z,PANEL_RIGHT,5e-05,4.999999873689376e-05,0.0001,2025-01-29T12:00Z,0,3,4.0,4.0
RAYUSDT,2025-01-29T16:00Z,PANEL_RIGHT,5e-05,4.999999873689376e-05,0.0001,2025-01-29T16:00Z,0,3,4.0,4.0
RAYUSDT,2025-01-29T20:00Z,PANEL_RIGHT,5e-05,4.999999873689376e-05,0.0001,2025-01-29T20:00Z,0,3,4.0,4.0
RAYUSDT,2025-01-30T00:00Z,PANEL_RIGHT,5e-05,4.999999873689376e-05,0.0001,2025-01-30T00:00Z,0,3,4.0,4.0
RAYUSDT,2025-01-30T04:00Z,PANEL_RIGHT,5e-05,4.999999873689376e-05,0.0001,2025-01-30T04:00Z,0,3,4.0,4.0
RAYUSDT,2025-01-30T08:00Z,PANEL_RIGHT,5e-05,4.999999873689376e-05,0.0001,2025-01-30T08:00Z,0,3,4.0,4.0
RAYUSDT,2025-01-30T12:00Z,PANEL_RIGHT,5e-05,4.999999873689376e-05,0.0001,2025-01-30T12:00Z,0,3,4.0,4.0
RAYUSDT,2025-01-30T16:00Z,PANEL_RIGHT,5e-05,4.999999873689376e-05,0.0001,2025-01-30T16:00Z,0,3,4.0,4.0
RAYUSDT,2025-01-30T20:00Z,PANEL_RIGHT,5e-05,4.999999873689376e-05,0.0001,2025-01-30T20:00Z,0,3,4.0,4.0
RAYUSDT,2025-01-31T00:00Z,PANEL_RIGHT,5e-05,4.999999873689376e-05,0.0001,2025-01-31T00:00Z,0,3,4.0,4.0
RAYUSDT,2025-01-31T04:00Z,PANEL_RIGHT,5e-05,4.999999873689376e-05,0.0001,2025-01-31T04:00Z,0,3,4.0,4.0
RAYUSDT,2025-01-31T08:00Z,PANEL_RIGHT,5e-05,4.999999873689376e-05,0.0001,2025-01-31T08:00Z,0,3,4.0,4.0
RAYUSDT,2025-01-31T12:00Z,PANEL_RIGHT,5e-05,4.999999873689376e-05,0.0001,2025-01-31T12:00Z,0,3,4.0,4.0
RAYUSDT,2025-01-31T16:00Z,PANEL_RIGHT,5e-05,4.999999873689376e-05,0.0001,2025-01-31T16:00Z,0,3,4.0,4.0
RAYUSDT,2025-01-31T20:00Z,PANEL_RIGHT,5e-05,4.999999873689376e-05,0.0001,2025-01-31T20:00Z,0,3,4.0,4.0
RAYUSDT,2025-02-01T00:00Z,PANEL_RIGHT,5e-05,4.999999873689376e-05,0.0001,2025-02-01T00:00Z,0,3,4.0,4.0
RAYUSDT,2025-02-01T04:00Z,PANEL_RIGHT,5e-05,4.999999873689376e-05,0.0001,2025-02-01T04:00Z,0,3,4.0,4.0
RAYUSDT,2025-02-01T08:00Z,PANEL_RIGHT,5e-05,4.999999873689376e-05,0.0001,2025-02-01T08:00Z,0,3,4.0,4.0
RAYUSDT,2025-02-01T12:00Z,PANEL_RIGHT,5e-05,4.999999873689376e-05,0.0001,2025-02-01T12:00Z,0,3,4.0,4.0
RAYUSDT,2025-02-01T16:00Z,PANEL_RIGHT,5e-05,4.999999873689376e-05,0.0001,2025-02-01T16:00Z,0,3,4.0,4.0
RAYUSDT,2025-02-01T20:00Z,PANEL_RIGHT,5e-05,4.999999873689376e-05,0.0001,2025-02-01T20:00Z,0,3,4.0,4.0
RAYUSDT,2025-02-02T00:00Z,PANEL_RIGHT,5e-05,4.999999873689376e-05,0.0001,2025-02-02T00:00Z,0,3,4.0,4.0
RAYUSDT,2025-02-02T04:00Z,PANEL_RIGHT,5e-05,4.999999873689376e-05,0.0001,2025-02-02T04:00Z,0,3,4.0,4.0
RAYUSDT,2025-02-02T08:00Z,PANEL_RIGHT,5e-05,4.999999873689376e-05,0.0001,2025-02-02T08:00Z,0,3,4.0,4.0
RAYUSDT,2025-02-02T12:00Z,PANEL_RIGHT,5e-05,4.999999873689376e-05,0.0001,2025-02-02T12:00Z,0,3,4.0,4.0
RAYUSDT,2025-02-02T16:00Z,PANEL_RIGHT,5e-05,4.999999873689376e-05,0.0001,2025-02-02T16:00Z,0,3,4.0,4.0
RAYUSDT,2025-02-02T20:00Z,PANEL_RIGHT,5e-05,4.999999873689376e-05,0.0001,2025-02-02T20:00Z,0,3,4.0,4.0
RAYUSDT,2025-02-03T00:00Z,PANEL_RIGHT,5e-05,4.999999873689376e-05,0.0001,2025-02-03T00:00Z,0,3,4.0,4.0
RAYUSDT,2025-02-03T04:00Z,PANEL_RIGHT,5e-05,4.999999873689376e-05,0.0001,2025-02-03T04:00Z,0,3,4.0,4.0
RAYUSDT,2025-02-03T08:00Z,PANEL_RIGHT,5e-05,4.999999873689376e-05,0.0001,2025-02-03T08:00Z,0,3,4.0,4.0
RAYUSDT,2025-02-03T12:00Z,PANEL_RIGHT,5e-05,4.999999873689376e-05,0.0001,2025-02-03T12:00Z,0,3,4.0,4.0
RAYUSDT,2025-02-03T16:00Z,PANEL_RIGHT,5e-05,4.999999873689376e-05,0.0001,2025-02-03T16:00Z,0,3,4.0,4.0
RAYUSDT,2025-02-03T20:00Z,PANEL_RIGHT,5e-05,4.999999873689376e-05,0.0001,2025-02-03T20:00Z,0,3,4.0,4.0
RAYUSDT,2025-02-04T00:00Z,PANEL_RIGHT,5e-05,4.999999873689376e-05,0.0001,2025-02-04T00:00Z,0,3,4.0,4.0
RAYUSDT,2025-02-04T04:00Z,PANEL_RIGHT,5e-05,4.999999873689376e-05,0.0001,2025-02-04T04:00Z,0,3,4.0,4.0
RAYUSDT,2025-02-04T08:00Z,PANEL_RIGHT,5e-05,4.999999873689376e-05,0.0001,2025-02-04T08:00Z,0,3,4.0,4.0
RAYUSDT,2025-02-04T12:00Z,PANEL_RIGHT,5e-05,4.999999873689376e-05,0.0001,2025-02-04T12:00Z,0,3,4.0,4.0
RAYUSDT,2025-02-04T16:00Z,PANEL_RIGHT,5e-05,4.999999873689376e-05,0.0001,2025-02-04T16:00Z,0,3,4.0,4.0
RAYUSDT,2025-02-04T20:00Z,PANEL_RIGHT,5e-05,4.999999873689376e-05,0.0001,2025-02-04T20:00Z,0,3,4.0,4.0
RAYUSDT,2025-02-05T00:00Z,PANEL_RIGHT,5e-05,4.999999873689376e-05,0.0001,2025-02-05T00:00Z,0,3,4.0,4.0
RAYUSDT,2025-02-05T04:00Z,PANEL_RIGHT,5e-05,4.999999873689376e-05,0.0001,2025-02-05T04:00Z,0,3,4.0,4.0
RAYUSDT,2025-02-05T08:00Z,PANEL_RIGHT,5e-05,4.999999873689376e-05,0.0001,2025-02-05T08:00Z,0,3,4.0,4.0
RAYUSDT,2025-02-05T12:00Z,PANEL_RIGHT,5e-05,4.999999873689376e-05,0.0001,2025-02-05T12:00Z,0,3,4.0,4.0
RAYUSDT,2025-02-05T16:00Z,PANEL_RIGHT,5e-05,4.999999873689376e-05,0.0001,2025-02-05T16:00Z,0,3,4.0,4.0
RAYUSDT,2025-02-05T20:00Z,PANEL_RIGHT,5e-05,4.999999873689376e-05,0.0001,2025-02-05T20:00Z,0,3,4.0,4.0
RAYUSDT,2025-02-06T00:00Z,PANEL_RIGHT,5e-05,4.999999873689376e-05,0.0001,2025-02-06T00:00Z,0,3,4.0,4.0
RAYUSDT,2025-02-06T04:00Z,PANEL_RIGHT,5e-05,4.999999873689376e-05,0.0001,2025-02-06T04:00Z,0,3,4.0,4.0
RAYUSDT,2025-02-06T08:00Z,PANEL_RIGHT,5e-05,4.999999873689376e-05,0.0001,2025-02-06T08:00Z,0,3,4.0,4.0
RAYUSDT,2025-02-06T12:00Z,PANEL_RIGHT,5e-05,4.999999873689376e-05,0.0001,2025-02-06T12:00Z,0,3,4.0,4.0
RAYUSDT,2025-02-06T16:00Z,PANEL_RIGHT,5e-05,4.999999873689376e-05,0.0001,2025-02-06T16:00Z,0,3,4.0,4.0
BERAUSDT,2025-02-06T20:00Z,PANEL_RIGHT,-0.01601256,-0.016012560576200485,-0.02,2025-02-06T20:00Z,0,3,4.0,4.0
RAYUSDT,2025-02-06T20:00Z,PANEL_RIGHT,5e-05,4.999999873689376e-05,0.0001,2025-02-06T20:00Z,0,3,4.0,4.0
RAYUSDT,2025-02-07T00:00Z,PANEL_RIGHT,5e-05,4.999999873689376e-05,0.0001,2025-02-07T00:00Z,0,3,4.0,4.0
RAYUSDT,2025-02-07T04:00Z,PANEL_RIGHT,5e-05,4.999999873689376e-05,0.0001,2025-02-07T04:00Z,0,3,4.0,4.0
RAYUSDT,2025-02-07T08:00Z,PANEL_RIGHT,5e-05,4.999999873689376e-05,0.0001,2025-02-07T08:00Z,0,3,4.0,4.0
RAYUSDT,2025-02-07T12:00Z,PANEL_RIGHT,5e-05,4.999999873689376e-05,0.0001,2025-02-07T12:00Z,0,3,4.0,4.0
RAYUSDT,2025-02-07T16:00Z,PANEL_RIGHT,5e-05,4.999999873689376e-05,0.0001,2025-02-07T16:00Z,0,3,4.0,4.0
RAYUSDT,2025-02-07T20:00Z,PANEL_RIGHT,5e-05,4.999999873689376e-05,0.0001,2025-02-07T20:00Z,0,3,4.0,4.0
RAYUSDT,2025-02-08T00:00Z,PANEL_RIGHT,5e-05,4.999999873689376e-05,0.0001,2025-02-08T00:00Z,0,3,4.0,4.0
RAYUSDT,2025-02-08T04:00Z,PANEL_RIGHT,5e-05,4.999999873689376e-05,0.0001,2025-02-08T04:00Z,0,3,4.0,4.0
RAYUSDT,2025-02-08T08:00Z,PANEL_RIGHT,5e-05,4.999999873689376e-05,0.0001,2025-02-08T08:00Z,0,3,4.0,4.0
RAYUSDT,2025-02-08T12:00Z,PANEL_RIGHT,5e-05,4.999999873689376e-05,0.0001,2025-02-08T12:00Z,0,3,4.0,4.0
RAYUSDT,2025-02-08T16:00Z,PANEL_RIGHT,5e-05,4.999999873689376e-05,0.0001,2025-02-08T16:00Z,0,3,4.0,4.0
RAYUSDT,2025-02-08T20:00Z,PANEL_RIGHT,5e-05,4.999999873689376e-05,0.0001,2025-02-08T20:00Z,0,3,4.0,4.0
RAYUSDT,2025-02-09T00:00Z,PANEL_RIGHT,5e-05,4.999999873689376e-05,0.0001,2025-02-09T00:00Z,0,3,4.0,4.0
RAYUSDT,2025-02-09T04:00Z,PANEL_RIGHT,5e-05,4.999999873689376e-05,0.0001,2025-02-09T04:00Z,0,3,4.0,4.0
RAYUSDT,2025-02-09T08:00Z,PANEL_RIGHT,5e-05,4.999999873689376e-05,0.0001,2025-02-09T08:00Z,0,3,4.0,4.0
RAYUSDT,2025-02-09T12:00Z,PANEL_RIGHT,5e-05,4.999999873689376e-05,0.0001,2025-02-09T12:00Z,0,3,4.0,4.0
RAYUSDT,2025-02-09T16:00Z,PANEL_RIGHT,5e-05,4.999999873689376e-05,0.0001,2025-02-09T16:00Z,0,3,4.0,4.0
BNXUSDT,2025-02-09T20:00Z,PANEL_RIGHT,5e-05,4.999999873689376e-05,-0.00591742,2025-02-09T20:00Z,0,3,4.0,4.0
RAYUSDT,2025-02-09T20:00Z,PANEL_RIGHT,5e-05,4.999999873689376e-05,0.0001,2025-02-09T20:00Z,0,3,4.0,4.0
TSTUSDT,2025-02-09T20:00Z,PANEL_RIGHT,5e-05,4.999999873689376e-05,-0.00117597,2025-02-09T20:00Z,0,3,4.0,4.0
RAYUSDT,2025-02-10T00:00Z,PANEL_RIGHT,5e-05,4.999999873689376e-05,0.0001,2025-02-10T00:00Z,0,3,4.0,4.0
RAYUSDT,2025-02-10T04:00Z,PANEL_RIGHT,5e-05,4.999999873689376e-05,0.0001,2025-02-10T04:00Z,0,3,4.0,4.0
RAYUSDT,2025-02-10T08:00Z,PANEL_RIGHT,5e-05,4.999999873689376e-05,0.0001,2025-02-10T08:00Z,0,3,4.0,4.0
RAYUSDT,2025-02-10T12:00Z,PANEL_RIGHT,5e-05,4.999999873689376e-05,0.0001,2025-02-10T12:00Z,0,3,4.0,4.0
RAYUSDT,2025-02-10T16:00Z,PANEL_RIGHT,5e-05,4.999999873689376e-05,0.0001,2025-02-10T16:00Z,0,3,4.0,4.0
RAYUSDT,2025-02-10T20:00Z,PANEL_RIGHT,5e-05,4.999999873689376e-05,0.0001,2025-02-10T20:00Z,0,3,4.0,4.0
RAYUSDT,2025-02-11T00:00Z,PANEL_RIGHT,5e-05,4.999999873689376e-05,0.0001,2025-02-11T00:00Z,0,3,4.0,4.0
RAYUSDT,2025-02-11T04:00Z,PANEL_RIGHT,5e-05,4.999999873689376e-05,0.0001,2025-02-11T04:00Z,0,3,4.0,4.0
RAYUSDT,2025-02-11T08:00Z,PANEL_RIGHT,5e-05,4.999999873689376e-05,0.0001,2025-02-11T08:00Z,0,3,4.0,4.0
RAYUSDT,2025-02-11T12:00Z,PANEL_RIGHT,5e-05,4.999999873689376e-05,0.0001,2025-02-11T12:00Z,0,3,4.0,4.0
RAYUSDT,2025-02-11T16:00Z,PANEL_RIGHT,5e-05,4.999999873689376e-05,0.0001,2025-02-11T16:00Z,0,3,4.0,4.0
RAYUSDT,2025-02-11T20:00Z,PANEL_RIGHT,5e-05,4.999999873689376e-05,0.0001,2025-02-11T20:00Z,0,3,4.0,4.0
RAYUSDT,2025-02-12T00:00Z,PANEL_RIGHT,5e-05,4.999999873689376e-05,0.0001,2025-02-12T00:00Z,0,3,4.0,4.0
RAYUSDT,2025-02-12T04:00Z,PANEL_RIGHT,5e-05,4.999999873689376e-05,0.0001,2025-02-12T04:00Z,0,3,4.0,4.0
RAYUSDT,2025-02-12T08:00Z,PANEL_RIGHT,5e-05,4.999999873689376e-05,0.0001,2025-02-12T08:00Z,0,3,4.0,4.0
RAYUSDT,2025-02-12T12:00Z,PANEL_RIGHT,5e-05,4.999999873689376e-05,0.0001,2025-02-12T12:00Z,0,3,4.0,4.0
RAYUSDT,2025-02-12T16:00Z,PANEL_RIGHT,5e-05,4.999999873689376e-05,0.0001,2025-02-12T16:00Z,0,3,4.0,4.0
RAYUSDT,2025-02-12T20:00Z,PANEL_RIGHT,5e-05,4.999999873689376e-05,0.0001,2025-02-12T20:00Z,0,3,4.0,4.0
RAYUSDT,2025-02-13T00:00Z,PANEL_RIGHT,5e-05,4.999999873689376e-05,0.0001,2025-02-13T00:00Z,0,3,4.0,4.0
RAYUSDT,2025-02-13T04:00Z,PANEL_RIGHT,5e-05,4.999999873689376e-05,0.0001,2025-02-13T04:00Z,0,3,4.0,4.0
RAYUSDT,2025-02-13T08:00Z,PANEL_RIGHT,5e-05,4.999999873689376e-05,0.0001,2025-02-13T08:00Z,0,3,4.0,4.0
RAYUSDT,2025-02-13T12:00Z,PANEL_RIGHT,5e-05,4.999999873689376e-05,0.0001,2025-02-13T12:00Z,0,3,4.0,4.0
B3USDT,2025-02-13T16:00Z,PANEL_RIGHT,-0.00173794,-0.001737940008752048,-0.01590781,2025-02-13T16:00Z,0,3,4.0,4.0
HEIUSDT,2025-02-13T16:00Z,PANEL_RIGHT,-0.00014392,-0.0001439199986634776,-0.00253133,2025-02-13T16:00Z,0,3,4.0,4.0
RAYUSDT,2025-02-13T16:00Z,PANEL_RIGHT,5e-05,4.999999873689376e-05,0.0001,2025-02-13T16:00Z,0,3,4.0,4.0
RAYUSDT,2025-02-13T20:00Z,PANEL_RIGHT,5e-05,4.999999873689376e-05,0.0001,2025-02-13T20:00Z,0,3,4.0,4.0
RAYUSDT,2025-02-14T00:00Z,PANEL_RIGHT,5e-05,4.999999873689376e-05,0.0001,2025-02-14T00:00Z,0,3,4.0,4.0
RAYUSDT,2025-02-14T04:00Z,PANEL_RIGHT,5e-05,4.999999873689376e-05,0.0001,2025-02-14T04:00Z,0,3,4.0,4.0
RAYUSDT,2025-02-14T08:00Z,PANEL_RIGHT,5e-05,4.999999873689376e-05,0.0001,2025-02-14T08:00Z,0,3,4.0,4.0
RAYUSDT,2025-02-14T12:00Z,PANEL_RIGHT,5e-05,4.999999873689376e-05,0.0001,2025-02-14T12:00Z,0,3,4.0,4.0
RAYUSDT,2025-02-14T16:00Z,PANEL_RIGHT,5e-05,4.999999873689376e-05,0.0001,2025-02-14T16:00Z,0,3,4.0,4.0
RAYUSDT,2025-02-14T20:00Z,PANEL_RIGHT,5e-05,4.999999873689376e-05,0.0001,2025-02-14T20:00Z,0,3,4.0,4.0
RAYUSDT,2025-02-15T00:00Z,PANEL_RIGHT,5e-05,4.999999873689376e-05,0.0001,2025-02-15T00:00Z,0,3,4.0,4.0
RAYUSDT,2025-02-15T04:00Z,PANEL_RIGHT,5e-05,4.999999873689376e-05,0.0001,2025-02-15T04:00Z,0,3,4.0,4.0
RAYUSDT,2025-02-15T08:00Z,PANEL_RIGHT,5e-05,4.999999873689376e-05,0.0001,2025-02-15T08:00Z,0,3,4.0,4.0
RAYUSDT,2025-02-15T12:00Z,PANEL_RIGHT,5e-05,4.999999873689376e-05,0.0001,2025-02-15T12:00Z,0,3,4.0,4.0
RAYUSDT,2025-02-15T16:00Z,PANEL_RIGHT,5e-05,4.999999873689376e-05,0.0001,2025-02-15T16:00Z,0,3,4.0,4.0
RAYUSDT,2025-02-15T20:00Z,PANEL_RIGHT,5e-05,4.999999873689376e-05,0.0001,2025-02-15T20:00Z,0,3,4.0,4.0
RAYUSDT,2025-02-16T00:00Z,PANEL_RIGHT,5e-05,4.999999873689376e-05,0.0001,2025-02-16T00:00Z,0,3,4.0,4.0
RAYUSDT,2025-02-16T04:00Z,PANEL_RIGHT,5e-05,4.999999873689376e-05,0.0001,2025-02-16T04:00Z,0,3,4.0,4.0
RAYUSDT,2025-02-16T08:00Z,PANEL_RIGHT,5e-05,4.999999873689376e-05,0.0001,2025-02-16T08:00Z,0,3,4.0,4.0
RAYUSDT,2025-02-16T12:00Z,PANEL_RIGHT,5e-05,4.999999873689376e-05,0.0001,2025-02-16T12:00Z,0,3,4.0,4.0
RAYUSDT,2025-02-16T16:00Z,PANEL_RIGHT,5e-05,4.999999873689376e-05,0.0001,2025-02-16T16:00Z,0,3,4.0,4.0
RAYUSDT,2025-02-16T20:00Z,PANEL_RIGHT,5e-05,4.999999873689376e-05,0.0001,2025-02-16T20:00Z,0,3,4.0,4.0
RAYUSDT,2025-02-17T00:00Z,PANEL_RIGHT,5e-05,4.999999873689376e-05,0.0001,2025-02-17T00:00Z,0,3,4.0,4.0
RAYUSDT,2025-02-17T04:00Z,PANEL_RIGHT,5e-05,4.999999873689376e-05,0.0001,2025-02-17T04:00Z,0,3,4.0,4.0
RAYUSDT,2025-02-17T08:00Z,PANEL_RIGHT,5e-05,4.999999873689376e-05,0.0001,2025-02-17T08:00Z,0,3,4.0,4.0
RAYUSDT,2025-02-17T12:00Z,PANEL_RIGHT,5e-05,4.999999873689376e-05,0.0001,2025-02-17T12:00Z,0,3,4.0,4.0
RAYUSDT,2025-02-17T16:00Z,PANEL_RIGHT,5e-05,4.999999873689376e-05,0.0001,2025-02-17T16:00Z,0,3,4.0,4.0
ARKUSDT,2025-02-17T20:00Z,PANEL_RIGHT,-0.02112185,-0.021121850237250328,-0.02840059,2025-02-17T20:00Z,0,3,4.0,4.0
RAYUSDT,2025-02-17T20:00Z,PANEL_RIGHT,5e-05,4.999999873689376e-05,0.0001,2025-02-17T20:00Z,0,3,4.0,4.0
GPSUSDT,2025-02-18T00:00Z,PANEL_RIGHT,-0.01907317,-0.01907316967844963,-0.02,2025-02-18T00:00Z,0,3,4.0,4.0
RAYUSDT,2025-02-18T00:00Z,PANEL_RIGHT,5e-05,4.999999873689376e-05,0.0001,2025-02-18T00:00Z,0,3,4.0,4.0
SHELLUSDT,2025-02-18T00:00Z,PANEL_RIGHT,-0.00975524,-0.009755239821970463,-0.00048231,2025-02-18T00:00Z,0,3,4.0,4.0
RAYUSDT,2025-02-18T04:00Z,PANEL_RIGHT,5e-05,4.999999873689376e-05,0.0001,2025-02-18T04:00Z,0,3,4.0,4.0
RAYUSDT,2025-02-18T08:00Z,PANEL_RIGHT,5e-05,4.999999873689376e-05,0.0001,2025-02-18T08:00Z,0,3,4.0,4.0
RAYUSDT,2025-02-18T12:00Z,PANEL_RIGHT,5e-05,4.999999873689376e-05,0.0001,2025-02-18T12:00Z,0,3,4.0,4.0
RAYUSDT,2025-02-18T16:00Z,PANEL_RIGHT,5e-05,4.999999873689376e-05,0.0001,2025-02-18T16:00Z,0,3,4.0,4.0
RAYUSDT,2025-02-18T20:00Z,PANEL_RIGHT,5e-05,4.999999873689376e-05,0.0001,2025-02-18T20:00Z,0,3,4.0,4.0
RAYUSDT,2025-02-19T00:00Z,PANEL_RIGHT,5e-05,4.999999873689376e-05,0.0001,2025-02-19T00:00Z,0,3,4.0,4.0
RAYUSDT,2025-02-19T04:00Z,PANEL_RIGHT,5e-05,4.999999873689376e-05,0.0001,2025-02-19T04:00Z,0,3,4.0,4.0
RAYUSDT,2025-02-19T08:00Z,PANEL_RIGHT,5e-05,4.999999873689376e-05,0.0001,2025-02-19T08:00Z,0,3,4.0,4.0
RAYUSDT,2025-02-19T12:00Z,PANEL_RIGHT,5e-05,4.999999873689376e-05,0.0001,2025-02-19T12:00Z,0,3,4.0,4.0
RAYUSDT,2025-02-19T16:00Z,PANEL_RIGHT,5e-05,4.999999873689376e-05,0.0001,2025-02-19T16:00Z,0,3,4.0,4.0
RAYUSDT,2025-02-19T20:00Z,PANEL_RIGHT,5e-05,4.999999873689376e-05,0.0001,2025-02-19T20:00Z,0,3,4.0,4.0
RAYUSDT,2025-02-20T00:00Z,PANEL_RIGHT,5e-05,4.999999873689376e-05,0.0001,2025-02-20T00:00Z,0,3,4.0,4.0
RAYUSDT,2025-02-20T04:00Z,PANEL_RIGHT,5e-05,4.999999873689376e-05,0.0001,2025-02-20T04:00Z,0,3,4.0,4.0
RAYUSDT,2025-02-20T08:00Z,PANEL_RIGHT,5e-05,4.999999873689376e-05,0.0001,2025-02-20T08:00Z,0,3,4.0,4.0
RAYUSDT,2025-02-20T12:00Z,PANEL_RIGHT,5e-05,4.999999873689376e-05,0.0001,2025-02-20T12:00Z,0,3,4.0,4.0
RAYUSDT,2025-02-20T16:00Z,PANEL_RIGHT,5e-05,4.999999873689376e-05,0.0001,2025-02-20T16:00Z,0,3,4.0,4.0
KAITOUSDT,2025-02-20T20:00Z,PANEL_RIGHT,-0.00192121,-0.0019212099723517895,-0.004987,2025-02-20T20:00Z,0,3,4.0,4.0
RAYUSDT,2025-02-20T20:00Z,PANEL_RIGHT,5e-05,4.999999873689376e-05,0.0001,2025-02-20T20:00Z,0,3,4.0,4.0
RAYUSDT,2025-02-21T00:00Z,PANEL_RIGHT,5e-05,4.999999873689376e-05,0.0001,2025-02-21T00:00Z,0,3,4.0,4.0
RAYUSDT,2025-02-21T04:00Z,PANEL_RIGHT,5e-05,4.999999873689376e-05,0.0001,2025-02-21T04:00Z,0,3,4.0,4.0
RAYUSDT,2025-02-21T08:00Z,PANEL_RIGHT,5e-05,4.999999873689376e-05,0.0001,2025-02-21T08:00Z,0,3,4.0,4.0
RAYUSDT,2025-02-21T12:00Z,PANEL_RIGHT,5e-05,4.999999873689376e-05,0.0001,2025-02-21T12:00Z,0,3,4.0,4.0
RAYUSDT,2025-02-21T16:00Z,PANEL_RIGHT,5e-05,4.999999873689376e-05,0.0001,2025-02-21T16:00Z,0,3,4.0,4.0
RAYUSDT,2025-02-21T20:00Z,PANEL_RIGHT,5e-05,4.999999873689376e-05,0.0001,2025-02-21T20:00Z,0,3,4.0,4.0
RAYUSDT,2025-02-22T00:00Z,PANEL_RIGHT,5e-05,4.999999873689376e-05,0.0001,2025-02-22T00:00Z,0,3,4.0,4.0
RAYUSDT,2025-02-22T04:00Z,PANEL_RIGHT,5e-05,4.999999873689376e-05,0.0001,2025-02-22T04:00Z,0,3,4.0,4.0
RAYUSDT,2025-02-22T08:00Z,PANEL_RIGHT,5e-05,4.999999873689376e-05,0.0001,2025-02-22T08:00Z,0,3,4.0,4.0
RAYUSDT,2025-02-22T12:00Z,PANEL_RIGHT,5e-05,4.999999873689376e-05,0.0001,2025-02-22T12:00Z,0,3,4.0,4.0
RAYUSDT,2025-02-22T16:00Z,PANEL_RIGHT,5e-05,4.999999873689376e-05,0.0001,2025-02-22T16:00Z,0,3,4.0,4.0
RAYUSDT,2025-02-22T20:00Z,PANEL_RIGHT,5e-05,4.999999873689376e-05,0.0001,2025-02-22T20:00Z,0,3,4.0,4.0
RAYUSDT,2025-02-23T00:00Z,PANEL_RIGHT,5e-05,4.999999873689376e-05,0.0001,2025-02-23T00:00Z,0,3,4.0,4.0
RAYUSDT,2025-02-23T04:00Z,PANEL_RIGHT,5e-05,4.999999873689376e-05,0.0001,2025-02-23T04:00Z,0,3,4.0,4.0
RAYUSDT,2025-02-23T08:00Z,PANEL_RIGHT,5e-05,4.999999873689376e-05,0.0001,2025-02-23T08:00Z,0,3,4.0,4.0
RAYUSDT,2025-02-23T12:00Z,PANEL_RIGHT,5e-05,4.999999873689376e-05,0.0001,2025-02-23T12:00Z,0,3,4.0,4.0
RAYUSDT,2025-02-23T16:00Z,PANEL_RIGHT,5e-05,4.999999873689376e-05,0.0001,2025-02-23T16:00Z,0,3,4.0,4.0
RAYUSDT,2025-02-23T20:00Z,PANEL_RIGHT,5e-05,4.999999873689376e-05,0.0001,2025-02-23T20:00Z,0,3,4.0,4.0
RAYUSDT,2025-02-24T00:00Z,PANEL_RIGHT,5e-05,4.999999873689376e-05,0.0001,2025-02-24T00:00Z,0,3,4.0,4.0
RAYUSDT,2025-02-24T04:00Z,PANEL_RIGHT,5e-05,4.999999873689376e-05,0.0001,2025-02-24T04:00Z,0,3,4.0,4.0
RAYUSDT,2025-02-24T08:00Z,PANEL_RIGHT,5e-05,4.999999873689376e-05,0.0001,2025-02-24T08:00Z,0,3,4.0,4.0
RAYUSDT,2025-02-24T12:00Z,PANEL_RIGHT,5e-05,4.999999873689376e-05,0.0001,2025-02-24T12:00Z,0,3,4.0,4.0
RAYUSDT,2025-02-24T16:00Z,PANEL_RIGHT,5e-05,4.999999873689376e-05,0.0001,2025-02-24T16:00Z,0,3,4.0,4.0
RAYUSDT,2025-02-24T20:00Z,PANEL_RIGHT,5e-05,4.999999873689376e-05,0.0001,2025-02-24T20:00Z,0,3,4.0,4.0
RAYUSDT,2025-02-25T00:00Z,PANEL_RIGHT,5e-05,4.999999873689376e-05,0.0001,2025-02-25T00:00Z,0,3,4.0,4.0
RAYUSDT,2025-02-25T04:00Z,PANEL_RIGHT,5e-05,4.999999873689376e-05,0.0001,2025-02-25T04:00Z,0,3,4.0,4.0
RAYUSDT,2025-02-25T08:00Z,PANEL_RIGHT,5e-05,4.999999873689376e-05,0.0001,2025-02-25T08:00Z,0,3,4.0,4.0
RAYUSDT,2025-02-25T12:00Z,PANEL_RIGHT,5e-05,4.999999873689376e-05,0.0001,2025-02-25T12:00Z,0,3,4.0,4.0
RAYUSDT,2025-02-25T16:00Z,PANEL_RIGHT,5e-05,4.999999873689376e-05,0.0001,2025-02-25T16:00Z,0,3,4.0,4.0
RAYUSDT,2025-02-25T20:00Z,PANEL_RIGHT,5e-05,4.999999873689376e-05,0.0001,2025-02-25T20:00Z,0,3,4.0,4.0
RAYUSDT,2025-02-26T00:00Z,PANEL_RIGHT,5e-05,4.999999873689376e-05,0.0001,2025-02-26T00:00Z,0,3,4.0,4.0
RAYUSDT,2025-02-26T04:00Z,PANEL_RIGHT,5e-05,4.999999873689376e-05,0.0001,2025-02-26T04:00Z,0,3,4.0,4.0
RAYUSDT,2025-02-26T08:00Z,PANEL_RIGHT,5e-05,4.999999873689376e-05,0.0001,2025-02-26T08:00Z,0,3,4.0,4.0
RAYUSDT,2025-02-26T12:00Z,PANEL_RIGHT,5e-05,4.999999873689376e-05,0.0001,2025-02-26T12:00Z,0,3,4.0,4.0
RAYUSDT,2025-02-26T16:00Z,PANEL_RIGHT,5e-05,4.999999873689376e-05,0.0001,2025-02-26T16:00Z,0,3,4.0,4.0
RAYUSDT,2025-02-26T20:00Z,PANEL_RIGHT,5e-05,4.999999873689376e-05,0.0001,2025-02-26T20:00Z,0,3,4.0,4.0
RAYUSDT,2025-02-27T00:00Z,PANEL_RIGHT,5e-05,4.999999873689376e-05,0.0001,2025-02-27T00:00Z,0,3,4.0,4.0
RAYUSDT,2025-02-27T04:00Z,PANEL_RIGHT,5e-05,4.999999873689376e-05,0.0001,2025-02-27T04:00Z,0,3,4.0,4.0
RAYUSDT,2025-02-27T08:00Z,PANEL_RIGHT,5e-05,4.999999873689376e-05,0.0001,2025-02-27T08:00Z,0,3,4.0,4.0
RAYUSDT,2025-02-27T12:00Z,PANEL_RIGHT,5e-05,4.999999873689376e-05,0.0001,2025-02-27T12:00Z,0,3,4.0,4.0
RAYUSDT,2025-02-27T16:00Z,PANEL_RIGHT,5e-05,4.999999873689376e-05,0.0001,2025-02-27T16:00Z,0,3,4.0,4.0
RAYUSDT,2025-02-27T20:00Z,PANEL_RIGHT,5e-05,4.999999873689376e-05,0.0001,2025-02-27T20:00Z,0,3,4.0,4.0
RAYUSDT,2025-02-28T00:00Z,PANEL_RIGHT,5e-05,4.999999873689376e-05,0.0001,2025-02-28T00:00Z,0,3,4.0,4.0
RAYUSDT,2025-02-28T04:00Z,PANEL_RIGHT,5e-05,4.999999873689376e-05,0.0001,2025-02-28T04:00Z,0,3,4.0,4.0
RAYUSDT,2025-02-28T08:00Z,PANEL_RIGHT,5e-05,4.999999873689376e-05,0.0001,2025-02-28T08:00Z,0,3,4.0,4.0
RAYUSDT,2025-02-28T12:00Z,PANEL_RIGHT,5e-05,4.999999873689376e-05,0.0001,2025-02-28T12:00Z,0,3,4.0,4.0
RAYUSDT,2025-02-28T16:00Z,PANEL_RIGHT,5e-05,4.999999873689376e-05,0.0001,2025-02-28T16:00Z,0,3,4.0,4.0
RAYUSDT,2025-02-28T20:00Z,PANEL_RIGHT,5e-05,4.999999873689376e-05,0.0001,2025-02-28T20:00Z,0,3,4.0,4.0
RAYUSDT,2025-03-01T00:00Z,PANEL_RIGHT,5e-05,4.999999873689376e-05,0.0001,2025-03-01T00:00Z,0,3,4.0,4.0
RAYUSDT,2025-03-01T04:00Z,PANEL_RIGHT,5e-05,4.999999873689376e-05,0.0001,2025-03-01T04:00Z,0,3,4.0,4.0
RAYUSDT,2025-03-01T08:00Z,PANEL_RIGHT,5e-05,4.999999873689376e-05,0.0001,2025-03-01T08:00Z,0,3,4.0,4.0
RAYUSDT,2025-03-01T12:00Z,PANEL_RIGHT,5e-05,4.999999873689376e-05,0.0001,2025-03-01T12:00Z,0,3,4.0,4.0
RAYUSDT,2025-03-01T16:00Z,PANEL_RIGHT,5e-05,4.999999873689376e-05,0.0001,2025-03-01T16:00Z,0,3,4.0,4.0
RAYUSDT,2025-03-01T20:00Z,PANEL_RIGHT,5e-05,4.999999873689376e-05,0.0001,2025-03-01T20:00Z,0,3,4.0,4.0
RAYUSDT,2025-03-02T00:00Z,PANEL_RIGHT,5e-05,4.999999873689376e-05,0.0001,2025-03-02T00:00Z,0,3,4.0,4.0
RAYUSDT,2025-03-02T04:00Z,PANEL_RIGHT,5e-05,4.999999873689376e-05,0.0001,2025-03-02T04:00Z,0,3,4.0,4.0
RAYUSDT,2025-03-02T08:00Z,PANEL_RIGHT,5e-05,4.999999873689376e-05,0.0001,2025-03-02T08:00Z,0,3,4.0,4.0
RAYUSDT,2025-03-02T12:00Z,PANEL_RIGHT,5e-05,4.999999873689376e-05,0.0001,2025-03-02T12:00Z,0,3,4.0,4.0
RAYUSDT,2025-03-02T16:00Z,PANEL_RIGHT,5e-05,4.999999873689376e-05,0.0001,2025-03-02T16:00Z,0,3,4.0,4.0
RAYUSDT,2025-03-02T20:00Z,PANEL_RIGHT,5e-05,4.999999873689376e-05,0.0001,2025-03-02T20:00Z,0,3,4.0,4.0
RAYUSDT,2025-03-03T00:00Z,PANEL_RIGHT,5e-05,4.999999873689376e-05,0.0001,2025-03-03T00:00Z,0,3,4.0,4.0
RAYUSDT,2025-03-03T04:00Z,PANEL_RIGHT,5e-05,4.999999873689376e-05,0.0001,2025-03-03T04:00Z,0,3,4.0,4.0
RAYUSDT,2025-03-03T08:00Z,PANEL_RIGHT,5e-05,4.999999873689376e-05,0.0001,2025-03-03T08:00Z,0,3,4.0,4.0
RAYUSDT,2025-03-03T12:00Z,PANEL_RIGHT,5e-05,4.999999873689376e-05,0.0001,2025-03-03T12:00Z,0,3,4.0,4.0
RAYUSDT,2025-03-03T16:00Z,PANEL_RIGHT,5e-05,4.999999873689376e-05,0.0001,2025-03-03T16:00Z,0,3,4.0,4.0
RAYUSDT,2025-03-03T20:00Z,PANEL_RIGHT,5e-05,4.999999873689376e-05,0.0001,2025-03-03T20:00Z,0,3,4.0,4.0
RAYUSDT,2025-03-04T00:00Z,PANEL_RIGHT,5e-05,4.999999873689376e-05,0.0001,2025-03-04T00:00Z,0,3,4.0,4.0
RAYUSDT,2025-03-04T04:00Z,PANEL_RIGHT,5e-05,4.999999873689376e-05,0.0001,2025-03-04T04:00Z,0,3,4.0,4.0
RAYUSDT,2025-03-04T08:00Z,PANEL_RIGHT,5e-05,4.999999873689376e-05,0.0001,2025-03-04T08:00Z,0,3,4.0,4.0
RAYUSDT,2025-03-04T12:00Z,PANEL_RIGHT,5e-05,4.999999873689376e-05,0.0001,2025-03-04T12:00Z,0,3,4.0,4.0
RAYUSDT,2025-03-04T16:00Z,PANEL_RIGHT,5e-05,4.999999873689376e-05,0.0001,2025-03-04T16:00Z,0,3,4.0,4.0
RAYUSDT,2025-03-04T20:00Z,PANEL_RIGHT,5e-05,4.999999873689376e-05,0.0001,2025-03-04T20:00Z,0,3,4.0,4.0
RAYUSDT,2025-03-05T00:00Z,PANEL_RIGHT,5e-05,4.999999873689376e-05,0.0001,2025-03-05T00:00Z,0,3,4.0,4.0
RAYUSDT,2025-03-05T04:00Z,PANEL_RIGHT,5e-05,4.999999873689376e-05,0.0001,2025-03-05T04:00Z,0,3,4.0,4.0
RAYUSDT,2025-03-05T08:00Z,PANEL_RIGHT,5e-05,4.999999873689376e-05,0.0001,2025-03-05T08:00Z,0,3,4.0,4.0
RAYUSDT,2025-03-05T12:00Z,PANEL_RIGHT,5e-05,4.999999873689376e-05,0.0001,2025-03-05T12:00Z,0,3,4.0,4.0
RAYUSDT,2025-03-05T16:00Z,PANEL_RIGHT,5e-05,4.999999873689376e-05,0.0001,2025-03-05T16:00Z,0,3,4.0,4.0
RAYUSDT,2025-03-05T20:00Z,PANEL_RIGHT,5e-05,4.999999873689376e-05,0.0001,2025-03-05T20:00Z,0,3,4.0,4.0
RAYUSDT,2025-03-06T00:00Z,PANEL_RIGHT,5e-05,4.999999873689376e-05,0.0001,2025-03-06T00:00Z,0,3,4.0,4.0
RAYUSDT,2025-03-06T04:00Z,PANEL_RIGHT,5e-05,4.999999873689376e-05,0.0001,2025-03-06T04:00Z,0,3,4.0,4.0
RAYUSDT,2025-03-06T08:00Z,PANEL_RIGHT,5e-05,4.999999873689376e-05,0.0001,2025-03-06T08:00Z,0,3,4.0,4.0
RAYUSDT,2025-03-06T12:00Z,PANEL_RIGHT,5e-05,4.999999873689376e-05,0.0001,2025-03-06T12:00Z,0,3,4.0,4.0
RAYUSDT,2025-03-06T16:00Z,PANEL_RIGHT,5e-05,4.999999873689376e-05,0.0001,2025-03-06T16:00Z,0,3,4.0,4.0
RAYUSDT,2025-03-06T20:00Z,PANEL_RIGHT,5e-05,4.999999873689376e-05,0.0001,2025-03-06T20:00Z,0,3,4.0,4.0
RAYUSDT,2025-03-07T00:00Z,PANEL_RIGHT,5e-05,4.999999873689376e-05,0.0001,2025-03-07T00:00Z,0,3,4.0,4.0
RAYUSDT,2025-03-07T04:00Z,PANEL_RIGHT,5e-05,4.999999873689376e-05,0.0001,2025-03-07T04:00Z,0,3,4.0,4.0
RAYUSDT,2025-03-07T08:00Z,PANEL_RIGHT,5e-05,4.999999873689376e-05,0.0001,2025-03-07T08:00Z,0,3,4.0,4.0
RAYUSDT,2025-03-07T12:00Z,PANEL_RIGHT,5e-05,4.999999873689376e-05,0.0001,2025-03-07T12:00Z,0,3,4.0,4.0
RAYUSDT,2025-03-07T16:00Z,PANEL_RIGHT,5e-05,4.999999873689376e-05,0.0001,2025-03-07T16:00Z,0,3,4.0,4.0
RAYUSDT,2025-03-07T20:00Z,PANEL_RIGHT,5e-05,4.999999873689376e-05,0.0001,2025-03-07T20:00Z,0,3,4.0,4.0
RAYUSDT,2025-03-08T00:00Z,PANEL_RIGHT,5e-05,4.999999873689376e-05,0.0001,2025-03-08T00:00Z,0,3,4.0,4.0
RAYUSDT,2025-03-08T04:00Z,PANEL_RIGHT,5e-05,4.999999873689376e-05,0.0001,2025-03-08T04:00Z,0,3,4.0,4.0
RAYUSDT,2025-03-08T08:00Z,PANEL_RIGHT,5e-05,4.999999873689376e-05,0.0001,2025-03-08T08:00Z,0,3,4.0,4.0
RAYUSDT,2025-03-08T12:00Z,PANEL_RIGHT,5e-05,4.999999873689376e-05,0.0001,2025-03-08T12:00Z,0,3,4.0,4.0
RAYUSDT,2025-03-08T16:00Z,PANEL_RIGHT,5e-05,4.999999873689376e-05,0.0001,2025-03-08T16:00Z,0,3,4.0,4.0
RAYUSDT,2025-03-08T20:00Z,PANEL_RIGHT,5e-05,4.999999873689376e-05,0.0001,2025-03-08T20:00Z,0,3,4.0,4.0
RAYUSDT,2025-03-09T00:00Z,PANEL_RIGHT,5e-05,4.999999873689376e-05,0.0001,2025-03-09T00:00Z,0,3,4.0,4.0
RAYUSDT,2025-03-09T04:00Z,PANEL_RIGHT,5e-05,4.999999873689376e-05,0.0001,2025-03-09T04:00Z,0,3,4.0,4.0
RAYUSDT,2025-03-09T08:00Z,PANEL_RIGHT,5e-05,4.999999873689376e-05,0.0001,2025-03-09T08:00Z,0,3,4.0,4.0
RAYUSDT,2025-03-09T12:00Z,PANEL_RIGHT,5e-05,4.999999873689376e-05,0.0001,2025-03-09T12:00Z,0,3,4.0,4.0
RAYUSDT,2025-03-09T16:00Z,PANEL_RIGHT,5e-05,4.999999873689376e-05,0.0001,2025-03-09T16:00Z,0,3,4.0,4.0
RAYUSDT,2025-03-09T20:00Z,PANEL_RIGHT,5e-05,4.999999873689376e-05,0.0001,2025-03-09T20:00Z,0,3,4.0,4.0
RAYUSDT,2025-03-10T00:00Z,PANEL_RIGHT,5e-05,4.999999873689376e-05,0.0001,2025-03-10T00:00Z,0,3,4.0,4.0
RAYUSDT,2025-03-10T04:00Z,PANEL_RIGHT,5e-05,4.999999873689376e-05,0.0001,2025-03-10T04:00Z,0,3,4.0,4.0
RAYUSDT,2025-03-10T08:00Z,PANEL_RIGHT,5e-05,4.999999873689376e-05,0.0001,2025-03-10T08:00Z,0,3,4.0,4.0
RAYUSDT,2025-03-10T12:00Z,PANEL_RIGHT,5e-05,4.999999873689376e-05,0.0001,2025-03-10T12:00Z,0,3,4.0,4.0
RAYUSDT,2025-03-10T16:00Z,PANEL_RIGHT,5e-05,4.999999873689376e-05,0.0001,2025-03-10T16:00Z,0,3,4.0,4.0
RAYUSDT,2025-03-10T20:00Z,PANEL_RIGHT,5e-05,4.999999873689376e-05,0.0001,2025-03-10T20:00Z,0,3,4.0,4.0
RAYUSDT,2025-03-11T00:00Z,PANEL_RIGHT,5e-05,4.999999873689376e-05,0.0001,2025-03-11T00:00Z,0,3,4.0,4.0
RAYUSDT,2025-03-11T04:00Z,PANEL_RIGHT,5e-05,4.999999873689376e-05,0.0001,2025-03-11T04:00Z,0,3,4.0,4.0
RAYUSDT,2025-03-11T08:00Z,PANEL_RIGHT,5e-05,4.999999873689376e-05,0.0001,2025-03-11T08:00Z,0,3,4.0,4.0
RAYUSDT,2025-03-11T12:00Z,PANEL_RIGHT,5e-05,4.999999873689376e-05,0.0001,2025-03-11T12:00Z,0,3,4.0,4.0
RAYUSDT,2025-03-11T16:00Z,PANEL_RIGHT,5e-05,4.999999873689376e-05,0.0001,2025-03-11T16:00Z,0,3,4.0,4.0
RAYUSDT,2025-03-11T20:00Z,PANEL_RIGHT,5e-05,4.999999873689376e-05,0.0001,2025-03-11T20:00Z,0,3,4.0,4.0
RAYUSDT,2025-03-12T00:00Z,PANEL_RIGHT,5e-05,4.999999873689376e-05,0.0001,2025-03-12T00:00Z,0,3,4.0,4.0
RAYUSDT,2025-03-12T04:00Z,PANEL_RIGHT,5e-05,4.999999873689376e-05,0.0001,2025-03-12T04:00Z,0,3,4.0,4.0
RAYUSDT,2025-03-12T08:00Z,PANEL_RIGHT,5e-05,4.999999873689376e-05,0.0001,2025-03-12T08:00Z,0,3,4.0,4.0
RAYUSDT,2025-03-12T12:00Z,PANEL_RIGHT,5e-05,4.999999873689376e-05,0.0001,2025-03-12T12:00Z,0,3,4.0,4.0
RAYUSDT,2025-03-12T16:00Z,PANEL_RIGHT,5e-05,4.999999873689376e-05,0.0001,2025-03-12T16:00Z,0,3,4.0,4.0
RAYUSDT,2025-03-12T20:00Z,PANEL_RIGHT,5e-05,4.999999873689376e-05,0.0001,2025-03-12T20:00Z,0,3,4.0,4.0
RAYUSDT,2025-03-13T00:00Z,PANEL_RIGHT,5e-05,4.999999873689376e-05,0.0001,2025-03-13T00:00Z,0,3,4.0,4.0
VICUSDT,2025-03-13T00:00Z,PANEL_RIGHT,-0.00429433,-0.004294329788535833,-0.00664537,2025-03-13T00:00Z,0,3,4.0,4.0
RAYUSDT,2025-03-13T04:00Z,PANEL_RIGHT,5e-05,4.999999873689376e-05,0.0001,2025-03-13T04:00Z,0,3,4.0,4.0
RAYUSDT,2025-03-13T08:00Z,PANEL_RIGHT,5e-05,4.999999873689376e-05,0.0001,2025-03-13T08:00Z,0,3,4.0,4.0
RAYUSDT,2025-03-13T12:00Z,PANEL_RIGHT,5e-05,4.999999873689376e-05,0.0001,2025-03-13T12:00Z,0,3,4.0,4.0
RAYUSDT,2025-03-13T16:00Z,PANEL_RIGHT,5e-05,4.999999873689376e-05,0.0001,2025-03-13T16:00Z,0,3,4.0,4.0
RAYUSDT,2025-03-13T20:00Z,PANEL_RIGHT,5e-05,4.999999873689376e-05,0.0001,2025-03-13T20:00Z,0,3,4.0,4.0
RAYUSDT,2025-03-14T00:00Z,PANEL_RIGHT,5e-05,4.999999873689376e-05,0.0001,2025-03-14T00:00Z,0,3,4.0,4.0
RAYUSDT,2025-03-14T04:00Z,PANEL_RIGHT,5e-05,4.999999873689376e-05,0.0001,2025-03-14T04:00Z,0,3,4.0,4.0
RAYUSDT,2025-03-14T08:00Z,PANEL_RIGHT,5e-05,4.999999873689376e-05,0.0001,2025-03-14T08:00Z,0,3,4.0,4.0
RAYUSDT,2025-03-14T12:00Z,PANEL_RIGHT,5e-05,4.999999873689376e-05,0.0001,2025-03-14T12:00Z,0,3,4.0,4.0
RAYUSDT,2025-03-14T16:00Z,PANEL_RIGHT,5e-05,4.999999873689376e-05,0.0001,2025-03-14T16:00Z,0,3,4.0,4.0
RAYUSDT,2025-03-14T20:00Z,PANEL_RIGHT,5e-05,4.999999873689376e-05,0.0001,2025-03-14T20:00Z,0,3,4.0,4.0
RAYUSDT,2025-03-15T00:00Z,PANEL_RIGHT,5e-05,4.999999873689376e-05,0.0001,2025-03-15T00:00Z,0,3,4.0,4.0
RAYUSDT,2025-03-15T04:00Z,PANEL_RIGHT,5e-05,4.999999873689376e-05,0.0001,2025-03-15T04:00Z,0,3,4.0,4.0
RAYUSDT,2025-03-15T08:00Z,PANEL_RIGHT,5e-05,4.999999873689376e-05,0.0001,2025-03-15T08:00Z,0,3,4.0,4.0
RAYUSDT,2025-03-15T12:00Z,PANEL_RIGHT,5e-05,4.999999873689376e-05,0.0001,2025-03-15T12:00Z,0,3,4.0,4.0
RAYUSDT,2025-03-15T16:00Z,PANEL_RIGHT,5e-05,4.999999873689376e-05,0.0001,2025-03-15T16:00Z,0,3,4.0,4.0
RAYUSDT,2025-03-15T20:00Z,PANEL_RIGHT,5e-05,4.999999873689376e-05,0.0001,2025-03-15T20:00Z,0,3,4.0,4.0
RAYUSDT,2025-03-16T00:00Z,PANEL_RIGHT,5e-05,4.999999873689376e-05,0.0001,2025-03-16T00:00Z,0,3,4.0,4.0
RAYUSDT,2025-03-16T04:00Z,PANEL_RIGHT,5e-05,4.999999873689376e-05,0.0001,2025-03-16T04:00Z,0,3,4.0,4.0
RAYUSDT,2025-03-16T08:00Z,PANEL_RIGHT,5e-05,4.999999873689376e-05,0.0001,2025-03-16T08:00Z,0,3,4.0,4.0
RAYUSDT,2025-03-16T12:00Z,PANEL_RIGHT,5e-05,4.999999873689376e-05,0.0001,2025-03-16T12:00Z,0,3,4.0,4.0
RAYUSDT,2025-03-16T16:00Z,PANEL_RIGHT,5e-05,4.999999873689376e-05,0.0001,2025-03-16T16:00Z,0,3,4.0,4.0
RAYUSDT,2025-03-16T20:00Z,PANEL_RIGHT,5e-05,4.999999873689376e-05,0.0001,2025-03-16T20:00Z,0,3,4.0,4.0
RAYUSDT,2025-03-17T00:00Z,PANEL_RIGHT,5e-05,4.999999873689376e-05,0.0001,2025-03-17T00:00Z,0,3,4.0,4.0
RAYUSDT,2025-03-17T04:00Z,PANEL_RIGHT,5e-05,4.999999873689376e-05,0.0001,2025-03-17T04:00Z,0,3,4.0,4.0
RAYUSDT,2025-03-17T08:00Z,PANEL_RIGHT,5e-05,4.999999873689376e-05,0.0001,2025-03-17T08:00Z,0,3,4.0,4.0
RAYUSDT,2025-03-17T12:00Z,PANEL_RIGHT,5e-05,4.999999873689376e-05,0.0001,2025-03-17T12:00Z,0,3,4.0,4.0
RAYUSDT,2025-03-17T16:00Z,PANEL_RIGHT,5e-05,4.999999873689376e-05,0.0001,2025-03-17T16:00Z,0,3,4.0,4.0
BMTUSDT,2025-03-17T20:00Z,PANEL_RIGHT,-0.0002294,-0.0002294000005349517,5e-05,2025-03-17T20:00Z,0,3,4.0,4.0
MUBARAKUSDT,2025-03-17T20:00Z,PANEL_RIGHT,5e-05,4.999999873689376e-05,0.00066458,2025-03-17T20:00Z,0,3,4.0,4.0
RAYUSDT,2025-03-17T20:00Z,PANEL_RIGHT,5e-05,4.999999873689376e-05,0.0001,2025-03-17T20:00Z,0,3,4.0,4.0
RAYUSDT,2025-03-18T00:00Z,PANEL_RIGHT,5e-05,4.999999873689376e-05,0.0001,2025-03-18T00:00Z,0,3,4.0,4.0
RAYUSDT,2025-03-18T04:00Z,PANEL_RIGHT,5e-05,4.999999873689376e-05,0.0001,2025-03-18T04:00Z,0,3,4.0,4.0
RAYUSDT,2025-03-18T08:00Z,PANEL_RIGHT,5e-05,4.999999873689376e-05,0.0001,2025-03-18T08:00Z,0,3,4.0,4.0
RAYUSDT,2025-03-18T12:00Z,PANEL_RIGHT,5e-05,4.999999873689376e-05,0.0001,2025-03-18T12:00Z,0,3,4.0,4.0
RAYUSDT,2025-03-18T16:00Z,PANEL_RIGHT,5e-05,4.999999873689376e-05,0.0001,2025-03-18T16:00Z,0,3,4.0,4.0
RAYUSDT,2025-03-18T20:00Z,PANEL_RIGHT,5e-05,4.999999873689376e-05,0.0001,2025-03-18T20:00Z,0,3,4.0,4.0
RAYUSDT,2025-03-19T00:00Z,PANEL_RIGHT,5e-05,4.999999873689376e-05,0.0001,2025-03-19T00:00Z,0,3,4.0,4.0
RAYUSDT,2025-03-19T04:00Z,PANEL_RIGHT,5e-05,4.999999873689376e-05,0.0001,2025-03-19T04:00Z,0,3,4.0,4.0
RAYUSDT,2025-03-19T08:00Z,PANEL_RIGHT,5e-05,4.999999873689376e-05,0.0001,2025-03-19T08:00Z,0,3,4.0,4.0
RAYUSDT,2025-03-19T12:00Z,PANEL_RIGHT,5e-05,4.999999873689376e-05,0.0001,2025-03-19T12:00Z,0,3,4.0,4.0
RAYUSDT,2025-03-19T16:00Z,PANEL_RIGHT,5e-05,4.999999873689376e-05,0.0001,2025-03-19T16:00Z,0,3,4.0,4.0
RAYUSDT,2025-03-19T20:00Z,PANEL_RIGHT,5e-05,4.999999873689376e-05,0.0001,2025-03-19T20:00Z,0,3,4.0,4.0
RAYUSDT,2025-03-20T00:00Z,PANEL_RIGHT,5e-05,4.999999873689376e-05,0.0001,2025-03-20T00:00Z,0,3,4.0,4.0
RAYUSDT,2025-03-20T04:00Z,PANEL_RIGHT,5e-05,4.999999873689376e-05,0.0001,2025-03-20T04:00Z,0,3,4.0,4.0
RAYUSDT,2025-03-20T08:00Z,PANEL_RIGHT,5e-05,4.999999873689376e-05,0.0001,2025-03-20T08:00Z,0,3,4.0,4.0
RAYUSDT,2025-03-20T12:00Z,PANEL_RIGHT,5e-05,4.999999873689376e-05,0.0001,2025-03-20T12:00Z,0,3,4.0,4.0
BIDUSDT,2025-03-20T16:00Z,PANEL_RIGHT,0.00096832,0.0009683200041763484,0.00426483,2025-03-20T16:00Z,0,3,4.0,4.0
RAYUSDT,2025-03-20T16:00Z,PANEL_RIGHT,5e-05,4.999999873689376e-05,0.0001,2025-03-20T16:00Z,0,3,4.0,4.0
RAYUSDT,2025-03-20T20:00Z,PANEL_RIGHT,5e-05,4.999999873689376e-05,0.0001,2025-03-20T20:00Z,0,3,4.0,4.0
RAYUSDT,2025-03-21T00:00Z,PANEL_RIGHT,5e-05,4.999999873689376e-05,0.0001,2025-03-21T00:00Z,0,3,4.0,4.0
RAYUSDT,2025-03-21T04:00Z,PANEL_RIGHT,5e-05,4.999999873689376e-05,0.0001,2025-03-21T04:00Z,0,3,4.0,4.0
RAYUSDT,2025-03-21T08:00Z,PANEL_RIGHT,5e-05,4.999999873689376e-05,0.0001,2025-03-21T08:00Z,0,3,4.0,4.0
RAYUSDT,2025-03-21T12:00Z,PANEL_RIGHT,5e-05,4.999999873689376e-05,0.0001,2025-03-21T12:00Z,0,3,4.0,4.0
RAYUSDT,2025-03-21T16:00Z,PANEL_RIGHT,5e-05,4.999999873689376e-05,0.0001,2025-03-21T16:00Z,0,3,4.0,4.0
BRUSDT,2025-03-21T20:00Z,PANEL_RIGHT,5e-05,4.999999873689376e-05,-0.00020593,2025-03-21T20:00Z,0,3,4.0,4.0
PLUMEUSDT,2025-03-21T20:00Z,PANEL_RIGHT,5e-05,4.999999873689376e-05,-0.00081105,2025-03-21T20:00Z,0,3,4.0,4.0
RAYUSDT,2025-03-21T20:00Z,PANEL_RIGHT,5e-05,4.999999873689376e-05,0.0001,2025-03-21T20:00Z,0,3,4.0,4.0
RAYUSDT,2025-03-22T00:00Z,PANEL_RIGHT,5e-05,4.999999873689376e-05,0.0001,2025-03-22T00:00Z,0,3,4.0,4.0
RAYUSDT,2025-03-22T04:00Z,PANEL_RIGHT,5e-05,4.999999873689376e-05,0.0001,2025-03-22T04:00Z,0,3,4.0,4.0
RAYUSDT,2025-03-22T08:00Z,PANEL_RIGHT,5e-05,4.999999873689376e-05,0.0001,2025-03-22T08:00Z,0,3,4.0,4.0
RAYUSDT,2025-03-22T12:00Z,PANEL_RIGHT,5e-05,4.999999873689376e-05,0.0001,2025-03-22T12:00Z,0,3,4.0,4.0
RAYUSDT,2025-03-22T16:00Z,PANEL_RIGHT,5e-05,4.999999873689376e-05,0.0001,2025-03-22T16:00Z,0,3,4.0,4.0
RAYUSDT,2025-03-22T20:00Z,PANEL_RIGHT,5e-05,4.999999873689376e-05,0.0001,2025-03-22T20:00Z,0,3,4.0,4.0
RAYUSDT,2025-03-23T00:00Z,PANEL_RIGHT,5e-05,4.999999873689376e-05,0.0001,2025-03-23T00:00Z,0,3,4.0,4.0
RAYUSDT,2025-03-23T04:00Z,PANEL_RIGHT,5e-05,4.999999873689376e-05,0.0001,2025-03-23T04:00Z,0,3,4.0,4.0
RAYUSDT,2025-03-23T08:00Z,PANEL_RIGHT,5e-05,4.999999873689376e-05,0.0001,2025-03-23T08:00Z,0,3,4.0,4.0
RAYUSDT,2025-03-23T12:00Z,PANEL_RIGHT,5e-05,4.999999873689376e-05,0.0001,2025-03-23T12:00Z,0,3,4.0,4.0
RAYUSDT,2025-03-23T16:00Z,PANEL_RIGHT,5e-05,4.999999873689376e-05,0.0001,2025-03-23T16:00Z,0,3,4.0,4.0
RAYUSDT,2025-03-23T20:00Z,PANEL_RIGHT,5e-05,4.999999873689376e-05,0.0001,2025-03-23T20:00Z,0,3,4.0,4.0
RAYUSDT,2025-03-24T00:00Z,PANEL_RIGHT,5e-05,4.999999873689376e-05,0.0001,2025-03-24T00:00Z,0,3,4.0,4.0
RAYUSDT,2025-03-24T04:00Z,PANEL_RIGHT,5e-05,4.999999873689376e-05,0.0001,2025-03-24T04:00Z,0,3,4.0,4.0
RAYUSDT,2025-03-24T08:00Z,PANEL_RIGHT,5e-05,4.999999873689376e-05,0.0001,2025-03-24T08:00Z,0,3,4.0,4.0
RAYUSDT,2025-03-24T12:00Z,PANEL_RIGHT,5e-05,4.999999873689376e-05,0.0001,2025-03-24T12:00Z,0,3,4.0,4.0
RAYUSDT,2025-03-24T16:00Z,PANEL_RIGHT,5e-05,4.999999873689376e-05,0.0001,2025-03-24T16:00Z,0,3,4.0,4.0
NILUSDT,2025-03-24T20:00Z,PANEL_RIGHT,5e-05,4.999999873689376e-05,-0.00088825,2025-03-24T20:00Z,0,3,4.0,4.0
RAYUSDT,2025-03-24T20:00Z,PANEL_RIGHT,5e-05,4.999999873689376e-05,0.0001,2025-03-24T20:00Z,0,3,4.0,4.0
RAYUSDT,2025-03-25T00:00Z,PANEL_RIGHT,5e-05,4.999999873689376e-05,0.0001,2025-03-25T00:00Z,0,3,4.0,4.0
RAYUSDT,2025-03-25T04:00Z,PANEL_RIGHT,5e-05,4.999999873689376e-05,0.0001,2025-03-25T04:00Z,0,3,4.0,4.0
RAYUSDT,2025-03-25T08:00Z,PANEL_RIGHT,5e-05,4.999999873689376e-05,0.0001,2025-03-25T08:00Z,0,3,4.0,4.0
RAYUSDT,2025-03-25T12:00Z,PANEL_RIGHT,5e-05,4.999999873689376e-05,0.0001,2025-03-25T12:00Z,0,3,4.0,4.0
RAYUSDT,2025-03-25T16:00Z,PANEL_RIGHT,5e-05,4.999999873689376e-05,0.0001,2025-03-25T16:00Z,0,3,4.0,4.0
PARTIUSDT,2025-03-25T20:00Z,PANEL_RIGHT,-0.00108621,-0.001086210017092526,-0.00058519,2025-03-25T20:00Z,0,3,4.0,4.0
RAYUSDT,2025-03-25T20:00Z,PANEL_RIGHT,5e-05,4.999999873689376e-05,0.0001,2025-03-25T20:00Z,0,3,4.0,4.0
RAYUSDT,2025-03-26T00:00Z,PANEL_RIGHT,5e-05,4.999999873689376e-05,0.0001,2025-03-26T00:00Z,0,3,4.0,4.0
RAYUSDT,2025-03-26T04:00Z,PANEL_RIGHT,5e-05,4.999999873689376e-05,0.0001,2025-03-26T04:00Z,0,3,4.0,4.0
RAYUSDT,2025-03-26T08:00Z,PANEL_RIGHT,5e-05,4.999999873689376e-05,0.0001,2025-03-26T08:00Z,0,3,4.0,4.0
RAYUSDT,2025-03-26T12:00Z,PANEL_RIGHT,5e-05,4.999999873689376e-05,0.0001,2025-03-26T12:00Z,0,3,4.0,4.0
RAYUSDT,2025-03-26T16:00Z,PANEL_RIGHT,5e-05,4.999999873689376e-05,0.0001,2025-03-26T16:00Z,0,3,4.0,4.0
RAYUSDT,2025-03-26T20:00Z,PANEL_RIGHT,5e-05,4.999999873689376e-05,0.0001,2025-03-26T20:00Z,0,3,4.0,4.0
RAYUSDT,2025-03-27T00:00Z,PANEL_RIGHT,5e-05,4.999999873689376e-05,0.0001,2025-03-27T00:00Z,0,3,4.0,4.0
MAVIAUSDT,2025-03-27T04:00Z,PANEL_RIGHT,2.999e-05,2.9990000257384963e-05,5e-05,2025-03-27T04:00Z,0,3,4.0,4.0
RAYUSDT,2025-03-27T04:00Z,PANEL_RIGHT,5e-05,4.999999873689376e-05,0.0001,2025-03-27T04:00Z,0,3,4.0,4.0
MAVIAUSDT,2025-03-27T08:00Z,PANEL_RIGHT,-0.00014596,-0.0001459600025555119,5e-05,2025-03-27T08:00Z,0,3,4.0,4.0
RAYUSDT,2025-03-27T08:00Z,PANEL_RIGHT,5e-05,4.999999873689376e-05,0.0001,2025-03-27T08:00Z,0,3,4.0,4.0
MAVIAUSDT,2025-03-27T12:00Z,PANEL_RIGHT,-0.00200473,-0.002004730049520731,5e-05,2025-03-27T12:00Z,0,3,4.0,4.0
RAYUSDT,2025-03-27T12:00Z,PANEL_RIGHT,5e-05,4.999999873689376e-05,0.0001,2025-03-27T12:00Z,0,3,4.0,4.0
MAVIAUSDT,2025-03-27T16:00Z,PANEL_RIGHT,-0.00032451,-0.0003245100087951869,-0.00014596,2025-03-27T16:00Z,0,3,4.0,4.0
RAYUSDT,2025-03-27T16:00Z,PANEL_RIGHT,5e-05,4.999999873689376e-05,0.0001,2025-03-27T16:00Z,0,3,4.0,4.0
RAYUSDT,2025-03-27T20:00Z,PANEL_RIGHT,5e-05,4.999999873689376e-05,0.0001,2025-03-27T20:00Z,0,3,4.0,4.0
WALUSDT,2025-03-27T20:00Z,PANEL_RIGHT,-0.01627966,-0.016279660165309906,-0.01299222,2025-03-27T20:00Z,0,3,4.0,4.0
RAYUSDT,2025-03-28T00:00Z,PANEL_RIGHT,5e-05,4.999999873689376e-05,0.0001,2025-03-28T00:00Z,0,3,4.0,4.0
RAYUSDT,2025-03-28T04:00Z,PANEL_RIGHT,5e-05,4.999999873689376e-05,0.0001,2025-03-28T04:00Z,0,3,4.0,4.0
RAYUSDT,2025-03-28T08:00Z,PANEL_RIGHT,5e-05,4.999999873689376e-05,0.0001,2025-03-28T08:00Z,0,3,4.0,4.0
RAYUSDT,2025-03-28T12:00Z,PANEL_RIGHT,5e-05,4.999999873689376e-05,0.0001,2025-03-28T12:00Z,0,3,4.0,4.0
RAYUSDT,2025-03-28T16:00Z,PANEL_RIGHT,5e-05,4.999999873689376e-05,0.0001,2025-03-28T16:00Z,0,3,4.0,4.0
RAYUSDT,2025-03-28T20:00Z,PANEL_RIGHT,5e-05,4.999999873689376e-05,0.0001,2025-03-28T20:00Z,0,3,4.0,4.0
RAYUSDT,2025-03-29T00:00Z,PANEL_RIGHT,5e-05,4.999999873689376e-05,0.0001,2025-03-29T00:00Z,0,3,4.0,4.0
RAYUSDT,2025-03-29T04:00Z,PANEL_RIGHT,5e-05,4.999999873689376e-05,0.0001,2025-03-29T04:00Z,0,3,4.0,4.0
RAYUSDT,2025-03-29T08:00Z,PANEL_RIGHT,5e-05,4.999999873689376e-05,0.0001,2025-03-29T08:00Z,0,3,4.0,4.0
RAYUSDT,2025-03-29T12:00Z,PANEL_RIGHT,5e-05,4.999999873689376e-05,0.0001,2025-03-29T12:00Z,0,3,4.0,4.0
RAYUSDT,2025-03-29T16:00Z,PANEL_RIGHT,5e-05,4.999999873689376e-05,0.0001,2025-03-29T16:00Z,0,3,4.0,4.0
RAYUSDT,2025-03-29T20:00Z,PANEL_RIGHT,5e-05,4.999999873689376e-05,0.0001,2025-03-29T20:00Z,0,3,4.0,4.0
RAYUSDT,2025-03-30T00:00Z,PANEL_RIGHT,5e-05,4.999999873689376e-05,0.0001,2025-03-30T00:00Z,0,3,4.0,4.0
RAYUSDT,2025-03-30T04:00Z,PANEL_RIGHT,5e-05,4.999999873689376e-05,0.0001,2025-03-30T04:00Z,0,3,4.0,4.0
RAYUSDT,2025-03-30T08:00Z,PANEL_RIGHT,5e-05,4.999999873689376e-05,0.0001,2025-03-30T08:00Z,0,3,4.0,4.0
RAYUSDT,2025-03-30T12:00Z,PANEL_RIGHT,5e-05,4.999999873689376e-05,0.0001,2025-03-30T12:00Z,0,3,4.0,4.0
RAYUSDT,2025-03-30T16:00Z,PANEL_RIGHT,5e-05,4.999999873689376e-05,0.0001,2025-03-30T16:00Z,0,3,4.0,4.0
RAYUSDT,2025-03-30T20:00Z,PANEL_RIGHT,5e-05,4.999999873689376e-05,0.0001,2025-03-30T20:00Z,0,3,4.0,4.0
RAYUSDT,2025-03-31T00:00Z,PANEL_RIGHT,5e-05,4.999999873689376e-05,0.0001,2025-03-31T00:00Z,0,3,4.0,4.0
RAYUSDT,2025-03-31T04:00Z,PANEL_RIGHT,5e-05,4.999999873689376e-05,0.0001,2025-03-31T04:00Z,0,3,4.0,4.0
RAYUSDT,2025-03-31T08:00Z,PANEL_RIGHT,5e-05,4.999999873689376e-05,0.0001,2025-03-31T08:00Z,0,3,4.0,4.0
RAYUSDT,2025-03-31T12:00Z,PANEL_RIGHT,5e-05,4.999999873689376e-05,0.0001,2025-03-31T12:00Z,0,3,4.0,4.0
FUNUSDT,2025-03-31T16:00Z,PANEL_RIGHT,-0.00108013,-0.0010801299940794706,-0.00528573,2025-03-31T16:00Z,0,3,4.0,4.0
MLNUSDT,2025-03-31T16:00Z,PANEL_RIGHT,-0.00471895,-0.004718950018286705,-0.00863594,2025-03-31T16:00Z,0,3,4.0,4.0
RAYUSDT,2025-03-31T16:00Z,PANEL_RIGHT,5e-05,4.999999873689376e-05,0.0001,2025-03-31T16:00Z,0,3,4.0,4.0
GUNUSDT,2025-03-31T20:00Z,PANEL_RIGHT,-0.00012218,-0.00012218000483699143,-0.00055867,2025-03-31T20:00Z,0,3,4.0,4.0
RAYUSDT,2025-03-31T20:00Z,PANEL_RIGHT,5e-05,4.999999873689376e-05,0.0001,2025-03-31T20:00Z,0,3,4.0,4.0
RAYUSDT,2025-04-01T00:00Z,PANEL_RIGHT,5e-05,4.999999873689376e-05,0.0001,2025-04-01T00:00Z,0,3,4.0,4.0
RAYUSDT,2025-04-01T04:00Z,PANEL_RIGHT,5e-05,4.999999873689376e-05,0.0001,2025-04-01T04:00Z,0,3,4.0,4.0
RAYUSDT,2025-04-01T08:00Z,PANEL_RIGHT,5e-05,4.999999873689376e-05,0.0001,2025-04-01T08:00Z,0,3,4.0,4.0
RAYUSDT,2025-04-01T12:00Z,PANEL_RIGHT,5e-05,4.999999873689376e-05,0.0001,2025-04-01T12:00Z,0,3,4.0,4.0
RAYUSDT,2025-04-01T16:00Z,PANEL_RIGHT,5e-05,4.999999873689376e-05,0.0001,2025-04-01T16:00Z,0,3,4.0,4.0
RAYUSDT,2025-04-01T20:00Z,PANEL_RIGHT,5e-05,4.999999873689376e-05,0.0001,2025-04-01T20:00Z,0,3,4.0,4.0
RAYUSDT,2025-04-02T00:00Z,PANEL_RIGHT,5e-05,4.999999873689376e-05,0.0001,2025-04-02T00:00Z,0,3,4.0,4.0
RAYUSDT,2025-04-02T04:00Z,PANEL_RIGHT,5e-05,4.999999873689376e-05,0.0001,2025-04-02T04:00Z,0,3,4.0,4.0
RAYUSDT,2025-04-02T08:00Z,PANEL_RIGHT,5e-05,4.999999873689376e-05,0.0001,2025-04-02T08:00Z,0,3,4.0,4.0
RAYUSDT,2025-04-02T12:00Z,PANEL_RIGHT,5e-05,4.999999873689376e-05,0.0001,2025-04-02T12:00Z,0,3,4.0,4.0
RAYUSDT,2025-04-02T16:00Z,PANEL_RIGHT,5e-05,4.999999873689376e-05,0.0001,2025-04-02T16:00Z,0,3,4.0,4.0
ATHUSDT,2025-04-02T20:00Z,PANEL_RIGHT,-0.0008793,-0.0008793000015430152,-0.00081549,2025-04-02T20:00Z,0,3,4.0,4.0
RAYUSDT,2025-04-02T20:00Z,PANEL_RIGHT,5e-05,4.999999873689376e-05,0.0001,2025-04-02T20:00Z,0,3,4.0,4.0
RAYUSDT,2025-04-03T00:00Z,PANEL_RIGHT,5e-05,4.999999873689376e-05,0.0001,2025-04-03T00:00Z,0,3,4.0,4.0
RAYUSDT,2025-04-03T04:00Z,PANEL_RIGHT,5e-05,4.999999873689376e-05,0.0001,2025-04-03T04:00Z,0,3,4.0,4.0
RAYUSDT,2025-04-03T08:00Z,PANEL_RIGHT,5e-05,4.999999873689376e-05,0.0001,2025-04-03T08:00Z,0,3,4.0,4.0
RAYUSDT,2025-04-03T12:00Z,PANEL_RIGHT,5e-05,4.999999873689376e-05,0.0001,2025-04-03T12:00Z,0,3,4.0,4.0
RAYUSDT,2025-04-03T16:00Z,PANEL_RIGHT,5e-05,4.999999873689376e-05,0.0001,2025-04-03T16:00Z,0,3,4.0,4.0
RAYUSDT,2025-04-03T20:00Z,PANEL_RIGHT,5e-05,4.999999873689376e-05,0.0001,2025-04-03T20:00Z,0,3,4.0,4.0
RAYUSDT,2025-04-04T00:00Z,PANEL_RIGHT,5e-05,4.999999873689376e-05,0.0001,2025-04-04T00:00Z,0,3,4.0,4.0
RAYUSDT,2025-04-04T04:00Z,PANEL_RIGHT,5e-05,4.999999873689376e-05,0.0001,2025-04-04T04:00Z,0,3,4.0,4.0
RAYUSDT,2025-04-04T08:00Z,PANEL_RIGHT,5e-05,4.999999873689376e-05,0.0001,2025-04-04T08:00Z,0,3,4.0,4.0
RAYUSDT,2025-04-04T12:00Z,PANEL_RIGHT,5e-05,4.999999873689376e-05,0.0001,2025-04-04T12:00Z,0,3,4.0,4.0
RAYUSDT,2025-04-04T16:00Z,PANEL_RIGHT,5e-05,4.999999873689376e-05,0.0001,2025-04-04T16:00Z,0,3,4.0,4.0
RAYUSDT,2025-04-04T20:00Z,PANEL_RIGHT,5e-05,4.999999873689376e-05,0.0001,2025-04-04T20:00Z,0,3,4.0,4.0
RAYUSDT,2025-04-05T00:00Z,PANEL_RIGHT,5e-05,4.999999873689376e-05,0.0001,2025-04-05T00:00Z,0,3,4.0,4.0
RAYUSDT,2025-04-05T04:00Z,PANEL_RIGHT,5e-05,4.999999873689376e-05,0.0001,2025-04-05T04:00Z,0,3,4.0,4.0
RAYUSDT,2025-04-05T08:00Z,PANEL_RIGHT,5e-05,4.999999873689376e-05,0.0001,2025-04-05T08:00Z,0,3,4.0,4.0
RAYUSDT,2025-04-05T12:00Z,PANEL_RIGHT,5e-05,4.999999873689376e-05,0.0001,2025-04-05T12:00Z,0,3,4.0,4.0
RAYUSDT,2025-04-05T16:00Z,PANEL_RIGHT,5e-05,4.999999873689376e-05,0.0001,2025-04-05T16:00Z,0,3,4.0,4.0
RAYUSDT,2025-04-05T20:00Z,PANEL_RIGHT,5e-05,4.999999873689376e-05,0.0001,2025-04-05T20:00Z,0,3,4.0,4.0
RAYUSDT,2025-04-06T00:00Z,PANEL_RIGHT,5e-05,4.999999873689376e-05,0.0001,2025-04-06T00:00Z,0,3,4.0,4.0
RAYUSDT,2025-04-06T04:00Z,PANEL_RIGHT,5e-05,4.999999873689376e-05,0.0001,2025-04-06T04:00Z,0,3,4.0,4.0
RAYUSDT,2025-04-06T08:00Z,PANEL_RIGHT,5e-05,4.999999873689376e-05,0.0001,2025-04-06T08:00Z,0,3,4.0,4.0
RAYUSDT,2025-04-06T12:00Z,PANEL_RIGHT,5e-05,4.999999873689376e-05,0.0001,2025-04-06T12:00Z,0,3,4.0,4.0
RAYUSDT,2025-04-06T16:00Z,PANEL_RIGHT,5e-05,4.999999873689376e-05,0.0001,2025-04-06T16:00Z,0,3,4.0,4.0
RAYUSDT,2025-04-06T20:00Z,PANEL_RIGHT,5e-05,4.999999873689376e-05,0.0001,2025-04-06T20:00Z,0,3,4.0,4.0
RAYUSDT,2025-04-07T00:00Z,PANEL_RIGHT,5e-05,4.999999873689376e-05,0.0001,2025-04-07T00:00Z,0,3,4.0,4.0
RAYUSDT,2025-04-07T04:00Z,PANEL_RIGHT,5e-05,4.999999873689376e-05,0.0001,2025-04-07T04:00Z,0,3,4.0,4.0
RAYUSDT,2025-04-07T08:00Z,PANEL_RIGHT,5e-05,4.999999873689376e-05,0.0001,2025-04-07T08:00Z,0,3,4.0,4.0
RAYUSDT,2025-04-07T12:00Z,PANEL_RIGHT,5e-05,4.999999873689376e-05,0.0001,2025-04-07T12:00Z,0,3,4.0,4.0
RAYUSDT,2025-04-07T16:00Z,PANEL_RIGHT,5e-05,4.999999873689376e-05,0.0001,2025-04-07T16:00Z,0,3,4.0,4.0
RAYUSDT,2025-04-07T20:00Z,PANEL_RIGHT,5e-05,4.999999873689376e-05,0.0001,2025-04-07T20:00Z,0,3,4.0,4.0
RAYUSDT,2025-04-08T00:00Z,PANEL_RIGHT,5e-05,4.999999873689376e-05,0.0001,2025-04-08T00:00Z,0,3,4.0,4.0
RAYUSDT,2025-04-08T04:00Z,PANEL_RIGHT,5e-05,4.999999873689376e-05,0.0001,2025-04-08T04:00Z,0,3,4.0,4.0
RAYUSDT,2025-04-08T08:00Z,PANEL_RIGHT,5e-05,4.999999873689376e-05,0.0001,2025-04-08T08:00Z,0,3,4.0,4.0
RAYUSDT,2025-04-08T12:00Z,PANEL_RIGHT,5e-05,4.999999873689376e-05,0.0001,2025-04-08T12:00Z,0,3,4.0,4.0
RAYUSDT,2025-04-08T16:00Z,PANEL_RIGHT,5e-05,4.999999873689376e-05,0.0001,2025-04-08T16:00Z,0,3,4.0,4.0
RAYUSDT,2025-04-08T20:00Z,PANEL_RIGHT,5e-05,4.999999873689376e-05,0.0001,2025-04-08T20:00Z,0,3,4.0,4.0
RAYUSDT,2025-04-09T00:00Z,PANEL_RIGHT,5e-05,4.999999873689376e-05,0.0001,2025-04-09T00:00Z,0,3,4.0,4.0
RAYUSDT,2025-04-09T04:00Z,PANEL_RIGHT,5e-05,4.999999873689376e-05,0.0001,2025-04-09T04:00Z,0,3,4.0,4.0
RAYUSDT,2025-04-09T08:00Z,PANEL_RIGHT,5e-05,4.999999873689376e-05,0.0001,2025-04-09T08:00Z,0,3,4.0,4.0
RAYUSDT,2025-04-09T12:00Z,PANEL_RIGHT,5e-05,4.999999873689376e-05,0.0001,2025-04-09T12:00Z,0,3,4.0,4.0
RAYUSDT,2025-04-09T16:00Z,PANEL_RIGHT,5e-05,4.999999873689376e-05,0.0001,2025-04-09T16:00Z,0,3,4.0,4.0
RAYUSDT,2025-04-09T20:00Z,PANEL_RIGHT,5e-05,4.999999873689376e-05,0.0001,2025-04-09T20:00Z,0,3,4.0,4.0
RAYUSDT,2025-04-10T00:00Z,PANEL_RIGHT,5e-05,4.999999873689376e-05,0.0001,2025-04-10T00:00Z,0,3,4.0,4.0
RAYUSDT,2025-04-10T04:00Z,PANEL_RIGHT,5e-05,4.999999873689376e-05,0.0001,2025-04-10T04:00Z,0,3,4.0,4.0
RAYUSDT,2025-04-10T08:00Z,PANEL_RIGHT,5e-05,4.999999873689376e-05,0.0001,2025-04-10T08:00Z,0,3,4.0,4.0
RAYUSDT,2025-04-10T12:00Z,PANEL_RIGHT,5e-05,4.999999873689376e-05,0.0001,2025-04-10T12:00Z,0,3,4.0,4.0
RAYUSDT,2025-04-10T16:00Z,PANEL_RIGHT,5e-05,4.999999873689376e-05,0.0001,2025-04-10T16:00Z,0,3,4.0,4.0
RAYUSDT,2025-04-10T20:00Z,PANEL_RIGHT,5e-05,4.999999873689376e-05,0.0001,2025-04-10T20:00Z,0,3,4.0,4.0
RAYUSDT,2025-04-11T00:00Z,PANEL_RIGHT,5e-05,4.999999873689376e-05,0.0001,2025-04-11T00:00Z,0,3,4.0,4.0
RAYUSDT,2025-04-11T04:00Z,PANEL_RIGHT,5e-05,4.999999873689376e-05,0.0001,2025-04-11T04:00Z,0,3,4.0,4.0
RAYUSDT,2025-04-11T08:00Z,PANEL_RIGHT,5e-05,4.999999873689376e-05,0.0001,2025-04-11T08:00Z,0,3,4.0,4.0
PROMPTUSDT,2025-04-11T12:00Z,PANEL_RIGHT,-0.00407833,-0.004078330006450415,-0.00378358,2025-04-11T12:00Z,0,3,4.0,4.0
RAYUSDT,2025-04-11T12:00Z,PANEL_RIGHT,5e-05,4.999999873689376e-05,0.0001,2025-04-11T12:00Z,0,3,4.0,4.0
RAYUSDT,2025-04-11T16:00Z,PANEL_RIGHT,5e-05,4.999999873689376e-05,0.0001,2025-04-11T16:00Z,0,3,4.0,4.0
RAYUSDT,2025-04-11T20:00Z,PANEL_RIGHT,5e-05,4.999999873689376e-05,0.0001,2025-04-11T20:00Z,0,3,4.0,4.0
XCNUSDT,2025-04-11T20:00Z,PANEL_RIGHT,-0.00348832,-0.0034883199259638786,-0.00398709,2025-04-11T20:00Z,0,3,4.0,4.0
RAYUSDT,2025-04-12T00:00Z,PANEL_RIGHT,5e-05,4.999999873689376e-05,0.0001,2025-04-12T00:00Z,0,3,4.0,4.0
RAYUSDT,2025-04-12T04:00Z,PANEL_RIGHT,5e-05,4.999999873689376e-05,0.0001,2025-04-12T04:00Z,0,3,4.0,4.0
RAYUSDT,2025-04-12T08:00Z,PANEL_RIGHT,5e-05,4.999999873689376e-05,0.0001,2025-04-12T08:00Z,0,3,4.0,4.0
RAYUSDT,2025-04-12T12:00Z,PANEL_RIGHT,5e-05,4.999999873689376e-05,0.0001,2025-04-12T12:00Z,0,3,4.0,4.0
RAYUSDT,2025-04-12T16:00Z,PANEL_RIGHT,5e-05,4.999999873689376e-05,0.0001,2025-04-12T16:00Z,0,3,4.0,4.0
FHEUSDT,2025-04-12T20:00Z,PANEL_RIGHT,0.00027198,0.00027198001043871045,0.00150729,2025-04-12T20:00Z,0,3,4.0,4.0
PUMPUSDT,2025-04-12T20:00Z,PANEL_RIGHT,0.00033829,0.0003382900031283498,8.823e-05,2025-04-12T20:00Z,0,3,4.0,4.0
RAYUSDT,2025-04-12T20:00Z,PANEL_RIGHT,5e-05,4.999999873689376e-05,0.0001,2025-04-12T20:00Z,0,3,4.0,4.0
STOUSDT,2025-04-12T20:00Z,PANEL_RIGHT,0.00074145,0.0007414499996230006,0.00337023,2025-04-12T20:00Z,0,3,4.0,4.0
RAYUSDT,2025-04-13T00:00Z,PANEL_RIGHT,5e-05,4.999999873689376e-05,0.0001,2025-04-13T00:00Z,0,3,4.0,4.0
RAYUSDT,2025-04-13T04:00Z,PANEL_RIGHT,5e-05,4.999999873689376e-05,0.0001,2025-04-13T04:00Z,0,3,4.0,4.0
RAYUSDT,2025-04-13T08:00Z,PANEL_RIGHT,5e-05,4.999999873689376e-05,0.0001,2025-04-13T08:00Z,0,3,4.0,4.0
RAYUSDT,2025-04-13T12:00Z,PANEL_RIGHT,5e-05,4.999999873689376e-05,0.0001,2025-04-13T12:00Z,0,3,4.0,4.0
RAYUSDT,2025-04-13T16:00Z,PANEL_RIGHT,5e-05,4.999999873689376e-05,0.0001,2025-04-13T16:00Z,0,3,4.0,4.0
RAYUSDT,2025-04-13T20:00Z,PANEL_RIGHT,5e-05,4.999999873689376e-05,0.0001,2025-04-13T20:00Z,0,3,4.0,4.0
RAYUSDT,2025-04-14T00:00Z,PANEL_RIGHT,5e-05,4.999999873689376e-05,0.0001,2025-04-14T00:00Z,0,3,4.0,4.0
RAYUSDT,2025-04-14T04:00Z,PANEL_RIGHT,5e-05,4.999999873689376e-05,0.0001,2025-04-14T04:00Z,0,3,4.0,4.0
RAYUSDT,2025-04-14T08:00Z,PANEL_RIGHT,5e-05,4.999999873689376e-05,0.0001,2025-04-14T08:00Z,0,3,4.0,4.0
RAYUSDT,2025-04-14T12:00Z,PANEL_RIGHT,5e-05,4.999999873689376e-05,0.0001,2025-04-14T12:00Z,0,3,4.0,4.0
RAYUSDT,2025-04-14T16:00Z,PANEL_RIGHT,5e-05,4.999999873689376e-05,0.0001,2025-04-14T16:00Z,0,3,4.0,4.0
KERNELUSDT,2025-04-14T20:00Z,PANEL_RIGHT,-0.00158528,-0.0015852800570428371,-0.00048061,2025-04-14T20:00Z,0,3,4.0,4.0
RAYUSDT,2025-04-14T20:00Z,PANEL_RIGHT,5e-05,4.999999873689376e-05,0.0001,2025-04-14T20:00Z,0,3,4.0,4.0
RAYUSDT,2025-04-15T00:00Z,PANEL_RIGHT,5e-05,4.999999873689376e-05,0.0001,2025-04-15T00:00Z,0,3,4.0,4.0
RAYUSDT,2025-04-15T04:00Z,PANEL_RIGHT,5e-05,4.999999873689376e-05,0.0001,2025-04-15T04:00Z,0,3,4.0,4.0
RAYUSDT,2025-04-15T08:00Z,PANEL_RIGHT,5e-05,4.999999873689376e-05,0.0001,2025-04-15T08:00Z,0,3,4.0,4.0
RAYUSDT,2025-04-15T12:00Z,PANEL_RIGHT,5e-05,4.999999873689376e-05,0.0001,2025-04-15T12:00Z,0,3,4.0,4.0
RAYUSDT,2025-04-15T16:00Z,PANEL_RIGHT,5e-05,4.999999873689376e-05,0.0001,2025-04-15T16:00Z,0,3,4.0,4.0
WCTUSDT,2025-04-15T16:00Z,PANEL_RIGHT,-0.00132122,-0.0013212199555709958,-0.00393612,2025-04-15T16:00Z,0,3,4.0,4.0
RAYUSDT,2025-04-15T20:00Z,PANEL_RIGHT,5e-05,4.999999873689376e-05,0.0001,2025-04-15T20:00Z,0,3,4.0,4.0
RAYUSDT,2025-04-16T00:00Z,PANEL_RIGHT,5e-05,4.999999873689376e-05,0.0001,2025-04-16T00:00Z,0,3,4.0,4.0
RAYUSDT,2025-04-16T04:00Z,PANEL_RIGHT,5e-05,4.999999873689376e-05,0.0001,2025-04-16T04:00Z,0,3,4.0,4.0
RAYUSDT,2025-04-16T08:00Z,PANEL_RIGHT,5e-05,4.999999873689376e-05,0.0001,2025-04-16T08:00Z,0,3,4.0,4.0
AERGOUSDT,2025-04-16T12:00Z,PANEL_RIGHT,-0.02,-0.019999999552965164,5e-05,2025-04-16T12:00Z,0,3,4.0,4.0
RAYUSDT,2025-04-16T12:00Z,PANEL_RIGHT,5e-05,4.999999873689376e-05,0.0001,2025-04-16T12:00Z,0,3,4.0,4.0
RAYUSDT,2025-04-16T16:00Z,PANEL_RIGHT,5e-05,4.999999873689376e-05,0.0001,2025-04-16T16:00Z,0,3,4.0,4.0
RAYUSDT,2025-04-16T20:00Z,PANEL_RIGHT,5e-05,4.999999873689376e-05,0.0001,2025-04-16T20:00Z,0,3,4.0,4.0
RAYUSDT,2025-04-17T00:00Z,PANEL_RIGHT,5e-05,4.999999873689376e-05,0.0001,2025-04-17T00:00Z,0,3,4.0,4.0
RAYUSDT,2025-04-17T04:00Z,PANEL_RIGHT,5e-05,4.999999873689376e-05,0.0001,2025-04-17T04:00Z,0,3,4.0,4.0
RAYUSDT,2025-04-17T08:00Z,PANEL_RIGHT,5e-05,4.999999873689376e-05,0.0001,2025-04-17T08:00Z,0,3,4.0,4.0
RAYUSDT,2025-04-17T12:00Z,PANEL_RIGHT,5e-05,4.999999873689376e-05,0.0001,2025-04-17T12:00Z,0,3,4.0,4.0
RAYUSDT,2025-04-17T16:00Z,PANEL_RIGHT,5e-05,4.999999873689376e-05,0.0001,2025-04-17T16:00Z,0,3,4.0,4.0
RAYUSDT,2025-04-17T20:00Z,PANEL_RIGHT,5e-05,4.999999873689376e-05,0.0001,2025-04-17T20:00Z,0,3,4.0,4.0
RAYUSDT,2025-04-18T00:00Z,PANEL_RIGHT,5e-05,4.999999873689376e-05,0.0001,2025-04-18T00:00Z,0,3,4.0,4.0
RAYUSDT,2025-04-18T04:00Z,PANEL_RIGHT,5e-05,4.999999873689376e-05,0.0001,2025-04-18T04:00Z,0,3,4.0,4.0
RAYUSDT,2025-04-18T08:00Z,PANEL_RIGHT,5e-05,4.999999873689376e-05,0.0001,2025-04-18T08:00Z,0,3,4.0,4.0
RAYUSDT,2025-04-18T12:00Z,PANEL_RIGHT,5e-05,4.999999873689376e-05,0.0001,2025-04-18T12:00Z,0,3,4.0,4.0
RAYUSDT,2025-04-18T16:00Z,PANEL_RIGHT,5e-05,4.999999873689376e-05,0.0001,2025-04-18T16:00Z,0,3,4.0,4.0
RAYUSDT,2025-04-18T20:00Z,PANEL_RIGHT,5e-05,4.999999873689376e-05,0.0001,2025-04-18T20:00Z,0,3,4.0,4.0
BANKUSDT,2025-04-19T00:00Z,PANEL_RIGHT,0.0022382,0.002238200046122074,0.00027773,2025-04-19T00:00Z,0,3,4.0,4.0
RAYUSDT,2025-04-19T00:00Z,PANEL_RIGHT,5e-05,4.999999873689376e-05,0.0001,2025-04-19T00:00Z,0,3,4.0,4.0
RAYUSDT,2025-04-19T04:00Z,PANEL_RIGHT,5e-05,4.999999873689376e-05,0.0001,2025-04-19T04:00Z,0,3,4.0,4.0
RAYUSDT,2025-04-19T08:00Z,PANEL_RIGHT,5e-05,4.999999873689376e-05,0.0001,2025-04-19T08:00Z,0,3,4.0,4.0
RAYUSDT,2025-04-19T12:00Z,PANEL_RIGHT,5e-05,4.999999873689376e-05,0.0001,2025-04-19T12:00Z,0,3,4.0,4.0
RAYUSDT,2025-04-19T16:00Z,PANEL_RIGHT,5e-05,4.999999873689376e-05,0.0001,2025-04-19T16:00Z,0,3,4.0,4.0
RAYUSDT,2025-04-19T20:00Z,PANEL_RIGHT,5e-05,4.999999873689376e-05,0.0001,2025-04-19T20:00Z,0,3,4.0,4.0
RAYUSDT,2025-04-20T00:00Z,PANEL_RIGHT,5e-05,4.999999873689376e-05,0.0001,2025-04-20T00:00Z,0,3,4.0,4.0
RAYUSDT,2025-04-20T04:00Z,PANEL_RIGHT,5e-05,4.999999873689376e-05,0.0001,2025-04-20T04:00Z,0,3,4.0,4.0
RAYUSDT,2025-04-20T08:00Z,PANEL_RIGHT,5e-05,4.999999873689376e-05,0.0001,2025-04-20T08:00Z,0,3,4.0,4.0
BROCCOLIF3BUSDT,2025-04-20T12:00Z,PANEL_RIGHT,0.00281199,0.0028119899798184633,0.01011322,2025-04-20T12:00Z,0,3,4.0,4.0
NKNUSDT,2025-04-20T12:00Z,PANEL_RIGHT,-0.01169759,-0.011697590351104736,-0.01790626,2025-04-20T12:00Z,0,3,4.0,4.0
RAYUSDT,2025-04-20T12:00Z,PANEL_RIGHT,5e-05,4.999999873689376e-05,0.0001,2025-04-20T12:00Z,0,3,4.0,4.0
RAYUSDT,2025-04-20T16:00Z,PANEL_RIGHT,5e-05,4.999999873689376e-05,0.0001,2025-04-20T16:00Z,0,3,4.0,4.0
RAYUSDT,2025-04-20T20:00Z,PANEL_RIGHT,5e-05,4.999999873689376e-05,0.0001,2025-04-20T20:00Z,0,3,4.0,4.0
RAYUSDT,2025-04-21T00:00Z,PANEL_RIGHT,5e-05,4.999999873689376e-05,0.0001,2025-04-21T00:00Z,0,3,4.0,4.0
RAYUSDT,2025-04-21T04:00Z,PANEL_RIGHT,5e-05,4.999999873689376e-05,0.0001,2025-04-21T04:00Z,0,3,4.0,4.0
RAYUSDT,2025-04-21T08:00Z,PANEL_RIGHT,5e-05,4.999999873689376e-05,0.0001,2025-04-21T08:00Z,0,3,4.0,4.0
RAYUSDT,2025-04-21T12:00Z,PANEL_RIGHT,5e-05,4.999999873689376e-05,0.0001,2025-04-21T12:00Z,0,3,4.0,4.0
RAYUSDT,2025-04-21T16:00Z,PANEL_RIGHT,5e-05,4.999999873689376e-05,0.0001,2025-04-21T16:00Z,0,3,4.0,4.0
EPTUSDT,2025-04-21T20:00Z,PANEL_RIGHT,-0.00052761,-0.0005276100127957761,-0.00103329,2025-04-21T20:00Z,0,3,4.0,4.0
MAGICUSDT,2025-04-21T20:00Z,PANEL_RIGHT,-0.02189346,-0.021893460303544998,-0.03,2025-04-21T20:00Z,0,3,4.0,4.0
RAYUSDT,2025-04-21T20:00Z,PANEL_RIGHT,5e-05,4.999999873689376e-05,0.0001,2025-04-21T20:00Z,0,3,4.0,4.0
RAYUSDT,2025-04-22T00:00Z,PANEL_RIGHT,5e-05,4.999999873689376e-05,0.0001,2025-04-22T00:00Z,0,3,4.0,4.0
RAYUSDT,2025-04-22T04:00Z,PANEL_RIGHT,5e-05,4.999999873689376e-05,0.0001,2025-04-22T04:00Z,0,3,4.0,4.0
RAYUSDT,2025-04-22T08:00Z,PANEL_RIGHT,5e-05,4.999999873689376e-05,0.0001,2025-04-22T08:00Z,0,3,4.0,4.0
RAYUSDT,2025-04-22T12:00Z,PANEL_RIGHT,5e-05,4.999999873689376e-05,0.0001,2025-04-22T12:00Z,0,3,4.0,4.0
DEEPUSDT,2025-04-22T16:00Z,PANEL_RIGHT,-0.00133017,-0.0013301699655130506,-0.00145658,2025-04-22T16:00Z,0,3,4.0,4.0
RAYUSDT,2025-04-22T16:00Z,PANEL_RIGHT,5e-05,4.999999873689376e-05,0.0001,2025-04-22T16:00Z,0,3,4.0,4.0
HYPERUSDT,2025-04-22T20:00Z,PANEL_RIGHT,5e-05,4.999999873689376e-05,-6.771e-05,2025-04-22T20:00Z,0,3,4.0,4.0
RAYUSDT,2025-04-22T20:00Z,PANEL_RIGHT,5e-05,4.999999873689376e-05,0.0001,2025-04-22T20:00Z,0,3,4.0,4.0
RAYUSDT,2025-04-23T00:00Z,PANEL_RIGHT,5e-05,4.999999873689376e-05,0.0001,2025-04-23T00:00Z,0,3,4.0,4.0
RAYUSDT,2025-04-23T04:00Z,PANEL_RIGHT,5e-05,4.999999873689376e-05,0.0001,2025-04-23T04:00Z,0,3,4.0,4.0
RAYUSDT,2025-04-23T08:00Z,PANEL_RIGHT,5e-05,4.999999873689376e-05,0.0001,2025-04-23T08:00Z,0,3,4.0,4.0
RAYUSDT,2025-04-23T12:00Z,PANEL_RIGHT,5e-05,4.999999873689376e-05,0.0001,2025-04-23T12:00Z,0,3,4.0,4.0
RAYUSDT,2025-04-23T16:00Z,PANEL_RIGHT,5e-05,4.999999873689376e-05,0.0001,2025-04-23T16:00Z,0,3,4.0,4.0
RAYUSDT,2025-04-23T20:00Z,PANEL_RIGHT,5e-05,4.999999873689376e-05,0.0001,2025-04-23T20:00Z,0,3,4.0,4.0
RAYUSDT,2025-04-24T00:00Z,PANEL_RIGHT,5e-05,4.999999873689376e-05,0.0001,2025-04-24T00:00Z,0,3,4.0,4.0
RAYUSDT,2025-04-24T04:00Z,PANEL_RIGHT,5e-05,4.999999873689376e-05,0.0001,2025-04-24T04:00Z,0,3,4.0,4.0
RAYUSDT,2025-04-24T08:00Z,PANEL_RIGHT,5e-05,4.999999873689376e-05,0.0001,2025-04-24T08:00Z,0,3,4.0,4.0
RAYUSDT,2025-04-24T12:00Z,PANEL_RIGHT,5e-05,4.999999873689376e-05,0.0001,2025-04-24T12:00Z,0,3,4.0,4.0
RAYUSDT,2025-04-24T16:00Z,PANEL_RIGHT,5e-05,4.999999873689376e-05,0.0001,2025-04-24T16:00Z,0,3,4.0,4.0
RAYUSDT,2025-04-24T20:00Z,PANEL_RIGHT,5e-05,4.999999873689376e-05,0.0001,2025-04-24T20:00Z,0,3,4.0,4.0
RAYUSDT,2025-04-25T00:00Z,PANEL_RIGHT,5e-05,4.999999873689376e-05,0.0001,2025-04-25T00:00Z,0,3,4.0,4.0
RAYUSDT,2025-04-25T04:00Z,PANEL_RIGHT,5e-05,4.999999873689376e-05,0.0001,2025-04-25T04:00Z,0,3,4.0,4.0
RAYUSDT,2025-04-25T08:00Z,PANEL_RIGHT,5e-05,4.999999873689376e-05,0.0001,2025-04-25T08:00Z,0,3,4.0,4.0
MEMEFIUSDT,2025-04-25T12:00Z,PANEL_RIGHT,0.00016059,0.00016059000336099416,5e-05,2025-04-25T12:00Z,0,3,4.0,4.0
RAYUSDT,2025-04-25T12:00Z,PANEL_RIGHT,5e-05,4.999999873689376e-05,0.0001,2025-04-25T12:00Z,0,3,4.0,4.0
RAYUSDT,2025-04-25T16:00Z,PANEL_RIGHT,5e-05,4.999999873689376e-05,0.0001,2025-04-25T16:00Z,0,3,4.0,4.0
RAYUSDT,2025-04-25T20:00Z,PANEL_RIGHT,5e-05,4.999999873689376e-05,0.0001,2025-04-25T20:00Z,0,3,4.0,4.0
RAYUSDT,2025-04-26T00:00Z,PANEL_RIGHT,5e-05,4.999999873689376e-05,0.0001,2025-04-26T00:00Z,0,3,4.0,4.0
RAYUSDT,2025-04-26T04:00Z,PANEL_RIGHT,5e-05,4.999999873689376e-05,0.0001,2025-04-26T04:00Z,0,3,4.0,4.0
RAYUSDT,2025-04-26T08:00Z,PANEL_RIGHT,5e-05,4.999999873689376e-05,0.0001,2025-04-26T08:00Z,0,3,4.0,4.0
RAYUSDT,2025-04-26T12:00Z,PANEL_RIGHT,5e-05,4.999999873689376e-05,0.0001,2025-04-26T12:00Z,0,3,4.0,4.0
RAYUSDT,2025-04-26T16:00Z,PANEL_RIGHT,5e-05,4.999999873689376e-05,0.0001,2025-04-26T16:00Z,0,3,4.0,4.0
RAYUSDT,2025-04-26T20:00Z,PANEL_RIGHT,5e-05,4.999999873689376e-05,0.0001,2025-04-26T20:00Z,0,3,4.0,4.0
RAYUSDT,2025-04-27T00:00Z,PANEL_RIGHT,5e-05,4.999999873689376e-05,0.0001,2025-04-27T00:00Z,0,3,4.0,4.0
RAYUSDT,2025-04-27T04:00Z,PANEL_RIGHT,5e-05,4.999999873689376e-05,0.0001,2025-04-27T04:00Z,0,3,4.0,4.0
RAYUSDT,2025-04-27T08:00Z,PANEL_RIGHT,5e-05,4.999999873689376e-05,0.0001,2025-04-27T08:00Z,0,3,4.0,4.0
RAYUSDT,2025-04-27T12:00Z,PANEL_RIGHT,5e-05,4.999999873689376e-05,0.0001,2025-04-27T12:00Z,0,3,4.0,4.0
RAYUSDT,2025-04-27T16:00Z,PANEL_RIGHT,5e-05,4.999999873689376e-05,0.0001,2025-04-27T16:00Z,0,3,4.0,4.0
RAYUSDT,2025-04-27T20:00Z,PANEL_RIGHT,5e-05,4.999999873689376e-05,0.0001,2025-04-27T20:00Z,0,3,4.0,4.0
RAYUSDT,2025-04-28T00:00Z,PANEL_RIGHT,5e-05,4.999999873689376e-05,0.0001,2025-04-28T00:00Z,0,3,4.0,4.0
RAYUSDT,2025-04-28T04:00Z,PANEL_RIGHT,5e-05,4.999999873689376e-05,0.0001,2025-04-28T04:00Z,0,3,4.0,4.0
RAYUSDT,2025-04-28T08:00Z,PANEL_RIGHT,5e-05,4.999999873689376e-05,0.0001,2025-04-28T08:00Z,0,3,4.0,4.0
RAYUSDT,2025-04-28T12:00Z,PANEL_RIGHT,5e-05,4.999999873689376e-05,0.0001,2025-04-28T12:00Z,0,3,4.0,4.0
JSTUSDT,2025-04-28T16:00Z,PANEL_RIGHT,5e-05,4.999999873689376e-05,-9.557e-05,2025-04-28T16:00Z,0,3,4.0,4.0
RAYUSDT,2025-04-28T16:00Z,PANEL_RIGHT,5e-05,4.999999873689376e-05,0.0001,2025-04-28T16:00Z,0,3,4.0,4.0
SIGNUSDT,2025-04-28T16:00Z,PANEL_RIGHT,-9.028e-05,-9.028000204125419e-05,-0.00386046,2025-04-28T16:00Z,0,3,4.0,4.0
RAYUSDT,2025-04-28T20:00Z,PANEL_RIGHT,5e-05,4.999999873689376e-05,0.0001,2025-04-28T20:00Z,0,3,4.0,4.0
RAYUSDT,2025-04-29T00:00Z,PANEL_RIGHT,5e-05,4.999999873689376e-05,0.0001,2025-04-29T00:00Z,0,3,4.0,4.0
RAYUSDT,2025-04-29T04:00Z,PANEL_RIGHT,5e-05,4.999999873689376e-05,0.0001,2025-04-29T04:00Z,0,3,4.0,4.0
RAYUSDT,2025-04-29T08:00Z,PANEL_RIGHT,5e-05,4.999999873689376e-05,0.0001,2025-04-29T08:00Z,0,3,4.0,4.0
RAYUSDT,2025-04-29T12:00Z,PANEL_RIGHT,5e-05,4.999999873689376e-05,0.0001,2025-04-29T12:00Z,0,3,4.0,4.0
RAYUSDT,2025-04-29T16:00Z,PANEL_RIGHT,5e-05,4.999999873689376e-05,0.0001,2025-04-29T16:00Z,0,3,4.0,4.0
RAYUSDT,2025-04-29T20:00Z,PANEL_RIGHT,5e-05,4.999999873689376e-05,0.0001,2025-04-29T20:00Z,0,3,4.0,4.0
RAYUSDT,2025-04-30T00:00Z,PANEL_RIGHT,5e-05,4.999999873689376e-05,0.0001,2025-04-30T00:00Z,0,3,4.0,4.0
RAYUSDT,2025-04-30T04:00Z,PANEL_RIGHT,5e-05,4.999999873689376e-05,0.0001,2025-04-30T04:00Z,0,3,4.0,4.0
RAYUSDT,2025-04-30T08:00Z,PANEL_RIGHT,5e-05,4.999999873689376e-05,0.0001,2025-04-30T08:00Z,0,3,4.0,4.0
CTKUSDT,2025-04-30T12:00Z,PANEL_RIGHT,5e-05,4.999999873689376e-05,0.0001,2025-04-30T12:00Z,0,3,4.0,4.0
RAYUSDT,2025-04-30T12:00Z,PANEL_RIGHT,5e-05,4.999999873689376e-05,0.0001,2025-04-30T12:00Z,0,3,4.0,4.0
CTKUSDT,2025-04-30T16:00Z,PANEL_RIGHT,5e-05,4.999999873689376e-05,0.0001,2025-04-30T16:00Z,0,3,4.0,4.0
PUNDIXUSDT,2025-04-30T16:00Z,PANEL_RIGHT,-0.00285071,-0.0028507099486887455,-0.00164167,2025-04-30T16:00Z,0,3,4.0,4.0
RAYUSDT,2025-04-30T16:00Z,PANEL_RIGHT,5e-05,4.999999873689376e-05,0.0001,2025-04-30T16:00Z,0,3,4.0,4.0
AIOTUSDT,2025-04-30T20:00Z,PANEL_RIGHT,0.00101855,0.0010185500141233206,0.00509555,2025-04-30T20:00Z,0,3,4.0,4.0
CTKUSDT,2025-04-30T20:00Z,PANEL_RIGHT,5e-05,4.999999873689376e-05,0.0001,2025-04-30T20:00Z,0,3,4.0,4.0
RAYUSDT,2025-04-30T20:00Z,PANEL_RIGHT,5e-05,4.999999873689376e-05,0.0001,2025-04-30T20:00Z,0,3,4.0,4.0
CTKUSDT,2025-05-01T00:00Z,PANEL_RIGHT,5e-05,4.999999873689376e-05,0.0001,2025-05-01T00:00Z,0,3,4.0,4.0
RAYUSDT,2025-05-01T00:00Z,PANEL_RIGHT,5e-05,4.999999873689376e-05,0.0001,2025-05-01T00:00Z,0,3,4.0,4.0
CTKUSDT,2025-05-01T04:00Z,PANEL_RIGHT,5e-05,4.999999873689376e-05,0.0001,2025-05-01T04:00Z,0,3,4.0,4.0
RAYUSDT,2025-05-01T04:00Z,PANEL_RIGHT,5e-05,4.999999873689376e-05,0.0001,2025-05-01T04:00Z,0,3,4.0,4.0
CTKUSDT,2025-05-01T08:00Z,PANEL_RIGHT,5e-05,4.999999873689376e-05,0.0001,2025-05-01T08:00Z,0,3,4.0,4.0
RAYUSDT,2025-05-01T08:00Z,PANEL_RIGHT,5e-05,4.999999873689376e-05,0.0001,2025-05-01T08:00Z,0,3,4.0,4.0
CTKUSDT,2025-05-01T12:00Z,PANEL_RIGHT,5e-05,4.999999873689376e-05,0.0001,2025-05-01T12:00Z,0,3,4.0,4.0
RAYUSDT,2025-05-01T12:00Z,PANEL_RIGHT,5e-05,4.999999873689376e-05,0.0001,2025-05-01T12:00Z,0,3,4.0,4.0
CTKUSDT,2025-05-01T16:00Z,PANEL_RIGHT,5e-05,4.999999873689376e-05,0.0001,2025-05-01T16:00Z,0,3,4.0,4.0
RAYUSDT,2025-05-01T16:00Z,PANEL_RIGHT,5e-05,4.999999873689376e-05,0.0001,2025-05-01T16:00Z,0,3,4.0,4.0
CTKUSDT,2025-05-01T20:00Z,PANEL_RIGHT,5e-05,4.999999873689376e-05,0.0001,2025-05-01T20:00Z,0,3,4.0,4.0
RAYUSDT,2025-05-01T20:00Z,PANEL_RIGHT,5e-05,4.999999873689376e-05,0.0001,2025-05-01T20:00Z,0,3,4.0,4.0
CTKUSDT,2025-05-02T00:00Z,PANEL_RIGHT,5e-05,4.999999873689376e-05,0.0001,2025-05-02T00:00Z,0,3,4.0,4.0
RAYUSDT,2025-05-02T00:00Z,PANEL_RIGHT,5e-05,4.999999873689376e-05,0.0001,2025-05-02T00:00Z,0,3,4.0,4.0
CTKUSDT,2025-05-02T04:00Z,PANEL_RIGHT,5e-05,4.999999873689376e-05,0.0001,2025-05-02T04:00Z,0,3,4.0,4.0
RAYUSDT,2025-05-02T04:00Z,PANEL_RIGHT,5e-05,4.999999873689376e-05,0.0001,2025-05-02T04:00Z,0,3,4.0,4.0
RAYUSDT,2025-05-02T08:00Z,PANEL_RIGHT,5e-05,4.999999873689376e-05,0.0001,2025-05-02T08:00Z,0,3,4.0,4.0
RAYUSDT,2025-05-02T12:00Z,PANEL_RIGHT,5e-05,4.999999873689376e-05,0.0001,2025-05-02T12:00Z,0,3,4.0,4.0
RAYUSDT,2025-05-02T16:00Z,PANEL_RIGHT,5e-05,4.999999873689376e-05,0.0001,2025-05-02T16:00Z,0,3,4.0,4.0
RAYUSDT,2025-05-02T20:00Z,PANEL_RIGHT,5e-05,4.999999873689376e-05,0.0001,2025-05-02T20:00Z,0,3,4.0,4.0
RAYUSDT,2025-05-03T00:00Z,PANEL_RIGHT,5e-05,4.999999873689376e-05,0.0001,2025-05-03T00:00Z,0,3,4.0,4.0
RAYUSDT,2025-05-03T04:00Z,PANEL_RIGHT,5e-05,4.999999873689376e-05,0.0001,2025-05-03T04:00Z,0,3,4.0,4.0
RAYUSDT,2025-05-03T08:00Z,PANEL_RIGHT,5e-05,4.999999873689376e-05,0.0001,2025-05-03T08:00Z,0,3,4.0,4.0
RAYUSDT,2025-05-03T12:00Z,PANEL_RIGHT,5e-05,4.999999873689376e-05,0.0001,2025-05-03T12:00Z,0,3,4.0,4.0
RAYUSDT,2025-05-03T16:00Z,PANEL_RIGHT,5e-05,4.999999873689376e-05,0.0001,2025-05-03T16:00Z,0,3,4.0,4.0
RAYUSDT,2025-05-03T20:00Z,PANEL_RIGHT,5e-05,4.999999873689376e-05,0.0001,2025-05-03T20:00Z,0,3,4.0,4.0
RAYUSDT,2025-05-04T00:00Z,PANEL_RIGHT,5e-05,4.999999873689376e-05,0.0001,2025-05-04T00:00Z,0,3,4.0,4.0
RAYUSDT,2025-05-04T04:00Z,PANEL_RIGHT,5e-05,4.999999873689376e-05,0.0001,2025-05-04T04:00Z,0,3,4.0,4.0
RAYUSDT,2025-05-04T08:00Z,PANEL_RIGHT,5e-05,4.999999873689376e-05,0.0001,2025-05-04T08:00Z,0,3,4.0,4.0
RAYUSDT,2025-05-04T12:00Z,PANEL_RIGHT,5e-05,4.999999873689376e-05,0.0001,2025-05-04T12:00Z,0,3,4.0,4.0
RAYUSDT,2025-05-04T16:00Z,PANEL_RIGHT,5e-05,4.999999873689376e-05,0.0001,2025-05-04T16:00Z,0,3,4.0,4.0
RAYUSDT,2025-05-04T20:00Z,PANEL_RIGHT,5e-05,4.999999873689376e-05,0.0001,2025-05-04T20:00Z,0,3,4.0,4.0
RAYUSDT,2025-05-05T00:00Z,PANEL_RIGHT,5e-05,4.999999873689376e-05,0.0001,2025-05-05T00:00Z,0,3,4.0,4.0
RAYUSDT,2025-05-05T04:00Z,PANEL_RIGHT,5e-05,4.999999873689376e-05,0.0001,2025-05-05T04:00Z,0,3,4.0,4.0
RAYUSDT,2025-05-05T08:00Z,PANEL_RIGHT,5e-05,4.999999873689376e-05,0.0001,2025-05-05T08:00Z,0,3,4.0,4.0
RAYUSDT,2025-05-05T12:00Z,PANEL_RIGHT,5e-05,4.999999873689376e-05,0.0001,2025-05-05T12:00Z,0,3,4.0,4.0
RAYUSDT,2025-05-05T16:00Z,PANEL_RIGHT,5e-05,4.999999873689376e-05,0.0001,2025-05-05T16:00Z,0,3,4.0,4.0
RAYUSDT,2025-05-05T20:00Z,PANEL_RIGHT,5e-05,4.999999873689376e-05,0.0001,2025-05-05T20:00Z,0,3,4.0,4.0
RAYUSDT,2025-05-06T00:00Z,PANEL_RIGHT,5e-05,4.999999873689376e-05,0.0001,2025-05-06T00:00Z,0,3,4.0,4.0
RAYUSDT,2025-05-06T04:00Z,PANEL_RIGHT,5e-05,4.999999873689376e-05,0.0001,2025-05-06T04:00Z,0,3,4.0,4.0
RAYUSDT,2025-05-06T08:00Z,PANEL_RIGHT,5e-05,4.999999873689376e-05,0.0001,2025-05-06T08:00Z,0,3,4.0,4.0
RAYUSDT,2025-05-06T12:00Z,PANEL_RIGHT,5e-05,4.999999873689376e-05,0.0001,2025-05-06T12:00Z,0,3,4.0,4.0
ALPINEUSDT,2025-05-06T16:00Z,PANEL_RIGHT,5e-05,4.999999873689376e-05,-0.0036337,2025-05-06T16:00Z,0,3,4.0,4.0
RAYUSDT,2025-05-06T16:00Z,PANEL_RIGHT,5e-05,4.999999873689376e-05,0.0001,2025-05-06T16:00Z,0,3,4.0,4.0
B2USDT,2025-05-06T20:00Z,PANEL_RIGHT,0.00192926,0.0019292599754408002,5e-05,2025-05-06T20:00Z,0,3,4.0,4.0
RAYUSDT,2025-05-06T20:00Z,PANEL_RIGHT,5e-05,4.999999873689376e-05,0.0001,2025-05-06T20:00Z,0,3,4.0,4.0
RAYUSDT,2025-05-07T00:00Z,PANEL_RIGHT,5e-05,4.999999873689376e-05,0.0001,2025-05-07T00:00Z,0,3,4.0,4.0
RAYUSDT,2025-05-07T04:00Z,PANEL_RIGHT,5e-05,4.999999873689376e-05,0.0001,2025-05-07T04:00Z,0,3,4.0,4.0
RAYUSDT,2025-05-07T08:00Z,PANEL_RIGHT,5e-05,4.999999873689376e-05,0.0001,2025-05-07T08:00Z,0,3,4.0,4.0
RAYUSDT,2025-05-07T12:00Z,PANEL_RIGHT,5e-05,4.999999873689376e-05,0.0001,2025-05-07T12:00Z,0,3,4.0,4.0
OBOLUSDT,2025-05-07T16:00Z,PANEL_RIGHT,5e-05,4.999999873689376e-05,-0.00255728,2025-05-07T16:00Z,0,3,4.0,4.0
RAYUSDT,2025-05-07T16:00Z,PANEL_RIGHT,5e-05,4.999999873689376e-05,0.0001,2025-05-07T16:00Z,0,3,4.0,4.0
RAYUSDT,2025-05-07T20:00Z,PANEL_RIGHT,5e-05,4.999999873689376e-05,0.0001,2025-05-07T20:00Z,0,3,4.0,4.0
RAYUSDT,2025-05-08T00:00Z,PANEL_RIGHT,5e-05,4.999999873689376e-05,0.0001,2025-05-08T00:00Z,0,3,4.0,4.0
RAYUSDT,2025-05-08T04:00Z,PANEL_RIGHT,5e-05,4.999999873689376e-05,0.0001,2025-05-08T04:00Z,0,3,4.0,4.0
RAYUSDT,2025-05-08T08:00Z,PANEL_RIGHT,5e-05,4.999999873689376e-05,0.0001,2025-05-08T08:00Z,0,3,4.0,4.0
RAYUSDT,2025-05-08T12:00Z,PANEL_RIGHT,5e-05,4.999999873689376e-05,0.0001,2025-05-08T12:00Z,0,3,4.0,4.0
RAYUSDT,2025-05-08T16:00Z,PANEL_RIGHT,5e-05,4.999999873689376e-05,0.0001,2025-05-08T16:00Z,0,3,4.0,4.0
RAYUSDT,2025-05-08T20:00Z,PANEL_RIGHT,5e-05,4.999999873689376e-05,0.0001,2025-05-08T20:00Z,0,3,4.0,4.0
RAYUSDT,2025-05-09T00:00Z,PANEL_RIGHT,5e-05,4.999999873689376e-05,0.0001,2025-05-09T00:00Z,0,3,4.0,4.0
RAYUSDT,2025-05-09T04:00Z,PANEL_RIGHT,5e-05,4.999999873689376e-05,0.0001,2025-05-09T04:00Z,0,3,4.0,4.0
RAYUSDT,2025-05-09T08:00Z,PANEL_RIGHT,5e-05,4.999999873689376e-05,0.0001,2025-05-09T08:00Z,0,3,4.0,4.0
RAYUSDT,2025-05-09T12:00Z,PANEL_RIGHT,5e-05,4.999999873689376e-05,0.0001,2025-05-09T12:00Z,0,3,4.0,4.0
RAYUSDT,2025-05-09T16:00Z,PANEL_RIGHT,5e-05,4.999999873689376e-05,0.0001,2025-05-09T16:00Z,0,3,4.0,4.0
DOODUSDT,2025-05-09T20:00Z,PANEL_RIGHT,0.00043068,0.0004306799964979291,0.00105601,2025-05-09T20:00Z,0,3,4.0,4.0
RAYUSDT,2025-05-09T20:00Z,PANEL_RIGHT,5e-05,4.999999873689376e-05,0.0001,2025-05-09T20:00Z,0,3,4.0,4.0
RAYUSDT,2025-05-10T00:00Z,PANEL_RIGHT,5e-05,4.999999873689376e-05,0.0001,2025-05-10T00:00Z,0,3,4.0,4.0
RAYUSDT,2025-05-10T04:00Z,PANEL_RIGHT,5e-05,4.999999873689376e-05,0.0001,2025-05-10T04:00Z,0,3,4.0,4.0
RAYUSDT,2025-05-10T08:00Z,PANEL_RIGHT,5e-05,4.999999873689376e-05,0.0001,2025-05-10T08:00Z,0,3,4.0,4.0
RAYUSDT,2025-05-10T12:00Z,PANEL_RIGHT,5e-05,4.999999873689376e-05,0.0001,2025-05-10T12:00Z,0,3,4.0,4.0
RAYUSDT,2025-05-10T16:00Z,PANEL_RIGHT,5e-05,4.999999873689376e-05,0.0001,2025-05-10T16:00Z,0,3,4.0,4.0
RAYUSDT,2025-05-10T20:00Z,PANEL_RIGHT,5e-05,4.999999873689376e-05,0.0001,2025-05-10T20:00Z,0,3,4.0,4.0
RAYUSDT,2025-05-11T00:00Z,PANEL_RIGHT,5e-05,4.999999873689376e-05,0.0001,2025-05-11T00:00Z,0,3,4.0,4.0
RAYUSDT,2025-05-11T04:00Z,PANEL_RIGHT,5e-05,4.999999873689376e-05,0.0001,2025-05-11T04:00Z,0,3,4.0,4.0
RAYUSDT,2025-05-11T08:00Z,PANEL_RIGHT,5e-05,4.999999873689376e-05,0.0001,2025-05-11T08:00Z,0,3,4.0,4.0
RAYUSDT,2025-05-11T12:00Z,PANEL_RIGHT,5e-05,4.999999873689376e-05,0.0001,2025-05-11T12:00Z,0,3,4.0,4.0
RAYUSDT,2025-05-11T16:00Z,PANEL_RIGHT,5e-05,4.999999873689376e-05,0.0001,2025-05-11T16:00Z,0,3,4.0,4.0
RAYUSDT,2025-05-11T20:00Z,PANEL_RIGHT,5e-05,4.999999873689376e-05,0.0001,2025-05-11T20:00Z,0,3,4.0,4.0
RAYUSDT,2025-05-12T00:00Z,PANEL_RIGHT,5e-05,4.999999873689376e-05,0.0001,2025-05-12T00:00Z,0,3,4.0,4.0
RAYUSDT,2025-05-12T04:00Z,PANEL_RIGHT,5e-05,4.999999873689376e-05,0.0001,2025-05-12T04:00Z,0,3,4.0,4.0
RAYUSDT,2025-05-12T08:00Z,PANEL_RIGHT,5e-05,4.999999873689376e-05,0.0001,2025-05-12T08:00Z,0,3,4.0,4.0
RAYUSDT,2025-05-12T12:00Z,PANEL_RIGHT,5e-05,4.999999873689376e-05,0.0001,2025-05-12T12:00Z,0,3,4.0,4.0
RAYUSDT,2025-05-12T16:00Z,PANEL_RIGHT,5e-05,4.999999873689376e-05,0.0001,2025-05-12T16:00Z,0,3,4.0,4.0
RAYUSDT,2025-05-12T20:00Z,PANEL_RIGHT,5e-05,4.999999873689376e-05,0.0001,2025-05-12T20:00Z,0,3,4.0,4.0
RAYUSDT,2025-05-13T00:00Z,PANEL_RIGHT,5e-05,4.999999873689376e-05,0.0001,2025-05-13T00:00Z,0,3,4.0,4.0
RAYUSDT,2025-05-13T04:00Z,PANEL_RIGHT,5e-05,4.999999873689376e-05,0.0001,2025-05-13T04:00Z,0,3,4.0,4.0
RAYUSDT,2025-05-13T08:00Z,PANEL_RIGHT,5e-05,4.999999873689376e-05,0.0001,2025-05-13T08:00Z,0,3,4.0,4.0
RAYUSDT,2025-05-13T12:00Z,PANEL_RIGHT,5e-05,4.999999873689376e-05,0.0001,2025-05-13T12:00Z,0,3,4.0,4.0
RAYUSDT,2025-05-13T16:00Z,PANEL_RIGHT,5e-05,4.999999873689376e-05,0.0001,2025-05-13T16:00Z,0,3,4.0,4.0
SKYAIUSDT,2025-05-13T16:00Z,PANEL_RIGHT,0.00074582,0.0007458199979737401,0.00046421,2025-05-13T16:00Z,0,3,4.0,4.0
RAYUSDT,2025-05-13T20:00Z,PANEL_RIGHT,5e-05,4.999999873689376e-05,0.0001,2025-05-13T20:00Z,0,3,4.0,4.0
RAYUSDT,2025-05-14T00:00Z,PANEL_RIGHT,5e-05,4.999999873689376e-05,0.0001,2025-05-14T00:00Z,0,3,4.0,4.0
RAYUSDT,2025-05-14T04:00Z,PANEL_RIGHT,5e-05,4.999999873689376e-05,0.0001,2025-05-14T04:00Z,0,3,4.0,4.0
RAYUSDT,2025-05-14T08:00Z,PANEL_RIGHT,5e-05,4.999999873689376e-05,0.0001,2025-05-14T08:00Z,0,3,4.0,4.0
RAYUSDT,2025-05-14T12:00Z,PANEL_RIGHT,5e-05,4.999999873689376e-05,0.0001,2025-05-14T12:00Z,0,3,4.0,4.0
RAYUSDT,2025-05-14T16:00Z,PANEL_RIGHT,5e-05,4.999999873689376e-05,0.0001,2025-05-14T16:00Z,0,3,4.0,4.0
RAYUSDT,2025-05-14T20:00Z,PANEL_RIGHT,5e-05,4.999999873689376e-05,0.0001,2025-05-14T20:00Z,0,3,4.0,4.0
RAYUSDT,2025-05-15T00:00Z,PANEL_RIGHT,5e-05,4.999999873689376e-05,0.0001,2025-05-15T00:00Z,0,3,4.0,4.0
RAYUSDT,2025-05-15T04:00Z,PANEL_RIGHT,5e-05,4.999999873689376e-05,0.0001,2025-05-15T04:00Z,0,3,4.0,4.0
RAYUSDT,2025-05-15T08:00Z,PANEL_RIGHT,5e-05,4.999999873689376e-05,0.0001,2025-05-15T08:00Z,0,3,4.0,4.0
NXPCUSDT,2025-05-15T12:00Z,PANEL_RIGHT,-0.003349,-0.0033489998895674944,-0.00843988,2025-05-15T12:00Z,0,3,4.0,4.0
RAYUSDT,2025-05-15T12:00Z,PANEL_RIGHT,5e-05,4.999999873689376e-05,0.0001,2025-05-15T12:00Z,0,3,4.0,4.0
RAYUSDT,2025-05-15T16:00Z,PANEL_RIGHT,5e-05,4.999999873689376e-05,0.0001,2025-05-15T16:00Z,0,3,4.0,4.0
RAYUSDT,2025-05-15T20:00Z,PANEL_RIGHT,5e-05,4.999999873689376e-05,0.0001,2025-05-15T20:00Z,0,3,4.0,4.0
RAYUSDT,2025-05-16T00:00Z,PANEL_RIGHT,5e-05,4.999999873689376e-05,0.0001,2025-05-16T00:00Z,0,3,4.0,4.0
RAYUSDT,2025-05-16T04:00Z,PANEL_RIGHT,5e-05,4.999999873689376e-05,0.0001,2025-05-16T04:00Z,0,3,4.0,4.0
RAYUSDT,2025-05-16T08:00Z,PANEL_RIGHT,5e-05,4.999999873689376e-05,0.0001,2025-05-16T08:00Z,0,3,4.0,4.0
CVCUSDT,2025-05-16T12:00Z,PANEL_RIGHT,5e-05,4.999999873689376e-05,0.0001,2025-05-16T12:00Z,0,3,4.0,4.0
RAYUSDT,2025-05-16T12:00Z,PANEL_RIGHT,5e-05,4.999999873689376e-05,0.0001,2025-05-16T12:00Z,0,3,4.0,4.0
CVCUSDT,2025-05-16T16:00Z,PANEL_RIGHT,-0.0001677,-0.00016769999638199806,0.0001,2025-05-16T16:00Z,0,3,4.0,4.0
RAYUSDT,2025-05-16T16:00Z,PANEL_RIGHT,5e-05,4.999999873689376e-05,0.0001,2025-05-16T16:00Z,0,3,4.0,4.0
CVCUSDT,2025-05-16T20:00Z,PANEL_RIGHT,-0.00026873,-0.000268729985691607,0.0001,2025-05-16T20:00Z,0,3,4.0,4.0
RAYUSDT,2025-05-16T20:00Z,PANEL_RIGHT,5e-05,4.999999873689376e-05,0.0001,2025-05-16T20:00Z,0,3,4.0,4.0
CVCUSDT,2025-05-17T00:00Z,PANEL_RIGHT,-6.642e-05,-6.641999789280817e-05,0.0001,2025-05-17T00:00Z,0,3,4.0,4.0
RAYUSDT,2025-05-17T00:00Z,PANEL_RIGHT,5e-05,4.999999873689376e-05,0.0001,2025-05-17T00:00Z,0,3,4.0,4.0
CVCUSDT,2025-05-17T04:00Z,PANEL_RIGHT,-0.00015378,-0.00015377999807242304,0.0001,2025-05-17T04:00Z,0,3,4.0,4.0
RAYUSDT,2025-05-17T04:00Z,PANEL_RIGHT,5e-05,4.999999873689376e-05,0.0001,2025-05-17T04:00Z,0,3,4.0,4.0
CVCUSDT,2025-05-17T08:00Z,PANEL_RIGHT,5e-05,4.999999873689376e-05,0.0001,2025-05-17T08:00Z,0,3,4.0,4.0
RAYUSDT,2025-05-17T08:00Z,PANEL_RIGHT,5e-05,4.999999873689376e-05,0.0001,2025-05-17T08:00Z,0,3,4.0,4.0
CVCUSDT,2025-05-17T12:00Z,PANEL_RIGHT,-0.0004437,-0.0004437000025063753,0.0001,2025-05-17T12:00Z,0,3,4.0,4.0
RAYUSDT,2025-05-17T12:00Z,PANEL_RIGHT,5e-05,4.999999873689376e-05,0.0001,2025-05-17T12:00Z,0,3,4.0,4.0
CVCUSDT,2025-05-17T16:00Z,PANEL_RIGHT,-0.00040342,-0.0004034200101159513,0.0001,2025-05-17T16:00Z,0,3,4.0,4.0
RAYUSDT,2025-05-17T16:00Z,PANEL_RIGHT,5e-05,4.999999873689376e-05,0.0001,2025-05-17T16:00Z,0,3,4.0,4.0
CVCUSDT,2025-05-17T20:00Z,PANEL_RIGHT,-0.00026968,-0.0002696799929253757,0.0001,2025-05-17T20:00Z,0,3,4.0,4.0
RAYUSDT,2025-05-17T20:00Z,PANEL_RIGHT,5e-05,4.999999873689376e-05,0.0001,2025-05-17T20:00Z,0,3,4.0,4.0
CVCUSDT,2025-05-18T00:00Z,PANEL_RIGHT,-0.00048346,-0.00048345999675802886,0.0001,2025-05-18T00:00Z,0,3,4.0,4.0
RAYUSDT,2025-05-18T00:00Z,PANEL_RIGHT,5e-05,4.999999873689376e-05,0.0001,2025-05-18T00:00Z,0,3,4.0,4.0
CVCUSDT,2025-05-18T04:00Z,PANEL_RIGHT,-0.00016289,-0.00016289000632241368,0.0001,2025-05-18T04:00Z,0,3,4.0,4.0
RAYUSDT,2025-05-18T04:00Z,PANEL_RIGHT,5e-05,4.999999873689376e-05,0.0001,2025-05-18T04:00Z,0,3,4.0,4.0
CVCUSDT,2025-05-18T08:00Z,PANEL_RIGHT,5e-05,4.999999873689376e-05,0.0001,2025-05-18T08:00Z,0,3,4.0,4.0
RAYUSDT,2025-05-18T08:00Z,PANEL_RIGHT,5e-05,4.999999873689376e-05,0.0001,2025-05-18T08:00Z,0,3,4.0,4.0
CVCUSDT,2025-05-18T12:00Z,PANEL_RIGHT,5e-05,4.999999873689376e-05,0.0001,2025-05-18T12:00Z,0,3,4.0,4.0
RAYUSDT,2025-05-18T12:00Z,PANEL_RIGHT,5e-05,4.999999873689376e-05,0.0001,2025-05-18T12:00Z,0,3,4.0,4.0
CVCUSDT,2025-05-18T16:00Z,PANEL_RIGHT,5e-05,4.999999873689376e-05,0.0001,2025-05-18T16:00Z,0,3,4.0,4.0
RAYUSDT,2025-05-18T16:00Z,PANEL_RIGHT,5e-05,4.999999873689376e-05,0.0001,2025-05-18T16:00Z,0,3,4.0,4.0
CVCUSDT,2025-05-18T20:00Z,PANEL_RIGHT,5e-05,4.999999873689376e-05,0.0001,2025-05-18T20:00Z,0,3,4.0,4.0
RAYUSDT,2025-05-18T20:00Z,PANEL_RIGHT,5e-05,4.999999873689376e-05,0.0001,2025-05-18T20:00Z,0,3,4.0,4.0
CVCUSDT,2025-05-19T00:00Z,PANEL_RIGHT,5e-05,4.999999873689376e-05,0.0001,2025-05-19T00:00Z,0,3,4.0,4.0
RAYUSDT,2025-05-19T00:00Z,PANEL_RIGHT,5e-05,4.999999873689376e-05,0.0001,2025-05-19T00:00Z,0,3,4.0,4.0
CVCUSDT,2025-05-19T04:00Z,PANEL_RIGHT,5e-05,4.999999873689376e-05,0.0001,2025-05-19T04:00Z,0,3,4.0,4.0
RAYUSDT,2025-05-19T04:00Z,PANEL_RIGHT,5e-05,4.999999873689376e-05,0.0001,2025-05-19T04:00Z,0,3,4.0,4.0
CVCUSDT,2025-05-19T08:00Z,PANEL_RIGHT,5e-05,4.999999873689376e-05,0.0001,2025-05-19T08:00Z,0,3,4.0,4.0
RAYUSDT,2025-05-19T08:00Z,PANEL_RIGHT,5e-05,4.999999873689376e-05,0.0001,2025-05-19T08:00Z,0,3,4.0,4.0
CVCUSDT,2025-05-19T12:00Z,PANEL_RIGHT,5e-05,4.999999873689376e-05,0.0001,2025-05-19T12:00Z,0,3,4.0,4.0
RAYUSDT,2025-05-19T12:00Z,PANEL_RIGHT,5e-05,4.999999873689376e-05,0.0001,2025-05-19T12:00Z,0,3,4.0,4.0
CVCUSDT,2025-05-19T16:00Z,PANEL_RIGHT,5e-05,4.999999873689376e-05,0.0001,2025-05-19T16:00Z,0,3,4.0,4.0
RAYUSDT,2025-05-19T16:00Z,PANEL_RIGHT,5e-05,4.999999873689376e-05,0.0001,2025-05-19T16:00Z,0,3,4.0,4.0
CVCUSDT,2025-05-19T20:00Z,PANEL_RIGHT,5e-05,4.999999873689376e-05,0.0001,2025-05-19T20:00Z,0,3,4.0,4.0
RAYUSDT,2025-05-19T20:00Z,PANEL_RIGHT,5e-05,4.999999873689376e-05,0.0001,2025-05-19T20:00Z,0,3,4.0,4.0
CVCUSDT,2025-05-20T00:00Z,PANEL_RIGHT,5e-05,4.999999873689376e-05,0.0001,2025-05-20T00:00Z,0,3,4.0,4.0
RAYUSDT,2025-05-20T00:00Z,PANEL_RIGHT,5e-05,4.999999873689376e-05,0.0001,2025-05-20T00:00Z,0,3,4.0,4.0
CVCUSDT,2025-05-20T04:00Z,PANEL_RIGHT,5e-05,4.999999873689376e-05,0.0001,2025-05-20T04:00Z,0,3,4.0,4.0
RAYUSDT,2025-05-20T04:00Z,PANEL_RIGHT,5e-05,4.999999873689376e-05,0.0001,2025-05-20T04:00Z,0,3,4.0,4.0
CVCUSDT,2025-05-20T08:00Z,PANEL_RIGHT,-6.704e-05,-6.703999679302797e-05,0.0001,2025-05-20T08:00Z,0,3,4.0,4.0
RAYUSDT,2025-05-20T08:00Z,PANEL_RIGHT,5e-05,4.999999873689376e-05,0.0001,2025-05-20T08:00Z,0,3,4.0,4.0
CVCUSDT,2025-05-20T12:00Z,PANEL_RIGHT,5e-05,4.999999873689376e-05,0.0001,2025-05-20T12:00Z,0,3,4.0,4.0
RAYUSDT,2025-05-20T12:00Z,PANEL_RIGHT,5e-05,4.999999873689376e-05,0.0001,2025-05-20T12:00Z,0,3,4.0,4.0
AGTUSDT,2025-05-20T16:00Z,PANEL_RIGHT,-0.00085496,-0.0008549600024707615,-0.00024543,2025-05-20T16:00Z,0,3,4.0,4.0
CVCUSDT,2025-05-20T16:00Z,PANEL_RIGHT,-0.0001264,-0.0001264000020455569,0.0001,2025-05-20T16:00Z,0,3,4.0,4.0
RAYUSDT,2025-05-20T16:00Z,PANEL_RIGHT,5e-05,4.999999873689376e-05,0.0001,2025-05-20T16:00Z,0,3,4.0,4.0
CVCUSDT,2025-05-20T20:00Z,PANEL_RIGHT,-0.00010268,-0.000102680001873523,5e-05,2025-05-20T20:00Z,0,3,4.0,4.0
RAYUSDT,2025-05-20T20:00Z,PANEL_RIGHT,5e-05,4.999999873689376e-05,0.0001,2025-05-20T20:00Z,0,3,4.0,4.0
RAYUSDT,2025-05-21T00:00Z,PANEL_RIGHT,5e-05,4.999999873689376e-05,0.0001,2025-05-21T00:00Z,0,3,4.0,4.0
RAYUSDT,2025-05-21T04:00Z,PANEL_RIGHT,5e-05,4.999999873689376e-05,0.0001,2025-05-21T04:00Z,0,3,4.0,4.0
RAYUSDT,2025-05-21T08:00Z,PANEL_RIGHT,5e-05,4.999999873689376e-05,0.0001,2025-05-21T08:00Z,0,3,4.0,4.0
RAYUSDT,2025-05-21T12:00Z,PANEL_RIGHT,5e-05,4.999999873689376e-05,0.0001,2025-05-21T12:00Z,0,3,4.0,4.0
RAYUSDT,2025-05-21T16:00Z,PANEL_RIGHT,5e-05,4.999999873689376e-05,0.0001,2025-05-21T16:00Z,0,3,4.0,4.0
RAYUSDT,2025-05-21T20:00Z,PANEL_RIGHT,5e-05,4.999999873689376e-05,0.0001,2025-05-21T20:00Z,0,3,4.0,4.0
RAYUSDT,2025-05-22T00:00Z,PANEL_RIGHT,5e-05,4.999999873689376e-05,0.0001,2025-05-22T00:00Z,0,3,4.0,4.0
RAYUSDT,2025-05-22T04:00Z,PANEL_RIGHT,5e-05,4.999999873689376e-05,0.0001,2025-05-22T04:00Z,0,3,4.0,4.0
RAYUSDT,2025-05-22T08:00Z,PANEL_RIGHT,5e-05,4.999999873689376e-05,0.0001,2025-05-22T08:00Z,0,3,4.0,4.0
RAYUSDT,2025-05-22T12:00Z,PANEL_RIGHT,5e-05,4.999999873689376e-05,0.0001,2025-05-22T12:00Z,0,3,4.0,4.0
RAYUSDT,2025-05-22T16:00Z,PANEL_RIGHT,5e-05,4.999999873689376e-05,0.0001,2025-05-22T16:00Z,0,3,4.0,4.0
RAYUSDT,2025-05-22T20:00Z,PANEL_RIGHT,5e-05,4.999999873689376e-05,0.0001,2025-05-22T20:00Z,0,3,4.0,4.0
RAYUSDT,2025-05-23T00:00Z,PANEL_RIGHT,5e-05,4.999999873689376e-05,0.0001,2025-05-23T00:00Z,0,3,4.0,4.0
RAYUSDT,2025-05-23T04:00Z,PANEL_RIGHT,5e-05,4.999999873689376e-05,0.0001,2025-05-23T04:00Z,0,3,4.0,4.0
RAYUSDT,2025-05-23T08:00Z,PANEL_RIGHT,5e-05,4.999999873689376e-05,0.0001,2025-05-23T08:00Z,0,3,4.0,4.0
RAYUSDT,2025-05-23T12:00Z,PANEL_RIGHT,5e-05,4.999999873689376e-05,0.0001,2025-05-23T12:00Z,0,3,4.0,4.0
RAYUSDT,2025-05-23T16:00Z,PANEL_RIGHT,5e-05,4.999999873689376e-05,0.0001,2025-05-23T16:00Z,0,3,4.0,4.0
RAYUSDT,2025-05-23T20:00Z,PANEL_RIGHT,5e-05,4.999999873689376e-05,0.0001,2025-05-23T20:00Z,0,3,4.0,4.0
RAYUSDT,2025-05-24T00:00Z,PANEL_RIGHT,5e-05,4.999999873689376e-05,0.0001,2025-05-24T00:00Z,0,3,4.0,4.0
RAYUSDT,2025-05-24T04:00Z,PANEL_RIGHT,5e-05,4.999999873689376e-05,0.0001,2025-05-24T04:00Z,0,3,4.0,4.0
RAYUSDT,2025-05-24T08:00Z,PANEL_RIGHT,5e-05,4.999999873689376e-05,0.0001,2025-05-24T08:00Z,0,3,4.0,4.0
RAYUSDT,2025-05-24T12:00Z,PANEL_RIGHT,5e-05,4.999999873689376e-05,0.0001,2025-05-24T12:00Z,0,3,4.0,4.0
RAYUSDT,2025-05-24T16:00Z,PANEL_RIGHT,5e-05,4.999999873689376e-05,0.0001,2025-05-24T16:00Z,0,3,4.0,4.0
RAYUSDT,2025-05-24T20:00Z,PANEL_RIGHT,5e-05,4.999999873689376e-05,0.0001,2025-05-24T20:00Z,0,3,4.0,4.0
RAYUSDT,2025-05-25T00:00Z,PANEL_RIGHT,5e-05,4.999999873689376e-05,0.0001,2025-05-25T00:00Z,0,3,4.0,4.0
RAYUSDT,2025-05-25T04:00Z,PANEL_RIGHT,5e-05,4.999999873689376e-05,0.0001,2025-05-25T04:00Z,0,3,4.0,4.0
RAYUSDT,2025-05-25T08:00Z,PANEL_RIGHT,5e-05,4.999999873689376e-05,0.0001,2025-05-25T08:00Z,0,3,4.0,4.0
RAYUSDT,2025-05-25T12:00Z,PANEL_RIGHT,5e-05,4.999999873689376e-05,0.0001,2025-05-25T12:00Z,0,3,4.0,4.0
RAYUSDT,2025-05-25T16:00Z,PANEL_RIGHT,5e-05,4.999999873689376e-05,0.0001,2025-05-25T16:00Z,0,3,4.0,4.0
RAYUSDT,2025-05-25T20:00Z,PANEL_RIGHT,5e-05,4.999999873689376e-05,0.0001,2025-05-25T20:00Z,0,3,4.0,4.0
RAYUSDT,2025-05-26T00:00Z,PANEL_RIGHT,5e-05,4.999999873689376e-05,0.0001,2025-05-26T00:00Z,0,3,4.0,4.0
RAYUSDT,2025-05-26T04:00Z,PANEL_RIGHT,5e-05,4.999999873689376e-05,0.0001,2025-05-26T04:00Z,0,3,4.0,4.0
RAYUSDT,2025-05-26T08:00Z,PANEL_RIGHT,5e-05,4.999999873689376e-05,0.0001,2025-05-26T08:00Z,0,3,4.0,4.0
RAYUSDT,2025-05-26T12:00Z,PANEL_RIGHT,5e-05,4.999999873689376e-05,0.0001,2025-05-26T12:00Z,0,3,4.0,4.0
RAYUSDT,2025-05-26T16:00Z,PANEL_RIGHT,5e-05,4.999999873689376e-05,0.0001,2025-05-26T16:00Z,0,3,4.0,4.0
HUMAUSDT,2025-05-26T20:00Z,PANEL_RIGHT,-0.00091351,-0.000913509982638061,-0.00265214,2025-05-26T20:00Z,0,3,4.0,4.0
RAYUSDT,2025-05-26T20:00Z,PANEL_RIGHT,5e-05,4.999999873689376e-05,0.0001,2025-05-26T20:00Z,0,3,4.0,4.0
RAYUSDT,2025-05-27T00:00Z,PANEL_RIGHT,5e-05,4.999999873689376e-05,0.0001,2025-05-27T00:00Z,0,3,4.0,4.0
RAYUSDT,2025-05-27T04:00Z,PANEL_RIGHT,5e-05,4.999999873689376e-05,0.0001,2025-05-27T04:00Z,0,3,4.0,4.0
RAYUSDT,2025-05-27T08:00Z,PANEL_RIGHT,5e-05,4.999999873689376e-05,0.0001,2025-05-27T08:00Z,0,3,4.0,4.0
RAYUSDT,2025-05-27T12:00Z,PANEL_RIGHT,5e-05,4.999999873689376e-05,0.0001,2025-05-27T12:00Z,0,3,4.0,4.0
RAYUSDT,2025-05-27T16:00Z,PANEL_RIGHT,5e-05,4.999999873689376e-05,0.0001,2025-05-27T16:00Z,0,3,4.0,4.0
RAYUSDT,2025-05-27T20:00Z,PANEL_RIGHT,5e-05,4.999999873689376e-05,0.0001,2025-05-27T20:00Z,0,3,4.0,4.0
RAYUSDT,2025-05-28T00:00Z,PANEL_RIGHT,5e-05,4.999999873689376e-05,0.0001,2025-05-28T00:00Z,0,3,4.0,4.0
RAYUSDT,2025-05-28T04:00Z,PANEL_RIGHT,5e-05,4.999999873689376e-05,0.0001,2025-05-28T04:00Z,0,3,4.0,4.0
RAYUSDT,2025-05-28T08:00Z,PANEL_RIGHT,5e-05,4.999999873689376e-05,0.0001,2025-05-28T08:00Z,0,3,4.0,4.0
RAYUSDT,2025-05-28T12:00Z,PANEL_RIGHT,5e-05,4.999999873689376e-05,0.0001,2025-05-28T12:00Z,0,3,4.0,4.0
RAYUSDT,2025-05-28T16:00Z,PANEL_RIGHT,5e-05,4.999999873689376e-05,0.0001,2025-05-28T16:00Z,0,3,4.0,4.0
RAYUSDT,2025-05-28T20:00Z,PANEL_RIGHT,5e-05,4.999999873689376e-05,0.0001,2025-05-28T20:00Z,0,3,4.0,4.0
SOPHUSDT,2025-05-28T20:00Z,PANEL_RIGHT,-0.00310434,-0.0031043400522321463,-0.02,2025-05-28T20:00Z,0,3,1.0,1.0
RAYUSDT,2025-05-29T00:00Z,PANEL_RIGHT,5e-05,4.999999873689376e-05,0.0001,2025-05-29T00:00Z,0,3,4.0,4.0
RAYUSDT,2025-05-29T04:00Z,PANEL_RIGHT,5e-05,4.999999873689376e-05,0.0001,2025-05-29T04:00Z,0,3,4.0,4.0
RAYUSDT,2025-05-29T08:00Z,PANEL_RIGHT,5e-05,4.999999873689376e-05,0.0001,2025-05-29T08:00Z,0,3,4.0,4.0
RAYUSDT,2025-05-29T12:00Z,PANEL_RIGHT,5e-05,4.999999873689376e-05,0.0001,2025-05-29T12:00Z,0,3,4.0,4.0
MERLUSDT,2025-05-29T16:00Z,PANEL_RIGHT,-0.00016311,-0.00016311000217683613,-0.00043613,2025-05-29T16:00Z,0,3,4.0,4.0
RAYUSDT,2025-05-29T16:00Z,PANEL_RIGHT,5e-05,4.999999873689376e-05,0.0001,2025-05-29T16:00Z,0,3,4.0,4.0
RAYUSDT,2025-05-29T20:00Z,PANEL_RIGHT,5e-05,4.999999873689376e-05,0.0001,2025-05-29T20:00Z,0,3,4.0,4.0
RAYUSDT,2025-05-30T00:00Z,PANEL_RIGHT,5e-05,4.999999873689376e-05,0.0001,2025-05-30T00:00Z,0,3,4.0,4.0
RAYUSDT,2025-05-30T04:00Z,PANEL_RIGHT,5e-05,4.999999873689376e-05,0.0001,2025-05-30T04:00Z,0,3,4.0,4.0
RAYUSDT,2025-05-30T08:00Z,PANEL_RIGHT,5e-05,4.999999873689376e-05,0.0001,2025-05-30T08:00Z,0,3,4.0,4.0
RAYUSDT,2025-05-30T12:00Z,PANEL_RIGHT,5e-05,4.999999873689376e-05,0.0001,2025-05-30T12:00Z,0,3,4.0,4.0
HYPEUSDT,2025-05-30T16:00Z,PANEL_RIGHT,5.161e-05,5.1610000809887424e-05,5e-05,2025-05-30T16:00Z,0,3,4.0,4.0
RAYUSDT,2025-05-30T16:00Z,PANEL_RIGHT,5e-05,4.999999873689376e-05,0.0001,2025-05-30T16:00Z,0,3,4.0,4.0
RAYUSDT,2025-05-30T20:00Z,PANEL_RIGHT,5e-05,4.999999873689376e-05,0.0001,2025-05-30T20:00Z,0,3,4.0,4.0
RAYUSDT,2025-05-31T00:00Z,PANEL_RIGHT,5e-05,4.999999873689376e-05,0.0001,2025-05-31T00:00Z,0,3,4.0,4.0
RAYUSDT,2025-05-31T04:00Z,PANEL_RIGHT,5e-05,4.999999873689376e-05,0.0001,2025-05-31T04:00Z,0,3,4.0,4.0
RAYUSDT,2025-05-31T08:00Z,PANEL_RIGHT,5e-05,4.999999873689376e-05,0.0001,2025-05-31T08:00Z,0,3,4.0,4.0
RAYUSDT,2025-05-31T12:00Z,PANEL_RIGHT,5e-05,4.999999873689376e-05,0.0001,2025-05-31T12:00Z,0,3,4.0,4.0
RAYUSDT,2025-05-31T16:00Z,PANEL_RIGHT,5e-05,4.999999873689376e-05,0.0001,2025-05-31T16:00Z,0,3,4.0,4.0
RAYUSDT,2025-05-31T20:00Z,PANEL_RIGHT,5e-05,4.999999873689376e-05,0.0001,2025-05-31T20:00Z,0,3,4.0,4.0
RAYUSDT,2025-06-01T00:00Z,PANEL_RIGHT,5e-05,4.999999873689376e-05,0.0001,2025-06-01T00:00Z,0,3,4.0,4.0
RAYUSDT,2025-06-01T04:00Z,PANEL_RIGHT,5e-05,4.999999873689376e-05,0.0001,2025-06-01T04:00Z,0,3,4.0,4.0
RAYUSDT,2025-06-01T08:00Z,PANEL_RIGHT,5e-05,4.999999873689376e-05,0.0001,2025-06-01T08:00Z,0,3,4.0,4.0
RAYUSDT,2025-06-01T12:00Z,PANEL_RIGHT,5e-05,4.999999873689376e-05,0.0001,2025-06-01T12:00Z,0,3,4.0,4.0
RAYUSDT,2025-06-01T16:00Z,PANEL_RIGHT,5e-05,4.999999873689376e-05,0.0001,2025-06-01T16:00Z,0,3,4.0,4.0
RAYUSDT,2025-06-01T20:00Z,PANEL_RIGHT,5e-05,4.999999873689376e-05,0.0001,2025-06-01T20:00Z,0,3,4.0,4.0
RAYUSDT,2025-06-02T00:00Z,PANEL_RIGHT,5e-05,4.999999873689376e-05,0.0001,2025-06-02T00:00Z,0,3,4.0,4.0
RAYUSDT,2025-06-02T04:00Z,PANEL_RIGHT,5e-05,4.999999873689376e-05,0.0001,2025-06-02T04:00Z,0,3,4.0,4.0
RAYUSDT,2025-06-02T08:00Z,PANEL_RIGHT,5e-05,4.999999873689376e-05,0.0001,2025-06-02T08:00Z,0,3,4.0,4.0
RAYUSDT,2025-06-02T12:00Z,PANEL_RIGHT,5e-05,4.999999873689376e-05,0.0001,2025-06-02T12:00Z,0,3,4.0,4.0
RAYUSDT,2025-06-02T16:00Z,PANEL_RIGHT,5e-05,4.999999873689376e-05,0.0001,2025-06-02T16:00Z,0,3,4.0,4.0
RAYUSDT,2025-06-02T20:00Z,PANEL_RIGHT,5e-05,4.999999873689376e-05,0.0001,2025-06-02T20:00Z,0,3,4.0,4.0
RAYUSDT,2025-06-03T00:00Z,PANEL_RIGHT,5e-05,4.999999873689376e-05,0.0001,2025-06-03T00:00Z,0,3,4.0,4.0
RAYUSDT,2025-06-03T04:00Z,PANEL_RIGHT,5e-05,4.999999873689376e-05,0.0001,2025-06-03T04:00Z,0,3,4.0,4.0
RAYUSDT,2025-06-03T08:00Z,PANEL_RIGHT,5e-05,4.999999873689376e-05,0.0001,2025-06-03T08:00Z,0,3,4.0,4.0
RAYUSDT,2025-06-03T12:00Z,PANEL_RIGHT,5e-05,4.999999873689376e-05,0.0001,2025-06-03T12:00Z,0,3,4.0,4.0
BDXNUSDT,2025-06-03T16:00Z,PANEL_RIGHT,0.00018517,0.00018517000717110932,0.00020995,2025-06-03T16:00Z,0,3,4.0,4.0
RAYUSDT,2025-06-03T16:00Z,PANEL_RIGHT,5e-05,4.999999873689376e-05,0.0001,2025-06-03T16:00Z,0,3,4.0,4.0
RAYUSDT,2025-06-03T20:00Z,PANEL_RIGHT,5e-05,4.999999873689376e-05,0.0001,2025-06-03T20:00Z,0,3,4.0,4.0
RAYUSDT,2025-06-04T00:00Z,PANEL_RIGHT,5e-05,4.999999873689376e-05,0.0001,2025-06-04T00:00Z,0,3,4.0,4.0
RAYUSDT,2025-06-04T04:00Z,PANEL_RIGHT,5e-05,4.999999873689376e-05,0.0001,2025-06-04T04:00Z,0,3,4.0,4.0
RAYUSDT,2025-06-04T08:00Z,PANEL_RIGHT,5e-05,4.999999873689376e-05,0.0001,2025-06-04T08:00Z,0,3,4.0,4.0
RAYUSDT,2025-06-04T12:00Z,PANEL_RIGHT,5e-05,4.999999873689376e-05,0.0001,2025-06-04T12:00Z,0,3,4.0,4.0
RAYUSDT,2025-06-04T16:00Z,PANEL_RIGHT,5e-05,4.999999873689376e-05,0.0001,2025-06-04T16:00Z,0,3,4.0,4.0
RAYUSDT,2025-06-04T20:00Z,PANEL_RIGHT,5e-05,4.999999873689376e-05,0.0001,2025-06-04T20:00Z,0,3,4.0,4.0
RAYUSDT,2025-06-05T00:00Z,PANEL_RIGHT,5e-05,4.999999873689376e-05,0.0001,2025-06-05T00:00Z,0,3,4.0,4.0
RAYUSDT,2025-06-05T04:00Z,PANEL_RIGHT,5e-05,4.999999873689376e-05,0.0001,2025-06-05T04:00Z,0,3,4.0,4.0
RAYUSDT,2025-06-05T08:00Z,PANEL_RIGHT,5e-05,4.999999873689376e-05,0.0001,2025-06-05T08:00Z,0,3,4.0,4.0
RAYUSDT,2025-06-05T12:00Z,PANEL_RIGHT,5e-05,4.999999873689376e-05,0.0001,2025-06-05T12:00Z,0,3,4.0,4.0
RAYUSDT,2025-06-05T16:00Z,PANEL_RIGHT,5e-05,4.999999873689376e-05,0.0001,2025-06-05T16:00Z,0,3,4.0,4.0
RAYUSDT,2025-06-05T20:00Z,PANEL_RIGHT,5e-05,4.999999873689376e-05,0.0001,2025-06-05T20:00Z,0,3,4.0,4.0
RVNUSDT,2025-06-05T20:00Z,PANEL_RIGHT,-0.00412803,-0.00412803003564477,-0.02,2025-06-05T20:00Z,0,3,1.0,1.0
RAYUSDT,2025-06-06T00:00Z,PANEL_RIGHT,5e-05,4.999999873689376e-05,0.0001,2025-06-06T00:00Z,0,3,4.0,4.0
RAYUSDT,2025-06-06T04:00Z,PANEL_RIGHT,5e-05,4.999999873689376e-05,0.0001,2025-06-06T04:00Z,0,3,4.0,4.0
RAYUSDT,2025-06-06T08:00Z,PANEL_RIGHT,5e-05,4.999999873689376e-05,0.0001,2025-06-06T08:00Z,0,3,4.0,4.0
RAYUSDT,2025-06-06T12:00Z,PANEL_RIGHT,5e-05,4.999999873689376e-05,0.0001,2025-06-06T12:00Z,0,3,4.0,4.0
RAYUSDT,2025-06-06T16:00Z,PANEL_RIGHT,5e-05,4.999999873689376e-05,0.0001,2025-06-06T16:00Z,0,3,4.0,4.0
RAYUSDT,2025-06-06T20:00Z,PANEL_RIGHT,5e-05,4.999999873689376e-05,0.0001,2025-06-06T20:00Z,0,3,4.0,4.0
RAYUSDT,2025-06-07T00:00Z,PANEL_RIGHT,5e-05,4.999999873689376e-05,0.0001,2025-06-07T00:00Z,0,3,4.0,4.0
MASKUSDT,2025-06-07T04:00Z,PANEL_RIGHT,-0.00266858,-0.002668580040335655,-0.0075,2025-06-07T04:00Z,0,3,1.0,1.0
RAYUSDT,2025-06-07T04:00Z,PANEL_RIGHT,5e-05,4.999999873689376e-05,0.0001,2025-06-07T04:00Z,0,3,4.0,4.0
RAYUSDT,2025-06-07T08:00Z,PANEL_RIGHT,5e-05,4.999999873689376e-05,0.0001,2025-06-07T08:00Z,0,3,4.0,4.0
RAYUSDT,2025-06-07T12:00Z,PANEL_RIGHT,5e-05,4.999999873689376e-05,0.0001,2025-06-07T12:00Z,0,3,4.0,4.0
RAYUSDT,2025-06-07T16:00Z,PANEL_RIGHT,5e-05,4.999999873689376e-05,0.0001,2025-06-07T16:00Z,0,3,4.0,4.0
RAYUSDT,2025-06-07T20:00Z,PANEL_RIGHT,5e-05,4.999999873689376e-05,0.0001,2025-06-07T20:00Z,0,3,4.0,4.0
RAYUSDT,2025-06-08T00:00Z,PANEL_RIGHT,5e-05,4.999999873689376e-05,0.0001,2025-06-08T00:00Z,0,3,4.0,4.0
RAYUSDT,2025-06-08T04:00Z,PANEL_RIGHT,5e-05,4.999999873689376e-05,0.0001,2025-06-08T04:00Z,0,3,4.0,4.0
RAYUSDT,2025-06-08T08:00Z,PANEL_RIGHT,5e-05,4.999999873689376e-05,0.0001,2025-06-08T08:00Z,0,3,4.0,4.0
RAYUSDT,2025-06-08T12:00Z,PANEL_RIGHT,5e-05,4.999999873689376e-05,0.0001,2025-06-08T12:00Z,0,3,4.0,4.0
RAYUSDT,2025-06-08T16:00Z,PANEL_RIGHT,5e-05,4.999999873689376e-05,0.0001,2025-06-08T16:00Z,0,3,4.0,4.0
RAYUSDT,2025-06-08T20:00Z,PANEL_RIGHT,5e-05,4.999999873689376e-05,0.0001,2025-06-08T20:00Z,0,3,4.0,4.0
RAYUSDT,2025-06-09T00:00Z,PANEL_RIGHT,5e-05,4.999999873689376e-05,0.0001,2025-06-09T00:00Z,0,3,4.0,4.0
RAYUSDT,2025-06-09T04:00Z,PANEL_RIGHT,5e-05,4.999999873689376e-05,0.0001,2025-06-09T04:00Z,0,3,4.0,4.0
RAYUSDT,2025-06-09T08:00Z,PANEL_RIGHT,5e-05,4.999999873689376e-05,0.0001,2025-06-09T08:00Z,0,3,4.0,4.0
RAYUSDT,2025-06-09T12:00Z,PANEL_RIGHT,5e-05,4.999999873689376e-05,0.0001,2025-06-09T12:00Z,0,3,4.0,4.0
RAYUSDT,2025-06-09T16:00Z,PANEL_RIGHT,5e-05,4.999999873689376e-05,0.0001,2025-06-09T16:00Z,0,3,4.0,4.0
SKATEUSDT,2025-06-09T16:00Z,PANEL_RIGHT,-0.00047302,-0.0004730199871119112,-0.00314199,2025-06-09T16:00Z,0,3,4.0,4.0
RAYUSDT,2025-06-09T20:00Z,PANEL_RIGHT,5e-05,4.999999873689376e-05,0.0001,2025-06-09T20:00Z,0,3,4.0,4.0
RAYUSDT,2025-06-10T00:00Z,PANEL_RIGHT,5e-05,4.999999873689376e-05,0.0001,2025-06-10T00:00Z,0,3,4.0,4.0
RAYUSDT,2025-06-10T04:00Z,PANEL_RIGHT,5e-05,4.999999873689376e-05,0.0001,2025-06-10T04:00Z,0,3,4.0,4.0
RAYUSDT,2025-06-10T08:00Z,PANEL_RIGHT,5e-05,4.999999873689376e-05,0.0001,2025-06-10T08:00Z,0,3,4.0,4.0
RAYUSDT,2025-06-10T12:00Z,PANEL_RIGHT,5e-05,4.999999873689376e-05,0.0001,2025-06-10T12:00Z,0,3,4.0,4.0
HOMEUSDT,2025-06-10T16:00Z,PANEL_RIGHT,-0.00419108,-0.00419108010828495,-0.01658437,2025-06-10T16:00Z,0,3,4.0,4.0
RAYUSDT,2025-06-10T16:00Z,PANEL_RIGHT,5e-05,4.999999873689376e-05,0.0001,2025-06-10T16:00Z,0,3,4.0,4.0
RAYUSDT,2025-06-10T20:00Z,PANEL_RIGHT,5e-05,4.999999873689376e-05,0.0001,2025-06-10T20:00Z,0,3,4.0,4.0
RAYUSDT,2025-06-11T00:00Z,PANEL_RIGHT,5e-05,4.999999873689376e-05,0.0001,2025-06-11T00:00Z,0,3,4.0,4.0
RAYUSDT,2025-06-11T04:00Z,PANEL_RIGHT,5e-05,4.999999873689376e-05,0.0001,2025-06-11T04:00Z,0,3,4.0,4.0
RAYUSDT,2025-06-11T08:00Z,PANEL_RIGHT,5e-05,4.999999873689376e-05,0.0001,2025-06-11T08:00Z,0,3,4.0,4.0
RAYUSDT,2025-06-11T12:00Z,PANEL_RIGHT,5e-05,4.999999873689376e-05,0.0001,2025-06-11T12:00Z,0,3,4.0,4.0
RAYUSDT,2025-06-11T16:00Z,PANEL_RIGHT,5e-05,4.999999873689376e-05,0.0001,2025-06-11T16:00Z,0,3,4.0,4.0
RAYUSDT,2025-06-11T20:00Z,PANEL_RIGHT,5e-05,4.999999873689376e-05,0.0001,2025-06-11T20:00Z,0,3,4.0,4.0
RAYUSDT,2025-06-12T00:00Z,PANEL_RIGHT,5e-05,4.999999873689376e-05,0.0001,2025-06-12T00:00Z,0,3,4.0,4.0
RAYUSDT,2025-06-12T04:00Z,PANEL_RIGHT,5e-05,4.999999873689376e-05,0.0001,2025-06-12T04:00Z,0,3,4.0,4.0
RAYUSDT,2025-06-12T08:00Z,PANEL_RIGHT,5e-05,4.999999873689376e-05,0.0001,2025-06-12T08:00Z,0,3,4.0,4.0
RAYUSDT,2025-06-12T12:00Z,PANEL_RIGHT,5e-05,4.999999873689376e-05,0.0001,2025-06-12T12:00Z,0,3,4.0,4.0
RAYUSDT,2025-06-12T16:00Z,PANEL_RIGHT,5e-05,4.999999873689376e-05,0.0001,2025-06-12T16:00Z,0,3,4.0,4.0
RAYUSDT,2025-06-12T20:00Z,PANEL_RIGHT,5e-05,4.999999873689376e-05,0.0001,2025-06-12T20:00Z,0,3,4.0,4.0
RAYUSDT,2025-06-13T00:00Z,PANEL_RIGHT,5e-05,4.999999873689376e-05,0.0001,2025-06-13T00:00Z,0,3,4.0,4.0
RAYUSDT,2025-06-13T04:00Z,PANEL_RIGHT,5e-05,4.999999873689376e-05,0.0001,2025-06-13T04:00Z,0,3,4.0,4.0
RAYUSDT,2025-06-13T08:00Z,PANEL_RIGHT,5e-05,4.999999873689376e-05,0.0001,2025-06-13T08:00Z,0,3,4.0,4.0
RAYUSDT,2025-06-13T12:00Z,PANEL_RIGHT,5e-05,4.999999873689376e-05,0.0001,2025-06-13T12:00Z,0,3,4.0,4.0
RAYUSDT,2025-06-13T16:00Z,PANEL_RIGHT,5e-05,4.999999873689376e-05,0.0001,2025-06-13T16:00Z,0,3,4.0,4.0
RAYUSDT,2025-06-13T20:00Z,PANEL_RIGHT,5e-05,4.999999873689376e-05,0.0001,2025-06-13T20:00Z,0,3,4.0,4.0
RAYUSDT,2025-06-14T00:00Z,PANEL_RIGHT,5e-05,4.999999873689376e-05,0.0001,2025-06-14T00:00Z,0,3,4.0,4.0
RAYUSDT,2025-06-14T04:00Z,PANEL_RIGHT,5e-05,4.999999873689376e-05,0.0001,2025-06-14T04:00Z,0,3,4.0,4.0
RAYUSDT,2025-06-14T08:00Z,PANEL_RIGHT,5e-05,4.999999873689376e-05,0.0001,2025-06-14T08:00Z,0,3,4.0,4.0
RAYUSDT,2025-06-14T12:00Z,PANEL_RIGHT,5e-05,4.999999873689376e-05,0.0001,2025-06-14T12:00Z,0,3,4.0,4.0
RAYUSDT,2025-06-14T16:00Z,PANEL_RIGHT,5e-05,4.999999873689376e-05,0.0001,2025-06-14T16:00Z,0,3,4.0,4.0
RAYUSDT,2025-06-14T20:00Z,PANEL_RIGHT,5e-05,4.999999873689376e-05,0.0001,2025-06-14T20:00Z,0,3,4.0,4.0
RAYUSDT,2025-06-15T00:00Z,PANEL_RIGHT,5e-05,4.999999873689376e-05,0.0001,2025-06-15T00:00Z,0,3,4.0,4.0
RAYUSDT,2025-06-15T04:00Z,PANEL_RIGHT,5e-05,4.999999873689376e-05,0.0001,2025-06-15T04:00Z,0,3,4.0,4.0
RAYUSDT,2025-06-15T08:00Z,PANEL_RIGHT,5e-05,4.999999873689376e-05,0.0001,2025-06-15T08:00Z,0,3,4.0,4.0
RAYUSDT,2025-06-15T12:00Z,PANEL_RIGHT,5e-05,4.999999873689376e-05,0.0001,2025-06-15T12:00Z,0,3,4.0,4.0
RAYUSDT,2025-06-15T16:00Z,PANEL_RIGHT,5e-05,4.999999873689376e-05,0.0001,2025-06-15T16:00Z,0,3,4.0,4.0
RAYUSDT,2025-06-15T20:00Z,PANEL_RIGHT,5e-05,4.999999873689376e-05,0.0001,2025-06-15T20:00Z,0,3,4.0,4.0
RAYUSDT,2025-06-16T00:00Z,PANEL_RIGHT,5e-05,4.999999873689376e-05,0.0001,2025-06-16T00:00Z,0,3,4.0,4.0
RAYUSDT,2025-06-16T04:00Z,PANEL_RIGHT,5e-05,4.999999873689376e-05,0.0001,2025-06-16T04:00Z,0,3,4.0,4.0
RAYUSDT,2025-06-16T08:00Z,PANEL_RIGHT,5e-05,4.999999873689376e-05,0.0001,2025-06-16T08:00Z,0,3,4.0,4.0
RAYUSDT,2025-06-16T12:00Z,PANEL_RIGHT,5e-05,4.999999873689376e-05,0.0001,2025-06-16T12:00Z,0,3,4.0,4.0
RAYUSDT,2025-06-16T16:00Z,PANEL_RIGHT,5e-05,4.999999873689376e-05,0.0001,2025-06-16T16:00Z,0,3,4.0,4.0
RAYUSDT,2025-06-16T20:00Z,PANEL_RIGHT,5e-05,4.999999873689376e-05,0.0001,2025-06-16T20:00Z,0,3,4.0,4.0
RAYUSDT,2025-06-17T00:00Z,PANEL_RIGHT,5e-05,4.999999873689376e-05,0.0001,2025-06-17T00:00Z,0,3,4.0,4.0
RAYUSDT,2025-06-17T04:00Z,PANEL_RIGHT,5e-05,4.999999873689376e-05,0.0001,2025-06-17T04:00Z,0,3,4.0,4.0
RAYUSDT,2025-06-17T08:00Z,PANEL_RIGHT,5e-05,4.999999873689376e-05,0.0001,2025-06-17T08:00Z,0,3,4.0,4.0
RAYUSDT,2025-06-17T12:00Z,PANEL_RIGHT,5e-05,4.999999873689376e-05,0.0001,2025-06-17T12:00Z,0,3,4.0,4.0
RAYUSDT,2025-06-17T16:00Z,PANEL_RIGHT,5e-05,4.999999873689376e-05,0.0001,2025-06-17T16:00Z,0,3,4.0,4.0
SPKUSDT,2025-06-17T16:00Z,PANEL_RIGHT,-0.00760904,-0.007609040010720491,-0.01138768,2025-06-17T16:00Z,0,3,4.0,4.0
RAYUSDT,2025-06-17T20:00Z,PANEL_RIGHT,5e-05,4.999999873689376e-05,0.0001,2025-06-17T20:00Z,0,3,4.0,4.0
RAYUSDT,2025-06-18T00:00Z,PANEL_RIGHT,5e-05,4.999999873689376e-05,0.0001,2025-06-18T00:00Z,0,3,4.0,4.0
RAYUSDT,2025-06-18T04:00Z,PANEL_RIGHT,5e-05,4.999999873689376e-05,0.0001,2025-06-18T04:00Z,0,3,4.0,4.0
RAYUSDT,2025-06-18T08:00Z,PANEL_RIGHT,5e-05,4.999999873689376e-05,0.0001,2025-06-18T08:00Z,0,3,4.0,4.0
RAYUSDT,2025-06-18T12:00Z,PANEL_RIGHT,5e-05,4.999999873689376e-05,0.0001,2025-06-18T12:00Z,0,3,4.0,4.0
RAYUSDT,2025-06-18T16:00Z,PANEL_RIGHT,5e-05,4.999999873689376e-05,0.0001,2025-06-18T16:00Z,0,3,4.0,4.0
RAYUSDT,2025-06-18T20:00Z,PANEL_RIGHT,5e-05,4.999999873689376e-05,0.0001,2025-06-18T20:00Z,0,3,4.0,4.0
RAYUSDT,2025-06-19T00:00Z,PANEL_RIGHT,5e-05,4.999999873689376e-05,0.0001,2025-06-19T00:00Z,0,3,4.0,4.0
RAYUSDT,2025-06-19T04:00Z,PANEL_RIGHT,5e-05,4.999999873689376e-05,0.0001,2025-06-19T04:00Z,0,3,4.0,4.0
RAYUSDT,2025-06-19T08:00Z,PANEL_RIGHT,5e-05,4.999999873689376e-05,0.0001,2025-06-19T08:00Z,0,3,4.0,4.0
RAYUSDT,2025-06-19T12:00Z,PANEL_RIGHT,5e-05,4.999999873689376e-05,0.0001,2025-06-19T08:00Z,14400,3,4.0,4.0
RAYUSDT,2025-06-19T16:00Z,PANEL_RIGHT,5e-05,4.999999873689376e-05,0.0001,2025-06-19T08:00Z,28800,3,4.0,4.0
RAYUSDT,2025-06-19T20:00Z,PANEL_RIGHT,5e-05,4.999999873689376e-05,0.0001,2025-06-19T08:00Z,43200,3,4.0,4.0
HUSDT,2025-06-25T16:00Z,PANEL_RIGHT,-0.00216817,-0.002168169943615794,-0.00540669,2025-06-25T16:00Z,0,3,4.0,4.0
BULLAUSDT,2025-07-04T16:00Z,PANEL_RIGHT,-0.00022384,-0.00022384000476449728,-0.00091281,2025-07-04T16:00Z,0,3,4.0,4.0
IDOLUSDT,2025-07-04T16:00Z,PANEL_RIGHT,5e-05,4.999999873689376e-05,-0.00402844,2025-07-04T16:00Z,0,3,4.0,4.0
MUSDT,2025-07-07T16:00Z,PANEL_RIGHT,5e-05,4.999999873689376e-05,-0.00796395,2025-07-07T16:00Z,0,3,4.0,4.0
TANSSIUSDT,2025-07-09T16:00Z,PANEL_RIGHT,0.00013227,0.0001322699972661212,-0.0005629,2025-07-09T16:00Z,0,3,4.0,4.0
AINUSDT,2025-07-10T16:00Z,PANEL_RIGHT,0.0006018,0.0006017999839968979,0.00061844,2025-07-10T16:00Z,0,3,4.0,4.0
CROSSUSDT,2025-07-10T16:00Z,PANEL_RIGHT,5e-05,4.999999873689376e-05,-0.00044462,2025-07-10T16:00Z,0,3,4.0,4.0
CUSDT,2025-07-15T16:00Z,PANEL_RIGHT,5e-05,4.999999873689376e-05,-0.00137735,2025-07-15T16:00Z,0,3,4.0,4.0
TACUSDT,2025-07-15T16:00Z,PANEL_RIGHT,5e-05,4.999999873689376e-05,-0.00215101,2025-07-15T16:00Z,0,3,4.0,4.0
VELVETUSDT,2025-07-15T16:00Z,PANEL_RIGHT,0.00111081,0.0011108099715784192,0.00096593,2025-07-15T16:00Z,0,3,4.0,4.0
XTZUSDT,2025-07-20T12:00Z,PANEL_RIGHT,-0.00195059,-0.0019505900563672185,-0.0075,2025-07-20T12:00Z,0,3,1.0,1.0
TAUSDT,2025-07-21T12:00Z,PANEL_RIGHT,0.0013492,0.0013492000289261341,0.00112012,2025-07-21T12:00Z,0,3,4.0,4.0
CVXUSDT,2025-07-23T12:00Z,PANEL_RIGHT,-0.0010153,-0.001015300047583878,0.0001,2025-07-23T12:00Z,0,3,4.0,4.0
SLPUSDT,2025-07-23T12:00Z,PANEL_RIGHT,4.679e-05,4.678999903262593e-05,5e-05,2025-07-23T12:00Z,0,3,4.0,4.0
CVXUSDT,2025-07-23T16:00Z,PANEL_RIGHT,5e-05,4.999999873689376e-05,0.0001,2025-07-23T16:00Z,0,3,4.0,4.0
SLPUSDT,2025-07-23T16:00Z,PANEL_RIGHT,3.396e-05,3.3960001019295305e-05,5e-05,2025-07-23T16:00Z,0,3,4.0,4.0
CVXUSDT,2025-07-23T20:00Z,PANEL_RIGHT,5e-05,4.999999873689376e-05,0.0001,2025-07-23T20:00Z,0,3,4.0,4.0
CVXUSDT,2025-07-24T00:00Z,PANEL_RIGHT,5e-05,4.999999873689376e-05,0.0001,2025-07-24T00:00Z,0,3,4.0,4.0
CVXUSDT,2025-07-24T04:00Z,PANEL_RIGHT,5e-05,4.999999873689376e-05,0.0001,2025-07-24T04:00Z,0,3,4.0,4.0
CVXUSDT,2025-07-24T08:00Z,PANEL_RIGHT,5e-05,4.999999873689376e-05,0.0001,2025-07-24T08:00Z,0,3,4.0,4.0
CVXUSDT,2025-07-24T12:00Z,PANEL_RIGHT,5e-05,4.999999873689376e-05,0.0001,2025-07-24T12:00Z,0,3,4.0,4.0
CVXUSDT,2025-07-24T16:00Z,PANEL_RIGHT,4.428e-05,4.428000102052465e-05,0.0001,2025-07-24T16:00Z,0,3,4.0,4.0
SLPUSDT,2025-07-24T16:00Z,PANEL_RIGHT,-0.00028469,-0.00028469000244513154,5e-05,2025-07-24T16:00Z,0,3,4.0,4.0
CVXUSDT,2025-07-24T20:00Z,PANEL_RIGHT,5e-05,4.999999873689376e-05,0.0001,2025-07-24T20:00Z,0,3,4.0,4.0
CVXUSDT,2025-07-25T00:00Z,PANEL_RIGHT,5e-05,4.999999873689376e-05,0.0001,2025-07-25T00:00Z,0,3,4.0,4.0
CVXUSDT,2025-07-25T04:00Z,PANEL_RIGHT,5e-05,4.999999873689376e-05,0.0001,2025-07-25T04:00Z,0,3,4.0,4.0
CVXUSDT,2025-07-25T08:00Z,PANEL_RIGHT,5e-05,4.999999873689376e-05,0.0001,2025-07-25T08:00Z,0,3,4.0,4.0
SLPUSDT,2025-07-25T12:00Z,PANEL_RIGHT,-0.00023102,-0.00023102000704966486,5e-05,2025-07-25T12:00Z,0,3,4.0,4.0
SLPUSDT,2025-07-25T16:00Z,PANEL_RIGHT,-0.0004372,-0.0004372000112198293,5e-05,2025-07-25T16:00Z,0,3,4.0,4.0
TAGUSDT,2025-07-25T16:00Z,PANEL_RIGHT,5e-05,4.999999873689376e-05,-0.00206702,2025-07-25T16:00Z,0,3,4.0,4.0
SLPUSDT,2025-07-26T04:00Z,PANEL_RIGHT,-0.00051602,-0.0005160199943929911,5e-05,2025-07-26T04:00Z,0,3,4.0,4.0
SLPUSDT,2025-07-26T20:00Z,PANEL_RIGHT,-3.477e-05,-3.477000063867308e-05,5e-05,2025-07-26T20:00Z,0,3,4.0,4.0
ESPORTSUSDT,2025-07-29T16:00Z,PANEL_RIGHT,5e-05,4.999999873689376e-05,0.00048202,2025-07-29T16:00Z,0,3,4.0,4.0
TOWNSUSDT,2025-08-05T20:00Z,PANEL_RIGHT,-0.00086037,-0.0008603699970990419,-0.00723918,2025-08-05T20:00Z,0,3,4.0,4.0
INUSDT,2025-08-07T16:00Z,PANEL_RIGHT,0.00073569,0.0007356900023296475,5e-05,2025-08-07T16:00Z,0,3,4.0,4.0
AIOUSDT,2025-08-13T16:00Z,PANEL_RIGHT,0.00041663,0.0004166300059296191,0.00344247,2025-08-13T16:00Z,0,3,4.0,4.0
XNYUSDT,2025-08-13T16:00Z,PANEL_RIGHT,0.0006957,0.0006957000005058944,0.00479757,2025-08-13T16:00Z,0,3,4.0,4.0
CUDISUSDT,2025-08-20T16:00Z,PANEL_RIGHT,-0.00054221,-0.0005422100075520575,0.00010067,2025-08-20T16:00Z,0,3,4.0,4.0
SAPIENUSDT,2025-08-21T00:00Z,PANEL_RIGHT,5e-05,4.999999873689376e-05,0.00181852,2025-08-21T00:00Z,0,3,4.0,4.0
BASUSDT,2025-08-26T20:00Z,PANEL_RIGHT,0.00134379,0.0013437899760901928,5e-05,2025-08-26T20:00Z,0,3,4.0,4.0
BTRUSDT,2025-08-27T16:00Z,PANEL_RIGHT,0.00082905,0.0008290500263683498,0.00115693,2025-08-27T16:00Z,0,3,4.0,4.0
QUSDT,2025-09-02T12:00Z,PANEL_RIGHT,0.00056344,0.0005634399713017046,0.0011272,2025-09-02T12:00Z,0,3,4.0,4.0
ARIAUSDT,2025-09-03T16:00Z,PANEL_RIGHT,5e-05,4.999999873689376e-05,-0.00095018,2025-09-03T16:00Z,0,3,4.0,4.0
TAKEUSDT,2025-09-03T16:00Z,PANEL_RIGHT,0.00119322,0.0011932200286537409,0.00086995,2025-09-03T16:00Z,0,3,4.0,4.0
FLOCKUSDT,2025-09-09T12:00Z,PANEL_RIGHT,-0.00637577,-0.0063757700845599174,5e-05,2025-09-09T12:00Z,0,3,4.0,4.0
SKYUSDT,2025-09-09T12:00Z,PANEL_RIGHT,5e-05,4.999999873689376e-05,0.0004033,2025-09-09T12:00Z,0,3,4.0,4.0
UBUSDT,2025-09-12T16:00Z,PANEL_RIGHT,0.00111637,0.0011163699673488736,0.00121216,2025-09-12T16:00Z,0,3,4.0,4.0
STBLUSDT,2025-09-17T12:00Z,PANEL_RIGHT,0.00188904,0.001889039995148778,0.00236631,2025-09-17T12:00Z,0,3,4.0,4.0
TOSHIUSDT,2025-09-17T12:00Z,PANEL_RIGHT,-0.00689926,-0.006899259984493256,-0.01271771,2025-09-17T12:00Z,0,3,4.0,4.0
BLESSUSDT,2025-09-23T16:00Z,PANEL_RIGHT,0.00147673,0.0014767299871891737,0.00123285,2025-09-23T16:00Z,0,3,4.0,4.0
FLUIDUSDT,2025-09-24T16:00Z,PANEL_RIGHT,-0.0001816,-0.0001816000003600493,-0.00514601,2025-09-24T16:00Z,0,3,4.0,4.0
COAIUSDT,2025-09-25T12:00Z,PANEL_RIGHT,-0.00092966,-0.0009296599891968071,-9.763e-05,2025-09-25T12:00Z,0,3,4.0,4.0
HANAUSDT,2025-09-26T16:00Z,PANEL_RIGHT,0.00325391,0.003253909992054105,-0.00351358,2025-09-26T16:00Z,0,3,4.0,4.0
XANUSDT,2025-09-29T16:00Z,PANEL_RIGHT,0.00105471,0.0010547100100666285,0.0007231,2025-09-29T16:00Z,0,3,4.0,4.0
EVAAUSDT,2025-10-03T16:00Z,PANEL_RIGHT,0.00133534,0.0013353399699553847,0.00011434,2025-10-03T16:00Z,0,3,4.0,4.0
LYNUSDT,2025-10-06T12:00Z,PANEL_RIGHT,0.000468,0.00046800001291558146,-0.02,2025-10-06T12:00Z,0,3,1.0,1.0
4USDT,2025-10-08T16:00Z,PANEL_RIGHT,0.00265141,0.0026514099445194006,0.00431728,2025-10-08T16:00Z,0,3,4.0,4.0
GIGGLEUSDT,2025-10-09T16:00Z,PANEL_RIGHT,0.00242291,0.002422909950837493,0.00229427,2025-10-09T16:00Z,0,3,4.0,4.0
ZBTUSDT,2025-10-17T16:00Z,PANEL_RIGHT,-0.00447534,-0.0044753397814929485,-0.02,2025-10-17T16:00Z,0,3,1.0,1.0
LABUSDT,2025-10-17T20:00Z,PANEL_RIGHT,5e-05,4.999999873689376e-05,0.00119079,2025-10-17T20:00Z,0,3,4.0,4.0
RIVERUSDT,2025-10-17T20:00Z,PANEL_RIGHT,0.00054806,0.0005480599938891828,-0.00606611,2025-10-17T20:00Z,0,3,4.0,4.0
BLUAIUSDT,2025-10-21T16:00Z,PANEL_RIGHT,0.00143781,0.0014378100167959929,-0.00112044,2025-10-21T16:00Z,0,3,4.0,4.0
42USDT,2025-10-27T16:00Z,PANEL_RIGHT,0.00012094,0.00012093999976059422,-0.00095799,2025-10-27T16:00Z,0,3,4.0,4.0
ATUSDT,2025-10-29T16:00Z,PANEL_RIGHT,-0.00261963,-0.0026196299586445093,-0.01320805,2025-10-29T16:00Z,0,3,4.0,4.0
UAIUSDT,2025-11-06T16:00Z,PANEL_RIGHT,0.00019144,0.00019144000543747097,-0.00015507,2025-11-06T16:00Z,0,3,4.0,4.0
KAVAUSDT,2025-11-09T12:00Z,PANEL_RIGHT,-0.00388436,-0.003884359961375594,-0.02,2025-11-09T12:00Z,0,3,1.0,1.0
PIEVERSEUSDT,2025-11-14T16:00Z,PANEL_RIGHT,5e-05,4.999999873689376e-05,-0.00064386,2025-11-14T16:00Z,0,3,4.0,4.0
BOBUSDT,2025-11-21T16:00Z,PANEL_RIGHT,-0.00080717,-0.000807169999461621,-0.00163329,2025-11-21T16:00Z,0,3,4.0,4.0
SKLUSDT,2025-11-29T20:00Z,PANEL_RIGHT,-0.00132054,-0.0013205399736762047,-0.02,2025-11-29T20:00Z,0,3,1.0,1.0
RLSUSDT,2025-12-02T16:00Z,PANEL_RIGHT,0.00045658,0.0004565799899864942,-0.00055601,2025-12-02T16:00Z,0,3,4.0,4.0
LUNA2USDT,2025-12-05T20:00Z,PANEL_RIGHT,-0.00257984,-0.002579839900135994,-0.02,2025-12-05T20:00Z,0,3,1.0,1.0
POWERUSDT,2025-12-06T16:00Z,PANEL_RIGHT,0.00016695,0.00016695000522304326,0.00072333,2025-12-06T16:00Z,0,3,4.0,4.0
WETUSDT,2025-12-10T12:00Z,PANEL_RIGHT,-0.00144018,-0.0014401799999177456,5e-05,2025-12-10T12:00Z,0,3,4.0,4.0
NIGHTUSDT,2025-12-10T16:00Z,PANEL_RIGHT,-0.00405683,-0.004056829959154129,-0.00176273,2025-12-10T16:00Z,0,3,4.0,4.0
LRCUSDT,2025-12-11T04:00Z,PANEL_RIGHT,-0.00375392,-0.0037539200857281685,-0.02,2025-12-11T04:00Z,0,3,1.0,1.0
CYSUSDT,2025-12-12T16:00Z,PANEL_RIGHT,0.00040921,0.00040921001345850527,0.00114069,2025-12-12T16:00Z,0,3,4.0,4.0
USUSDT,2025-12-12T16:00Z,PANEL_RIGHT,-0.00136847,-0.001368470024317503,-9.626e-05,2025-12-12T16:00Z,0,3,4.0,4.0
RAVEUSDT,2025-12-14T20:00Z,PANEL_RIGHT,-0.01587779,-0.01587779074907303,-0.01313238,2025-12-14T20:00Z,0,3,4.0,4.0
GUAUSDT,2025-12-21T16:00Z,PANEL_RIGHT,-0.00054206,-0.0005420600064098835,-0.01292586,2025-12-21T16:00Z,0,3,4.0,4.0
IRUSDT,2025-12-21T16:00Z,PANEL_RIGHT,-0.00253744,-0.0025374400429427624,-0.01318388,2025-12-21T16:00Z,0,3,4.0,4.0
ZKPUSDT,2025-12-21T16:00Z,PANEL_RIGHT,5e-05,4.999999873689376e-05,0.00018131,2025-12-21T16:00Z,0,3,4.0,4.0
LITUSDT,2025-12-23T20:00Z,PANEL_RIGHT,5e-05,4.999999873689376e-05,0.0001,2025-12-23T20:00Z,0,3,4.0,4500.0
LITUSDT,2025-12-24T00:00Z,PANEL_RIGHT,5e-05,4.999999873689376e-05,0.0001,2025-12-24T00:00Z,0,3,4.0,4.0
LITUSDT,2025-12-24T04:00Z,PANEL_RIGHT,5e-05,4.999999873689376e-05,0.0001,2025-12-24T04:00Z,0,3,4.0,4.0
LITUSDT,2025-12-24T08:00Z,PANEL_RIGHT,5e-05,4.999999873689376e-05,0.0001,2025-12-24T08:00Z,0,3,4.0,4.0
FLOWUSDT,2025-12-27T20:00Z,PANEL_RIGHT,-0.00100445,-0.0010044500231742859,-0.02,2025-12-27T20:00Z,0,3,1.0,1.0
ONTUSDT,2025-12-27T20:00Z,PANEL_RIGHT,-0.00054485,-0.0005448500160127878,-0.02,2025-12-27T20:00Z,0,3,1.0,1.0
STORJUSDT,2025-12-28T04:00Z,PANEL_RIGHT,-0.00031408,-0.0003140800108667463,-0.02,2025-12-28T04:00Z,0,3,1.0,1.0
ZRXUSDT,2025-12-30T12:00Z,PANEL_RIGHT,-0.00518113,-0.005181130021810532,-0.02,2025-12-30T12:00Z,0,3,1.0,1.0
COLLECTUSDT,2025-12-31T20:00Z,PANEL_RIGHT,0.00197441,0.0019744099117815495,0.00141422,2025-12-31T20:00Z,0,3,4.0,4.0
GMTUSDT,2026-01-09T20:00Z,PANEL_RIGHT,-0.00039508,-0.00039507998735643923,-0.02,2026-01-09T20:00Z,0,3,1.0,1.0
SPORTFUNUSDT,2026-01-16T20:00Z,PANEL_RIGHT,-0.00157425,-0.0015742500545457006,-0.00109044,2026-01-16T20:00Z,0,3,4.0,4.0
AXSUSDT,2026-01-17T20:00Z,PANEL_RIGHT,-0.00047924,-0.0004792399995494634,-0.02,2026-01-17T20:00Z,0,3,1.0,1.0
DUSKUSDT,2026-01-19T12:00Z,PANEL_RIGHT,-0.00221771,-0.002217710018157959,-0.02,2026-01-19T12:00Z,0,3,1.0,1.0
AIAUSDT,2026-01-20T08:00Z,PANEL_RIGHT,5e-05,4.999999873689376e-05,0.00060939,2026-01-20T08:00Z,0,3,4.0,1.0
ACUUSDT,2026-01-21T20:00Z,PANEL_RIGHT,-0.00039915,-0.00039915001252666116,-0.0008647,2026-01-21T20:00Z,0,3,4.0,4.0
ELSAUSDT,2026-01-22T12:00Z,PANEL_RIGHT,-0.0014899,-0.0014899000525474548,-0.02,2026-01-22T12:00Z,0,3,1.0,1.0
SKRUSDT,2026-01-22T16:00Z,PANEL_RIGHT,-0.00285089,-0.00285088992677629,-0.00041244,2026-01-22T16:00Z,0,3,4.0,4.0
SPACEUSDT,2026-01-23T16:00Z,PANEL_RIGHT,0.00102977,0.0010297700064256787,0.0003795,2026-01-23T16:00Z,0,3,4.0,4.0
BIRBUSDT,2026-01-29T12:00Z,PANEL_RIGHT,-0.01405318,-0.014053179882466793,-0.01394171,2026-01-29T12:00Z,0,3,4.0,4.0
GWEIUSDT,2026-01-29T12:00Z,PANEL_RIGHT,-0.00017454,-0.00017453999316785485,5e-05,2026-01-29T12:00Z,0,3,4.0,4.0
INXUSDT,2026-01-31T00:00Z,PANEL_RIGHT,-0.00014674,-0.00014673999976366758,-0.00221222,2026-01-31T00:00Z,0,3,4.0,4.0
ZILUSDT,2026-02-02T20:00Z,PANEL_RIGHT,-0.00286688,-0.0028668800368905067,-0.02,2026-02-02T20:00Z,0,3,1.0,1.0
ROBOUSDT,2026-02-27T16:00Z,PANEL_RIGHT,-5.21e-05,-5.210000017541461e-05,0.0001593,2026-02-27T16:00Z,0,3,4.0,4.0
ALICEUSDT,2026-02-28T04:00Z,PANEL_RIGHT,-0.00023411,-0.00023411000438500196,-0.02,2026-02-28T04:00Z,0,3,1.0,1.0
TLMUSDT,2026-03-02T04:00Z,PANEL_RIGHT,1.25e-05,1.249999968422344e-05,-0.02,2026-03-02T04:00Z,0,3,1.0,1.0
ICXUSDT,2026-03-11T12:00Z,PANEL_RIGHT,-0.00082531,-0.0008253100095316768,-0.02,2026-03-11T12:00Z,0,3,1.0,1.0
OGNUSDT,2026-03-12T04:00Z,PANEL_RIGHT,-0.00087098,-0.000870979973115027,-0.02,2026-03-12T04:00Z,0,3,1.0,1.0
CFGUSDT,2026-03-16T20:00Z,PANEL_RIGHT,-0.00316234,-0.0031623400282114744,-0.00924837,2026-03-16T20:00Z,0,3,4.0,4.0
ANKRUSDT,2026-03-18T12:00Z,PANEL_RIGHT,-0.00136183,-0.00136183004360646,-0.02,2026-03-18T12:00Z,0,3,1.0,1.0
ENJUSDT,2026-03-18T12:00Z,PANEL_RIGHT,-0.00633612,-0.006336119957268238,-0.02,2026-03-18T12:00Z,0,3,1.0,1.0
RDNTUSDT,2026-03-21T20:00Z,PANEL_RIGHT,-0.00113231,-0.0011323100188747048,-0.02,2026-03-21T20:00Z,0,3,1.0,1.0
ORDERUSDT,2026-03-22T12:00Z,PANEL_RIGHT,-0.00092844,-0.0009284400148317218,-0.02,2026-03-22T12:00Z,0,3,1.0,1.0
BSBUSDT,2026-03-25T16:00Z,PANEL_RIGHT,0.00012079,0.00012078999861842021,5e-05,2026-03-25T16:00Z,0,3,4.0,4.0
XAUTUSDT,2026-03-26T20:00Z,PANEL_RIGHT,-5.154e-05,-5.1539998821681365e-05,-6.51e-06,2026-03-26T20:00Z,0,3,4.0,4.0
BLURUSDT,2026-04-01T12:00Z,PANEL_RIGHT,-0.00432397,-0.004323970060795546,-0.02,2026-04-01T12:00Z,0,3,1.0,1.0
GENIUSUSDT,2026-04-16T08:00Z,PANEL_RIGHT,5e-05,4.999999873689376e-05,0.00184899,2026-04-16T08:00Z,0,3,4.0,4.0
OPGUSDT,2026-04-22T20:00Z,PANEL_RIGHT,0.0002347,0.00023469999723602086,0.00031724,2026-04-22T20:00Z,0,3,4.0,4.0
BDXNUSDT,2026-04-28T12:00Z,PANEL_RIGHT,5e-05,4.999999873689376e-05,0.0046011,2026-04-28T12:00Z,0,1,nan,1012.0
BDXNUSDT,2026-04-28T16:00Z,PANEL_RIGHT,5e-05,4.999999873689376e-05,0.0046011,2026-04-28T16:00Z,0,1,nan,4.0
BDXNUSDT,2026-04-28T20:00Z,PANEL_RIGHT,5e-05,4.999999873689376e-05,0.0046011,2026-04-28T20:00Z,0,1,nan,4.0
BDXNUSDT,2026-04-29T00:00Z,PANEL_RIGHT,5e-05,4.999999873689376e-05,0.0046011,2026-04-29T00:00Z,0,1,nan,4.0
BDXNUSDT,2026-04-29T04:00Z,PANEL_RIGHT,5e-05,4.999999873689376e-05,0.0046011,2026-04-29T04:00Z,0,1,nan,4.0
BDXNUSDT,2026-04-29T08:00Z,PANEL_RIGHT,5e-05,4.999999873689376e-05,0.0046011,2026-04-29T08:00Z,0,1,nan,4.0
BDXNUSDT,2026-04-29T12:00Z,PANEL_RIGHT,5e-05,4.999999873689376e-05,0.0046011,2026-04-29T12:00Z,0,1,nan,4.0
BDXNUSDT,2026-04-29T16:00Z,PANEL_RIGHT,5e-05,4.999999873689376e-05,0.0046011,2026-04-29T16:00Z,0,1,nan,4.0
AIGENSYNUSDT,2026-04-29T20:00Z,PANEL_RIGHT,0.00164565,0.001645650016143918,0.00059543,2026-04-29T20:00Z,0,3,4.0,4.0
BDXNUSDT,2026-04-29T20:00Z,PANEL_RIGHT,5e-05,4.999999873689376e-05,0.0046011,2026-04-29T20:00Z,0,1,nan,4.0
BDXNUSDT,2026-04-30T00:00Z,PANEL_RIGHT,5e-05,4.999999873689376e-05,0.0046011,2026-04-30T00:00Z,0,1,nan,4.0
BDXNUSDT,2026-04-30T04:00Z,PANEL_RIGHT,5e-05,4.999999873689376e-05,0.0046011,2026-04-30T04:00Z,0,1,nan,4.0
BDXNUSDT,2026-04-30T08:00Z,PANEL_RIGHT,5e-05,4.999999873689376e-05,0.0046011,2026-04-30T08:00Z,0,1,nan,4.0
BDXNUSDT,2026-04-30T12:00Z,PANEL_RIGHT,5e-05,4.999999873689376e-05,0.0046011,2026-04-30T12:00Z,0,1,nan,4.0
BDXNUSDT,2026-04-30T16:00Z,PANEL_RIGHT,5e-05,4.999999873689376e-05,0.0046011,2026-04-30T16:00Z,0,1,nan,4.0
BDXNUSDT,2026-04-30T20:00Z,PANEL_RIGHT,5e-05,4.999999873689376e-05,0.0046011,2026-04-30T20:00Z,0,1,nan,4.0
BDXNUSDT,2026-05-01T00:00Z,PANEL_RIGHT,5e-05,4.999999873689376e-05,0.0046011,2026-05-01T00:00Z,0,1,nan,4.0
BDXNUSDT,2026-05-01T04:00Z,PANEL_RIGHT,5e-05,4.999999873689376e-05,0.0046011,2026-05-01T04:00Z,0,1,nan,4.0
BDXNUSDT,2026-05-01T08:00Z,PANEL_RIGHT,5e-05,4.999999873689376e-05,0.0046011,2026-05-01T08:00Z,0,1,nan,4.0
BDXNUSDT,2026-05-01T12:00Z,PANEL_RIGHT,5e-05,4.999999873689376e-05,0.0046011,2026-05-01T12:00Z,0,1,nan,4.0
BDXNUSDT,2026-05-01T16:00Z,PANEL_RIGHT,5e-05,4.999999873689376e-05,0.0046011,2026-05-01T16:00Z,0,1,nan,4.0
BDXNUSDT,2026-05-01T20:00Z,PANEL_RIGHT,5e-05,4.999999873689376e-05,0.0046011,2026-05-01T20:00Z,0,1,nan,4.0
BDXNUSDT,2026-05-02T00:00Z,PANEL_RIGHT,5e-05,4.999999873689376e-05,0.0046011,2026-05-02T00:00Z,0,1,nan,4.0
BDXNUSDT,2026-05-02T04:00Z,PANEL_RIGHT,5e-05,4.999999873689376e-05,0.0046011,2026-05-02T04:00Z,0,1,nan,4.0
BDXNUSDT,2026-05-02T08:00Z,PANEL_RIGHT,5e-05,4.999999873689376e-05,0.0046011,2026-05-02T08:00Z,0,1,nan,4.0
BDXNUSDT,2026-05-02T12:00Z,PANEL_RIGHT,5e-05,4.999999873689376e-05,0.0046011,2026-05-02T12:00Z,0,1,nan,4.0
BDXNUSDT,2026-05-02T16:00Z,PANEL_RIGHT,5e-05,4.999999873689376e-05,0.0046011,2026-05-02T16:00Z,0,1,nan,4.0
BDXNUSDT,2026-05-02T20:00Z,PANEL_RIGHT,5e-05,4.999999873689376e-05,0.0046011,2026-05-02T20:00Z,0,1,nan,4.0
BDXNUSDT,2026-05-03T00:00Z,PANEL_RIGHT,5e-05,4.999999873689376e-05,0.0046011,2026-05-03T00:00Z,0,1,nan,4.0
BDXNUSDT,2026-05-03T04:00Z,PANEL_RIGHT,5e-05,4.999999873689376e-05,0.0046011,2026-05-03T04:00Z,0,1,nan,4.0
BDXNUSDT,2026-05-03T08:00Z,PANEL_RIGHT,5e-05,4.999999873689376e-05,0.0046011,2026-05-03T08:00Z,0,1,nan,4.0
BDXNUSDT,2026-05-03T12:00Z,PANEL_RIGHT,5e-05,4.999999873689376e-05,0.0046011,2026-05-03T12:00Z,0,1,nan,4.0
BDXNUSDT,2026-05-03T16:00Z,PANEL_RIGHT,5e-05,4.999999873689376e-05,0.0046011,2026-05-03T16:00Z,0,1,nan,4.0
BDXNUSDT,2026-05-03T20:00Z,PANEL_RIGHT,5e-05,4.999999873689376e-05,0.0046011,2026-05-03T20:00Z,0,1,nan,4.0
BDXNUSDT,2026-05-04T00:00Z,PANEL_RIGHT,5e-05,4.999999873689376e-05,0.0046011,2026-05-04T00:00Z,0,1,nan,4.0
BDXNUSDT,2026-05-04T04:00Z,PANEL_RIGHT,5e-05,4.999999873689376e-05,0.0046011,2026-05-04T04:00Z,0,1,nan,4.0
BDXNUSDT,2026-05-04T08:00Z,PANEL_RIGHT,5e-05,4.999999873689376e-05,0.0046011,2026-05-04T08:00Z,0,1,nan,4.0
BDXNUSDT,2026-05-04T12:00Z,PANEL_RIGHT,5e-05,4.999999873689376e-05,0.0046011,2026-05-04T12:00Z,0,1,nan,4.0
BDXNUSDT,2026-05-04T16:00Z,PANEL_RIGHT,5e-05,4.999999873689376e-05,0.0046011,2026-05-04T16:00Z,0,1,nan,4.0
BDXNUSDT,2026-05-04T20:00Z,PANEL_RIGHT,5e-05,4.999999873689376e-05,0.0046011,2026-05-04T20:00Z,0,1,nan,4.0
BDXNUSDT,2026-05-05T00:00Z,PANEL_RIGHT,5e-05,4.999999873689376e-05,0.0046011,2026-05-05T00:00Z,0,1,nan,4.0
BDXNUSDT,2026-05-05T04:00Z,PANEL_RIGHT,5e-05,4.999999873689376e-05,0.0046011,2026-05-05T04:00Z,0,1,nan,4.0
BDXNUSDT,2026-05-05T08:00Z,PANEL_RIGHT,5e-05,4.999999873689376e-05,0.0046011,2026-05-05T08:00Z,0,1,nan,4.0
BDXNUSDT,2026-05-05T12:00Z,PANEL_RIGHT,5e-05,4.999999873689376e-05,0.0046011,2026-05-05T12:00Z,0,1,nan,4.0
BDXNUSDT,2026-05-05T16:00Z,PANEL_RIGHT,5e-05,4.999999873689376e-05,0.0046011,2026-05-05T16:00Z,0,1,nan,4.0
BDXNUSDT,2026-05-05T20:00Z,PANEL_RIGHT,5e-05,4.999999873689376e-05,0.0046011,2026-05-05T20:00Z,0,1,nan,4.0
BDXNUSDT,2026-05-06T00:00Z,PANEL_RIGHT,5e-05,4.999999873689376e-05,0.0046011,2026-05-06T00:00Z,0,1,nan,4.0
BDXNUSDT,2026-05-06T04:00Z,PANEL_RIGHT,5e-05,4.999999873689376e-05,0.0046011,2026-05-06T04:00Z,0,1,nan,4.0
BDXNUSDT,2026-05-06T08:00Z,PANEL_RIGHT,5e-05,4.999999873689376e-05,0.0046011,2026-05-06T08:00Z,0,1,nan,4.0
BDXNUSDT,2026-05-06T12:00Z,PANEL_RIGHT,5e-05,4.999999873689376e-05,0.0046011,2026-05-06T12:00Z,0,1,nan,4.0
BDXNUSDT,2026-05-06T16:00Z,PANEL_RIGHT,5e-05,4.999999873689376e-05,0.0046011,2026-05-06T16:00Z,0,1,nan,4.0
BDXNUSDT,2026-05-06T20:00Z,PANEL_RIGHT,5e-05,4.999999873689376e-05,0.0046011,2026-05-06T20:00Z,0,1,nan,4.0
BDXNUSDT,2026-05-07T00:00Z,PANEL_RIGHT,5e-05,4.999999873689376e-05,0.0046011,2026-05-07T00:00Z,0,1,nan,4.0
BDXNUSDT,2026-05-07T04:00Z,PANEL_RIGHT,5e-05,4.999999873689376e-05,0.0046011,2026-05-07T04:00Z,0,1,nan,4.0
BDXNUSDT,2026-05-07T08:00Z,PANEL_RIGHT,5e-05,4.999999873689376e-05,0.0046011,2026-05-07T08:00Z,0,1,nan,4.0
BDXNUSDT,2026-05-07T12:00Z,PANEL_RIGHT,5e-05,4.999999873689376e-05,0.0046011,2026-05-07T12:00Z,0,1,nan,4.0
BDXNUSDT,2026-05-07T16:00Z,PANEL_RIGHT,5e-05,4.999999873689376e-05,0.0046011,2026-05-07T16:00Z,0,1,nan,4.0
BDXNUSDT,2026-05-07T20:00Z,PANEL_RIGHT,5e-05,4.999999873689376e-05,0.0046011,2026-05-07T20:00Z,0,1,nan,4.0
BDXNUSDT,2026-05-08T00:00Z,PANEL_RIGHT,5e-05,4.999999873689376e-05,0.0046011,2026-05-08T00:00Z,0,1,nan,4.0
BDXNUSDT,2026-05-08T04:00Z,PANEL_RIGHT,5e-05,4.999999873689376e-05,0.0046011,2026-05-08T04:00Z,0,1,nan,4.0
BDXNUSDT,2026-05-08T08:00Z,PANEL_RIGHT,5e-05,4.999999873689376e-05,0.0046011,2026-05-08T08:00Z,0,1,nan,4.0
BDXNUSDT,2026-05-08T12:00Z,PANEL_RIGHT,5e-05,4.999999873689376e-05,0.0046011,2026-05-08T12:00Z,0,1,nan,4.0
BDXNUSDT,2026-05-08T16:00Z,PANEL_RIGHT,5e-05,4.999999873689376e-05,0.0046011,2026-05-08T16:00Z,0,1,nan,4.0
BDXNUSDT,2026-05-08T20:00Z,PANEL_RIGHT,5e-05,4.999999873689376e-05,0.0046011,2026-05-08T20:00Z,0,1,nan,4.0
BDXNUSDT,2026-05-09T00:00Z,PANEL_RIGHT,5e-05,4.999999873689376e-05,0.0046011,2026-05-09T00:00Z,0,1,nan,4.0
BDXNUSDT,2026-05-09T04:00Z,PANEL_RIGHT,5e-05,4.999999873689376e-05,0.0046011,2026-05-09T04:00Z,0,1,nan,4.0
BDXNUSDT,2026-05-09T08:00Z,PANEL_RIGHT,5e-05,4.999999873689376e-05,0.0046011,2026-05-09T08:00Z,0,1,nan,4.0
BDXNUSDT,2026-05-09T12:00Z,PANEL_RIGHT,5e-05,4.999999873689376e-05,0.0046011,2026-05-09T12:00Z,0,1,nan,4.0
BDXNUSDT,2026-05-09T16:00Z,PANEL_RIGHT,5e-05,4.999999873689376e-05,0.0046011,2026-05-09T16:00Z,0,1,nan,4.0
BDXNUSDT,2026-05-09T20:00Z,PANEL_RIGHT,5e-05,4.999999873689376e-05,0.0046011,2026-05-09T20:00Z,0,1,nan,4.0
BDXNUSDT,2026-05-10T00:00Z,PANEL_RIGHT,5e-05,4.999999873689376e-05,0.0046011,2026-05-10T00:00Z,0,1,nan,4.0
BDXNUSDT,2026-05-10T04:00Z,PANEL_RIGHT,5e-05,4.999999873689376e-05,0.0046011,2026-05-10T04:00Z,0,1,nan,4.0
BDXNUSDT,2026-05-10T08:00Z,PANEL_RIGHT,5e-05,4.999999873689376e-05,0.0046011,2026-05-10T08:00Z,0,1,nan,4.0
BDXNUSDT,2026-05-10T12:00Z,PANEL_RIGHT,5e-05,4.999999873689376e-05,0.0046011,2026-05-10T12:00Z,0,1,nan,4.0
BDXNUSDT,2026-05-10T16:00Z,PANEL_RIGHT,5e-05,4.999999873689376e-05,0.0046011,2026-05-10T16:00Z,0,1,nan,4.0
BDXNUSDT,2026-05-10T20:00Z,PANEL_RIGHT,5e-05,4.999999873689376e-05,0.0046011,2026-05-10T20:00Z,0,1,nan,4.0
BDXNUSDT,2026-05-11T00:00Z,PANEL_RIGHT,5e-05,4.999999873689376e-05,0.0046011,2026-05-11T00:00Z,0,1,nan,4.0
BDXNUSDT,2026-05-11T04:00Z,PANEL_RIGHT,5e-05,4.999999873689376e-05,0.0046011,2026-05-11T04:00Z,0,1,nan,4.0
BDXNUSDT,2026-05-11T08:00Z,PANEL_RIGHT,5e-05,4.999999873689376e-05,0.0046011,2026-05-11T08:00Z,0,1,nan,4.0
BDXNUSDT,2026-05-11T12:00Z,PANEL_RIGHT,5e-05,4.999999873689376e-05,0.0046011,2026-05-11T12:00Z,0,1,nan,4.0
BDXNUSDT,2026-05-11T16:00Z,PANEL_RIGHT,5e-05,4.999999873689376e-05,0.0046011,2026-05-11T16:00Z,0,1,nan,4.0
BDXNUSDT,2026-05-11T20:00Z,PANEL_RIGHT,5e-05,4.999999873689376e-05,0.0046011,2026-05-11T20:00Z,0,1,nan,4.0
BDXNUSDT,2026-05-12T00:00Z,PANEL_RIGHT,5e-05,4.999999873689376e-05,0.0046011,2026-05-12T00:00Z,0,1,nan,4.0
BDXNUSDT,2026-05-12T04:00Z,PANEL_RIGHT,5e-05,4.999999873689376e-05,0.0046011,2026-05-12T04:00Z,0,1,nan,4.0
BDXNUSDT,2026-05-12T08:00Z,PANEL_RIGHT,5e-05,4.999999873689376e-05,0.0046011,2026-05-12T08:00Z,0,1,nan,4.0
BDXNUSDT,2026-05-12T12:00Z,PANEL_RIGHT,5e-05,4.999999873689376e-05,0.0046011,2026-05-12T12:00Z,0,1,nan,4.0
BDXNUSDT,2026-05-12T16:00Z,PANEL_RIGHT,5e-05,4.999999873689376e-05,0.0046011,2026-05-12T16:00Z,0,1,nan,4.0
BDXNUSDT,2026-05-12T20:00Z,PANEL_RIGHT,5e-05,4.999999873689376e-05,0.0046011,2026-05-12T20:00Z,0,1,nan,4.0
BDXNUSDT,2026-05-13T00:00Z,PANEL_RIGHT,5e-05,4.999999873689376e-05,0.0046011,2026-05-13T00:00Z,0,1,nan,4.0
BDXNUSDT,2026-05-13T04:00Z,PANEL_RIGHT,5e-05,4.999999873689376e-05,0.0046011,2026-05-13T04:00Z,0,1,nan,4.0
BDXNUSDT,2026-05-13T08:00Z,PANEL_RIGHT,5e-05,4.999999873689376e-05,0.0046011,2026-05-13T08:00Z,0,1,nan,4.0
BDXNUSDT,2026-05-13T12:00Z,PANEL_RIGHT,5e-05,4.999999873689376e-05,0.0046011,2026-05-13T12:00Z,0,1,nan,4.0
BDXNUSDT,2026-05-13T16:00Z,PANEL_RIGHT,5e-05,4.999999873689376e-05,0.0046011,2026-05-13T16:00Z,0,1,nan,4.0
BDXNUSDT,2026-05-13T20:00Z,PANEL_RIGHT,5e-05,4.999999873689376e-05,0.0046011,2026-05-13T20:00Z,0,1,nan,4.0
BDXNUSDT,2026-05-14T00:00Z,PANEL_RIGHT,5e-05,4.999999873689376e-05,0.0046011,2026-05-14T00:00Z,0,1,nan,4.0
BDXNUSDT,2026-05-14T04:00Z,PANEL_RIGHT,5e-05,4.999999873689376e-05,0.0046011,2026-05-14T04:00Z,0,1,nan,4.0
BDXNUSDT,2026-05-14T08:00Z,PANEL_RIGHT,5e-05,4.999999873689376e-05,0.0046011,2026-05-14T08:00Z,0,1,nan,4.0
BDXNUSDT,2026-05-14T12:00Z,PANEL_RIGHT,5e-05,4.999999873689376e-05,0.0046011,2026-05-14T12:00Z,0,1,nan,4.0
PHAROSUSDT,2026-05-14T12:00Z,PANEL_RIGHT,5e-05,4.999999873689376e-05,0.00038663,2026-05-14T12:00Z,0,3,4.0,4.0
STARUSDT,2026-05-14T12:00Z,PANEL_RIGHT,0.00146309,0.0014630899531766772,0.00213186,2026-05-14T12:00Z,0,3,4.0,4.0
BDXNUSDT,2026-05-14T16:00Z,PANEL_RIGHT,5e-05,4.999999873689376e-05,0.0046011,2026-05-14T16:00Z,0,1,nan,4.0
BDXNUSDT,2026-05-14T20:00Z,PANEL_RIGHT,5e-05,4.999999873689376e-05,0.0046011,2026-05-14T20:00Z,0,1,nan,4.0
BDXNUSDT,2026-05-15T00:00Z,PANEL_RIGHT,5e-05,4.999999873689376e-05,0.0046011,2026-05-15T00:00Z,0,1,nan,4.0
BDXNUSDT,2026-05-15T04:00Z,PANEL_RIGHT,5e-05,4.999999873689376e-05,0.0046011,2026-05-15T04:00Z,0,1,nan,4.0
BDXNUSDT,2026-05-15T08:00Z,PANEL_RIGHT,5e-05,4.999999873689376e-05,0.0046011,2026-05-15T08:00Z,0,1,nan,4.0
BDXNUSDT,2026-05-15T12:00Z,PANEL_RIGHT,5e-05,4.999999873689376e-05,0.0046011,2026-05-15T12:00Z,0,1,nan,4.0
BDXNUSDT,2026-05-15T16:00Z,PANEL_RIGHT,5e-05,4.999999873689376e-05,0.0046011,2026-05-15T16:00Z,0,1,nan,4.0
BDXNUSDT,2026-05-15T20:00Z,PANEL_RIGHT,5e-05,4.999999873689376e-05,0.0046011,2026-05-15T20:00Z,0,1,nan,4.0
BDXNUSDT,2026-05-16T00:00Z,PANEL_RIGHT,5e-05,4.999999873689376e-05,0.0046011,2026-05-16T00:00Z,0,1,nan,4.0
BDXNUSDT,2026-05-16T04:00Z,PANEL_RIGHT,5e-05,4.999999873689376e-05,0.0046011,2026-05-16T04:00Z,0,1,nan,4.0
BDXNUSDT,2026-05-16T08:00Z,PANEL_RIGHT,5e-05,4.999999873689376e-05,0.0046011,2026-05-16T08:00Z,0,1,nan,4.0
BDXNUSDT,2026-05-16T12:00Z,PANEL_RIGHT,5e-05,4.999999873689376e-05,0.0046011,2026-05-16T12:00Z,0,1,nan,4.0
BDXNUSDT,2026-05-16T16:00Z,PANEL_RIGHT,5e-05,4.999999873689376e-05,0.0046011,2026-05-16T16:00Z,0,1,nan,4.0
BDXNUSDT,2026-05-16T20:00Z,PANEL_RIGHT,5e-05,4.999999873689376e-05,0.0046011,2026-05-16T20:00Z,0,1,nan,4.0
BDXNUSDT,2026-05-17T00:00Z,PANEL_RIGHT,5e-05,4.999999873689376e-05,0.0046011,2026-05-17T00:00Z,0,1,nan,4.0
BDXNUSDT,2026-05-17T04:00Z,PANEL_RIGHT,5e-05,4.999999873689376e-05,0.0046011,2026-05-17T04:00Z,0,1,nan,4.0
BDXNUSDT,2026-05-17T08:00Z,PANEL_RIGHT,5e-05,4.999999873689376e-05,0.0046011,2026-05-17T08:00Z,0,1,nan,4.0
BDXNUSDT,2026-05-17T12:00Z,PANEL_RIGHT,5e-05,4.999999873689376e-05,0.0046011,2026-05-17T12:00Z,0,1,nan,4.0
BDXNUSDT,2026-05-17T16:00Z,PANEL_RIGHT,5e-05,4.999999873689376e-05,0.0046011,2026-05-17T16:00Z,0,1,nan,4.0
BDXNUSDT,2026-05-17T20:00Z,PANEL_RIGHT,5e-05,4.999999873689376e-05,0.0046011,2026-05-17T20:00Z,0,1,nan,4.0
BDXNUSDT,2026-05-18T00:00Z,PANEL_RIGHT,5e-05,4.999999873689376e-05,0.0046011,2026-05-18T00:00Z,0,1,nan,4.0
BDXNUSDT,2026-05-18T04:00Z,PANEL_RIGHT,5e-05,4.999999873689376e-05,0.0046011,2026-05-18T04:00Z,0,1,nan,4.0
BDXNUSDT,2026-05-18T08:00Z,PANEL_RIGHT,5e-05,4.999999873689376e-05,0.0046011,2026-05-18T08:00Z,0,1,nan,4.0
BDXNUSDT,2026-05-18T12:00Z,PANEL_RIGHT,5e-05,4.999999873689376e-05,0.0046011,2026-05-18T12:00Z,0,1,nan,4.0
BDXNUSDT,2026-05-18T16:00Z,PANEL_RIGHT,5e-05,4.999999873689376e-05,0.0046011,2026-05-18T16:00Z,0,1,nan,4.0
BDXNUSDT,2026-05-18T20:00Z,PANEL_RIGHT,5e-05,4.999999873689376e-05,0.0046011,2026-05-18T20:00Z,0,1,nan,4.0
BDXNUSDT,2026-05-19T00:00Z,PANEL_RIGHT,5e-05,4.999999873689376e-05,0.0046011,2026-05-19T00:00Z,0,1,nan,4.0
BDXNUSDT,2026-05-19T04:00Z,PANEL_RIGHT,5e-05,4.999999873689376e-05,0.0046011,2026-05-19T04:00Z,0,1,nan,4.0
BDXNUSDT,2026-05-19T08:00Z,PANEL_RIGHT,5e-05,4.999999873689376e-05,0.0046011,2026-05-19T08:00Z,0,1,nan,4.0
BDXNUSDT,2026-05-19T12:00Z,PANEL_RIGHT,5e-05,4.999999873689376e-05,0.0046011,2026-05-19T12:00Z,0,1,nan,4.0
BDXNUSDT,2026-05-19T16:00Z,PANEL_RIGHT,5e-05,4.999999873689376e-05,0.0046011,2026-05-19T16:00Z,0,1,nan,4.0
BDXNUSDT,2026-05-19T20:00Z,PANEL_RIGHT,5e-05,4.999999873689376e-05,0.0046011,2026-05-19T20:00Z,0,1,nan,4.0
BDXNUSDT,2026-05-20T00:00Z,PANEL_RIGHT,5e-05,4.999999873689376e-05,0.0046011,2026-05-20T00:00Z,0,1,nan,4.0
BDXNUSDT,2026-05-20T04:00Z,PANEL_RIGHT,5e-05,4.999999873689376e-05,0.0046011,2026-05-20T04:00Z,0,1,nan,4.0
BDXNUSDT,2026-05-20T08:00Z,PANEL_RIGHT,5e-05,4.999999873689376e-05,0.0046011,2026-05-20T08:00Z,0,1,nan,4.0
BDXNUSDT,2026-05-20T12:00Z,PANEL_RIGHT,5e-05,4.999999873689376e-05,0.0046011,2026-05-20T12:00Z,0,1,nan,4.0
BDXNUSDT,2026-05-20T16:00Z,PANEL_RIGHT,5e-05,4.999999873689376e-05,0.0046011,2026-05-20T16:00Z,0,1,nan,4.0
BDXNUSDT,2026-05-20T20:00Z,PANEL_RIGHT,5e-05,4.999999873689376e-05,0.0046011,2026-05-20T20:00Z,0,1,nan,4.0
BDXNUSDT,2026-05-21T00:00Z,PANEL_RIGHT,5e-05,4.999999873689376e-05,0.0046011,2026-05-21T00:00Z,0,1,nan,4.0
BDXNUSDT,2026-05-21T04:00Z,PANEL_RIGHT,5e-05,4.999999873689376e-05,0.0046011,2026-05-21T04:00Z,0,1,nan,4.0
BDXNUSDT,2026-05-21T08:00Z,PANEL_RIGHT,5e-05,4.999999873689376e-05,0.0046011,2026-05-21T08:00Z,0,1,nan,4.0
BDXNUSDT,2026-05-21T12:00Z,PANEL_RIGHT,5e-05,4.999999873689376e-05,0.0046011,2026-05-21T12:00Z,0,1,nan,4.0
BDXNUSDT,2026-05-21T16:00Z,PANEL_RIGHT,5e-05,4.999999873689376e-05,0.0046011,2026-05-21T16:00Z,0,1,nan,4.0
BDXNUSDT,2026-05-21T20:00Z,PANEL_RIGHT,5e-05,4.999999873689376e-05,0.0046011,2026-05-21T20:00Z,0,1,nan,4.0
BDXNUSDT,2026-05-22T00:00Z,PANEL_RIGHT,5e-05,4.999999873689376e-05,0.0046011,2026-05-22T00:00Z,0,1,nan,4.0
BDXNUSDT,2026-05-22T04:00Z,PANEL_RIGHT,5e-05,4.999999873689376e-05,0.0046011,2026-05-22T04:00Z,0,1,nan,4.0
BDXNUSDT,2026-05-22T08:00Z,PANEL_RIGHT,5e-05,4.999999873689376e-05,0.0046011,2026-05-22T08:00Z,0,1,nan,4.0
BDXNUSDT,2026-05-22T12:00Z,PANEL_RIGHT,5e-05,4.999999873689376e-05,0.0046011,2026-05-22T12:00Z,0,1,nan,4.0
BDXNUSDT,2026-05-22T16:00Z,PANEL_RIGHT,5e-05,4.999999873689376e-05,0.0046011,2026-05-22T16:00Z,0,1,nan,4.0
BDXNUSDT,2026-05-22T20:00Z,PANEL_RIGHT,5e-05,4.999999873689376e-05,0.0046011,2026-05-22T20:00Z,0,1,nan,4.0
BDXNUSDT,2026-05-23T00:00Z,PANEL_RIGHT,5e-05,4.999999873689376e-05,0.0046011,2026-05-23T00:00Z,0,1,nan,4.0
BDXNUSDT,2026-05-23T04:00Z,PANEL_RIGHT,5e-05,4.999999873689376e-05,0.0046011,2026-05-23T04:00Z,0,1,nan,4.0
BDXNUSDT,2026-05-23T08:00Z,PANEL_RIGHT,5e-05,4.999999873689376e-05,0.0046011,2026-05-23T08:00Z,0,1,nan,4.0
BDXNUSDT,2026-05-23T12:00Z,PANEL_RIGHT,5e-05,4.999999873689376e-05,0.0046011,2026-05-23T12:00Z,0,1,nan,4.0
BDXNUSDT,2026-05-23T16:00Z,PANEL_RIGHT,5e-05,4.999999873689376e-05,0.0046011,2026-05-23T16:00Z,0,1,nan,4.0
BDXNUSDT,2026-05-23T20:00Z,PANEL_RIGHT,5e-05,4.999999873689376e-05,0.0046011,2026-05-23T20:00Z,0,1,nan,4.0
BDXNUSDT,2026-05-24T00:00Z,PANEL_RIGHT,5e-05,4.999999873689376e-05,0.0046011,2026-05-24T00:00Z,0,1,nan,4.0
BDXNUSDT,2026-05-24T04:00Z,PANEL_RIGHT,5e-05,4.999999873689376e-05,0.0046011,2026-05-24T04:00Z,0,1,nan,4.0
BDXNUSDT,2026-05-24T08:00Z,PANEL_RIGHT,5e-05,4.999999873689376e-05,0.0046011,2026-05-24T08:00Z,0,1,nan,4.0
BDXNUSDT,2026-05-24T12:00Z,PANEL_RIGHT,5e-05,4.999999873689376e-05,0.0046011,2026-05-24T12:00Z,0,1,nan,4.0
BDXNUSDT,2026-05-24T16:00Z,PANEL_RIGHT,5e-05,4.999999873689376e-05,0.0046011,2026-05-24T16:00Z,0,1,nan,4.0
BDXNUSDT,2026-05-24T20:00Z,PANEL_RIGHT,5e-05,4.999999873689376e-05,0.0046011,2026-05-24T20:00Z,0,1,nan,4.0
BDXNUSDT,2026-05-25T00:00Z,PANEL_RIGHT,5e-05,4.999999873689376e-05,0.0046011,2026-05-25T00:00Z,0,1,nan,4.0
BDXNUSDT,2026-05-25T04:00Z,PANEL_RIGHT,5e-05,4.999999873689376e-05,0.0046011,2026-05-25T04:00Z,0,1,nan,4.0
BDXNUSDT,2026-05-25T08:00Z,PANEL_RIGHT,5e-05,4.999999873689376e-05,0.0046011,2026-05-25T08:00Z,0,1,nan,4.0
BDXNUSDT,2026-05-25T12:00Z,PANEL_RIGHT,5e-05,4.999999873689376e-05,0.0046011,2026-05-25T12:00Z,0,1,nan,4.0
BDXNUSDT,2026-05-25T16:00Z,PANEL_RIGHT,5e-05,4.999999873689376e-05,0.0046011,2026-05-25T16:00Z,0,1,nan,4.0
BDXNUSDT,2026-05-25T20:00Z,PANEL_RIGHT,5e-05,4.999999873689376e-05,0.0046011,2026-05-25T20:00Z,0,1,nan,4.0
BDXNUSDT,2026-05-26T00:00Z,PANEL_RIGHT,5e-05,4.999999873689376e-05,0.0046011,2026-05-26T00:00Z,0,1,nan,4.0
BDXNUSDT,2026-05-26T04:00Z,PANEL_RIGHT,5e-05,4.999999873689376e-05,0.0046011,2026-05-26T04:00Z,0,1,nan,4.0
BDXNUSDT,2026-05-26T08:00Z,PANEL_RIGHT,5e-05,4.999999873689376e-05,0.0046011,2026-05-26T08:00Z,0,1,nan,4.0
BDXNUSDT,2026-05-26T12:00Z,PANEL_RIGHT,5e-05,4.999999873689376e-05,0.0046011,2026-05-26T12:00Z,0,1,nan,4.0
BDXNUSDT,2026-05-26T16:00Z,PANEL_RIGHT,5e-05,4.999999873689376e-05,0.0046011,2026-05-26T16:00Z,0,1,nan,4.0
BDXNUSDT,2026-05-26T20:00Z,PANEL_RIGHT,5e-05,4.999999873689376e-05,0.0046011,2026-05-26T20:00Z,0,1,nan,4.0
BDXNUSDT,2026-05-27T00:00Z,PANEL_RIGHT,5e-05,4.999999873689376e-05,0.0046011,2026-05-27T00:00Z,0,1,nan,4.0
BDXNUSDT,2026-05-27T04:00Z,PANEL_RIGHT,5e-05,4.999999873689376e-05,0.0046011,2026-05-27T04:00Z,0,1,nan,4.0
BDXNUSDT,2026-05-27T08:00Z,PANEL_RIGHT,5e-05,4.999999873689376e-05,0.0046011,2026-05-27T08:00Z,0,1,nan,4.0
BDXNUSDT,2026-05-27T12:00Z,PANEL_RIGHT,5e-05,4.999999873689376e-05,0.0046011,2026-05-27T12:00Z,0,1,nan,4.0
BDXNUSDT,2026-05-27T16:00Z,PANEL_RIGHT,5e-05,4.999999873689376e-05,0.0046011,2026-05-27T16:00Z,0,1,nan,4.0
BDXNUSDT,2026-05-27T20:00Z,PANEL_RIGHT,5e-05,4.999999873689376e-05,0.0046011,2026-05-27T20:00Z,0,1,nan,4.0
BDXNUSDT,2026-05-28T00:00Z,PANEL_RIGHT,5e-05,4.999999873689376e-05,0.0046011,2026-05-28T00:00Z,0,1,nan,4.0
BDXNUSDT,2026-05-28T04:00Z,PANEL_RIGHT,5e-05,4.999999873689376e-05,0.0046011,2026-05-28T04:00Z,0,1,nan,4.0
BDXNUSDT,2026-05-28T08:00Z,PANEL_RIGHT,5e-05,4.999999873689376e-05,0.0046011,2026-05-28T08:00Z,0,1,nan,4.0
BDXNUSDT,2026-05-28T12:00Z,PANEL_RIGHT,5e-05,4.999999873689376e-05,0.0046011,2026-05-28T12:00Z,0,1,nan,4.0
BDXNUSDT,2026-05-28T16:00Z,PANEL_RIGHT,5e-05,4.999999873689376e-05,0.0046011,2026-05-28T16:00Z,0,1,nan,4.0
CTRUSDT,2026-05-28T16:00Z,PANEL_RIGHT,5e-05,4.999999873689376e-05,0.00012644,2026-05-28T16:00Z,0,3,4.0,4.0
BDXNUSDT,2026-05-28T20:00Z,PANEL_RIGHT,5e-05,4.999999873689376e-05,0.0046011,2026-05-28T20:00Z,0,1,nan,4.0
BDXNUSDT,2026-05-29T00:00Z,PANEL_RIGHT,5e-05,4.999999873689376e-05,0.0046011,2026-05-29T00:00Z,0,1,nan,4.0
BDXNUSDT,2026-05-29T04:00Z,PANEL_RIGHT,5e-05,4.999999873689376e-05,0.0046011,2026-05-29T04:00Z,0,1,nan,4.0
BDXNUSDT,2026-05-29T08:00Z,PANEL_RIGHT,5e-05,4.999999873689376e-05,0.0046011,2026-05-29T08:00Z,0,1,nan,4.0
BDXNUSDT,2026-05-29T12:00Z,PANEL_RIGHT,5e-05,4.999999873689376e-05,0.0046011,2026-05-29T12:00Z,0,1,nan,4.0
BDXNUSDT,2026-05-29T16:00Z,PANEL_RIGHT,5e-05,4.999999873689376e-05,0.0046011,2026-05-29T16:00Z,0,1,nan,4.0
BDXNUSDT,2026-05-29T20:00Z,PANEL_RIGHT,5e-05,4.999999873689376e-05,0.0046011,2026-05-29T20:00Z,0,1,nan,4.0
IDUSDT,2026-05-29T20:00Z,PANEL_RIGHT,-0.00136746,-0.0013674600049853325,-0.02,2026-05-29T20:00Z,0,3,1.0,1.0
BDXNUSDT,2026-05-30T00:00Z,PANEL_RIGHT,5e-05,4.999999873689376e-05,0.0046011,2026-05-30T00:00Z,0,1,nan,4.0
BDXNUSDT,2026-05-30T04:00Z,PANEL_RIGHT,5e-05,4.999999873689376e-05,0.0046011,2026-05-30T04:00Z,0,1,nan,4.0
BDXNUSDT,2026-05-30T08:00Z,PANEL_RIGHT,5e-05,4.999999873689376e-05,0.0046011,2026-05-30T08:00Z,0,1,nan,4.0
BDXNUSDT,2026-05-30T12:00Z,PANEL_RIGHT,5e-05,4.999999873689376e-05,0.0046011,2026-05-30T12:00Z,0,1,nan,4.0
BDXNUSDT,2026-05-30T16:00Z,PANEL_RIGHT,5e-05,4.999999873689376e-05,0.0046011,2026-05-30T16:00Z,0,1,nan,4.0
BDXNUSDT,2026-05-30T20:00Z,PANEL_RIGHT,5e-05,4.999999873689376e-05,0.0046011,2026-05-30T20:00Z,0,1,nan,4.0
BDXNUSDT,2026-05-31T00:00Z,PANEL_RIGHT,5e-05,4.999999873689376e-05,0.0046011,2026-05-31T00:00Z,0,1,nan,4.0
BDXNUSDT,2026-05-31T04:00Z,PANEL_RIGHT,5e-05,4.999999873689376e-05,0.0046011,2026-05-31T04:00Z,0,1,nan,4.0
BDXNUSDT,2026-05-31T08:00Z,PANEL_RIGHT,5e-05,4.999999873689376e-05,0.0046011,2026-05-31T08:00Z,0,1,nan,4.0
BDXNUSDT,2026-05-31T12:00Z,PANEL_RIGHT,5e-05,4.999999873689376e-05,0.0046011,2026-05-31T12:00Z,0,1,nan,4.0
BDXNUSDT,2026-05-31T16:00Z,PANEL_RIGHT,5e-05,4.999999873689376e-05,0.0046011,2026-05-31T16:00Z,0,1,nan,4.0
BDXNUSDT,2026-05-31T20:00Z,PANEL_RIGHT,5e-05,4.999999873689376e-05,0.0046011,2026-05-31T20:00Z,0,1,nan,4.0
BDXNUSDT,2026-06-01T00:00Z,PANEL_RIGHT,5e-05,4.999999873689376e-05,0.0046011,2026-06-01T00:00Z,0,1,nan,4.0
BDXNUSDT,2026-06-01T04:00Z,PANEL_RIGHT,5e-05,4.999999873689376e-05,0.0046011,2026-06-01T04:00Z,0,1,nan,4.0
BDXNUSDT,2026-06-01T08:00Z,PANEL_RIGHT,5e-05,4.999999873689376e-05,0.0046011,2026-06-01T08:00Z,0,1,nan,4.0
BDXNUSDT,2026-06-01T12:00Z,PANEL_RIGHT,5e-05,4.999999873689376e-05,0.0046011,2026-06-01T12:00Z,0,1,nan,4.0
SLXUSDT,2026-06-01T12:00Z,PANEL_RIGHT,-0.00268904,-0.002689040033146739,-0.01022903,2026-06-01T12:00Z,0,3,4.0,4.0
BDXNUSDT,2026-06-01T16:00Z,PANEL_RIGHT,5e-05,4.999999873689376e-05,0.0046011,2026-06-01T16:00Z,0,1,nan,4.0
BDXNUSDT,2026-06-01T20:00Z,PANEL_RIGHT,5e-05,4.999999873689376e-05,0.0046011,2026-06-01T20:00Z,0,1,nan,4.0
BDXNUSDT,2026-06-02T00:00Z,PANEL_RIGHT,5e-05,4.999999873689376e-05,0.0046011,2026-06-02T00:00Z,0,1,nan,4.0
BDXNUSDT,2026-06-02T04:00Z,PANEL_RIGHT,5e-05,4.999999873689376e-05,0.0046011,2026-06-02T04:00Z,0,1,nan,4.0
BDXNUSDT,2026-06-02T08:00Z,PANEL_RIGHT,5e-05,4.999999873689376e-05,0.0046011,2026-06-02T08:00Z,0,1,nan,4.0
SXPUSDT,2026-06-02T08:00Z,PANEL_RIGHT,0.0001,9.999999747378752e-05,-0.01080766,2026-06-02T08:00Z,0,1,nan,4296.0
BDXNUSDT,2026-06-02T12:00Z,PANEL_RIGHT,5e-05,4.999999873689376e-05,0.0046011,2026-06-02T12:00Z,0,1,nan,4.0
SXPUSDT,2026-06-02T12:00Z,PANEL_RIGHT,0.0001,9.999999747378752e-05,-0.01080766,2026-06-02T08:00Z,14400,1,nan,4296.0
BDXNUSDT,2026-06-02T16:00Z,PANEL_RIGHT,5e-05,4.999999873689376e-05,0.0046011,2026-06-02T16:00Z,0,1,nan,4.0
SXPUSDT,2026-06-02T16:00Z,PANEL_RIGHT,0.0001,9.999999747378752e-05,-0.01080766,2026-06-02T16:00Z,0,1,nan,8.0
BDXNUSDT,2026-06-02T20:00Z,PANEL_RIGHT,5e-05,4.999999873689376e-05,0.0046011,2026-06-02T20:00Z,0,1,nan,4.0
SXPUSDT,2026-06-02T20:00Z,PANEL_RIGHT,0.0001,9.999999747378752e-05,-0.01080766,2026-06-02T16:00Z,14400,1,nan,8.0
BDXNUSDT,2026-06-03T00:00Z,PANEL_RIGHT,5e-05,4.999999873689376e-05,0.0046011,2026-06-03T00:00Z,0,1,nan,4.0
SXPUSDT,2026-06-03T00:00Z,PANEL_RIGHT,0.0001,9.999999747378752e-05,-0.01080766,2026-06-03T00:00Z,0,1,nan,8.0
BDXNUSDT,2026-06-03T04:00Z,PANEL_RIGHT,5e-05,4.999999873689376e-05,0.0046011,2026-06-03T04:00Z,0,1,nan,4.0
SXPUSDT,2026-06-03T04:00Z,PANEL_RIGHT,0.0001,9.999999747378752e-05,-0.01080766,2026-06-03T00:00Z,14400,1,nan,8.0
BDXNUSDT,2026-06-03T08:00Z,PANEL_RIGHT,5e-05,4.999999873689376e-05,0.0046011,2026-06-03T08:00Z,0,1,nan,4.0
SXPUSDT,2026-06-03T08:00Z,PANEL_RIGHT,0.0001,9.999999747378752e-05,-0.01080766,2026-06-03T08:00Z,0,1,nan,8.0
BDXNUSDT,2026-06-03T12:00Z,PANEL_RIGHT,5e-05,4.999999873689376e-05,0.0046011,2026-06-03T12:00Z,0,1,nan,4.0
SXPUSDT,2026-06-03T12:00Z,PANEL_RIGHT,0.0001,9.999999747378752e-05,-0.01080766,2026-06-03T08:00Z,14400,1,nan,8.0
BDXNUSDT,2026-06-03T16:00Z,PANEL_RIGHT,5e-05,4.999999873689376e-05,0.0046011,2026-06-03T16:00Z,0,1,nan,4.0
SXPUSDT,2026-06-03T16:00Z,PANEL_RIGHT,0.0001,9.999999747378752e-05,-0.01080766,2026-06-03T16:00Z,0,1,nan,8.0
BDXNUSDT,2026-06-03T20:00Z,PANEL_RIGHT,5e-05,4.999999873689376e-05,0.0046011,2026-06-03T20:00Z,0,1,nan,4.0
SXPUSDT,2026-06-03T20:00Z,PANEL_RIGHT,0.0001,9.999999747378752e-05,-0.01080766,2026-06-03T16:00Z,14400,1,nan,8.0
BDXNUSDT,2026-06-04T00:00Z,PANEL_RIGHT,5e-05,4.999999873689376e-05,0.0046011,2026-06-04T00:00Z,0,1,nan,4.0
SXPUSDT,2026-06-04T00:00Z,PANEL_RIGHT,0.0001,9.999999747378752e-05,-0.01080766,2026-06-04T00:00Z,0,1,nan,8.0
BDXNUSDT,2026-06-04T04:00Z,PANEL_RIGHT,5e-05,4.999999873689376e-05,0.0046011,2026-06-04T04:00Z,0,1,nan,4.0
SXPUSDT,2026-06-04T04:00Z,PANEL_RIGHT,0.0001,9.999999747378752e-05,-0.01080766,2026-06-04T00:00Z,14400,1,nan,8.0
BDXNUSDT,2026-06-04T08:00Z,PANEL_RIGHT,5e-05,4.999999873689376e-05,0.0046011,2026-06-04T08:00Z,0,1,nan,4.0
SXPUSDT,2026-06-04T08:00Z,PANEL_RIGHT,0.0001,9.999999747378752e-05,-0.01080766,2026-06-04T08:00Z,0,1,nan,8.0
BDXNUSDT,2026-06-04T12:00Z,PANEL_RIGHT,5e-05,4.999999873689376e-05,0.0046011,2026-06-04T12:00Z,0,1,nan,4.0
SXPUSDT,2026-06-04T12:00Z,PANEL_RIGHT,0.0001,9.999999747378752e-05,-0.01080766,2026-06-04T08:00Z,14400,1,nan,8.0
BDXNUSDT,2026-06-04T16:00Z,PANEL_RIGHT,5e-05,4.999999873689376e-05,0.0046011,2026-06-04T16:00Z,0,1,nan,4.0
SXPUSDT,2026-06-04T16:00Z,PANEL_RIGHT,0.0001,9.999999747378752e-05,-0.01080766,2026-06-04T16:00Z,0,1,nan,8.0
BDXNUSDT,2026-06-04T20:00Z,PANEL_RIGHT,5e-05,4.999999873689376e-05,0.0046011,2026-06-04T20:00Z,0,1,nan,4.0
BTWUSDT,2026-06-04T20:00Z,PANEL_RIGHT,0.00051203,0.0005120299756526947,0.00083018,2026-06-04T20:00Z,0,3,4.0,4.0
SXPUSDT,2026-06-04T20:00Z,PANEL_RIGHT,0.0001,9.999999747378752e-05,-0.01080766,2026-06-04T16:00Z,14400,1,nan,8.0
ZESTUSDT,2026-06-04T20:00Z,PANEL_RIGHT,0.00027074,0.00027074001263827085,0.00111393,2026-06-04T20:00Z,0,3,4.0,4.0
BDXNUSDT,2026-06-05T00:00Z,PANEL_RIGHT,5e-05,4.999999873689376e-05,0.0046011,2026-06-05T00:00Z,0,1,nan,4.0
SXPUSDT,2026-06-05T00:00Z,PANEL_RIGHT,0.0001,9.999999747378752e-05,-0.01080766,2026-06-05T00:00Z,0,1,nan,8.0
BDXNUSDT,2026-06-05T04:00Z,PANEL_RIGHT,5e-05,4.999999873689376e-05,0.0046011,2026-06-05T04:00Z,0,1,nan,4.0
SXPUSDT,2026-06-05T04:00Z,PANEL_RIGHT,0.0001,9.999999747378752e-05,-0.01080766,2026-06-05T00:00Z,14400,1,nan,8.0
BDXNUSDT,2026-06-05T08:00Z,PANEL_RIGHT,5e-05,4.999999873689376e-05,0.0046011,2026-06-05T08:00Z,0,1,nan,4.0
SXPUSDT,2026-06-05T08:00Z,PANEL_RIGHT,0.0001,9.999999747378752e-05,-0.01080766,2026-06-05T08:00Z,0,1,nan,8.0
BDXNUSDT,2026-06-05T12:00Z,PANEL_RIGHT,5e-05,4.999999873689376e-05,0.0046011,2026-06-05T12:00Z,0,1,nan,4.0
SXPUSDT,2026-06-05T12:00Z,PANEL_RIGHT,0.0001,9.999999747378752e-05,-0.01080766,2026-06-05T08:00Z,14400,1,nan,8.0
BDXNUSDT,2026-06-05T16:00Z,PANEL_RIGHT,5e-05,4.999999873689376e-05,0.0046011,2026-06-05T16:00Z,0,1,nan,4.0
SXPUSDT,2026-06-05T16:00Z,PANEL_RIGHT,0.0001,9.999999747378752e-05,-0.01080766,2026-06-05T16:00Z,0,1,nan,8.0
BDXNUSDT,2026-06-05T20:00Z,PANEL_RIGHT,5e-05,4.999999873689376e-05,0.0046011,2026-06-05T20:00Z,0,1,nan,4.0
SXPUSDT,2026-06-05T20:00Z,PANEL_RIGHT,0.0001,9.999999747378752e-05,-0.01080766,2026-06-05T16:00Z,14400,1,nan,8.0
BDXNUSDT,2026-06-06T00:00Z,PANEL_RIGHT,5e-05,4.999999873689376e-05,0.0046011,2026-06-06T00:00Z,0,1,nan,4.0
SXPUSDT,2026-06-06T00:00Z,PANEL_RIGHT,0.0001,9.999999747378752e-05,-0.01080766,2026-06-06T00:00Z,0,1,nan,8.0
BDXNUSDT,2026-06-06T04:00Z,PANEL_RIGHT,5e-05,4.999999873689376e-05,0.0046011,2026-06-06T04:00Z,0,1,nan,4.0
SXPUSDT,2026-06-06T04:00Z,PANEL_RIGHT,0.0001,9.999999747378752e-05,-0.01080766,2026-06-06T00:00Z,14400,1,nan,8.0
BDXNUSDT,2026-06-06T08:00Z,PANEL_RIGHT,5e-05,4.999999873689376e-05,0.0046011,2026-06-06T08:00Z,0,1,nan,4.0
SXPUSDT,2026-06-06T08:00Z,PANEL_RIGHT,0.0001,9.999999747378752e-05,-0.01080766,2026-06-06T08:00Z,0,1,nan,8.0
BDXNUSDT,2026-06-06T12:00Z,PANEL_RIGHT,5e-05,4.999999873689376e-05,0.0046011,2026-06-06T12:00Z,0,1,nan,4.0
SXPUSDT,2026-06-06T12:00Z,PANEL_RIGHT,0.0001,9.999999747378752e-05,-0.01080766,2026-06-06T08:00Z,14400,1,nan,8.0
BDXNUSDT,2026-06-06T16:00Z,PANEL_RIGHT,5e-05,4.999999873689376e-05,0.0046011,2026-06-06T16:00Z,0,1,nan,4.0
SXPUSDT,2026-06-06T16:00Z,PANEL_RIGHT,0.0001,9.999999747378752e-05,-0.01080766,2026-06-06T16:00Z,0,1,nan,8.0
BDXNUSDT,2026-06-06T20:00Z,PANEL_RIGHT,5e-05,4.999999873689376e-05,0.0046011,2026-06-06T20:00Z,0,1,nan,4.0
SXPUSDT,2026-06-06T20:00Z,PANEL_RIGHT,0.0001,9.999999747378752e-05,-0.01080766,2026-06-06T16:00Z,14400,1,nan,8.0
BDXNUSDT,2026-06-07T00:00Z,PANEL_RIGHT,5e-05,4.999999873689376e-05,0.0046011,2026-06-07T00:00Z,0,1,nan,4.0
SXPUSDT,2026-06-07T00:00Z,PANEL_RIGHT,0.0001,9.999999747378752e-05,-0.01080766,2026-06-07T00:00Z,0,1,nan,8.0
BDXNUSDT,2026-06-07T04:00Z,PANEL_RIGHT,5e-05,4.999999873689376e-05,0.0046011,2026-06-07T04:00Z,0,1,nan,4.0
SXPUSDT,2026-06-07T04:00Z,PANEL_RIGHT,0.0001,9.999999747378752e-05,-0.01080766,2026-06-07T00:00Z,14400,1,nan,8.0
BDXNUSDT,2026-06-07T08:00Z,PANEL_RIGHT,5e-05,4.999999873689376e-05,0.0046011,2026-06-07T08:00Z,0,1,nan,4.0
SXPUSDT,2026-06-07T08:00Z,PANEL_RIGHT,0.0001,9.999999747378752e-05,-0.01080766,2026-06-07T08:00Z,0,1,nan,8.0
BDXNUSDT,2026-06-07T12:00Z,PANEL_RIGHT,5e-05,4.999999873689376e-05,0.0046011,2026-06-07T12:00Z,0,1,nan,4.0
SXPUSDT,2026-06-07T12:00Z,PANEL_RIGHT,0.0001,9.999999747378752e-05,-0.01080766,2026-06-07T08:00Z,14400,1,nan,8.0
BDXNUSDT,2026-06-07T16:00Z,PANEL_RIGHT,5e-05,4.999999873689376e-05,0.0046011,2026-06-07T16:00Z,0,1,nan,4.0
SXPUSDT,2026-06-07T16:00Z,PANEL_RIGHT,0.0001,9.999999747378752e-05,-0.01080766,2026-06-07T16:00Z,0,1,nan,8.0
BDXNUSDT,2026-06-07T20:00Z,PANEL_RIGHT,5e-05,4.999999873689376e-05,0.0046011,2026-06-07T20:00Z,0,1,nan,4.0
SXPUSDT,2026-06-07T20:00Z,PANEL_RIGHT,0.0001,9.999999747378752e-05,-0.01080766,2026-06-07T16:00Z,14400,1,nan,8.0
BDXNUSDT,2026-06-08T00:00Z,PANEL_RIGHT,5e-05,4.999999873689376e-05,0.0046011,2026-06-08T00:00Z,0,1,nan,4.0
SXPUSDT,2026-06-08T00:00Z,PANEL_RIGHT,0.0001,9.999999747378752e-05,-0.01080766,2026-06-08T00:00Z,0,1,nan,8.0
BDXNUSDT,2026-06-08T04:00Z,PANEL_RIGHT,5e-05,4.999999873689376e-05,0.0046011,2026-06-08T04:00Z,0,1,nan,4.0
SXPUSDT,2026-06-08T04:00Z,PANEL_RIGHT,0.0001,9.999999747378752e-05,-0.01080766,2026-06-08T00:00Z,14400,1,nan,8.0
BDXNUSDT,2026-06-08T08:00Z,PANEL_RIGHT,5e-05,4.999999873689376e-05,0.0046011,2026-06-08T08:00Z,0,1,nan,4.0
SXPUSDT,2026-06-08T08:00Z,PANEL_RIGHT,0.0001,9.999999747378752e-05,-0.01080766,2026-06-08T08:00Z,0,1,nan,8.0
BDXNUSDT,2026-06-08T12:00Z,PANEL_RIGHT,5e-05,4.999999873689376e-05,0.0046011,2026-06-08T12:00Z,0,1,nan,4.0
SXPUSDT,2026-06-08T12:00Z,PANEL_RIGHT,0.0001,9.999999747378752e-05,-0.01080766,2026-06-08T08:00Z,14400,1,nan,8.0
BDXNUSDT,2026-06-08T16:00Z,PANEL_RIGHT,5e-05,4.999999873689376e-05,0.0046011,2026-06-08T16:00Z,0,1,nan,4.0
SXPUSDT,2026-06-08T16:00Z,PANEL_RIGHT,0.0001,9.999999747378752e-05,-0.01080766,2026-06-08T16:00Z,0,1,nan,8.0
BDXNUSDT,2026-06-08T20:00Z,PANEL_RIGHT,5e-05,4.999999873689376e-05,0.0046011,2026-06-08T20:00Z,0,1,nan,4.0
SXPUSDT,2026-06-08T20:00Z,PANEL_RIGHT,0.0001,9.999999747378752e-05,-0.01080766,2026-06-08T16:00Z,14400,1,nan,8.0
BDXNUSDT,2026-06-09T00:00Z,PANEL_RIGHT,5e-05,4.999999873689376e-05,0.0046011,2026-06-09T00:00Z,0,1,nan,4.0
SXPUSDT,2026-06-09T00:00Z,PANEL_RIGHT,0.0001,9.999999747378752e-05,-0.01080766,2026-06-09T00:00Z,0,1,nan,8.0
BDXNUSDT,2026-06-09T04:00Z,PANEL_RIGHT,5e-05,4.999999873689376e-05,0.0046011,2026-06-09T04:00Z,0,1,nan,4.0
SXPUSDT,2026-06-09T04:00Z,PANEL_RIGHT,0.0001,9.999999747378752e-05,-0.01080766,2026-06-09T00:00Z,14400,1,nan,8.0
BDXNUSDT,2026-06-09T08:00Z,PANEL_RIGHT,5e-05,4.999999873689376e-05,0.0046011,2026-06-09T08:00Z,0,1,nan,4.0
SXPUSDT,2026-06-09T08:00Z,PANEL_RIGHT,0.0001,9.999999747378752e-05,-0.01080766,2026-06-09T08:00Z,0,1,nan,8.0
BDXNUSDT,2026-06-09T12:00Z,PANEL_RIGHT,5e-05,4.999999873689376e-05,0.0046011,2026-06-09T12:00Z,0,1,nan,4.0
SXPUSDT,2026-06-09T12:00Z,PANEL_RIGHT,0.0001,9.999999747378752e-05,-0.01080766,2026-06-09T08:00Z,14400,1,nan,8.0
BDXNUSDT,2026-06-09T16:00Z,PANEL_RIGHT,5e-05,4.999999873689376e-05,0.0046011,2026-06-09T16:00Z,0,1,nan,4.0
SXPUSDT,2026-06-09T16:00Z,PANEL_RIGHT,0.0001,9.999999747378752e-05,-0.01080766,2026-06-09T16:00Z,0,1,nan,8.0
BDXNUSDT,2026-06-09T20:00Z,PANEL_RIGHT,5e-05,4.999999873689376e-05,0.0046011,2026-06-09T20:00Z,0,1,nan,4.0
SXPUSDT,2026-06-09T20:00Z,PANEL_RIGHT,0.0001,9.999999747378752e-05,-0.01080766,2026-06-09T16:00Z,14400,1,nan,8.0
BDXNUSDT,2026-06-10T00:00Z,PANEL_RIGHT,5e-05,4.999999873689376e-05,0.0046011,2026-06-10T00:00Z,0,1,nan,4.0
SXPUSDT,2026-06-10T00:00Z,PANEL_RIGHT,0.0001,9.999999747378752e-05,-0.01080766,2026-06-10T00:00Z,0,1,nan,8.0
BDXNUSDT,2026-06-10T04:00Z,PANEL_RIGHT,5e-05,4.999999873689376e-05,0.0046011,2026-06-10T04:00Z,0,1,nan,4.0
SXPUSDT,2026-06-10T04:00Z,PANEL_RIGHT,0.0001,9.999999747378752e-05,-0.01080766,2026-06-10T00:00Z,14400,1,nan,8.0
BDXNUSDT,2026-06-10T08:00Z,PANEL_RIGHT,5e-05,4.999999873689376e-05,0.0046011,2026-06-10T08:00Z,0,1,nan,4.0
SXPUSDT,2026-06-10T08:00Z,PANEL_RIGHT,0.0001,9.999999747378752e-05,-0.01080766,2026-06-10T08:00Z,0,1,nan,8.0
BDXNUSDT,2026-06-10T12:00Z,PANEL_RIGHT,5e-05,4.999999873689376e-05,0.0046011,2026-06-10T12:00Z,0,1,nan,4.0
SXPUSDT,2026-06-10T12:00Z,PANEL_RIGHT,0.0001,9.999999747378752e-05,-0.01080766,2026-06-10T08:00Z,14400,1,nan,8.0
BDXNUSDT,2026-06-10T16:00Z,PANEL_RIGHT,5e-05,4.999999873689376e-05,0.0046011,2026-06-10T16:00Z,0,1,nan,4.0
SXPUSDT,2026-06-10T16:00Z,PANEL_RIGHT,0.0001,9.999999747378752e-05,-0.01080766,2026-06-10T16:00Z,0,1,nan,8.0
BDXNUSDT,2026-06-10T20:00Z,PANEL_RIGHT,5e-05,4.999999873689376e-05,0.0046011,2026-06-10T20:00Z,0,1,nan,4.0
SXPUSDT,2026-06-10T20:00Z,PANEL_RIGHT,0.0001,9.999999747378752e-05,-0.01080766,2026-06-10T16:00Z,14400,1,nan,8.0
BDXNUSDT,2026-06-11T00:00Z,PANEL_RIGHT,5e-05,4.999999873689376e-05,0.0046011,2026-06-11T00:00Z,0,1,nan,4.0
SXPUSDT,2026-06-11T00:00Z,PANEL_RIGHT,0.0001,9.999999747378752e-05,-0.01080766,2026-06-11T00:00Z,0,1,nan,8.0
BDXNUSDT,2026-06-11T04:00Z,PANEL_RIGHT,5e-05,4.999999873689376e-05,0.0046011,2026-06-11T04:00Z,0,1,nan,4.0
SXPUSDT,2026-06-11T04:00Z,PANEL_RIGHT,0.0001,9.999999747378752e-05,-0.01080766,2026-06-11T00:00Z,14400,1,nan,8.0
BDXNUSDT,2026-06-11T08:00Z,PANEL_RIGHT,5e-05,4.999999873689376e-05,0.0046011,2026-06-11T08:00Z,0,1,nan,4.0
SXPUSDT,2026-06-11T08:00Z,PANEL_RIGHT,0.0001,9.999999747378752e-05,-0.01080766,2026-06-11T08:00Z,0,1,nan,8.0
BDXNUSDT,2026-06-11T12:00Z,PANEL_RIGHT,5e-05,4.999999873689376e-05,0.0046011,2026-06-11T12:00Z,0,1,nan,4.0
SXPUSDT,2026-06-11T12:00Z,PANEL_RIGHT,0.0001,9.999999747378752e-05,-0.01080766,2026-06-11T08:00Z,14400,1,nan,8.0
BDXNUSDT,2026-06-11T16:00Z,PANEL_RIGHT,5e-05,4.999999873689376e-05,0.0046011,2026-06-11T16:00Z,0,1,nan,4.0
SXPUSDT,2026-06-11T16:00Z,PANEL_RIGHT,0.0001,9.999999747378752e-05,-0.01080766,2026-06-11T16:00Z,0,1,nan,8.0
BDXNUSDT,2026-06-11T20:00Z,PANEL_RIGHT,5e-05,4.999999873689376e-05,0.0046011,2026-06-11T20:00Z,0,1,nan,4.0
SXPUSDT,2026-06-11T20:00Z,PANEL_RIGHT,0.0001,9.999999747378752e-05,-0.01080766,2026-06-11T16:00Z,14400,1,nan,8.0
BDXNUSDT,2026-06-12T00:00Z,PANEL_RIGHT,5e-05,4.999999873689376e-05,0.0046011,2026-06-12T00:00Z,0,1,nan,4.0
SXPUSDT,2026-06-12T00:00Z,PANEL_RIGHT,0.0001,9.999999747378752e-05,-0.01080766,2026-06-12T00:00Z,0,1,nan,8.0
BDXNUSDT,2026-06-12T04:00Z,PANEL_RIGHT,5e-05,4.999999873689376e-05,0.0046011,2026-06-12T04:00Z,0,1,nan,4.0
SXPUSDT,2026-06-12T04:00Z,PANEL_RIGHT,0.0001,9.999999747378752e-05,-0.01080766,2026-06-12T00:00Z,14400,1,nan,8.0
BDXNUSDT,2026-06-12T08:00Z,PANEL_RIGHT,5e-05,4.999999873689376e-05,0.0046011,2026-06-12T08:00Z,0,1,nan,4.0
SXPUSDT,2026-06-12T08:00Z,PANEL_RIGHT,0.0001,9.999999747378752e-05,-0.01080766,2026-06-12T08:00Z,0,1,nan,8.0
BDXNUSDT,2026-06-12T12:00Z,PANEL_RIGHT,5e-05,4.999999873689376e-05,0.0046011,2026-06-12T12:00Z,0,1,nan,4.0
SXPUSDT,2026-06-12T12:00Z,PANEL_RIGHT,0.0001,9.999999747378752e-05,-0.01080766,2026-06-12T08:00Z,14400,1,nan,8.0
BDXNUSDT,2026-06-12T16:00Z,PANEL_RIGHT,5e-05,4.999999873689376e-05,0.0046011,2026-06-12T16:00Z,0,1,nan,4.0
SXPUSDT,2026-06-12T16:00Z,PANEL_RIGHT,0.0001,9.999999747378752e-05,-0.01080766,2026-06-12T16:00Z,0,1,nan,8.0
BDXNUSDT,2026-06-12T20:00Z,PANEL_RIGHT,5e-05,4.999999873689376e-05,0.0046011,2026-06-12T20:00Z,0,1,nan,4.0
SXPUSDT,2026-06-12T20:00Z,PANEL_RIGHT,0.0001,9.999999747378752e-05,-0.01080766,2026-06-12T16:00Z,14400,1,nan,8.0
BDXNUSDT,2026-06-13T00:00Z,PANEL_RIGHT,5e-05,4.999999873689376e-05,0.0046011,2026-06-13T00:00Z,0,1,nan,4.0
SXPUSDT,2026-06-13T00:00Z,PANEL_RIGHT,0.0001,9.999999747378752e-05,-0.01080766,2026-06-13T00:00Z,0,1,nan,8.0
BDXNUSDT,2026-06-13T04:00Z,PANEL_RIGHT,5e-05,4.999999873689376e-05,0.0046011,2026-06-13T04:00Z,0,1,nan,4.0
SXPUSDT,2026-06-13T04:00Z,PANEL_RIGHT,0.0001,9.999999747378752e-05,-0.01080766,2026-06-13T00:00Z,14400,1,nan,8.0
BDXNUSDT,2026-06-13T08:00Z,PANEL_RIGHT,5e-05,4.999999873689376e-05,0.0046011,2026-06-13T08:00Z,0,1,nan,4.0
SXPUSDT,2026-06-13T08:00Z,PANEL_RIGHT,0.0001,9.999999747378752e-05,-0.01080766,2026-06-13T08:00Z,0,1,nan,8.0
BDXNUSDT,2026-06-13T12:00Z,PANEL_RIGHT,5e-05,4.999999873689376e-05,0.0046011,2026-06-13T12:00Z,0,1,nan,4.0
STGUSDT,2026-06-13T12:00Z,PANEL_RIGHT,-0.01787046,-0.017870459705591202,-0.02,2026-06-13T12:00Z,0,3,1.0,1.0
SXPUSDT,2026-06-13T12:00Z,PANEL_RIGHT,0.0001,9.999999747378752e-05,-0.01080766,2026-06-13T08:00Z,14400,1,nan,8.0
BDXNUSDT,2026-06-13T16:00Z,PANEL_RIGHT,5e-05,4.999999873689376e-05,0.0046011,2026-06-13T16:00Z,0,1,nan,4.0
SXPUSDT,2026-06-13T16:00Z,PANEL_RIGHT,0.0001,9.999999747378752e-05,-0.01080766,2026-06-13T16:00Z,0,1,nan,8.0
BDXNUSDT,2026-06-13T20:00Z,PANEL_RIGHT,5e-05,4.999999873689376e-05,0.0046011,2026-06-13T20:00Z,0,1,nan,4.0
SXPUSDT,2026-06-13T20:00Z,PANEL_RIGHT,0.0001,9.999999747378752e-05,-0.01080766,2026-06-13T16:00Z,14400,1,nan,8.0
BDXNUSDT,2026-06-14T00:00Z,PANEL_RIGHT,5e-05,4.999999873689376e-05,0.0046011,2026-06-14T00:00Z,0,1,nan,4.0
SXPUSDT,2026-06-14T00:00Z,PANEL_RIGHT,0.0001,9.999999747378752e-05,-0.01080766,2026-06-14T00:00Z,0,1,nan,8.0
BDXNUSDT,2026-06-14T04:00Z,PANEL_RIGHT,5e-05,4.999999873689376e-05,0.0046011,2026-06-14T04:00Z,0,1,nan,4.0
SXPUSDT,2026-06-14T04:00Z,PANEL_RIGHT,0.0001,9.999999747378752e-05,-0.01080766,2026-06-14T00:00Z,14400,1,nan,8.0
BDXNUSDT,2026-06-14T08:00Z,PANEL_RIGHT,5e-05,4.999999873689376e-05,0.0046011,2026-06-14T08:00Z,0,1,nan,4.0
SXPUSDT,2026-06-14T08:00Z,PANEL_RIGHT,0.0001,9.999999747378752e-05,-0.01080766,2026-06-14T08:00Z,0,1,nan,8.0
BDXNUSDT,2026-06-14T12:00Z,PANEL_RIGHT,5e-05,4.999999873689376e-05,0.0046011,2026-06-14T12:00Z,0,1,nan,4.0
SXPUSDT,2026-06-14T12:00Z,PANEL_RIGHT,0.0001,9.999999747378752e-05,-0.01080766,2026-06-14T08:00Z,14400,1,nan,8.0
BDXNUSDT,2026-06-14T16:00Z,PANEL_RIGHT,5e-05,4.999999873689376e-05,0.0046011,2026-06-14T16:00Z,0,1,nan,4.0
SXPUSDT,2026-06-14T16:00Z,PANEL_RIGHT,0.0001,9.999999747378752e-05,-0.01080766,2026-06-14T16:00Z,0,1,nan,8.0
BDXNUSDT,2026-06-14T20:00Z,PANEL_RIGHT,5e-05,4.999999873689376e-05,0.0046011,2026-06-14T20:00Z,0,1,nan,4.0
SXPUSDT,2026-06-14T20:00Z,PANEL_RIGHT,0.0001,9.999999747378752e-05,-0.01080766,2026-06-14T16:00Z,14400,1,nan,8.0
BDXNUSDT,2026-06-15T00:00Z,PANEL_RIGHT,5e-05,4.999999873689376e-05,0.0046011,2026-06-15T00:00Z,0,1,nan,4.0
SXPUSDT,2026-06-15T00:00Z,PANEL_RIGHT,0.0001,9.999999747378752e-05,-0.01080766,2026-06-15T00:00Z,0,1,nan,8.0
BDXNUSDT,2026-06-15T04:00Z,PANEL_RIGHT,5e-05,4.999999873689376e-05,0.0046011,2026-06-15T04:00Z,0,1,nan,4.0
SXPUSDT,2026-06-15T04:00Z,PANEL_RIGHT,0.0001,9.999999747378752e-05,-0.01080766,2026-06-15T00:00Z,14400,1,nan,8.0
BDXNUSDT,2026-06-15T08:00Z,PANEL_RIGHT,5e-05,4.999999873689376e-05,0.0046011,2026-06-15T08:00Z,0,1,nan,4.0
SXPUSDT,2026-06-15T08:00Z,PANEL_RIGHT,0.0001,9.999999747378752e-05,-0.01080766,2026-06-15T08:00Z,0,1,nan,8.0
BDXNUSDT,2026-06-15T12:00Z,PANEL_RIGHT,5e-05,4.999999873689376e-05,0.0046011,2026-06-15T12:00Z,0,1,nan,4.0
SXPUSDT,2026-06-15T12:00Z,PANEL_RIGHT,0.0001,9.999999747378752e-05,-0.01080766,2026-06-15T08:00Z,14400,1,nan,8.0
BDXNUSDT,2026-06-15T16:00Z,PANEL_RIGHT,5e-05,4.999999873689376e-05,0.0046011,2026-06-15T16:00Z,0,1,nan,4.0
SXPUSDT,2026-06-15T16:00Z,PANEL_RIGHT,0.0001,9.999999747378752e-05,-0.01080766,2026-06-15T16:00Z,0,1,nan,8.0
BDXNUSDT,2026-06-15T20:00Z,PANEL_RIGHT,5e-05,4.999999873689376e-05,0.0046011,2026-06-15T20:00Z,0,1,nan,4.0
SXPUSDT,2026-06-15T20:00Z,PANEL_RIGHT,0.0001,9.999999747378752e-05,-0.01080766,2026-06-15T16:00Z,14400,1,nan,8.0
BDXNUSDT,2026-06-16T00:00Z,PANEL_RIGHT,5e-05,4.999999873689376e-05,0.0046011,2026-06-16T00:00Z,0,1,nan,4.0
SXPUSDT,2026-06-16T00:00Z,PANEL_RIGHT,0.0001,9.999999747378752e-05,-0.01080766,2026-06-16T00:00Z,0,1,nan,8.0
BDXNUSDT,2026-06-16T04:00Z,PANEL_RIGHT,5e-05,4.999999873689376e-05,0.0046011,2026-06-16T04:00Z,0,1,nan,4.0
SXPUSDT,2026-06-16T04:00Z,PANEL_RIGHT,0.0001,9.999999747378752e-05,-0.01080766,2026-06-16T00:00Z,14400,1,nan,8.0
BDXNUSDT,2026-06-16T08:00Z,PANEL_RIGHT,5e-05,4.999999873689376e-05,0.0046011,2026-06-16T08:00Z,0,1,nan,4.0
SXPUSDT,2026-06-16T08:00Z,PANEL_RIGHT,0.0001,9.999999747378752e-05,-0.01080766,2026-06-16T08:00Z,0,1,nan,8.0
BDXNUSDT,2026-06-16T12:00Z,PANEL_RIGHT,5e-05,4.999999873689376e-05,0.0046011,2026-06-16T12:00Z,0,1,nan,4.0
SXPUSDT,2026-06-16T12:00Z,PANEL_RIGHT,0.0001,9.999999747378752e-05,-0.01080766,2026-06-16T08:00Z,14400,1,nan,8.0
BDXNUSDT,2026-06-16T16:00Z,PANEL_RIGHT,5e-05,4.999999873689376e-05,0.0046011,2026-06-16T16:00Z,0,1,nan,4.0
SXPUSDT,2026-06-16T16:00Z,PANEL_RIGHT,0.0001,9.999999747378752e-05,-0.01080766,2026-06-16T16:00Z,0,1,nan,8.0
BDXNUSDT,2026-06-16T20:00Z,PANEL_RIGHT,5e-05,4.999999873689376e-05,0.0046011,2026-06-16T20:00Z,0,1,nan,4.0
SXPUSDT,2026-06-16T20:00Z,PANEL_RIGHT,0.0001,9.999999747378752e-05,-0.01080766,2026-06-16T16:00Z,14400,1,nan,8.0
BDXNUSDT,2026-06-17T00:00Z,PANEL_RIGHT,5e-05,4.999999873689376e-05,0.0046011,2026-06-17T00:00Z,0,1,nan,4.0
SXPUSDT,2026-06-17T00:00Z,PANEL_RIGHT,0.0001,9.999999747378752e-05,-0.01080766,2026-06-17T00:00Z,0,1,nan,8.0
BDXNUSDT,2026-06-17T04:00Z,PANEL_RIGHT,5e-05,4.999999873689376e-05,0.0046011,2026-06-17T04:00Z,0,1,nan,4.0
SXPUSDT,2026-06-17T04:00Z,PANEL_RIGHT,0.0001,9.999999747378752e-05,-0.01080766,2026-06-17T00:00Z,14400,1,nan,8.0
BDXNUSDT,2026-06-17T08:00Z,PANEL_RIGHT,5e-05,4.999999873689376e-05,0.0046011,2026-06-17T08:00Z,0,1,nan,4.0
SXPUSDT,2026-06-17T08:00Z,PANEL_RIGHT,0.0001,9.999999747378752e-05,-0.01080766,2026-06-17T08:00Z,0,1,nan,8.0
BDXNUSDT,2026-06-17T12:00Z,PANEL_RIGHT,5e-05,4.999999873689376e-05,0.0046011,2026-06-17T12:00Z,0,1,nan,4.0
SXPUSDT,2026-06-17T12:00Z,PANEL_RIGHT,0.0001,9.999999747378752e-05,-0.01080766,2026-06-17T08:00Z,14400,1,nan,8.0
BDXNUSDT,2026-06-17T16:00Z,PANEL_RIGHT,5e-05,4.999999873689376e-05,0.0046011,2026-06-17T16:00Z,0,1,nan,4.0
SXPUSDT,2026-06-17T16:00Z,PANEL_RIGHT,0.0001,9.999999747378752e-05,-0.01080766,2026-06-17T16:00Z,0,1,nan,8.0
BDXNUSDT,2026-06-17T20:00Z,PANEL_RIGHT,5e-05,4.999999873689376e-05,0.0046011,2026-06-17T20:00Z,0,1,nan,4.0
SXPUSDT,2026-06-17T20:00Z,PANEL_RIGHT,0.0001,9.999999747378752e-05,-0.01080766,2026-06-17T16:00Z,14400,1,nan,8.0
BDXNUSDT,2026-06-18T00:00Z,PANEL_RIGHT,5e-05,4.999999873689376e-05,0.0046011,2026-06-18T00:00Z,0,1,nan,4.0
SXPUSDT,2026-06-18T00:00Z,PANEL_RIGHT,0.0001,9.999999747378752e-05,-0.01080766,2026-06-18T00:00Z,0,1,nan,8.0
BDXNUSDT,2026-06-18T04:00Z,PANEL_RIGHT,5e-05,4.999999873689376e-05,0.0046011,2026-06-18T04:00Z,0,1,nan,4.0
SXPUSDT,2026-06-18T04:00Z,PANEL_RIGHT,0.0001,9.999999747378752e-05,-0.01080766,2026-06-18T00:00Z,14400,1,nan,8.0
BDXNUSDT,2026-06-18T08:00Z,PANEL_RIGHT,5e-05,4.999999873689376e-05,0.0046011,2026-06-18T08:00Z,0,1,nan,4.0
SXPUSDT,2026-06-18T08:00Z,PANEL_RIGHT,0.0001,9.999999747378752e-05,-0.01080766,2026-06-18T08:00Z,0,1,nan,8.0
BDXNUSDT,2026-06-18T12:00Z,PANEL_RIGHT,5e-05,4.999999873689376e-05,0.0046011,2026-06-18T12:00Z,0,1,nan,4.0
SXPUSDT,2026-06-18T12:00Z,PANEL_RIGHT,0.0001,9.999999747378752e-05,-0.01080766,2026-06-18T08:00Z,14400,1,nan,8.0
BDXNUSDT,2026-06-18T16:00Z,PANEL_RIGHT,5e-05,4.999999873689376e-05,0.0046011,2026-06-18T16:00Z,0,1,nan,4.0
SXPUSDT,2026-06-18T16:00Z,PANEL_RIGHT,0.0001,9.999999747378752e-05,-0.01080766,2026-06-18T16:00Z,0,1,nan,8.0
BDXNUSDT,2026-06-18T20:00Z,PANEL_RIGHT,5e-05,4.999999873689376e-05,0.0046011,2026-06-18T20:00Z,0,1,nan,4.0
REUSDT,2026-06-18T20:00Z,PANEL_RIGHT,-0.00218606,-0.0021860599517822266,-0.00127557,2026-06-18T20:00Z,0,3,4.0,4.0
SXPUSDT,2026-06-18T20:00Z,PANEL_RIGHT,0.0001,9.999999747378752e-05,-0.01080766,2026-06-18T16:00Z,14400,1,nan,8.0
BDXNUSDT,2026-06-19T00:00Z,PANEL_RIGHT,5e-05,4.999999873689376e-05,0.0046011,2026-06-19T00:00Z,0,1,nan,4.0
SXPUSDT,2026-06-19T00:00Z,PANEL_RIGHT,0.0001,9.999999747378752e-05,-0.01080766,2026-06-19T00:00Z,0,1,nan,8.0
BDXNUSDT,2026-06-19T04:00Z,PANEL_RIGHT,5e-05,4.999999873689376e-05,0.0046011,2026-06-19T04:00Z,0,1,nan,4.0
SXPUSDT,2026-06-19T04:00Z,PANEL_RIGHT,0.0001,9.999999747378752e-05,-0.01080766,2026-06-19T00:00Z,14400,1,nan,8.0
BDXNUSDT,2026-06-19T08:00Z,PANEL_RIGHT,5e-05,4.999999873689376e-05,0.0046011,2026-06-19T08:00Z,0,1,nan,4.0
SXPUSDT,2026-06-19T08:00Z,PANEL_RIGHT,0.0001,9.999999747378752e-05,-0.01080766,2026-06-19T08:00Z,0,1,nan,8.0
BDXNUSDT,2026-06-19T12:00Z,PANEL_RIGHT,5e-05,4.999999873689376e-05,0.0046011,2026-06-19T12:00Z,0,1,nan,4.0
SXPUSDT,2026-06-19T12:00Z,PANEL_RIGHT,0.0001,9.999999747378752e-05,-0.01080766,2026-06-19T08:00Z,14400,1,nan,8.0
BDXNUSDT,2026-06-19T16:00Z,PANEL_RIGHT,5e-05,4.999999873689376e-05,0.0046011,2026-06-19T16:00Z,0,1,nan,4.0
SXPUSDT,2026-06-19T16:00Z,PANEL_RIGHT,0.0001,9.999999747378752e-05,-0.01080766,2026-06-19T16:00Z,0,1,nan,8.0
BDXNUSDT,2026-06-19T20:00Z,PANEL_RIGHT,5e-05,4.999999873689376e-05,0.0046011,2026-06-19T20:00Z,0,1,nan,4.0
SXPUSDT,2026-06-19T20:00Z,PANEL_RIGHT,0.0001,9.999999747378752e-05,-0.01080766,2026-06-19T16:00Z,14400,1,nan,8.0
BDXNUSDT,2026-06-20T00:00Z,PANEL_RIGHT,5e-05,4.999999873689376e-05,0.0046011,2026-06-20T00:00Z,0,1,nan,4.0
SXPUSDT,2026-06-20T00:00Z,PANEL_RIGHT,0.0001,9.999999747378752e-05,-0.01080766,2026-06-20T00:00Z,0,1,nan,8.0
BDXNUSDT,2026-06-20T04:00Z,PANEL_RIGHT,5e-05,4.999999873689376e-05,0.0046011,2026-06-20T04:00Z,0,1,nan,4.0
SXPUSDT,2026-06-20T04:00Z,PANEL_RIGHT,0.0001,9.999999747378752e-05,-0.01080766,2026-06-20T00:00Z,14400,1,nan,8.0
BDXNUSDT,2026-06-20T08:00Z,PANEL_RIGHT,5e-05,4.999999873689376e-05,0.0046011,2026-06-20T08:00Z,0,1,nan,4.0
SXPUSDT,2026-06-20T08:00Z,PANEL_RIGHT,0.0001,9.999999747378752e-05,-0.01080766,2026-06-20T08:00Z,0,1,nan,8.0
BDXNUSDT,2026-06-20T12:00Z,PANEL_RIGHT,5e-05,4.999999873689376e-05,0.0046011,2026-06-20T12:00Z,0,1,nan,4.0
SXPUSDT,2026-06-20T12:00Z,PANEL_RIGHT,0.0001,9.999999747378752e-05,-0.01080766,2026-06-20T08:00Z,14400,1,nan,8.0
BDXNUSDT,2026-06-20T16:00Z,PANEL_RIGHT,5e-05,4.999999873689376e-05,0.0046011,2026-06-20T16:00Z,0,1,nan,4.0
SXPUSDT,2026-06-20T16:00Z,PANEL_RIGHT,0.0001,9.999999747378752e-05,-0.01080766,2026-06-20T16:00Z,0,1,nan,8.0
BDXNUSDT,2026-06-20T20:00Z,PANEL_RIGHT,5e-05,4.999999873689376e-05,0.0046011,2026-06-20T20:00Z,0,1,nan,4.0
SXPUSDT,2026-06-20T20:00Z,PANEL_RIGHT,0.0001,9.999999747378752e-05,-0.01080766,2026-06-20T16:00Z,14400,1,nan,8.0
BDXNUSDT,2026-06-21T00:00Z,PANEL_RIGHT,5e-05,4.999999873689376e-05,0.0046011,2026-06-21T00:00Z,0,1,nan,4.0
SXPUSDT,2026-06-21T00:00Z,PANEL_RIGHT,0.0001,9.999999747378752e-05,-0.01080766,2026-06-21T00:00Z,0,1,nan,8.0
BDXNUSDT,2026-06-21T04:00Z,PANEL_RIGHT,5e-05,4.999999873689376e-05,0.0046011,2026-06-21T04:00Z,0,1,nan,4.0
SXPUSDT,2026-06-21T04:00Z,PANEL_RIGHT,0.0001,9.999999747378752e-05,-0.01080766,2026-06-21T00:00Z,14400,1,nan,8.0
BDXNUSDT,2026-06-21T08:00Z,PANEL_RIGHT,5e-05,4.999999873689376e-05,0.0046011,2026-06-21T08:00Z,0,1,nan,4.0
SXPUSDT,2026-06-21T08:00Z,PANEL_RIGHT,0.0001,9.999999747378752e-05,-0.01080766,2026-06-21T08:00Z,0,1,nan,8.0
BDXNUSDT,2026-06-21T12:00Z,PANEL_RIGHT,5e-05,4.999999873689376e-05,0.0046011,2026-06-21T12:00Z,0,1,nan,4.0
SXPUSDT,2026-06-21T12:00Z,PANEL_RIGHT,0.0001,9.999999747378752e-05,-0.01080766,2026-06-21T08:00Z,14400,1,nan,8.0
BDXNUSDT,2026-06-21T16:00Z,PANEL_RIGHT,5e-05,4.999999873689376e-05,0.0046011,2026-06-21T16:00Z,0,1,nan,4.0
SXPUSDT,2026-06-21T16:00Z,PANEL_RIGHT,0.0001,9.999999747378752e-05,-0.01080766,2026-06-21T16:00Z,0,1,nan,8.0
BDXNUSDT,2026-06-21T20:00Z,PANEL_RIGHT,5e-05,4.999999873689376e-05,0.0046011,2026-06-21T20:00Z,0,1,nan,4.0
SXPUSDT,2026-06-21T20:00Z,PANEL_RIGHT,0.0001,9.999999747378752e-05,-0.01080766,2026-06-21T16:00Z,14400,1,nan,8.0
BDXNUSDT,2026-06-22T00:00Z,PANEL_RIGHT,5e-05,4.999999873689376e-05,0.0046011,2026-06-22T00:00Z,0,1,nan,4.0
SXPUSDT,2026-06-22T00:00Z,PANEL_RIGHT,0.0001,9.999999747378752e-05,-0.01080766,2026-06-22T00:00Z,0,1,nan,8.0
BDXNUSDT,2026-06-22T04:00Z,PANEL_RIGHT,5e-05,4.999999873689376e-05,0.0046011,2026-06-22T04:00Z,0,1,nan,4.0
SXPUSDT,2026-06-22T04:00Z,PANEL_RIGHT,0.0001,9.999999747378752e-05,-0.01080766,2026-06-22T00:00Z,14400,1,nan,8.0
BDXNUSDT,2026-06-22T08:00Z,PANEL_RIGHT,5e-05,4.999999873689376e-05,0.0046011,2026-06-22T08:00Z,0,1,nan,4.0
SXPUSDT,2026-06-22T08:00Z,PANEL_RIGHT,0.0001,9.999999747378752e-05,-0.01080766,2026-06-22T08:00Z,0,1,nan,8.0
BDXNUSDT,2026-06-22T12:00Z,PANEL_RIGHT,5e-05,4.999999873689376e-05,0.0046011,2026-06-22T12:00Z,0,1,nan,4.0
SXPUSDT,2026-06-22T12:00Z,PANEL_RIGHT,0.0001,9.999999747378752e-05,-0.01080766,2026-06-22T08:00Z,14400,1,nan,8.0
BDXNUSDT,2026-06-22T16:00Z,PANEL_RIGHT,5e-05,4.999999873689376e-05,0.0046011,2026-06-22T16:00Z,0,1,nan,4.0
SXPUSDT,2026-06-22T16:00Z,PANEL_RIGHT,0.0001,9.999999747378752e-05,-0.01080766,2026-06-22T16:00Z,0,1,nan,8.0
BDXNUSDT,2026-06-22T20:00Z,PANEL_RIGHT,5e-05,4.999999873689376e-05,0.0046011,2026-06-22T20:00Z,0,1,nan,4.0
SXPUSDT,2026-06-22T20:00Z,PANEL_RIGHT,0.0001,9.999999747378752e-05,-0.01080766,2026-06-22T16:00Z,14400,1,nan,8.0
BDXNUSDT,2026-06-23T00:00Z,PANEL_RIGHT,5e-05,4.999999873689376e-05,0.0046011,2026-06-23T00:00Z,0,1,nan,4.0
SXPUSDT,2026-06-23T00:00Z,PANEL_RIGHT,0.0001,9.999999747378752e-05,-0.01080766,2026-06-23T00:00Z,0,1,nan,8.0
BDXNUSDT,2026-06-23T04:00Z,PANEL_RIGHT,5e-05,4.999999873689376e-05,0.0046011,2026-06-23T04:00Z,0,1,nan,4.0
SXPUSDT,2026-06-23T04:00Z,PANEL_RIGHT,0.0001,9.999999747378752e-05,-0.01080766,2026-06-23T00:00Z,14400,1,nan,8.0
BDXNUSDT,2026-06-23T08:00Z,PANEL_RIGHT,5e-05,4.999999873689376e-05,0.0046011,2026-06-23T08:00Z,0,1,nan,4.0
SXPUSDT,2026-06-23T08:00Z,PANEL_RIGHT,0.0001,9.999999747378752e-05,-0.01080766,2026-06-23T08:00Z,0,1,nan,8.0
ARXUSDT,2026-06-23T12:00Z,PANEL_RIGHT,-0.00460839,-0.004608389921486378,-0.00565786,2026-06-23T12:00Z,0,3,4.0,4.0
BDXNUSDT,2026-06-23T12:00Z,PANEL_RIGHT,5e-05,4.999999873689376e-05,0.0046011,2026-06-23T12:00Z,0,1,nan,4.0
SXPUSDT,2026-06-23T12:00Z,PANEL_RIGHT,0.0001,9.999999747378752e-05,-0.01080766,2026-06-23T08:00Z,14400,1,nan,8.0
BDXNUSDT,2026-06-23T16:00Z,PANEL_RIGHT,5e-05,4.999999873689376e-05,0.0046011,2026-06-23T16:00Z,0,1,nan,4.0
SXPUSDT,2026-06-23T16:00Z,PANEL_RIGHT,0.0001,9.999999747378752e-05,-0.01080766,2026-06-23T16:00Z,0,1,nan,8.0
BDXNUSDT,2026-06-23T20:00Z,PANEL_RIGHT,5e-05,4.999999873689376e-05,0.0046011,2026-06-23T20:00Z,0,1,nan,4.0
SXPUSDT,2026-06-23T20:00Z,PANEL_RIGHT,0.0001,9.999999747378752e-05,-0.01080766,2026-06-23T16:00Z,14400,1,nan,8.0
BDXNUSDT,2026-06-24T00:00Z,PANEL_RIGHT,5e-05,4.999999873689376e-05,0.0046011,2026-06-24T00:00Z,0,1,nan,4.0
SXPUSDT,2026-06-24T00:00Z,PANEL_RIGHT,0.0001,9.999999747378752e-05,-0.01080766,2026-06-24T00:00Z,0,1,nan,8.0
BDXNUSDT,2026-06-24T04:00Z,PANEL_RIGHT,5e-05,4.999999873689376e-05,0.0046011,2026-06-24T00:00Z,14400,1,nan,4.0
SXPUSDT,2026-06-24T04:00Z,PANEL_RIGHT,0.0001,9.999999747378752e-05,-0.01080766,2026-06-24T00:00Z,14400,1,nan,8.0
BDXNUSDT,2026-06-24T08:00Z,PANEL_RIGHT,5e-05,4.999999873689376e-05,0.0046011,2026-06-24T08:00Z,0,1,nan,8.0
SXPUSDT,2026-06-24T08:00Z,PANEL_RIGHT,0.0001,9.999999747378752e-05,-0.01080766,2026-06-24T08:00Z,0,1,nan,8.0
1000000BOBUSDT,2026-06-24T12:00Z,PANEL_RIGHT,5e-05,4.999999873689376e-05,0.00039909,2026-06-24T12:00Z,0,3,4.0,4.0
1000BONKUSDT,2026-06-24T12:00Z,PANEL_RIGHT,-1.504e-05,-1.5040000107546803e-05,9.64e-06,2026-06-24T12:00Z,0,3,4.0,4.0
1000CATUSDT,2026-06-24T12:00Z,PANEL_RIGHT,-0.00022711,-0.00022710999473929405,5e-05,2026-06-24T12:00Z,0,3,4.0,4.0
1MBABYDOGEUSDT,2026-06-24T12:00Z,PANEL_RIGHT,7.16e-06,7.160000222938834e-06,3.487e-05,2026-06-24T12:00Z,0,3,4.0,4.0
4USDT,2026-06-24T12:00Z,PANEL_RIGHT,6.484e-05,6.48400018690154e-05,0.0001003,2026-06-24T12:00Z,0,3,4.0,4.0
ACXUSDT,2026-06-24T12:00Z,PANEL_RIGHT,-2.31e-05,-2.3099999452824704e-05,5e-05,2026-06-24T12:00Z,0,3,4.0,4.0
AGTUSDT,2026-06-24T12:00Z,PANEL_RIGHT,5e-05,4.999999873689376e-05,9.407e-05,2026-06-24T12:00Z,0,3,4.0,4.0
AIGENSYNUSDT,2026-06-24T12:00Z,PANEL_RIGHT,-0.00033747,-0.0003374700027052313,5e-05,2026-06-24T12:00Z,0,3,4.0,4.0
ALICEUSDT,2026-06-24T12:00Z,PANEL_RIGHT,-0.00421441,-0.004214410204440355,-0.00797903,2026-06-24T12:00Z,0,3,4.0,4.0
ALLOUSDT,2026-06-24T12:00Z,PANEL_RIGHT,-1.92e-05,-1.920000067912042e-05,3.113e-05,2026-06-24T12:00Z,0,3,4.0,4.0
ANIMEUSDT,2026-06-24T12:00Z,PANEL_RIGHT,5.52e-06,5.5199998314492404e-06,-1.21e-06,2026-06-24T12:00Z,0,3,4.0,4.0
API3USDT,2026-06-24T12:00Z,PANEL_RIGHT,-4.354e-05,-4.3539999751374125e-05,4.27e-06,2026-06-24T12:00Z,0,3,4.0,4.0
ARIAUSDT,2026-06-24T12:00Z,PANEL_RIGHT,0.00010571,0.00010571000166237354,0.00036626,2026-06-24T12:00Z,0,3,4.0,4.0
AUCTIONUSDT,2026-06-24T12:00Z,PANEL_RIGHT,-1.126e-05,-1.126000006479444e-05,5e-05,2026-06-24T12:00Z,0,3,4.0,4.0
AVNTUSDT,2026-06-24T12:00Z,PANEL_RIGHT,5e-05,4.999999873689376e-05,-0.0002457,2026-06-24T12:00Z,0,3,4.0,4.0
AXSUSDT,2026-06-24T12:00Z,PANEL_RIGHT,-1.208e-05,-1.207999957841821e-05,-4.59e-05,2026-06-24T12:00Z,0,3,4.0,4.0
BANUSDT,2026-06-24T12:00Z,PANEL_RIGHT,6.772e-05,6.772000051569194e-05,5e-05,2026-06-24T12:00Z,0,3,4.0,4.0
BARDUSDT,2026-06-24T12:00Z,PANEL_RIGHT,-0.00010107,-0.00010106999980052933,-0.00012625,2026-06-24T12:00Z,0,3,4.0,4.0
BASUSDT,2026-06-24T12:00Z,PANEL_RIGHT,0.00082194,0.0008219400187954307,0.00019522,2026-06-24T12:00Z,0,3,4.0,4.0
BDXNUSDT,2026-06-24T12:00Z,PANEL_RIGHT,5e-05,4.999999873689376e-05,0.0046011,2026-06-24T12:00Z,0,1,nan,4.0
BERAUSDT,2026-06-24T12:00Z,PANEL_RIGHT,1.206e-05,1.2059999789926223e-05,-2.599e-05,2026-06-24T12:00Z,0,3,4.0,4.0
BIOUSDT,2026-06-24T12:00Z,PANEL_RIGHT,-8.8e-05,-8.800000068731606e-05,-5.31e-06,2026-06-24T12:00Z,0,3,4.0,4.0
BLURUSDT,2026-06-24T12:00Z,PANEL_RIGHT,5e-05,4.999999873689376e-05,1.608e-05,2026-06-24T12:00Z,0,3,4.0,4.0
BOMEUSDT,2026-06-24T12:00Z,PANEL_RIGHT,5e-05,4.999999873689376e-05,-7.686e-05,2026-06-24T12:00Z,0,3,4.0,4.0
BROCCOLIF3BUSDT,2026-06-24T12:00Z,PANEL_RIGHT,5e-05,4.999999873689376e-05,-0.00011201,2026-06-24T12:00Z,0,3,4.0,4.0
BRUSDT,2026-06-24T12:00Z,PANEL_RIGHT,5e-05,4.999999873689376e-05,0.00013985,2026-06-24T12:00Z,0,3,4.0,4.0
BSBUSDT,2026-06-24T12:00Z,PANEL_RIGHT,9.638e-05,9.637999755796045e-05,0.00019212,2026-06-24T12:00Z,0,3,4.0,4.0
BTWUSDT,2026-06-24T12:00Z,PANEL_RIGHT,0.00012091,0.00012091000098735094,6.808e-05,2026-06-24T12:00Z,0,3,4.0,4.0
BULLAUSDT,2026-06-24T12:00Z,PANEL_RIGHT,0.00046303,0.00046303000999614596,0.00042542,2026-06-24T12:00Z,0,3,4.0,4.0
BUSDT,2026-06-24T12:00Z,PANEL_RIGHT,0.0001248,0.00012480000441428274,5e-05,2026-06-24T12:00Z,0,3,4.0,4.0
CAKEUSDT,2026-06-24T12:00Z,PANEL_RIGHT,5e-05,4.999999873689376e-05,2.543e-05,2026-06-24T12:00Z,0,3,4.0,4.0
CHIPUSDT,2026-06-24T12:00Z,PANEL_RIGHT,-0.00030514,-0.0003051400126423687,-0.00035751,2026-06-24T12:00Z,0,3,4.0,4.0
CLOUSDT,2026-06-24T12:00Z,PANEL_RIGHT,4.569e-05,4.569000157061964e-05,-0.00034325,2026-06-24T12:00Z,0,3,4.0,4.0
CTRUSDT,2026-06-24T12:00Z,PANEL_RIGHT,5.641e-05,5.641000097966753e-05,5e-05,2026-06-24T12:00Z,0,3,4.0,4.0
CUSDT,2026-06-24T12:00Z,PANEL_RIGHT,9.53e-06,9.530000170343556e-06,5e-05,2026-06-24T12:00Z,0,3,4.0,4.0
CVXUSDT,2026-06-24T12:00Z,PANEL_RIGHT,2.401e-05,2.400999983365182e-05,-0.00011323,2026-06-24T12:00Z,0,3,4.0,4.0
CYBERUSDT,2026-06-24T12:00Z,PANEL_RIGHT,3.508e-05,3.508000008878298e-05,-1.139e-05,2026-06-24T12:00Z,0,3,4.0,4.0
DEXEUSDT,2026-06-24T12:00Z,PANEL_RIGHT,0.00013656,0.00013656000373885036,9.399e-05,2026-06-24T12:00Z,0,3,4.0,4.0
DIAUSDT,2026-06-24T12:00Z,PANEL_RIGHT,5e-05,4.999999873689376e-05,-2.518e-05,2026-06-24T12:00Z,0,3,4.0,4.0
EDENUSDT,2026-06-24T12:00Z,PANEL_RIGHT,3.503e-05,3.502999970805831e-05,5e-05,2026-06-24T12:00Z,0,3,4.0,4.0
EDGEUSDT,2026-06-24T12:00Z,PANEL_RIGHT,0.00016816,0.00016815999697428197,0.0002513,2026-06-24T12:00Z,0,3,4.0,4.0
EIGENUSDT,2026-06-24T12:00Z,PANEL_RIGHT,-2.729e-05,-2.7289999707136303e-05,1.955e-05,2026-06-24T12:00Z,0,3,4.0,4.0
ENAUSDT,2026-06-24T12:00Z,PANEL_RIGHT,3.936e-05,3.935999848181382e-05,7.83e-06,2026-06-24T12:00Z,0,3,4.0,4.0
ENJUSDT,2026-06-24T12:00Z,PANEL_RIGHT,5e-05,4.999999873689376e-05,-7.465e-05,2026-06-24T12:00Z,0,3,4.0,4.0
ENSOUSDT,2026-06-24T12:00Z,PANEL_RIGHT,1.583e-05,1.5830000847927295e-05,5e-05,2026-06-24T12:00Z,0,3,4.0,4.0
ESPUSDT,2026-06-24T12:00Z,PANEL_RIGHT,5e-05,4.999999873689376e-05,-4.91e-06,2026-06-24T12:00Z,0,3,4.0,4.0
EVAAUSDT,2026-06-24T12:00Z,PANEL_RIGHT,0.00035334,0.0003533400013111532,0.00036427,2026-06-24T12:00Z,0,3,4.0,4.0
FIDAUSDT,2026-06-24T12:00Z,PANEL_RIGHT,-0.00100252,-0.0010025199735537171,-0.00062021,2026-06-24T12:00Z,0,3,4.0,4.0
FLOWUSDT,2026-06-24T12:00Z,PANEL_RIGHT,1.017e-05,1.0169999768550042e-05,5e-05,2026-06-24T12:00Z,0,3,4.0,4.0
FORMUSDT,2026-06-24T12:00Z,PANEL_RIGHT,3.043e-05,3.0429999242187478e-05,-3.338e-05,2026-06-24T12:00Z,0,3,4.0,4.0
FRAXUSDT,2026-06-24T12:00Z,PANEL_RIGHT,-2.337e-05,-2.336999932595063e-05,5e-05,2026-06-24T12:00Z,0,3,4.0,4.0
FUSDT,2026-06-24T12:00Z,PANEL_RIGHT,5e-05,4.999999873689376e-05,2.251e-05,2026-06-24T12:00Z,0,3,4.0,4.0
GUNUSDT,2026-06-24T12:00Z,PANEL_RIGHT,-7.665e-05,-7.665000157430768e-05,-0.00013352,2026-06-24T12:00Z,0,3,4.0,4.0
GUSDT,2026-06-24T12:00Z,PANEL_RIGHT,-8.98e-06,-8.979999620351009e-06,-0.00060929,2026-06-24T12:00Z,0,3,4.0,4.0
HAEDALUSDT,2026-06-24T12:00Z,PANEL_RIGHT,5e-05,4.999999873689376e-05,3.464e-05,2026-06-24T12:00Z,0,3,4.0,4.0
HANAUSDT,2026-06-24T12:00Z,PANEL_RIGHT,0.00060867,0.0006086700013838708,0.00053763,2026-06-24T12:00Z,0,3,4.0,4.0
HEIUSDT,2026-06-24T12:00Z,PANEL_RIGHT,-0.00059097,-0.00059096998302266,-0.0002038,2026-06-24T12:00Z,0,3,4.0,4.0
HIVEUSDT,2026-06-24T12:00Z,PANEL_RIGHT,-0.00015235,-0.00015234999591484666,-0.00010231,2026-06-24T12:00Z,0,3,4.0,4.0
HOMEUSDT,2026-06-24T12:00Z,PANEL_RIGHT,-0.00032176,-0.0003217599878553301,-0.00045255,2026-06-24T12:00Z,0,3,4.0,4.0
HUSDT,2026-06-24T12:00Z,PANEL_RIGHT,2.195e-05,2.1949999791104347e-05,5e-05,2026-06-24T12:00Z,0,3,4.0,4.0
HYPERUSDT,2026-06-24T12:00Z,PANEL_RIGHT,5e-05,4.999999873689376e-05,-1.114e-05,2026-06-24T12:00Z,0,3,4.0,4.0
ICNTUSDT,2026-06-24T12:00Z,PANEL_RIGHT,2.45e-06,2.4500000108673703e-06,5e-05,2026-06-24T12:00Z,0,3,4.0,4.0
IDUSDT,2026-06-24T12:00Z,PANEL_RIGHT,-0.0008288,-0.0008288000244647264,-0.00133152,2026-06-24T12:00Z,0,3,4.0,4.0
INITUSDT,2026-06-24T12:00Z,PANEL_RIGHT,-4.31e-05,-4.310000076657161e-05,2.462e-05,2026-06-24T12:00Z,0,3,4.0,4.0
JTOUSDT,2026-06-24T12:00Z,PANEL_RIGHT,4.82e-06,4.819999958272092e-06,2.076e-05,2026-06-24T12:00Z,0,3,4.0,4.0
JUPUSDT,2026-06-24T12:00Z,PANEL_RIGHT,-4.5e-07,-4.4999998749517545e-07,-3.96e-05,2026-06-24T12:00Z,0,3,4.0,4.0
KOMAUSDT,2026-06-24T12:00Z,PANEL_RIGHT,0.00030747,0.00030747000710107386,-0.00013713,2026-06-24T12:00Z,0,3,4.0,4.0
LABUSDT,2026-06-24T12:00Z,PANEL_RIGHT,-0.00736628,-0.007366280071437359,-0.00346202,2026-06-24T12:00Z,0,3,4.0,4.0
LAUSDT,2026-06-24T12:00Z,PANEL_RIGHT,2.808e-05,2.8079999538022093e-05,5e-05,2026-06-24T12:00Z,0,3,4.0,4.0
LAYERUSDT,2026-06-24T12:00Z,PANEL_RIGHT,-0.00071998,-0.0007199799874797463,-0.00088091,2026-06-24T12:00Z,0,3,4.0,4.0
LINEAUSDT,2026-06-24T12:00Z,PANEL_RIGHT,3.885e-05,3.885000114678405e-05,5e-05,2026-06-24T12:00Z,0,3,4.0,4.0
LPTUSDT,2026-06-24T12:00Z,PANEL_RIGHT,-3.03e-06,-3.0300000162242213e-06,-2.621e-05,2026-06-24T12:00Z,0,3,4.0,4.0
LSKUSDT,2026-06-24T12:00Z,PANEL_RIGHT,-7.103e-05,-7.10300009814091e-05,-0.00029735,2026-06-24T12:00Z,0,3,4.0,4.0
LYNUSDT,2026-06-24T12:00Z,PANEL_RIGHT,5e-05,4.999999873689376e-05,0.00018198,2026-06-24T12:00Z,0,3,4.0,4.0
MAGICUSDT,2026-06-24T12:00Z,PANEL_RIGHT,1.539e-05,1.5390000044135377e-05,3.773e-05,2026-06-24T12:00Z,0,3,4.0,4.0
MASKUSDT,2026-06-24T12:00Z,PANEL_RIGHT,3.91e-06,3.910000032192329e-06,5e-05,2026-06-24T12:00Z,0,3,4.0,4.0
MEGAUSDT,2026-06-24T12:00Z,PANEL_RIGHT,-5.951e-05,-5.950999911874533e-05,-5.87e-06,2026-06-24T12:00Z,0,3,4.0,4.0
MEMEUSDT,2026-06-24T12:00Z,PANEL_RIGHT,2.362e-05,2.361999941058457e-05,5e-05,2026-06-24T12:00Z,0,3,4.0,4.0
MEUSDT,2026-06-24T12:00Z,PANEL_RIGHT,-0.00013305,-0.0001330499944742769,-0.00013195,2026-06-24T12:00Z,0,3,4.0,4.0
MIRAUSDT,2026-06-24T12:00Z,PANEL_RIGHT,3.031e-05,3.0310000511235557e-05,5e-05,2026-06-24T12:00Z,0,3,4.0,4.0
MMTUSDT,2026-06-24T12:00Z,PANEL_RIGHT,5e-05,4.999999873689376e-05,4.412e-05,2026-06-24T12:00Z,0,3,4.0,4.0
MONUSDT,2026-06-24T12:00Z,PANEL_RIGHT,-4.13e-06,-4.129999979340937e-06,5e-05,2026-06-24T12:00Z,0,3,4.0,4.0
MORPHOUSDT,2026-06-24T12:00Z,PANEL_RIGHT,-0.0001177,-0.00011770000128308311,6.11e-06,2026-06-24T12:00Z,0,3,4.0,4.0
MOVEUSDT,2026-06-24T12:00Z,PANEL_RIGHT,-4.971e-05,-4.971000089426525e-05,-0.00012398,2026-06-24T12:00Z,0,3,4.0,4.0
MOVRUSDT,2026-06-24T12:00Z,PANEL_RIGHT,-1.521e-05,-1.5210000128718093e-05,5e-05,2026-06-24T12:00Z,0,3,4.0,4.0
NEIROUSDT,2026-06-24T12:00Z,PANEL_RIGHT,1.642e-05,1.641999915591441e-05,6.51e-06,2026-06-24T12:00Z,0,3,4.0,4.0
NEWTUSDT,2026-06-24T12:00Z,PANEL_RIGHT,-0.00033013,-0.0003301299875602126,-9.586e-05,2026-06-24T12:00Z,0,3,4.0,4.0
NOMUSDT,2026-06-24T12:00Z,PANEL_RIGHT,-2.314e-05,-2.314000084879808e-05,5e-05,2026-06-24T12:00Z,0,3,4.0,4.0
NOTUSDT,2026-06-24T12:00Z,PANEL_RIGHT,-6.191e-05,-6.191000284161419e-05,5e-05,2026-06-24T12:00Z,0,3,4.0,4.0
ONDOUSDT,2026-06-24T12:00Z,PANEL_RIGHT,-6.248e-05,-6.248000136110932e-05,-8.205e-05,2026-06-24T12:00Z,0,3,4.0,4.0
ONGUSDT,2026-06-24T12:00Z,PANEL_RIGHT,5e-05,4.999999873689376e-05,-3.415e-05,2026-06-24T12:00Z,0,3,4.0,4.0
ORCAUSDT,2026-06-24T12:00Z,PANEL_RIGHT,-0.00010484,-0.0001048400008585304,-0.00023056,2026-06-24T12:00Z,0,3,4.0,4.0
ORDIUSDT,2026-06-24T12:00Z,PANEL_RIGHT,2.369e-05,2.3689999579801224e-05,3.873e-05,2026-06-24T12:00Z,0,3,4.0,4.0
PAXGUSDT,2026-06-24T12:00Z,PANEL_RIGHT,8.73e-06,8.730000445211772e-06,8.27e-06,2026-06-24T12:00Z,0,3,4.0,4.0
PENGUUSDT,2026-06-24T12:00Z,PANEL_RIGHT,-0.00012829,-0.0001282900047954172,-0.00019444,2026-06-24T12:00Z,0,3,4.0,4.0
PIEVERSEUSDT,2026-06-24T12:00Z,PANEL_RIGHT,0.00012824,0.00012824000441469252,5e-05,2026-06-24T12:00Z,0,3,4.0,4.0
PIPPINUSDT,2026-06-24T12:00Z,PANEL_RIGHT,5.523e-05,5.523000072571449e-05,5e-05,2026-06-24T12:00Z,0,3,4.0,4.0
PIXELUSDT,2026-06-24T12:00Z,PANEL_RIGHT,-3.808e-05,-3.808000110439025e-05,5e-05,2026-06-24T12:00Z,0,3,4.0,4.0
PLAYUSDT,2026-06-24T12:00Z,PANEL_RIGHT,0.00012277,0.00012276999768801033,0.00015715,2026-06-24T12:00Z,0,3,4.0,4.0
PLUMEUSDT,2026-06-24T12:00Z,PANEL_RIGHT,5e-05,4.999999873689376e-05,3.217e-05,2026-06-24T12:00Z,0,3,4.0,4.0
PNUTUSDT,2026-06-24T12:00Z,PANEL_RIGHT,3.021e-05,3.020999974978622e-05,5e-05,2026-06-24T12:00Z,0,3,4.0,4.0
POLUSDT,2026-06-24T12:00Z,PANEL_RIGHT,2.657e-05,2.6570000045467168e-05,-5.89e-06,2026-06-24T12:00Z,0,3,4.0,4.0
POLYXUSDT,2026-06-24T12:00Z,PANEL_RIGHT,5e-05,4.999999873689376e-05,1.205e-05,2026-06-24T12:00Z,0,3,4.0,4.0
PORTALUSDT,2026-06-24T12:00Z,PANEL_RIGHT,-0.00021973,-0.00021973000548314303,-0.00066594,2026-06-24T12:00Z,0,3,4.0,4.0
POWRUSDT,2026-06-24T12:00Z,PANEL_RIGHT,5e-05,4.999999873689376e-05,-8.822e-05,2026-06-24T12:00Z,0,3,4.0,4.0
PTBUSDT,2026-06-24T12:00Z,PANEL_RIGHT,0.00034066,0.0003406599862501025,0.00018138,2026-06-24T12:00Z,0,3,4.0,4.0
PUMPBTCUSDT,2026-06-24T12:00Z,PANEL_RIGHT,5e-05,4.999999873689376e-05,0.00048328,2026-06-24T12:00Z,0,3,4.0,4.0
PUMPUSDT,2026-06-24T12:00Z,PANEL_RIGHT,2.086e-05,2.085999949485995e-05,1.598e-05,2026-06-24T12:00Z,0,3,4.0,4.0
PUNDIXUSDT,2026-06-24T12:00Z,PANEL_RIGHT,-2.795e-05,-2.7950000003329478e-05,1.7e-06,2026-06-24T12:00Z,0,3,4.0,4.0
PYTHUSDT,2026-06-24T12:00Z,PANEL_RIGHT,2.776e-05,2.77599992841715e-05,-1.167e-05,2026-06-24T12:00Z,0,3,4.0,4.0
RAREUSDT,2026-06-24T12:00Z,PANEL_RIGHT,-0.00017422,-0.00017421999655198306,-0.00010332,2026-06-24T12:00Z,0,3,4.0,4.0
RAVEUSDT,2026-06-24T12:00Z,PANEL_RIGHT,0.00012505,0.00012505000631790608,0.00017434,2026-06-24T12:00Z,0,3,4.0,4.0
RAYSOLUSDT,2026-06-24T12:00Z,PANEL_RIGHT,-1.689e-05,-1.689000055193901e-05,-8.898e-05,2026-06-24T12:00Z,0,3,4.0,4.0
RENDERUSDT,2026-06-24T12:00Z,PANEL_RIGHT,-1.691e-05,-1.6910000340430997e-05,5e-05,2026-06-24T12:00Z,0,3,4.0,4.0
RESOLVUSDT,2026-06-24T12:00Z,PANEL_RIGHT,-0.00019716,-0.00019715999951586127,-0.00016204,2026-06-24T12:00Z,0,3,4.0,4.0
REUSDT,2026-06-24T12:00Z,PANEL_RIGHT,-0.00211186,-0.0021118600852787495,-0.00144432,2026-06-24T12:00Z,0,3,4.0,4.0
RIFUSDT,2026-06-24T12:00Z,PANEL_RIGHT,5e-05,4.999999873689376e-05,2.004e-05,2026-06-24T12:00Z,0,3,4.0,4.0
ROBOUSDT,2026-06-24T12:00Z,PANEL_RIGHT,-0.00011451,-0.00011451000318629667,5e-05,2026-06-24T12:00Z,0,3,4.0,4.0
RPLUSDT,2026-06-24T12:00Z,PANEL_RIGHT,-0.0002476,-0.00024759999359957874,-0.00014083,2026-06-24T12:00Z,0,3,4.0,4.0
SAHARAUSDT,2026-06-24T12:00Z,PANEL_RIGHT,-0.00218716,-0.002187160076573491,-0.00229016,2026-06-24T12:00Z,0,3,4.0,4.0
SCRUSDT,2026-06-24T12:00Z,PANEL_RIGHT,5.22e-06,5.219999820837984e-06,5e-05,2026-06-24T12:00Z,0,3,4.0,4.0
SHELLUSDT,2026-06-24T12:00Z,PANEL_RIGHT,-7.373e-05,-7.372999971266836e-05,-8.668e-05,2026-06-24T12:00Z,0,3,4.0,4.0
SIRENUSDT,2026-06-24T12:00Z,PANEL_RIGHT,0.00045797,0.0004579699889291078,0.00043706,2026-06-24T12:00Z,0,3,4.0,4.0
SKYUSDT,2026-06-24T12:00Z,PANEL_RIGHT,1.458e-05,1.45800004247576e-05,5e-05,2026-06-24T12:00Z,0,3,4.0,4.0
SLXUSDT,2026-06-24T12:00Z,PANEL_RIGHT,0.00040175,0.00040175000322051346,0.00071387,2026-06-24T12:00Z,0,3,4.0,4.0
SOLVUSDT,2026-06-24T12:00Z,PANEL_RIGHT,-2.127e-05,-2.1269999706419185e-05,5e-05,2026-06-24T12:00Z,0,3,4.0,4.0
SONICUSDT,2026-06-24T12:00Z,PANEL_RIGHT,-0.00017119,-0.0001711899967631325,-0.00036078,2026-06-24T12:00Z,0,3,4.0,4.0
SPORTFUNUSDT,2026-06-24T12:00Z,PANEL_RIGHT,0.0004426,0.0004425999941304326,0.00020465,2026-06-24T12:00Z,0,3,4.0,4.0
STARUSDT,2026-06-24T12:00Z,PANEL_RIGHT,-0.00010599,-0.00010599000233924016,5e-05,2026-06-24T12:00Z,0,3,4.0,4.0
STGUSDT,2026-06-24T12:00Z,PANEL_RIGHT,-0.00020202,-0.00020202000450808555,-0.00016425,2026-06-24T12:00Z,0,3,4.0,4.0
STRKUSDT,2026-06-24T12:00Z,PANEL_RIGHT,6.04e-06,6.039999789209105e-06,3.819e-05,2026-06-24T12:00Z,0,3,4.0,4.0
SUNUSDT,2026-06-24T12:00Z,PANEL_RIGHT,5e-05,4.999999873689376e-05,-4.461e-05,2026-06-24T12:00Z,0,3,4.0,4.0
SUSDT,2026-06-24T12:00Z,PANEL_RIGHT,-2.4e-07,-2.399999914359796e-07,1.644e-05,2026-06-24T12:00Z,0,3,4.0,4.0
SXPUSDT,2026-06-24T12:00Z,PANEL_RIGHT,0.0001,9.999999747378752e-05,-0.01080766,2026-06-24T08:00Z,14400,1,nan,8.0
SXTUSDT,2026-06-24T12:00Z,PANEL_RIGHT,5e-05,4.999999873689376e-05,-0.00010592,2026-06-24T12:00Z,0,3,4.0,4.0
SYNUSDT,2026-06-24T12:00Z,PANEL_RIGHT,-0.00135848,-0.0013584799598902464,-0.00080362,2026-06-24T12:00Z,0,3,4.0,4.0
SYRUPUSDT,2026-06-24T12:00Z,PANEL_RIGHT,2.971e-05,2.9709999580518343e-05,-0.00013687,2026-06-24T12:00Z,0,3,4.0,4.0
TACUSDT,2026-06-24T12:00Z,PANEL_RIGHT,5e-05,4.999999873689376e-05,0.0001136,2026-06-24T12:00Z,0,3,4.0,4.0
TAIKOUSDT,2026-06-24T12:00Z,PANEL_RIGHT,-0.00126282,-0.0012628199765458703,-0.00196393,2026-06-24T12:00Z,0,3,4.0,4.0
TAOUSDT,2026-06-24T12:00Z,PANEL_RIGHT,8.88e-06,8.879999768396374e-06,3.956e-05,2026-06-24T12:00Z,0,3,4.0,4.0
TAUSDT,2026-06-24T12:00Z,PANEL_RIGHT,0.00017703,0.00017703000048641115,5e-05,2026-06-24T12:00Z,0,3,4.0,4.0
TIAUSDT,2026-06-24T12:00Z,PANEL_RIGHT,2.608e-05,2.6080000679939985e-05,1.642e-05,2026-06-24T12:00Z,0,3,4.0,4.0
TNSRUSDT,2026-06-24T12:00Z,PANEL_RIGHT,-0.00038655,-0.00038655000389553607,-0.0002766,2026-06-24T12:00Z,0,3,4.0,4.0
TOWNSUSDT,2026-06-24T12:00Z,PANEL_RIGHT,-5.099e-05,-5.098999827168882e-05,5.85e-06,2026-06-24T12:00Z,0,3,4.0,4.0
TRUMPUSDT,2026-06-24T12:00Z,PANEL_RIGHT,-0.00011873,-0.00011873000039486215,-0.00011926,2026-06-24T12:00Z,0,3,4.0,4.0
TUSDT,2026-06-24T12:00Z,PANEL_RIGHT,-9.04e-06,-9.039999895321671e-06,6.33e-06,2026-06-24T12:00Z,0,3,4.0,4.0
UBUSDT,2026-06-24T12:00Z,PANEL_RIGHT,5e-05,4.999999873689376e-05,-0.00014489,2026-06-24T12:00Z,0,3,4.0,4.0
USUALUSDT,2026-06-24T12:00Z,PANEL_RIGHT,-3.713e-05,-3.713000114657916e-05,5e-05,2026-06-24T12:00Z,0,3,4.0,4.0
VELVETUSDT,2026-06-24T12:00Z,PANEL_RIGHT,0.00011772,0.0001177200028905645,0.00010785,2026-06-24T12:00Z,0,3,4.0,4.0
VICUSDT,2026-06-24T12:00Z,PANEL_RIGHT,-0.00153588,-0.0015358800301328301,-0.00211534,2026-06-24T12:00Z,0,3,4.0,4.0
VIRTUALUSDT,2026-06-24T12:00Z,PANEL_RIGHT,-7.217e-05,-7.216999802039936e-05,-5.812e-05,2026-06-24T12:00Z,0,3,4.0,4.0
VVVUSDT,2026-06-24T12:00Z,PANEL_RIGHT,-0.00043835,-0.00043834999087266624,-0.0005341,2026-06-24T12:00Z,0,3,4.0,4.0
WIFUSDT,2026-06-24T12:00Z,PANEL_RIGHT,-9.075e-05,-9.074999979929999e-05,2.356e-05,2026-06-24T12:00Z,0,3,4.0,4.0
WUSDT,2026-06-24T12:00Z,PANEL_RIGHT,-1.79e-05,-1.7899999875226058e-05,5e-05,2026-06-24T12:00Z,0,3,4.0,4.0
XAIUSDT,2026-06-24T12:00Z,PANEL_RIGHT,5e-05,4.999999873689376e-05,-4.266e-05,2026-06-24T12:00Z,0,3,4.0,4.0
XAUTUSDT,2026-06-24T12:00Z,PANEL_RIGHT,-2.066e-05,-2.0659999790950678e-05,-1.9e-06,2026-06-24T12:00Z,0,3,4.0,4.0
XPINUSDT,2026-06-24T12:00Z,PANEL_RIGHT,0.00014451,0.00014451000606641173,0.00019899,2026-06-24T12:00Z,0,3,4.0,4.0
YGGUSDT,2026-06-24T12:00Z,PANEL_RIGHT,8.44e-06,8.439999874099158e-06,5e-05,2026-06-24T12:00Z,0,3,4.0,4.0
ZAMAUSDT,2026-06-24T12:00Z,PANEL_RIGHT,5e-05,4.999999873689376e-05,3.021e-05,2026-06-24T12:00Z,0,3,4.0,4.0
ZEREBROUSDT,2026-06-24T12:00Z,PANEL_RIGHT,7.586e-05,7.585999992443249e-05,9.485e-05,2026-06-24T12:00Z,0,3,4.0,4.0
ZESTUSDT,2026-06-24T12:00Z,PANEL_RIGHT,8.952e-05,8.951999916462228e-05,5e-05,2026-06-24T12:00Z,0,3,4.0,4.0
ZETAUSDT,2026-06-24T12:00Z,PANEL_RIGHT,1.431e-05,1.4309999642136972e-05,5e-05,2026-06-24T12:00Z,0,3,4.0,4.0
ZILUSDT,2026-06-24T12:00Z,PANEL_RIGHT,5e-05,4.999999873689376e-05,3.15e-06,2026-06-24T12:00Z,0,3,4.0,4.0
ZKUSDT,2026-06-24T12:00Z,PANEL_RIGHT,-9.326e-05,-9.326000144938007e-05,5e-05,2026-06-24T12:00Z,0,3,4.0,4.0
ZRXUSDT,2026-06-24T12:00Z,PANEL_RIGHT,5e-05,4.999999873689376e-05,4.565e-05,2026-06-24T12:00Z,0,3,4.0,4.0
BDXNUSDT,2026-06-24T16:00Z,PANEL_RIGHT,5e-05,4.999999873689376e-05,0.0046011,2026-06-24T16:00Z,0,1,nan,4.0
OUSDT,2026-06-24T16:00Z,PANEL_RIGHT,5e-05,4.999999873689376e-05,3.796e-05,2026-06-24T16:00Z,0,3,4.0,4.0
SXPUSDT,2026-06-24T16:00Z,PANEL_RIGHT,0.0001,9.999999747378752e-05,-0.01080766,2026-06-24T16:00Z,0,1,nan,8.0
BDXNUSDT,2026-06-24T20:00Z,PANEL_RIGHT,5e-05,4.999999873689376e-05,0.0046011,2026-06-24T20:00Z,0,1,nan,4.0
SXPUSDT,2026-06-24T20:00Z,PANEL_RIGHT,0.0001,9.999999747378752e-05,-0.01080766,2026-06-24T16:00Z,14400,1,nan,8.0
BDXNUSDT,2026-06-25T00:00Z,PANEL_RIGHT,5e-05,4.999999873689376e-05,0.0046011,2026-06-25T00:00Z,0,1,nan,4.0
SXPUSDT,2026-06-25T00:00Z,PANEL_RIGHT,0.0001,9.999999747378752e-05,-0.01080766,2026-06-25T00:00Z,0,1,nan,8.0
BDXNUSDT,2026-06-25T04:00Z,PANEL_RIGHT,5e-05,4.999999873689376e-05,0.0046011,2026-06-25T04:00Z,0,1,nan,4.0
SXPUSDT,2026-06-25T04:00Z,PANEL_RIGHT,0.0001,9.999999747378752e-05,-0.01080766,2026-06-25T00:00Z,14400,1,nan,8.0
BDXNUSDT,2026-06-25T08:00Z,PANEL_RIGHT,5e-05,4.999999873689376e-05,0.0046011,2026-06-25T08:00Z,0,1,nan,4.0
SXPUSDT,2026-06-25T08:00Z,PANEL_RIGHT,0.0001,9.999999747378752e-05,-0.01080766,2026-06-25T08:00Z,0,1,nan,8.0
BDXNUSDT,2026-06-25T12:00Z,PANEL_RIGHT,5e-05,4.999999873689376e-05,0.0046011,2026-06-25T12:00Z,0,1,nan,4.0
SXPUSDT,2026-06-25T12:00Z,PANEL_RIGHT,0.0001,9.999999747378752e-05,-0.01080766,2026-06-25T08:00Z,14400,1,nan,8.0
BDXNUSDT,2026-06-25T16:00Z,PANEL_RIGHT,5e-05,4.999999873689376e-05,0.0046011,2026-06-25T16:00Z,0,1,nan,4.0
SXPUSDT,2026-06-25T16:00Z,PANEL_RIGHT,0.0001,9.999999747378752e-05,-0.01080766,2026-06-25T16:00Z,0,1,nan,8.0
BDXNUSDT,2026-06-25T20:00Z,PANEL_RIGHT,5e-05,4.999999873689376e-05,0.0046011,2026-06-25T20:00Z,0,1,nan,4.0
SXPUSDT,2026-06-25T20:00Z,PANEL_RIGHT,0.0001,9.999999747378752e-05,-0.01080766,2026-06-25T16:00Z,14400,1,nan,8.0
BDXNUSDT,2026-06-26T00:00Z,PANEL_RIGHT,5e-05,4.999999873689376e-05,0.0046011,2026-06-26T00:00Z,0,1,nan,4.0
SXPUSDT,2026-06-26T00:00Z,PANEL_RIGHT,0.0001,9.999999747378752e-05,-0.01080766,2026-06-26T00:00Z,0,1,nan,8.0
BDXNUSDT,2026-06-26T04:00Z,PANEL_RIGHT,5e-05,4.999999873689376e-05,0.0046011,2026-06-26T04:00Z,0,1,nan,4.0
SXPUSDT,2026-06-26T04:00Z,PANEL_RIGHT,0.0001,9.999999747378752e-05,-0.01080766,2026-06-26T00:00Z,14400,1,nan,8.0
BDXNUSDT,2026-06-26T08:00Z,PANEL_RIGHT,5e-05,4.999999873689376e-05,0.0046011,2026-06-26T08:00Z,0,1,nan,4.0
SXPUSDT,2026-06-26T08:00Z,PANEL_RIGHT,0.0001,9.999999747378752e-05,-0.01080766,2026-06-26T08:00Z,0,1,nan,8.0
BDXNUSDT,2026-06-26T12:00Z,PANEL_RIGHT,5e-05,4.999999873689376e-05,0.0046011,2026-06-26T12:00Z,0,1,nan,4.0
SXPUSDT,2026-06-26T12:00Z,PANEL_RIGHT,0.0001,9.999999747378752e-05,-0.01080766,2026-06-26T08:00Z,14400,1,nan,8.0
BDXNUSDT,2026-06-26T16:00Z,PANEL_RIGHT,5e-05,4.999999873689376e-05,0.0046011,2026-06-26T16:00Z,0,1,nan,4.0
SXPUSDT,2026-06-26T16:00Z,PANEL_RIGHT,0.0001,9.999999747378752e-05,-0.01080766,2026-06-26T16:00Z,0,1,nan,8.0
BDXNUSDT,2026-06-26T20:00Z,PANEL_RIGHT,5e-05,4.999999873689376e-05,0.0046011,2026-06-26T20:00Z,0,1,nan,4.0
SXPUSDT,2026-06-26T20:00Z,PANEL_RIGHT,0.0001,9.999999747378752e-05,-0.01080766,2026-06-26T16:00Z,14400,1,nan,8.0
BDXNUSDT,2026-06-27T00:00Z,PANEL_RIGHT,5e-05,4.999999873689376e-05,0.0046011,2026-06-27T00:00Z,0,1,nan,4.0
SXPUSDT,2026-06-27T00:00Z,PANEL_RIGHT,0.0001,9.999999747378752e-05,-0.01080766,2026-06-27T00:00Z,0,1,nan,8.0
BDXNUSDT,2026-06-27T04:00Z,PANEL_RIGHT,5e-05,4.999999873689376e-05,0.0046011,2026-06-27T04:00Z,0,1,nan,4.0
SXPUSDT,2026-06-27T04:00Z,PANEL_RIGHT,0.0001,9.999999747378752e-05,-0.01080766,2026-06-27T00:00Z,14400,1,nan,8.0
BDXNUSDT,2026-06-27T08:00Z,PANEL_RIGHT,5e-05,4.999999873689376e-05,0.0046011,2026-06-27T08:00Z,0,1,nan,4.0
SXPUSDT,2026-06-27T08:00Z,PANEL_RIGHT,0.0001,9.999999747378752e-05,-0.01080766,2026-06-27T08:00Z,0,1,nan,8.0
BDXNUSDT,2026-06-27T12:00Z,PANEL_RIGHT,5e-05,4.999999873689376e-05,0.0046011,2026-06-27T12:00Z,0,1,nan,4.0
SXPUSDT,2026-06-27T12:00Z,PANEL_RIGHT,0.0001,9.999999747378752e-05,-0.01080766,2026-06-27T08:00Z,14400,1,nan,8.0
BDXNUSDT,2026-06-27T16:00Z,PANEL_RIGHT,5e-05,4.999999873689376e-05,0.0046011,2026-06-27T16:00Z,0,1,nan,4.0
CAPUSDT,2026-06-27T16:00Z,PANEL_RIGHT,0.00013691,0.00013691000640392303,0.00016321,2026-06-27T16:00Z,0,3,4.0,4.0
SXPUSDT,2026-06-27T16:00Z,PANEL_RIGHT,0.0001,9.999999747378752e-05,-0.01080766,2026-06-27T16:00Z,0,1,nan,8.0
BDXNUSDT,2026-06-27T20:00Z,PANEL_RIGHT,5e-05,4.999999873689376e-05,0.0046011,2026-06-27T20:00Z,0,1,nan,4.0
SXPUSDT,2026-06-27T20:00Z,PANEL_RIGHT,0.0001,9.999999747378752e-05,-0.01080766,2026-06-27T16:00Z,14400,1,nan,8.0
BDXNUSDT,2026-06-28T00:00Z,PANEL_RIGHT,5e-05,4.999999873689376e-05,0.0046011,2026-06-28T00:00Z,0,1,nan,4.0
SXPUSDT,2026-06-28T00:00Z,PANEL_RIGHT,0.0001,9.999999747378752e-05,-0.01080766,2026-06-28T00:00Z,0,1,nan,8.0
BDXNUSDT,2026-06-28T04:00Z,PANEL_RIGHT,5e-05,4.999999873689376e-05,0.0046011,2026-06-28T04:00Z,0,1,nan,4.0
SXPUSDT,2026-06-28T04:00Z,PANEL_RIGHT,0.0001,9.999999747378752e-05,-0.01080766,2026-06-28T00:00Z,14400,1,nan,8.0
BDXNUSDT,2026-06-28T08:00Z,PANEL_RIGHT,5e-05,4.999999873689376e-05,0.0046011,2026-06-28T08:00Z,0,1,nan,4.0
SXPUSDT,2026-06-28T08:00Z,PANEL_RIGHT,0.0001,9.999999747378752e-05,-0.01080766,2026-06-28T08:00Z,0,1,nan,8.0
BDXNUSDT,2026-06-28T12:00Z,PANEL_RIGHT,5e-05,4.999999873689376e-05,0.0046011,2026-06-28T12:00Z,0,1,nan,4.0
SXPUSDT,2026-06-28T12:00Z,PANEL_RIGHT,0.0001,9.999999747378752e-05,-0.01080766,2026-06-28T08:00Z,14400,1,nan,8.0
BDXNUSDT,2026-06-28T16:00Z,PANEL_RIGHT,5e-05,4.999999873689376e-05,0.0046011,2026-06-28T16:00Z,0,1,nan,4.0
SXPUSDT,2026-06-28T16:00Z,PANEL_RIGHT,0.0001,9.999999747378752e-05,-0.01080766,2026-06-28T16:00Z,0,1,nan,8.0
BDXNUSDT,2026-06-28T20:00Z,PANEL_RIGHT,5e-05,4.999999873689376e-05,0.0046011,2026-06-28T20:00Z,0,1,nan,4.0
SXPUSDT,2026-06-28T20:00Z,PANEL_RIGHT,0.0001,9.999999747378752e-05,-0.01080766,2026-06-28T16:00Z,14400,1,nan,8.0
BDXNUSDT,2026-06-29T00:00Z,PANEL_RIGHT,5e-05,4.999999873689376e-05,0.0046011,2026-06-29T00:00Z,0,1,nan,4.0
SXPUSDT,2026-06-29T00:00Z,PANEL_RIGHT,0.0001,9.999999747378752e-05,-0.01080766,2026-06-29T00:00Z,0,1,nan,8.0
BDXNUSDT,2026-06-29T04:00Z,PANEL_RIGHT,5e-05,4.999999873689376e-05,0.0046011,2026-06-29T04:00Z,0,1,nan,4.0
SXPUSDT,2026-06-29T04:00Z,PANEL_RIGHT,0.0001,9.999999747378752e-05,-0.01080766,2026-06-29T00:00Z,14400,1,nan,8.0
BDXNUSDT,2026-06-29T08:00Z,PANEL_RIGHT,5e-05,4.999999873689376e-05,0.0046011,2026-06-29T08:00Z,0,1,nan,4.0
SXPUSDT,2026-06-29T08:00Z,PANEL_RIGHT,0.0001,9.999999747378752e-05,-0.01080766,2026-06-29T08:00Z,0,1,nan,8.0
BDXNUSDT,2026-06-29T12:00Z,PANEL_RIGHT,5e-05,4.999999873689376e-05,0.0046011,2026-06-29T12:00Z,0,1,nan,4.0
SXPUSDT,2026-06-29T12:00Z,PANEL_RIGHT,0.0001,9.999999747378752e-05,-0.01080766,2026-06-29T08:00Z,14400,1,nan,8.0
BDXNUSDT,2026-06-29T16:00Z,PANEL_RIGHT,5e-05,4.999999873689376e-05,0.0046011,2026-06-29T16:00Z,0,1,nan,4.0
SXPUSDT,2026-06-29T16:00Z,PANEL_RIGHT,0.0001,9.999999747378752e-05,-0.01080766,2026-06-29T16:00Z,0,1,nan,8.0
BDXNUSDT,2026-06-29T20:00Z,PANEL_RIGHT,5e-05,4.999999873689376e-05,0.0046011,2026-06-29T20:00Z,0,1,nan,4.0
SXPUSDT,2026-06-29T20:00Z,PANEL_RIGHT,0.0001,9.999999747378752e-05,-0.01080766,2026-06-29T16:00Z,14400,1,nan,8.0
BDXNUSDT,2026-06-30T00:00Z,PANEL_RIGHT,5e-05,4.999999873689376e-05,0.0046011,2026-06-30T00:00Z,0,1,nan,4.0
SXPUSDT,2026-06-30T00:00Z,PANEL_RIGHT,0.0001,9.999999747378752e-05,-0.01080766,2026-06-30T00:00Z,0,1,nan,8.0
BDXNUSDT,2026-06-30T04:00Z,PANEL_RIGHT,5e-05,4.999999873689376e-05,0.0046011,2026-06-30T04:00Z,0,1,nan,4.0
SXPUSDT,2026-06-30T04:00Z,PANEL_RIGHT,0.0001,9.999999747378752e-05,-0.01080766,2026-06-30T00:00Z,14400,1,nan,8.0
BDXNUSDT,2026-06-30T08:00Z,PANEL_RIGHT,5e-05,4.999999873689376e-05,0.0046011,2026-06-30T08:00Z,0,1,nan,4.0
SXPUSDT,2026-06-30T08:00Z,PANEL_RIGHT,0.0001,9.999999747378752e-05,-0.01080766,2026-06-30T08:00Z,0,1,nan,8.0
BDXNUSDT,2026-06-30T12:00Z,PANEL_RIGHT,5e-05,4.999999873689376e-05,0.0046011,2026-06-30T12:00Z,0,1,nan,4.0
SXPUSDT,2026-06-30T12:00Z,PANEL_RIGHT,0.0001,9.999999747378752e-05,-0.01080766,2026-06-30T08:00Z,14400,1,nan,8.0
BDXNUSDT,2026-06-30T16:00Z,PANEL_RIGHT,5e-05,4.999999873689376e-05,0.0046011,2026-06-30T16:00Z,0,1,nan,4.0
SXPUSDT,2026-06-30T16:00Z,PANEL_RIGHT,0.0001,9.999999747378752e-05,-0.01080766,2026-06-30T16:00Z,0,1,nan,8.0
BDXNUSDT,2026-06-30T20:00Z,PANEL_RIGHT,5e-05,4.999999873689376e-05,0.0046011,2026-06-30T20:00Z,0,1,nan,4.0
SXPUSDT,2026-06-30T20:00Z,PANEL_RIGHT,0.0001,9.999999747378752e-05,-0.01080766,2026-06-30T16:00Z,14400,1,nan,8.0
BDXNUSDT,2026-07-01T00:00Z,PANEL_RIGHT,5e-05,4.999999873689376e-05,0.0046011,2026-07-01T00:00Z,0,1,nan,4.0
SXPUSDT,2026-07-01T00:00Z,PANEL_RIGHT,0.0001,9.999999747378752e-05,-0.01080766,2026-07-01T00:00Z,0,1,nan,8.0
BDXNUSDT,2026-07-01T04:00Z,PANEL_RIGHT,5e-05,4.999999873689376e-05,0.0046011,2026-07-01T04:00Z,0,1,nan,4.0
SXPUSDT,2026-07-01T04:00Z,PANEL_RIGHT,0.0001,9.999999747378752e-05,-0.01080766,2026-07-01T00:00Z,14400,1,nan,8.0
BDXNUSDT,2026-07-01T08:00Z,PANEL_RIGHT,5e-05,4.999999873689376e-05,0.0046011,2026-07-01T08:00Z,0,1,nan,4.0
SXPUSDT,2026-07-01T08:00Z,PANEL_RIGHT,0.0001,9.999999747378752e-05,-0.01080766,2026-07-01T08:00Z,0,1,nan,8.0
BDXNUSDT,2026-07-01T12:00Z,PANEL_RIGHT,5e-05,4.999999873689376e-05,0.0046011,2026-07-01T12:00Z,0,1,nan,4.0
SXPUSDT,2026-07-01T12:00Z,PANEL_RIGHT,0.0001,9.999999747378752e-05,-0.01080766,2026-07-01T08:00Z,14400,1,nan,8.0
BDXNUSDT,2026-07-01T16:00Z,PANEL_RIGHT,5e-05,4.999999873689376e-05,0.0046011,2026-07-01T16:00Z,0,1,nan,4.0
SXPUSDT,2026-07-01T16:00Z,PANEL_RIGHT,0.0001,9.999999747378752e-05,-0.01080766,2026-07-01T16:00Z,0,1,nan,8.0
BDXNUSDT,2026-07-01T20:00Z,PANEL_RIGHT,5e-05,4.999999873689376e-05,0.0046011,2026-07-01T20:00Z,0,1,nan,4.0
SXPUSDT,2026-07-01T20:00Z,PANEL_RIGHT,0.0001,9.999999747378752e-05,-0.01080766,2026-07-01T16:00Z,14400,1,nan,8.0
AERGOUSDT,2026-07-02T00:00Z,PANEL_RIGHT,-0.00189165,-0.0018916500266641378,5e-05,2026-07-02T00:00Z,0,1,nan,4.0
BDXNUSDT,2026-07-02T00:00Z,PANEL_RIGHT,5e-05,4.999999873689376e-05,0.0046011,2026-07-02T00:00Z,0,1,nan,4.0
SXPUSDT,2026-07-02T00:00Z,PANEL_RIGHT,0.0001,9.999999747378752e-05,-0.01080766,2026-07-02T00:00Z,0,1,nan,8.0
AERGOUSDT,2026-07-02T04:00Z,PANEL_RIGHT,-0.0062851,-0.006285099778324366,5e-05,2026-07-02T04:00Z,0,1,nan,4.0
BDXNUSDT,2026-07-02T04:00Z,PANEL_RIGHT,5e-05,4.999999873689376e-05,0.0046011,2026-07-02T04:00Z,0,1,nan,4.0
SXPUSDT,2026-07-02T04:00Z,PANEL_RIGHT,0.0001,9.999999747378752e-05,-0.01080766,2026-07-02T00:00Z,14400,1,nan,8.0
AERGOUSDT,2026-07-02T08:00Z,PANEL_RIGHT,-0.00637754,-0.006377540063112974,5e-05,2026-07-02T08:00Z,0,1,nan,4.0
BDXNUSDT,2026-07-02T08:00Z,PANEL_RIGHT,5e-05,4.999999873689376e-05,0.0046011,2026-07-02T08:00Z,0,1,nan,4.0
SXPUSDT,2026-07-02T08:00Z,PANEL_RIGHT,0.0001,9.999999747378752e-05,-0.01080766,2026-07-02T08:00Z,0,1,nan,8.0
AERGOUSDT,2026-07-02T12:00Z,PANEL_RIGHT,-0.00296792,-0.002967919921502471,5e-05,2026-07-02T12:00Z,0,1,nan,4.0
BDXNUSDT,2026-07-02T12:00Z,PANEL_RIGHT,5e-05,4.999999873689376e-05,0.0046011,2026-07-02T12:00Z,0,1,nan,4.0
SXPUSDT,2026-07-02T12:00Z,PANEL_RIGHT,0.0001,9.999999747378752e-05,-0.01080766,2026-07-02T08:00Z,14400,1,nan,8.0
AERGOUSDT,2026-07-02T16:00Z,PANEL_RIGHT,-0.00422137,-0.004221369978040457,5e-05,2026-07-02T16:00Z,0,1,nan,4.0
BDXNUSDT,2026-07-02T16:00Z,PANEL_RIGHT,5e-05,4.999999873689376e-05,0.0046011,2026-07-02T16:00Z,0,1,nan,4.0
SXPUSDT,2026-07-02T16:00Z,PANEL_RIGHT,0.0001,9.999999747378752e-05,-0.01080766,2026-07-02T16:00Z,0,1,nan,8.0
AERGOUSDT,2026-07-02T20:00Z,PANEL_RIGHT,-0.00325527,-0.003255269955843687,5e-05,2026-07-02T20:00Z,0,1,nan,4.0
BDXNUSDT,2026-07-02T20:00Z,PANEL_RIGHT,5e-05,4.999999873689376e-05,0.0046011,2026-07-02T20:00Z,0,1,nan,4.0
SXPUSDT,2026-07-02T20:00Z,PANEL_RIGHT,0.0001,9.999999747378752e-05,-0.01080766,2026-07-02T16:00Z,14400,1,nan,8.0
AERGOUSDT,2026-07-03T00:00Z,PANEL_RIGHT,-0.00365597,-0.0036559700965881348,5e-05,2026-07-03T00:00Z,0,1,nan,4.0
BDXNUSDT,2026-07-03T00:00Z,PANEL_RIGHT,5e-05,4.999999873689376e-05,0.0046011,2026-07-03T00:00Z,0,1,nan,4.0
SXPUSDT,2026-07-03T00:00Z,PANEL_RIGHT,0.0001,9.999999747378752e-05,-0.01080766,2026-07-03T00:00Z,0,1,nan,8.0
AERGOUSDT,2026-07-03T04:00Z,PANEL_RIGHT,-0.00129803,-0.0012980300234630704,5e-05,2026-07-03T04:00Z,0,1,nan,4.0
BDXNUSDT,2026-07-03T04:00Z,PANEL_RIGHT,5e-05,4.999999873689376e-05,0.0046011,2026-07-03T04:00Z,0,1,nan,4.0
SXPUSDT,2026-07-03T04:00Z,PANEL_RIGHT,0.0001,9.999999747378752e-05,-0.01080766,2026-07-03T00:00Z,14400,1,nan,8.0
AERGOUSDT,2026-07-03T08:00Z,PANEL_RIGHT,-0.00367591,-0.003675909945741296,5e-05,2026-07-03T08:00Z,0,1,nan,4.0
BDXNUSDT,2026-07-03T08:00Z,PANEL_RIGHT,5e-05,4.999999873689376e-05,0.0046011,2026-07-03T08:00Z,0,1,nan,4.0
SXPUSDT,2026-07-03T08:00Z,PANEL_RIGHT,0.0001,9.999999747378752e-05,-0.01080766,2026-07-03T08:00Z,0,1,nan,8.0
BDXNUSDT,2026-07-03T12:00Z,PANEL_RIGHT,5e-05,4.999999873689376e-05,0.0046011,2026-07-03T12:00Z,0,1,nan,4.0
DATAIPUSDT,2026-07-03T12:00Z,PANEL_RIGHT,0.00037056,0.0003705600101966411,0.00032148,2026-07-03T12:00Z,0,3,4.0,4.0
SXPUSDT,2026-07-03T12:00Z,PANEL_RIGHT,0.0001,9.999999747378752e-05,-0.01080766,2026-07-03T08:00Z,14400,1,nan,8.0
AERGOUSDT,2026-07-03T16:00Z,PANEL_RIGHT,-0.00121049,-0.001210490008816123,5e-05,2026-07-03T16:00Z,0,1,nan,4.0
BDXNUSDT,2026-07-03T16:00Z,PANEL_RIGHT,5e-05,4.999999873689376e-05,0.0046011,2026-07-03T16:00Z,0,1,nan,4.0
SXPUSDT,2026-07-03T16:00Z,PANEL_RIGHT,0.0001,9.999999747378752e-05,-0.01080766,2026-07-03T16:00Z,0,1,nan,8.0
AERGOUSDT,2026-07-03T20:00Z,PANEL_RIGHT,-0.00106125,-0.001061249990016222,5e-05,2026-07-03T20:00Z,0,1,nan,4.0
BDXNUSDT,2026-07-03T20:00Z,PANEL_RIGHT,5e-05,4.999999873689376e-05,0.0046011,2026-07-03T20:00Z,0,1,nan,4.0
SXPUSDT,2026-07-03T20:00Z,PANEL_RIGHT,0.0001,9.999999747378752e-05,-0.01080766,2026-07-03T16:00Z,14400,1,nan,8.0
AERGOUSDT,2026-07-04T00:00Z,PANEL_RIGHT,-0.00101752,-0.0010175199713557959,5e-05,2026-07-04T00:00Z,0,1,nan,4.0
BDXNUSDT,2026-07-04T00:00Z,PANEL_RIGHT,5e-05,4.999999873689376e-05,0.0046011,2026-07-04T00:00Z,0,1,nan,4.0
SXPUSDT,2026-07-04T00:00Z,PANEL_RIGHT,0.0001,9.999999747378752e-05,-0.01080766,2026-07-04T00:00Z,0,1,nan,8.0
AERGOUSDT,2026-07-04T04:00Z,PANEL_RIGHT,-0.00123608,-0.0012360799591988325,5e-05,2026-07-04T04:00Z,0,1,nan,4.0
BDXNUSDT,2026-07-04T04:00Z,PANEL_RIGHT,5e-05,4.999999873689376e-05,0.0046011,2026-07-04T04:00Z,0,1,nan,4.0
SXPUSDT,2026-07-04T04:00Z,PANEL_RIGHT,0.0001,9.999999747378752e-05,-0.01080766,2026-07-04T00:00Z,14400,1,nan,8.0
AERGOUSDT,2026-07-04T08:00Z,PANEL_RIGHT,-0.00062557,-0.000625570013653487,5e-05,2026-07-04T08:00Z,0,1,nan,4.0
BDXNUSDT,2026-07-04T08:00Z,PANEL_RIGHT,5e-05,4.999999873689376e-05,0.0046011,2026-07-04T08:00Z,0,1,nan,4.0
SXPUSDT,2026-07-04T08:00Z,PANEL_RIGHT,0.0001,9.999999747378752e-05,-0.01080766,2026-07-04T08:00Z,0,1,nan,8.0
BDXNUSDT,2026-07-04T12:00Z,PANEL_RIGHT,5e-05,4.999999873689376e-05,0.0046011,2026-07-04T12:00Z,0,1,nan,4.0
SXPUSDT,2026-07-04T12:00Z,PANEL_RIGHT,0.0001,9.999999747378752e-05,-0.01080766,2026-07-04T08:00Z,14400,1,nan,8.0
BDXNUSDT,2026-07-04T16:00Z,PANEL_RIGHT,5e-05,4.999999873689376e-05,0.0046011,2026-07-04T16:00Z,0,1,nan,4.0
SXPUSDT,2026-07-04T16:00Z,PANEL_RIGHT,0.0001,9.999999747378752e-05,-0.01080766,2026-07-04T16:00Z,0,1,nan,8.0
BDXNUSDT,2026-07-04T20:00Z,PANEL_RIGHT,5e-05,4.999999873689376e-05,0.0046011,2026-07-04T20:00Z,0,1,nan,4.0
SXPUSDT,2026-07-04T20:00Z,PANEL_RIGHT,0.0001,9.999999747378752e-05,-0.01080766,2026-07-04T16:00Z,14400,1,nan,8.0
BDXNUSDT,2026-07-05T00:00Z,PANEL_RIGHT,5e-05,4.999999873689376e-05,0.0046011,2026-07-05T00:00Z,0,1,nan,4.0
SXPUSDT,2026-07-05T00:00Z,PANEL_RIGHT,0.0001,9.999999747378752e-05,-0.01080766,2026-07-05T00:00Z,0,1,nan,8.0
AERGOUSDT,2026-07-05T04:00Z,PANEL_RIGHT,0.00032206,0.0003220599901396781,5e-05,2026-07-05T04:00Z,0,1,nan,4.0
BDXNUSDT,2026-07-05T04:00Z,PANEL_RIGHT,5e-05,4.999999873689376e-05,0.0046011,2026-07-05T04:00Z,0,1,nan,4.0
SXPUSDT,2026-07-05T04:00Z,PANEL_RIGHT,0.0001,9.999999747378752e-05,-0.01080766,2026-07-05T00:00Z,14400,1,nan,8.0
AERGOUSDT,2026-07-05T08:00Z,PANEL_RIGHT,0.00015751,0.00015751000319141895,5e-05,2026-07-05T08:00Z,0,1,nan,4.0
BDXNUSDT,2026-07-05T08:00Z,PANEL_RIGHT,5e-05,4.999999873689376e-05,0.0046011,2026-07-05T08:00Z,0,1,nan,4.0
SXPUSDT,2026-07-05T08:00Z,PANEL_RIGHT,0.0001,9.999999747378752e-05,-0.01080766,2026-07-05T08:00Z,0,1,nan,8.0
BDXNUSDT,2026-07-05T12:00Z,PANEL_RIGHT,5e-05,4.999999873689376e-05,0.0046011,2026-07-05T12:00Z,0,1,nan,4.0
SXPUSDT,2026-07-05T12:00Z,PANEL_RIGHT,0.0001,9.999999747378752e-05,-0.01080766,2026-07-05T08:00Z,14400,1,nan,8.0
AERGOUSDT,2026-07-05T16:00Z,PANEL_RIGHT,0.00035218,0.00035218000994063914,5e-05,2026-07-05T16:00Z,0,1,nan,4.0
BDXNUSDT,2026-07-05T16:00Z,PANEL_RIGHT,5e-05,4.999999873689376e-05,0.0046011,2026-07-05T16:00Z,0,1,nan,4.0
SXPUSDT,2026-07-05T16:00Z,PANEL_RIGHT,0.0001,9.999999747378752e-05,-0.01080766,2026-07-05T16:00Z,0,1,nan,8.0
AERGOUSDT,2026-07-05T20:00Z,PANEL_RIGHT,0.00013382,0.0001338199945166707,5e-05,2026-07-05T20:00Z,0,1,nan,4.0
BDXNUSDT,2026-07-05T20:00Z,PANEL_RIGHT,5e-05,4.999999873689376e-05,0.0046011,2026-07-05T20:00Z,0,1,nan,4.0
SXPUSDT,2026-07-05T20:00Z,PANEL_RIGHT,0.0001,9.999999747378752e-05,-0.01080766,2026-07-05T16:00Z,14400,1,nan,8.0
BDXNUSDT,2026-07-06T00:00Z,PANEL_RIGHT,5e-05,4.999999873689376e-05,0.0046011,2026-07-06T00:00Z,0,1,nan,4.0
SXPUSDT,2026-07-06T00:00Z,PANEL_RIGHT,0.0001,9.999999747378752e-05,-0.01080766,2026-07-06T00:00Z,0,1,nan,8.0
BDXNUSDT,2026-07-06T04:00Z,PANEL_RIGHT,5e-05,4.999999873689376e-05,0.0046011,2026-07-06T04:00Z,0,1,nan,4.0
SXPUSDT,2026-07-06T04:00Z,PANEL_RIGHT,0.0001,9.999999747378752e-05,-0.01080766,2026-07-06T00:00Z,14400,1,nan,8.0
AERGOUSDT,2026-07-06T08:00Z,PANEL_RIGHT,-7.878e-05,-7.878000178607181e-05,5e-05,2026-07-06T08:00Z,0,1,nan,4.0
BDXNUSDT,2026-07-06T08:00Z,PANEL_RIGHT,5e-05,4.999999873689376e-05,0.0046011,2026-07-06T08:00Z,0,1,nan,4.0
SXPUSDT,2026-07-06T08:00Z,PANEL_RIGHT,0.0001,9.999999747378752e-05,-0.01080766,2026-07-06T08:00Z,0,1,nan,8.0
BDXNUSDT,2026-07-06T12:00Z,PANEL_RIGHT,5e-05,4.999999873689376e-05,0.0046011,2026-07-06T12:00Z,0,1,nan,4.0
SXPUSDT,2026-07-06T12:00Z,PANEL_RIGHT,0.0001,9.999999747378752e-05,-0.01080766,2026-07-06T08:00Z,14400,1,nan,8.0
BDXNUSDT,2026-07-06T16:00Z,PANEL_RIGHT,5e-05,4.999999873689376e-05,0.0046011,2026-07-06T16:00Z,0,1,nan,4.0
SXPUSDT,2026-07-06T16:00Z,PANEL_RIGHT,0.0001,9.999999747378752e-05,-0.01080766,2026-07-06T16:00Z,0,1,nan,8.0
BDXNUSDT,2026-07-06T20:00Z,PANEL_RIGHT,5e-05,4.999999873689376e-05,0.0046011,2026-07-06T20:00Z,0,1,nan,4.0
SXPUSDT,2026-07-06T20:00Z,PANEL_RIGHT,0.0001,9.999999747378752e-05,-0.01080766,2026-07-06T16:00Z,14400,1,nan,8.0
BDXNUSDT,2026-07-07T00:00Z,PANEL_RIGHT,5e-05,4.999999873689376e-05,0.0046011,2026-07-07T00:00Z,0,1,nan,4.0
SXPUSDT,2026-07-07T00:00Z,PANEL_RIGHT,0.0001,9.999999747378752e-05,-0.01080766,2026-07-07T00:00Z,0,1,nan,8.0
BDXNUSDT,2026-07-07T04:00Z,PANEL_RIGHT,5e-05,4.999999873689376e-05,0.0046011,2026-07-07T04:00Z,0,1,nan,4.0
SXPUSDT,2026-07-07T04:00Z,PANEL_RIGHT,0.0001,9.999999747378752e-05,-0.01080766,2026-07-07T00:00Z,14400,1,nan,8.0
AERGOUSDT,2026-07-07T08:00Z,PANEL_RIGHT,5.78e-05,5.779999992228113e-05,5e-05,2026-07-07T08:00Z,0,1,nan,4.0
BDXNUSDT,2026-07-07T08:00Z,PANEL_RIGHT,5e-05,4.999999873689376e-05,0.0046011,2026-07-07T08:00Z,0,1,nan,4.0
SXPUSDT,2026-07-07T08:00Z,PANEL_RIGHT,0.0001,9.999999747378752e-05,-0.01080766,2026-07-07T08:00Z,0,1,nan,8.0
BDXNUSDT,2026-07-07T12:00Z,PANEL_RIGHT,5e-05,4.999999873689376e-05,0.0046011,2026-07-07T12:00Z,0,1,nan,4.0
SXPUSDT,2026-07-07T12:00Z,PANEL_RIGHT,0.0001,9.999999747378752e-05,-0.01080766,2026-07-07T08:00Z,14400,1,nan,8.0
BDXNUSDT,2026-07-07T16:00Z,PANEL_RIGHT,5e-05,4.999999873689376e-05,0.0046011,2026-07-07T16:00Z,0,1,nan,4.0
SXPUSDT,2026-07-07T16:00Z,PANEL_RIGHT,0.0001,9.999999747378752e-05,-0.01080766,2026-07-07T16:00Z,0,1,nan,8.0
AERGOUSDT,2026-07-07T20:00Z,PANEL_RIGHT,0.00034508,0.0003450800140853971,5e-05,2026-07-07T20:00Z,0,1,nan,4.0
BDXNUSDT,2026-07-07T20:00Z,PANEL_RIGHT,5e-05,4.999999873689376e-05,0.0046011,2026-07-07T20:00Z,0,1,nan,4.0
SXPUSDT,2026-07-07T20:00Z,PANEL_RIGHT,0.0001,9.999999747378752e-05,-0.01080766,2026-07-07T16:00Z,14400,1,nan,8.0
AERGOUSDT,2026-07-08T00:00Z,PANEL_RIGHT,0.00060653,0.0006065299967303872,5e-05,2026-07-08T00:00Z,0,1,nan,4.0
BDXNUSDT,2026-07-08T00:00Z,PANEL_RIGHT,5e-05,4.999999873689376e-05,0.0046011,2026-07-08T00:00Z,0,1,nan,4.0
SXPUSDT,2026-07-08T00:00Z,PANEL_RIGHT,0.0001,9.999999747378752e-05,-0.01080766,2026-07-08T00:00Z,0,1,nan,8.0
BDXNUSDT,2026-07-08T04:00Z,PANEL_RIGHT,5e-05,4.999999873689376e-05,0.0046011,2026-07-08T04:00Z,0,1,nan,4.0
SXPUSDT,2026-07-08T04:00Z,PANEL_RIGHT,0.0001,9.999999747378752e-05,-0.01080766,2026-07-08T00:00Z,14400,1,nan,8.0
BDXNUSDT,2026-07-08T08:00Z,PANEL_RIGHT,5e-05,4.999999873689376e-05,0.0046011,2026-07-08T08:00Z,0,1,nan,4.0
SXPUSDT,2026-07-08T08:00Z,PANEL_RIGHT,0.0001,9.999999747378752e-05,-0.01080766,2026-07-08T08:00Z,0,1,nan,8.0
BDXNUSDT,2026-07-08T12:00Z,PANEL_RIGHT,5e-05,4.999999873689376e-05,0.0046011,2026-07-08T12:00Z,0,1,nan,4.0
SXPUSDT,2026-07-08T12:00Z,PANEL_RIGHT,0.0001,9.999999747378752e-05,-0.01080766,2026-07-08T08:00Z,14400,1,nan,8.0
BDXNUSDT,2026-07-08T16:00Z,PANEL_RIGHT,5e-05,4.999999873689376e-05,0.0046011,2026-07-08T16:00Z,0,1,nan,4.0
SXPUSDT,2026-07-08T16:00Z,PANEL_RIGHT,0.0001,9.999999747378752e-05,-0.01080766,2026-07-08T16:00Z,0,1,nan,8.0
AERGOUSDT,2026-07-08T20:00Z,PANEL_RIGHT,0.00027971,0.0002797099878080189,5e-05,2026-07-08T20:00Z,0,1,nan,4.0
BDXNUSDT,2026-07-08T20:00Z,PANEL_RIGHT,5e-05,4.999999873689376e-05,0.0046011,2026-07-08T20:00Z,0,1,nan,4.0
SXPUSDT,2026-07-08T20:00Z,PANEL_RIGHT,0.0001,9.999999747378752e-05,-0.01080766,2026-07-08T16:00Z,14400,1,nan,8.0
AERGOUSDT,2026-07-09T00:00Z,PANEL_RIGHT,0.00031829,0.00031828999635763466,5e-05,2026-07-09T00:00Z,0,1,nan,4.0
BDXNUSDT,2026-07-09T00:00Z,PANEL_RIGHT,5e-05,4.999999873689376e-05,0.0046011,2026-07-09T00:00Z,0,1,nan,4.0
SXPUSDT,2026-07-09T00:00Z,PANEL_RIGHT,0.0001,9.999999747378752e-05,-0.01080766,2026-07-09T00:00Z,0,1,nan,8.0
AERGOUSDT,2026-07-09T04:00Z,PANEL_RIGHT,0.00034909,0.0003490899980533868,5e-05,2026-07-09T04:00Z,0,1,nan,4.0
BDXNUSDT,2026-07-09T04:00Z,PANEL_RIGHT,5e-05,4.999999873689376e-05,0.0046011,2026-07-09T04:00Z,0,1,nan,4.0
SXPUSDT,2026-07-09T04:00Z,PANEL_RIGHT,0.0001,9.999999747378752e-05,-0.01080766,2026-07-09T00:00Z,14400,1,nan,8.0
AERGOUSDT,2026-07-09T08:00Z,PANEL_RIGHT,0.00032756,0.0003275600029155612,5e-05,2026-07-09T08:00Z,0,1,nan,4.0
BDXNUSDT,2026-07-09T08:00Z,PANEL_RIGHT,5e-05,4.999999873689376e-05,0.0046011,2026-07-09T08:00Z,0,1,nan,4.0
SXPUSDT,2026-07-09T08:00Z,PANEL_RIGHT,0.0001,9.999999747378752e-05,-0.01080766,2026-07-09T08:00Z,0,1,nan,8.0
BDXNUSDT,2026-07-09T12:00Z,PANEL_RIGHT,5e-05,4.999999873689376e-05,0.0046011,2026-07-09T12:00Z,0,1,nan,4.0
SXPUSDT,2026-07-09T12:00Z,PANEL_RIGHT,0.0001,9.999999747378752e-05,-0.01080766,2026-07-09T08:00Z,14400,1,nan,8.0
AERGOUSDT,2026-07-09T16:00Z,PANEL_RIGHT,0.00011915,0.00011914999777218327,5e-05,2026-07-09T16:00Z,0,1,nan,4.0
BDXNUSDT,2026-07-09T16:00Z,PANEL_RIGHT,5e-05,4.999999873689376e-05,0.0046011,2026-07-09T16:00Z,0,1,nan,4.0
SXPUSDT,2026-07-09T16:00Z,PANEL_RIGHT,0.0001,9.999999747378752e-05,-0.01080766,2026-07-09T16:00Z,0,1,nan,8.0
AERGOUSDT,2026-07-09T20:00Z,PANEL_RIGHT,0.00025853,0.000258529995335266,5e-05,2026-07-09T20:00Z,0,1,nan,4.0
BDXNUSDT,2026-07-09T20:00Z,PANEL_RIGHT,5e-05,4.999999873689376e-05,0.0046011,2026-07-09T20:00Z,0,1,nan,4.0
SXPUSDT,2026-07-09T20:00Z,PANEL_RIGHT,0.0001,9.999999747378752e-05,-0.01080766,2026-07-09T16:00Z,14400,1,nan,8.0
AERGOUSDT,2026-07-10T00:00Z,PANEL_RIGHT,0.00013358,0.00013358000433072448,5e-05,2026-07-10T00:00Z,0,1,nan,4.0
BDXNUSDT,2026-07-10T00:00Z,PANEL_RIGHT,5e-05,4.999999873689376e-05,0.0046011,2026-07-10T00:00Z,0,1,nan,4.0
SXPUSDT,2026-07-10T00:00Z,PANEL_RIGHT,0.0001,9.999999747378752e-05,-0.01080766,2026-07-10T00:00Z,0,1,nan,8.0
AERGOUSDT,2026-07-10T04:00Z,PANEL_RIGHT,0.00033223,0.0003322300035506487,5e-05,2026-07-10T04:00Z,0,1,nan,4.0
BDXNUSDT,2026-07-10T04:00Z,PANEL_RIGHT,5e-05,4.999999873689376e-05,0.0046011,2026-07-10T04:00Z,0,1,nan,4.0
SXPUSDT,2026-07-10T04:00Z,PANEL_RIGHT,0.0001,9.999999747378752e-05,-0.01080766,2026-07-10T00:00Z,14400,1,nan,8.0
AERGOUSDT,2026-07-10T08:00Z,PANEL_RIGHT,6.953e-05,6.952999683562666e-05,5e-05,2026-07-10T08:00Z,0,1,nan,4.0
BDXNUSDT,2026-07-10T08:00Z,PANEL_RIGHT,5e-05,4.999999873689376e-05,0.0046011,2026-07-10T08:00Z,0,1,nan,4.0
SXPUSDT,2026-07-10T08:00Z,PANEL_RIGHT,0.0001,9.999999747378752e-05,-0.01080766,2026-07-10T08:00Z,0,1,nan,8.0
BDXNUSDT,2026-07-10T12:00Z,PANEL_RIGHT,5e-05,4.999999873689376e-05,0.0046011,2026-07-10T12:00Z,0,1,nan,4.0
SXPUSDT,2026-07-10T12:00Z,PANEL_RIGHT,0.0001,9.999999747378752e-05,-0.01080766,2026-07-10T08:00Z,14400,1,nan,8.0
BDXNUSDT,2026-07-10T16:00Z,PANEL_RIGHT,5e-05,4.999999873689376e-05,0.0046011,2026-07-10T16:00Z,0,1,nan,4.0
SXPUSDT,2026-07-10T16:00Z,PANEL_RIGHT,0.0001,9.999999747378752e-05,-0.01080766,2026-07-10T16:00Z,0,1,nan,8.0
BDXNUSDT,2026-07-10T20:00Z,PANEL_RIGHT,5e-05,4.999999873689376e-05,0.0046011,2026-07-10T20:00Z,0,1,nan,4.0
SXPUSDT,2026-07-10T20:00Z,PANEL_RIGHT,0.0001,9.999999747378752e-05,-0.01080766,2026-07-10T16:00Z,14400,1,nan,8.0
BDXNUSDT,2026-07-11T00:00Z,PANEL_RIGHT,5e-05,4.999999873689376e-05,0.0046011,2026-07-11T00:00Z,0,1,nan,4.0
SXPUSDT,2026-07-11T00:00Z,PANEL_RIGHT,0.0001,9.999999747378752e-05,-0.01080766,2026-07-11T00:00Z,0,1,nan,8.0
AERGOUSDT,2026-07-11T04:00Z,PANEL_RIGHT,0.00045405,0.0004540499940048903,5e-05,2026-07-11T04:00Z,0,1,nan,4.0
BDXNUSDT,2026-07-11T04:00Z,PANEL_RIGHT,5e-05,4.999999873689376e-05,0.0046011,2026-07-11T04:00Z,0,1,nan,4.0
SXPUSDT,2026-07-11T04:00Z,PANEL_RIGHT,0.0001,9.999999747378752e-05,-0.01080766,2026-07-11T00:00Z,14400,1,nan,8.0
BDXNUSDT,2026-07-11T08:00Z,PANEL_RIGHT,5e-05,4.999999873689376e-05,0.0046011,2026-07-11T08:00Z,0,1,nan,4.0
SXPUSDT,2026-07-11T08:00Z,PANEL_RIGHT,0.0001,9.999999747378752e-05,-0.01080766,2026-07-11T08:00Z,0,1,nan,8.0
BDXNUSDT,2026-07-11T12:00Z,PANEL_RIGHT,5e-05,4.999999873689376e-05,0.0046011,2026-07-11T12:00Z,0,1,nan,4.0
SXPUSDT,2026-07-11T12:00Z,PANEL_RIGHT,0.0001,9.999999747378752e-05,-0.01080766,2026-07-11T08:00Z,14400,1,nan,8.0
BDXNUSDT,2026-07-11T16:00Z,PANEL_RIGHT,5e-05,4.999999873689376e-05,0.0046011,2026-07-11T16:00Z,0,1,nan,4.0
SXPUSDT,2026-07-11T16:00Z,PANEL_RIGHT,0.0001,9.999999747378752e-05,-0.01080766,2026-07-11T16:00Z,0,1,nan,8.0
AERGOUSDT,2026-07-11T20:00Z,PANEL_RIGHT,0.00021417,0.0002141699951607734,5e-05,2026-07-11T20:00Z,0,1,nan,4.0
BDXNUSDT,2026-07-11T20:00Z,PANEL_RIGHT,5e-05,4.999999873689376e-05,0.0046011,2026-07-11T20:00Z,0,1,nan,4.0
SXPUSDT,2026-07-11T20:00Z,PANEL_RIGHT,0.0001,9.999999747378752e-05,-0.01080766,2026-07-11T16:00Z,14400,1,nan,8.0
BDXNUSDT,2026-07-12T00:00Z,PANEL_RIGHT,5e-05,4.999999873689376e-05,0.0046011,2026-07-12T00:00Z,0,1,nan,4.0
SXPUSDT,2026-07-12T00:00Z,PANEL_RIGHT,0.0001,9.999999747378752e-05,-0.01080766,2026-07-12T00:00Z,0,1,nan,8.0
BDXNUSDT,2026-07-12T04:00Z,PANEL_RIGHT,5e-05,4.999999873689376e-05,0.0046011,2026-07-12T04:00Z,0,1,nan,4.0
SXPUSDT,2026-07-12T04:00Z,PANEL_RIGHT,0.0001,9.999999747378752e-05,-0.01080766,2026-07-12T00:00Z,14400,1,nan,8.0
BDXNUSDT,2026-07-12T08:00Z,PANEL_RIGHT,5e-05,4.999999873689376e-05,0.0046011,2026-07-12T08:00Z,0,1,nan,4.0
SXPUSDT,2026-07-12T08:00Z,PANEL_RIGHT,0.0001,9.999999747378752e-05,-0.01080766,2026-07-12T08:00Z,0,1,nan,8.0
BDXNUSDT,2026-07-12T12:00Z,PANEL_RIGHT,5e-05,4.999999873689376e-05,0.0046011,2026-07-12T12:00Z,0,1,nan,4.0
SXPUSDT,2026-07-12T12:00Z,PANEL_RIGHT,0.0001,9.999999747378752e-05,-0.01080766,2026-07-12T08:00Z,14400,1,nan,8.0
AERGOUSDT,2026-07-12T16:00Z,PANEL_RIGHT,0.00014316,0.00014315999578684568,5e-05,2026-07-12T16:00Z,0,1,nan,4.0
BDXNUSDT,2026-07-12T16:00Z,PANEL_RIGHT,5e-05,4.999999873689376e-05,0.0046011,2026-07-12T16:00Z,0,1,nan,4.0
SXPUSDT,2026-07-12T16:00Z,PANEL_RIGHT,0.0001,9.999999747378752e-05,-0.01080766,2026-07-12T16:00Z,0,1,nan,8.0
BDXNUSDT,2026-07-12T20:00Z,PANEL_RIGHT,5e-05,4.999999873689376e-05,0.0046011,2026-07-12T20:00Z,0,1,nan,4.0
SXPUSDT,2026-07-12T20:00Z,PANEL_RIGHT,0.0001,9.999999747378752e-05,-0.01080766,2026-07-12T16:00Z,14400,1,nan,8.0
BDXNUSDT,2026-07-13T00:00Z,PANEL_RIGHT,5e-05,4.999999873689376e-05,0.0046011,2026-07-13T00:00Z,0,1,nan,4.0
SXPUSDT,2026-07-13T00:00Z,PANEL_RIGHT,0.0001,9.999999747378752e-05,-0.01080766,2026-07-13T00:00Z,0,1,nan,8.0
BDXNUSDT,2026-07-13T04:00Z,PANEL_RIGHT,5e-05,4.999999873689376e-05,0.0046011,2026-07-13T04:00Z,0,1,nan,4.0
SXPUSDT,2026-07-13T04:00Z,PANEL_RIGHT,0.0001,9.999999747378752e-05,-0.01080766,2026-07-13T00:00Z,14400,1,nan,8.0
BDXNUSDT,2026-07-13T08:00Z,PANEL_RIGHT,5e-05,4.999999873689376e-05,0.0046011,2026-07-13T08:00Z,0,1,nan,4.0
SXPUSDT,2026-07-13T08:00Z,PANEL_RIGHT,0.0001,9.999999747378752e-05,-0.01080766,2026-07-13T08:00Z,0,1,nan,8.0
1000XECUSDT,2026-07-13T12:00Z,PANEL_RIGHT,-0.00204857,-0.0020485699642449617,-0.02,2026-07-13T12:00Z,0,3,1.0,1.0
AERGOUSDT,2026-07-13T12:00Z,PANEL_RIGHT,0.00114186,0.0011418600333854556,5e-05,2026-07-13T12:00Z,0,1,nan,4.0
BDXNUSDT,2026-07-13T12:00Z,PANEL_RIGHT,5e-05,4.999999873689376e-05,0.0046011,2026-07-13T12:00Z,0,1,nan,4.0
SXPUSDT,2026-07-13T12:00Z,PANEL_RIGHT,0.0001,9.999999747378752e-05,-0.01080766,2026-07-13T08:00Z,14400,1,nan,8.0
AERGOUSDT,2026-07-13T16:00Z,PANEL_RIGHT,0.0009279,0.0009279000223614275,5e-05,2026-07-13T16:00Z,0,1,nan,4.0
BDXNUSDT,2026-07-13T16:00Z,PANEL_RIGHT,5e-05,4.999999873689376e-05,0.0046011,2026-07-13T16:00Z,0,1,nan,4.0
SXPUSDT,2026-07-13T16:00Z,PANEL_RIGHT,0.0001,9.999999747378752e-05,-0.01080766,2026-07-13T16:00Z,0,1,nan,8.0
AERGOUSDT,2026-07-13T20:00Z,PANEL_RIGHT,0.00056842,0.0005684199859388173,5e-05,2026-07-13T20:00Z,0,1,nan,4.0
BDXNUSDT,2026-07-13T20:00Z,PANEL_RIGHT,5e-05,4.999999873689376e-05,0.0046011,2026-07-13T20:00Z,0,1,nan,4.0
SXPUSDT,2026-07-13T20:00Z,PANEL_RIGHT,0.0001,9.999999747378752e-05,-0.01080766,2026-07-13T16:00Z,14400,1,nan,8.0
AERGOUSDT,2026-07-14T00:00Z,PANEL_RIGHT,0.00081512,0.0008151200017891824,5e-05,2026-07-14T00:00Z,0,1,nan,4.0
BDXNUSDT,2026-07-14T00:00Z,PANEL_RIGHT,5e-05,4.999999873689376e-05,0.0046011,2026-07-14T00:00Z,0,1,nan,4.0
SXPUSDT,2026-07-14T00:00Z,PANEL_RIGHT,0.0001,9.999999747378752e-05,-0.01080766,2026-07-14T00:00Z,0,1,nan,8.0
AERGOUSDT,2026-07-14T04:00Z,PANEL_RIGHT,0.00047169,0.00047169000026769936,5e-05,2026-07-14T04:00Z,0,1,nan,4.0
BDXNUSDT,2026-07-14T04:00Z,PANEL_RIGHT,5e-05,4.999999873689376e-05,0.0046011,2026-07-14T04:00Z,0,1,nan,4.0
SXPUSDT,2026-07-14T04:00Z,PANEL_RIGHT,0.0001,9.999999747378752e-05,-0.01080766,2026-07-14T00:00Z,14400,1,nan,8.0
AERGOUSDT,2026-07-14T08:00Z,PANEL_RIGHT,0.00030286,0.0003028599894605577,5e-05,2026-07-14T08:00Z,0,1,nan,4.0
BDXNUSDT,2026-07-14T08:00Z,PANEL_RIGHT,5e-05,4.999999873689376e-05,0.0046011,2026-07-14T08:00Z,0,1,nan,4.0
SXPUSDT,2026-07-14T08:00Z,PANEL_RIGHT,0.0001,9.999999747378752e-05,-0.01080766,2026-07-14T08:00Z,0,1,nan,8.0
AERGOUSDT,2026-07-14T12:00Z,PANEL_RIGHT,0.00061015,0.0006101499893702567,5e-05,2026-07-14T12:00Z,0,1,nan,4.0
BDXNUSDT,2026-07-14T12:00Z,PANEL_RIGHT,5e-05,4.999999873689376e-05,0.0046011,2026-07-14T12:00Z,0,1,nan,4.0
SXPUSDT,2026-07-14T12:00Z,PANEL_RIGHT,0.0001,9.999999747378752e-05,-0.01080766,2026-07-14T08:00Z,14400,1,nan,8.0
AERGOUSDT,2026-07-14T16:00Z,PANEL_RIGHT,0.00138532,0.0013853199779987335,5e-05,2026-07-14T16:00Z,0,1,nan,4.0
BDXNUSDT,2026-07-14T16:00Z,PANEL_RIGHT,5e-05,4.999999873689376e-05,0.0046011,2026-07-14T16:00Z,0,1,nan,4.0
SXPUSDT,2026-07-14T16:00Z,PANEL_RIGHT,0.0001,9.999999747378752e-05,-0.01080766,2026-07-14T16:00Z,0,1,nan,8.0
AERGOUSDT,2026-07-14T20:00Z,PANEL_RIGHT,0.00087499,0.0008749900152906775,5e-05,2026-07-14T20:00Z,0,1,nan,4.0
BDXNUSDT,2026-07-14T20:00Z,PANEL_RIGHT,5e-05,4.999999873689376e-05,0.0046011,2026-07-14T20:00Z,0,1,nan,4.0
SXPUSDT,2026-07-14T20:00Z,PANEL_RIGHT,0.0001,9.999999747378752e-05,-0.01080766,2026-07-14T16:00Z,14400,1,nan,8.0
AERGOUSDT,2026-07-15T00:00Z,PANEL_RIGHT,0.00026313,0.00026313000125810504,5e-05,2026-07-15T00:00Z,0,1,nan,4.0
BDXNUSDT,2026-07-15T00:00Z,PANEL_RIGHT,5e-05,4.999999873689376e-05,0.0046011,2026-07-15T00:00Z,0,1,nan,4.0
SXPUSDT,2026-07-15T00:00Z,PANEL_RIGHT,0.0001,9.999999747378752e-05,-0.01080766,2026-07-15T00:00Z,0,1,nan,8.0
AERGOUSDT,2026-07-15T04:00Z,PANEL_RIGHT,0.00015648,0.0001564800040796399,5e-05,2026-07-15T04:00Z,0,1,nan,4.0
BDXNUSDT,2026-07-15T04:00Z,PANEL_RIGHT,5e-05,4.999999873689376e-05,0.0046011,2026-07-15T04:00Z,0,1,nan,4.0
SXPUSDT,2026-07-15T04:00Z,PANEL_RIGHT,0.0001,9.999999747378752e-05,-0.01080766,2026-07-15T00:00Z,14400,1,nan,8.0
AERGOUSDT,2026-07-15T08:00Z,PANEL_RIGHT,0.00069512,0.0006951200193725526,5e-05,2026-07-15T08:00Z,0,1,nan,4.0
BDXNUSDT,2026-07-15T08:00Z,PANEL_RIGHT,5e-05,4.999999873689376e-05,0.0046011,2026-07-15T08:00Z,0,1,nan,4.0
SXPUSDT,2026-07-15T08:00Z,PANEL_RIGHT,0.0001,9.999999747378752e-05,-0.01080766,2026-07-15T08:00Z,0,1,nan,8.0
AERGOUSDT,2026-07-15T12:00Z,PANEL_RIGHT,0.00056252,0.0005625199992209673,5e-05,2026-07-15T12:00Z,0,1,nan,4.0
BDXNUSDT,2026-07-15T12:00Z,PANEL_RIGHT,5e-05,4.999999873689376e-05,0.0046011,2026-07-15T12:00Z,0,1,nan,4.0
SXPUSDT,2026-07-15T12:00Z,PANEL_RIGHT,0.0001,9.999999747378752e-05,-0.01080766,2026-07-15T08:00Z,14400,1,nan,8.0
AERGOUSDT,2026-07-15T16:00Z,PANEL_RIGHT,0.0011244,0.00112439994700253,5e-05,2026-07-15T16:00Z,0,1,nan,4.0
BDXNUSDT,2026-07-15T16:00Z,PANEL_RIGHT,5e-05,4.999999873689376e-05,0.0046011,2026-07-15T16:00Z,0,1,nan,4.0
SXPUSDT,2026-07-15T16:00Z,PANEL_RIGHT,0.0001,9.999999747378752e-05,-0.01080766,2026-07-15T16:00Z,0,1,nan,8.0
AERGOUSDT,2026-07-15T20:00Z,PANEL_RIGHT,0.00164254,0.0016425399808213115,5e-05,2026-07-15T20:00Z,0,1,nan,4.0
BDXNUSDT,2026-07-15T20:00Z,PANEL_RIGHT,5e-05,4.999999873689376e-05,0.0046011,2026-07-15T20:00Z,0,1,nan,4.0
SXPUSDT,2026-07-15T20:00Z,PANEL_RIGHT,0.0001,9.999999747378752e-05,-0.01080766,2026-07-15T16:00Z,14400,1,nan,8.0
AERGOUSDT,2026-07-16T00:00Z,PANEL_RIGHT,0.00108493,0.0010849300306290388,5e-05,2026-07-16T00:00Z,0,1,nan,4.0
BDXNUSDT,2026-07-16T00:00Z,PANEL_RIGHT,5e-05,4.999999873689376e-05,0.0046011,2026-07-16T00:00Z,0,1,nan,4.0
SXPUSDT,2026-07-16T00:00Z,PANEL_RIGHT,0.0001,9.999999747378752e-05,-0.01080766,2026-07-16T00:00Z,0,1,nan,8.0
AERGOUSDT,2026-07-16T04:00Z,PANEL_RIGHT,0.00048294,0.0004829399986192584,5e-05,2026-07-16T04:00Z,0,1,nan,4.0
BDXNUSDT,2026-07-16T04:00Z,PANEL_RIGHT,5e-05,4.999999873689376e-05,0.0046011,2026-07-16T04:00Z,0,1,nan,4.0
SXPUSDT,2026-07-16T04:00Z,PANEL_RIGHT,0.0001,9.999999747378752e-05,-0.01080766,2026-07-16T00:00Z,14400,1,nan,8.0
AERGOUSDT,2026-07-16T08:00Z,PANEL_RIGHT,0.00064946,0.0006494600092992187,5e-05,2026-07-16T08:00Z,0,1,nan,4.0
BDXNUSDT,2026-07-16T08:00Z,PANEL_RIGHT,5e-05,4.999999873689376e-05,0.0046011,2026-07-16T08:00Z,0,1,nan,4.0
SXPUSDT,2026-07-16T08:00Z,PANEL_RIGHT,0.0001,9.999999747378752e-05,-0.01080766,2026-07-16T08:00Z,0,1,nan,8.0
AERGOUSDT,2026-07-16T12:00Z,PANEL_RIGHT,0.00103199,0.0010319900466129184,5e-05,2026-07-16T12:00Z,0,1,nan,4.0
BDXNUSDT,2026-07-16T12:00Z,PANEL_RIGHT,5e-05,4.999999873689376e-05,0.0046011,2026-07-16T12:00Z,0,1,nan,4.0
SXPUSDT,2026-07-16T12:00Z,PANEL_RIGHT,0.0001,9.999999747378752e-05,-0.01080766,2026-07-16T08:00Z,14400,1,nan,8.0
AERGOUSDT,2026-07-16T16:00Z,PANEL_RIGHT,0.00047031,0.0004703100130427629,5e-05,2026-07-16T16:00Z,0,1,nan,4.0
BDXNUSDT,2026-07-16T16:00Z,PANEL_RIGHT,5e-05,4.999999873689376e-05,0.0046011,2026-07-16T16:00Z,0,1,nan,4.0
SXPUSDT,2026-07-16T16:00Z,PANEL_RIGHT,0.0001,9.999999747378752e-05,-0.01080766,2026-07-16T16:00Z,0,1,nan,8.0
AERGOUSDT,2026-07-16T20:00Z,PANEL_RIGHT,0.00082727,0.000827269977889955,5e-05,2026-07-16T20:00Z,0,1,nan,4.0
BDXNUSDT,2026-07-16T20:00Z,PANEL_RIGHT,5e-05,4.999999873689376e-05,0.0046011,2026-07-16T20:00Z,0,1,nan,4.0
SXPUSDT,2026-07-16T20:00Z,PANEL_RIGHT,0.0001,9.999999747378752e-05,-0.01080766,2026-07-16T16:00Z,14400,1,nan,8.0
AERGOUSDT,2026-07-17T00:00Z,PANEL_RIGHT,0.00082099,0.000820990011561662,5e-05,2026-07-17T00:00Z,0,1,nan,4.0
BDXNUSDT,2026-07-17T00:00Z,PANEL_RIGHT,5e-05,4.999999873689376e-05,0.0046011,2026-07-17T00:00Z,0,1,nan,4.0
SXPUSDT,2026-07-17T00:00Z,PANEL_RIGHT,0.0001,9.999999747378752e-05,-0.01080766,2026-07-17T00:00Z,0,1,nan,8.0
AERGOUSDT,2026-07-17T04:00Z,PANEL_RIGHT,0.0006021,0.000602099986281246,5e-05,2026-07-17T04:00Z,0,1,nan,4.0
BDXNUSDT,2026-07-17T04:00Z,PANEL_RIGHT,5e-05,4.999999873689376e-05,0.0046011,2026-07-17T04:00Z,0,1,nan,4.0
SXPUSDT,2026-07-17T04:00Z,PANEL_RIGHT,0.0001,9.999999747378752e-05,-0.01080766,2026-07-17T00:00Z,14400,1,nan,8.0
AERGOUSDT,2026-07-17T08:00Z,PANEL_RIGHT,0.00026384,0.00026383998920209706,5e-05,2026-07-17T08:00Z,0,1,nan,4.0
BDXNUSDT,2026-07-17T08:00Z,PANEL_RIGHT,5e-05,4.999999873689376e-05,0.0046011,2026-07-17T08:00Z,0,1,nan,4.0
SXPUSDT,2026-07-17T08:00Z,PANEL_RIGHT,0.0001,9.999999747378752e-05,-0.01080766,2026-07-17T08:00Z,0,1,nan,8.0
AERGOUSDT,2026-07-17T12:00Z,PANEL_RIGHT,0.00082823,0.0008282299968414009,5e-05,2026-07-17T12:00Z,0,1,nan,4.0
BDXNUSDT,2026-07-17T12:00Z,PANEL_RIGHT,5e-05,4.999999873689376e-05,0.0046011,2026-07-17T12:00Z,0,1,nan,4.0
SXPUSDT,2026-07-17T12:00Z,PANEL_RIGHT,0.0001,9.999999747378752e-05,-0.01080766,2026-07-17T08:00Z,14400,1,nan,8.0
BDXNUSDT,2026-07-17T16:00Z,PANEL_RIGHT,5e-05,4.999999873689376e-05,0.0046011,2026-07-17T16:00Z,0,1,nan,4.0
SXPUSDT,2026-07-17T16:00Z,PANEL_RIGHT,0.0001,9.999999747378752e-05,-0.01080766,2026-07-17T16:00Z,0,1,nan,8.0
AERGOUSDT,2026-07-17T20:00Z,PANEL_RIGHT,0.00042475,0.00042475000373087823,5e-05,2026-07-17T20:00Z,0,1,nan,4.0
BDXNUSDT,2026-07-17T20:00Z,PANEL_RIGHT,5e-05,4.999999873689376e-05,0.0046011,2026-07-17T20:00Z,0,1,nan,4.0
SXPUSDT,2026-07-17T20:00Z,PANEL_RIGHT,0.0001,9.999999747378752e-05,-0.01080766,2026-07-17T16:00Z,14400,1,nan,8.0
AERGOUSDT,2026-07-18T00:00Z,PANEL_RIGHT,0.00089761,0.0008976099779829383,5e-05,2026-07-18T00:00Z,0,1,nan,4.0
BDXNUSDT,2026-07-18T00:00Z,PANEL_RIGHT,5e-05,4.999999873689376e-05,0.0046011,2026-07-18T00:00Z,0,1,nan,4.0
SXPUSDT,2026-07-18T00:00Z,PANEL_RIGHT,0.0001,9.999999747378752e-05,-0.01080766,2026-07-18T00:00Z,0,1,nan,8.0
AERGOUSDT,2026-07-18T04:00Z,PANEL_RIGHT,0.00042841,0.0004284100141376257,5e-05,2026-07-18T04:00Z,0,1,nan,4.0
BDXNUSDT,2026-07-18T04:00Z,PANEL_RIGHT,5e-05,4.999999873689376e-05,0.0046011,2026-07-18T04:00Z,0,1,nan,4.0
SXPUSDT,2026-07-18T04:00Z,PANEL_RIGHT,0.0001,9.999999747378752e-05,-0.01080766,2026-07-18T00:00Z,14400,1,nan,8.0
AERGOUSDT,2026-07-18T08:00Z,PANEL_RIGHT,0.00034494,0.0003449399955570698,5e-05,2026-07-18T08:00Z,0,1,nan,4.0
BDXNUSDT,2026-07-18T08:00Z,PANEL_RIGHT,5e-05,4.999999873689376e-05,0.0046011,2026-07-18T08:00Z,0,1,nan,4.0
SXPUSDT,2026-07-18T08:00Z,PANEL_RIGHT,0.0001,9.999999747378752e-05,-0.01080766,2026-07-18T08:00Z,0,1,nan,8.0
AERGOUSDT,2026-07-18T12:00Z,PANEL_RIGHT,6.437e-05,6.436999683501199e-05,5e-05,2026-07-18T12:00Z,0,1,nan,4.0
BDXNUSDT,2026-07-18T12:00Z,PANEL_RIGHT,5e-05,4.999999873689376e-05,0.0046011,2026-07-18T12:00Z,0,1,nan,4.0
SXPUSDT,2026-07-18T12:00Z,PANEL_RIGHT,0.0001,9.999999747378752e-05,-0.01080766,2026-07-18T08:00Z,14400,1,nan,8.0
AERGOUSDT,2026-07-18T16:00Z,PANEL_RIGHT,6.169e-05,6.168999971123412e-05,5e-05,2026-07-18T16:00Z,0,1,nan,4.0
BDXNUSDT,2026-07-18T16:00Z,PANEL_RIGHT,5e-05,4.999999873689376e-05,0.0046011,2026-07-18T16:00Z,0,1,nan,4.0
SXPUSDT,2026-07-18T16:00Z,PANEL_RIGHT,0.0001,9.999999747378752e-05,-0.01080766,2026-07-18T16:00Z,0,1,nan,8.0
BDXNUSDT,2026-07-18T20:00Z,PANEL_RIGHT,5e-05,4.999999873689376e-05,0.0046011,2026-07-18T20:00Z,0,1,nan,4.0
SXPUSDT,2026-07-18T20:00Z,PANEL_RIGHT,0.0001,9.999999747378752e-05,-0.01080766,2026-07-18T16:00Z,14400,1,nan,8.0
BDXNUSDT,2026-07-19T00:00Z,PANEL_RIGHT,5e-05,4.999999873689376e-05,0.0046011,2026-07-19T00:00Z,0,1,nan,4.0
SXPUSDT,2026-07-19T00:00Z,PANEL_RIGHT,0.0001,9.999999747378752e-05,-0.01080766,2026-07-19T00:00Z,0,1,nan,8.0
BDXNUSDT,2026-07-19T04:00Z,PANEL_RIGHT,5e-05,4.999999873689376e-05,0.0046011,2026-07-19T04:00Z,0,1,nan,4.0
SXPUSDT,2026-07-19T04:00Z,PANEL_RIGHT,0.0001,9.999999747378752e-05,-0.01080766,2026-07-19T00:00Z,14400,1,nan,8.0
BDXNUSDT,2026-07-19T08:00Z,PANEL_RIGHT,5e-05,4.999999873689376e-05,0.0046011,2026-07-19T08:00Z,0,1,nan,4.0
SXPUSDT,2026-07-19T08:00Z,PANEL_RIGHT,0.0001,9.999999747378752e-05,-0.01080766,2026-07-19T08:00Z,0,1,nan,8.0
BDXNUSDT,2026-07-19T12:00Z,PANEL_RIGHT,5e-05,4.999999873689376e-05,0.0046011,2026-07-19T12:00Z,0,1,nan,4.0
SXPUSDT,2026-07-19T12:00Z,PANEL_RIGHT,0.0001,9.999999747378752e-05,-0.01080766,2026-07-19T08:00Z,14400,1,nan,8.0
BDXNUSDT,2026-07-19T16:00Z,PANEL_RIGHT,5e-05,4.999999873689376e-05,0.0046011,2026-07-19T16:00Z,0,1,nan,4.0
SXPUSDT,2026-07-19T16:00Z,PANEL_RIGHT,0.0001,9.999999747378752e-05,-0.01080766,2026-07-19T16:00Z,0,1,nan,8.0
AERGOUSDT,2026-07-19T20:00Z,PANEL_RIGHT,0.00020981,0.0002098099939757958,5e-05,2026-07-19T20:00Z,0,1,nan,4.0
BDXNUSDT,2026-07-19T20:00Z,PANEL_RIGHT,5e-05,4.999999873689376e-05,0.0046011,2026-07-19T20:00Z,0,1,nan,4.0
SXPUSDT,2026-07-19T20:00Z,PANEL_RIGHT,0.0001,9.999999747378752e-05,-0.01080766,2026-07-19T16:00Z,14400,1,nan,8.0
AERGOUSDT,2026-07-20T00:00Z,PANEL_RIGHT,0.00013505,0.0001350499951513484,5e-05,2026-07-20T00:00Z,0,1,nan,4.0
BDXNUSDT,2026-07-20T00:00Z,PANEL_RIGHT,5e-05,4.999999873689376e-05,0.0046011,2026-07-20T00:00Z,0,1,nan,4.0
SXPUSDT,2026-07-20T00:00Z,PANEL_RIGHT,0.0001,9.999999747378752e-05,-0.01080766,2026-07-20T00:00Z,0,1,nan,8.0
BDXNUSDT,2026-07-20T04:00Z,PANEL_RIGHT,5e-05,4.999999873689376e-05,0.0046011,2026-07-20T04:00Z,0,1,nan,4.0
SXPUSDT,2026-07-20T04:00Z,PANEL_RIGHT,0.0001,9.999999747378752e-05,-0.01080766,2026-07-20T00:00Z,14400,1,nan,8.0
AERGOUSDT,2026-07-20T08:00Z,PANEL_RIGHT,0.00011207,0.00011207000352442265,5e-05,2026-07-20T08:00Z,0,1,nan,4.0
BDXNUSDT,2026-07-20T08:00Z,PANEL_RIGHT,5e-05,4.999999873689376e-05,0.0046011,2026-07-20T08:00Z,0,1,nan,4.0
SXPUSDT,2026-07-20T08:00Z,PANEL_RIGHT,0.0001,9.999999747378752e-05,-0.01080766,2026-07-20T08:00Z,0,1,nan,8.0
BDXNUSDT,2026-07-20T12:00Z,PANEL_RIGHT,5e-05,4.999999873689376e-05,0.0046011,2026-07-20T12:00Z,0,1,nan,4.0
SXPUSDT,2026-07-20T12:00Z,PANEL_RIGHT,0.0001,9.999999747378752e-05,-0.01080766,2026-07-20T08:00Z,14400,1,nan,8.0
BDXNUSDT,2026-07-20T16:00Z,PANEL_RIGHT,5e-05,4.999999873689376e-05,0.0046011,2026-07-20T16:00Z,0,1,nan,4.0
SXPUSDT,2026-07-20T16:00Z,PANEL_RIGHT,0.0001,9.999999747378752e-05,-0.01080766,2026-07-20T16:00Z,0,1,nan,8.0
BDXNUSDT,2026-07-20T20:00Z,PANEL_RIGHT,5e-05,4.999999873689376e-05,0.0046011,2026-07-20T20:00Z,0,1,nan,4.0
SXPUSDT,2026-07-20T20:00Z,PANEL_RIGHT,0.0001,9.999999747378752e-05,-0.01080766,2026-07-20T16:00Z,14400,1,nan,8.0
BDXNUSDT,2026-07-21T00:00Z,PANEL_RIGHT,5e-05,4.999999873689376e-05,0.0046011,2026-07-21T00:00Z,0,1,nan,4.0
SXPUSDT,2026-07-21T00:00Z,PANEL_RIGHT,0.0001,9.999999747378752e-05,-0.01080766,2026-07-21T00:00Z,0,1,nan,8.0
BDXNUSDT,2026-07-21T04:00Z,PANEL_RIGHT,5e-05,4.999999873689376e-05,0.0046011,2026-07-21T04:00Z,0,1,nan,4.0
SXPUSDT,2026-07-21T04:00Z,PANEL_RIGHT,0.0001,9.999999747378752e-05,-0.01080766,2026-07-21T00:00Z,14400,1,nan,8.0
BDXNUSDT,2026-07-21T08:00Z,PANEL_RIGHT,5e-05,4.999999873689376e-05,0.0046011,2026-07-21T08:00Z,0,1,nan,4.0
SXPUSDT,2026-07-21T08:00Z,PANEL_RIGHT,0.0001,9.999999747378752e-05,-0.01080766,2026-07-21T08:00Z,0,1,nan,8.0
BDXNUSDT,2026-07-21T12:00Z,PANEL_RIGHT,5e-05,4.999999873689376e-05,0.0046011,2026-07-21T12:00Z,0,1,nan,4.0
SXPUSDT,2026-07-21T12:00Z,PANEL_RIGHT,0.0001,9.999999747378752e-05,-0.01080766,2026-07-21T08:00Z,14400,1,nan,8.0
AERGOUSDT,2026-07-21T16:00Z,PANEL_RIGHT,7.801e-05,7.8010001743678e-05,5e-05,2026-07-21T16:00Z,0,1,nan,4.0
BDXNUSDT,2026-07-21T16:00Z,PANEL_RIGHT,5e-05,4.999999873689376e-05,0.0046011,2026-07-21T16:00Z,0,1,nan,4.0
SXPUSDT,2026-07-21T16:00Z,PANEL_RIGHT,0.0001,9.999999747378752e-05,-0.01080766,2026-07-21T16:00Z,0,1,nan,8.0
AERGOUSDT,2026-07-21T20:00Z,PANEL_RIGHT,0.00087969,0.0008796899928711355,5e-05,2026-07-21T20:00Z,0,1,nan,4.0
BDXNUSDT,2026-07-21T20:00Z,PANEL_RIGHT,5e-05,4.999999873689376e-05,0.0046011,2026-07-21T20:00Z,0,1,nan,4.0
SXPUSDT,2026-07-21T20:00Z,PANEL_RIGHT,0.0001,9.999999747378752e-05,-0.01080766,2026-07-21T16:00Z,14400,1,nan,8.0
AERGOUSDT,2026-07-22T00:00Z,PANEL_RIGHT,0.00081374,0.0008137400145642459,5e-05,2026-07-22T00:00Z,0,1,nan,4.0
BDXNUSDT,2026-07-22T00:00Z,PANEL_RIGHT,5e-05,4.999999873689376e-05,0.0046011,2026-07-22T00:00Z,0,1,nan,4.0
SXPUSDT,2026-07-22T00:00Z,PANEL_RIGHT,0.0001,9.999999747378752e-05,-0.01080766,2026-07-22T00:00Z,0,1,nan,8.0
AERGOUSDT,2026-07-22T04:00Z,PANEL_RIGHT,0.00140757,0.0014075699727982283,5e-05,2026-07-22T04:00Z,0,1,nan,4.0
BDXNUSDT,2026-07-22T04:00Z,PANEL_RIGHT,5e-05,4.999999873689376e-05,0.0046011,2026-07-22T04:00Z,0,1,nan,4.0
SXPUSDT,2026-07-22T04:00Z,PANEL_RIGHT,0.0001,9.999999747378752e-05,-0.01080766,2026-07-22T00:00Z,14400,1,nan,8.0
AERGOUSDT,2026-07-22T08:00Z,PANEL_RIGHT,0.00046351,0.0004635099903680384,5e-05,2026-07-22T08:00Z,0,1,nan,4.0
BDXNUSDT,2026-07-22T08:00Z,PANEL_RIGHT,5e-05,4.999999873689376e-05,0.0046011,2026-07-22T08:00Z,0,1,nan,4.0
SXPUSDT,2026-07-22T08:00Z,PANEL_RIGHT,0.0001,9.999999747378752e-05,-0.01080766,2026-07-22T08:00Z,0,1,nan,8.0
AERGOUSDT,2026-07-22T12:00Z,PANEL_RIGHT,0.0005734,0.0005734000005759299,5e-05,2026-07-22T12:00Z,0,1,nan,4.0
BDXNUSDT,2026-07-22T12:00Z,PANEL_RIGHT,5e-05,4.999999873689376e-05,0.0046011,2026-07-22T12:00Z,0,1,nan,4.0
SXPUSDT,2026-07-22T12:00Z,PANEL_RIGHT,0.0001,9.999999747378752e-05,-0.01080766,2026-07-22T08:00Z,14400,1,nan,8.0
AERGOUSDT,2026-07-22T16:00Z,PANEL_RIGHT,0.00136778,0.0013677800307050347,5e-05,2026-07-22T16:00Z,0,1,nan,4.0
BDXNUSDT,2026-07-22T16:00Z,PANEL_RIGHT,5e-05,4.999999873689376e-05,0.0046011,2026-07-22T16:00Z,0,1,nan,4.0
SXPUSDT,2026-07-22T16:00Z,PANEL_RIGHT,0.0001,9.999999747378752e-05,-0.01080766,2026-07-22T16:00Z,0,1,nan,8.0
AERGOUSDT,2026-07-22T20:00Z,PANEL_RIGHT,0.00106288,0.0010628800373524427,5e-05,2026-07-22T20:00Z,0,1,nan,4.0
BDXNUSDT,2026-07-22T20:00Z,PANEL_RIGHT,5e-05,4.999999873689376e-05,0.0046011,2026-07-22T20:00Z,0,1,nan,4.0
SXPUSDT,2026-07-22T20:00Z,PANEL_RIGHT,0.0001,9.999999747378752e-05,-0.01080766,2026-07-22T16:00Z,14400,1,nan,8.0
AERGOUSDT,2026-07-23T00:00Z,PANEL_RIGHT,0.00156447,0.0015644700033590198,5e-05,2026-07-23T00:00Z,0,1,nan,4.0
BDXNUSDT,2026-07-23T00:00Z,PANEL_RIGHT,5e-05,4.999999873689376e-05,0.0046011,2026-07-23T00:00Z,0,1,nan,4.0
SXPUSDT,2026-07-23T00:00Z,PANEL_RIGHT,0.0001,9.999999747378752e-05,-0.01080766,2026-07-23T00:00Z,0,1,nan,8.0
AERGOUSDT,2026-07-23T04:00Z,PANEL_RIGHT,0.00148007,0.0014800699427723885,5e-05,2026-07-23T04:00Z,0,1,nan,4.0
BDXNUSDT,2026-07-23T04:00Z,PANEL_RIGHT,5e-05,4.999999873689376e-05,0.0046011,2026-07-23T04:00Z,0,1,nan,4.0
SXPUSDT,2026-07-23T04:00Z,PANEL_RIGHT,0.0001,9.999999747378752e-05,-0.01080766,2026-07-23T00:00Z,14400,1,nan,8.0
AERGOUSDT,2026-07-23T08:00Z,PANEL_RIGHT,0.00436122,0.004361220169812441,5e-05,2026-07-23T08:00Z,0,1,nan,4.0
BDXNUSDT,2026-07-23T08:00Z,PANEL_RIGHT,5e-05,4.999999873689376e-05,0.0046011,2026-07-23T08:00Z,0,1,nan,4.0
SXPUSDT,2026-07-23T08:00Z,PANEL_RIGHT,0.0001,9.999999747378752e-05,-0.01080766,2026-07-23T08:00Z,0,1,nan,8.0
AERGOUSDT,2026-07-23T12:00Z,PANEL_RIGHT,0.00535852,0.005358519963920116,5e-05,2026-07-23T12:00Z,0,1,nan,4.0
BDXNUSDT,2026-07-23T12:00Z,PANEL_RIGHT,5e-05,4.999999873689376e-05,0.0046011,2026-07-23T12:00Z,0,1,nan,4.0
SXPUSDT,2026-07-23T12:00Z,PANEL_RIGHT,0.0001,9.999999747378752e-05,-0.01080766,2026-07-23T08:00Z,14400,1,nan,8.0
AERGOUSDT,2026-07-23T16:00Z,PANEL_RIGHT,0.00590844,0.005908439867198467,5e-05,2026-07-23T16:00Z,0,1,nan,4.0
BDXNUSDT,2026-07-23T16:00Z,PANEL_RIGHT,5e-05,4.999999873689376e-05,0.0046011,2026-07-23T16:00Z,0,1,nan,4.0
SXPUSDT,2026-07-23T16:00Z,PANEL_RIGHT,0.0001,9.999999747378752e-05,-0.01080766,2026-07-23T16:00Z,0,1,nan,8.0
AERGOUSDT,2026-07-23T20:00Z,PANEL_RIGHT,0.00635,0.00634999992325902,5e-05,2026-07-23T20:00Z,0,1,nan,4.0
BDXNUSDT,2026-07-23T20:00Z,PANEL_RIGHT,5e-05,4.999999873689376e-05,0.0046011,2026-07-23T20:00Z,0,1,nan,4.0
SXPUSDT,2026-07-23T20:00Z,PANEL_RIGHT,0.0001,9.999999747378752e-05,-0.01080766,2026-07-23T16:00Z,14400,1,nan,8.0
AERGOUSDT,2026-07-24T00:00Z,PANEL_RIGHT,0.00387877,0.0038787699304521084,5e-05,2026-07-24T00:00Z,0,1,nan,4.0
BDXNUSDT,2026-07-24T00:00Z,PANEL_RIGHT,5e-05,4.999999873689376e-05,0.0046011,2026-07-24T00:00Z,0,1,nan,4.0
SXPUSDT,2026-07-24T00:00Z,PANEL_RIGHT,0.0001,9.999999747378752e-05,-0.01080766,2026-07-24T00:00Z,0,1,nan,8.0
AERGOUSDT,2026-07-24T04:00Z,PANEL_RIGHT,0.00433052,0.004330520052462816,5e-05,2026-07-24T04:00Z,0,1,nan,4.0
BDXNUSDT,2026-07-24T04:00Z,PANEL_RIGHT,5e-05,4.999999873689376e-05,0.0046011,2026-07-24T04:00Z,0,1,nan,4.0
SXPUSDT,2026-07-24T04:00Z,PANEL_RIGHT,0.0001,9.999999747378752e-05,-0.01080766,2026-07-24T00:00Z,14400,1,nan,8.0
AERGOUSDT,2026-07-24T08:00Z,PANEL_RIGHT,0.00433052,0.004330520052462816,5e-05,2026-07-24T04:00Z,14400,1,nan,4.0
BDXNUSDT,2026-07-24T08:00Z,PANEL_RIGHT,5e-05,4.999999873689376e-05,0.0046011,2026-07-24T08:00Z,0,1,nan,4.0
SXPUSDT,2026-07-24T08:00Z,PANEL_RIGHT,0.0001,9.999999747378752e-05,-0.01080766,2026-07-24T08:00Z,0,1,nan,8.0
BDXNUSDT,2026-07-24T12:00Z,PANEL_RIGHT,5e-05,4.999999873689376e-05,0.0046011,2026-07-24T12:00Z,0,1,nan,4.0
SXPUSDT,2026-07-24T12:00Z,PANEL_RIGHT,0.0001,9.999999747378752e-05,-0.01080766,2026-07-24T08:00Z,14400,1,nan,8.0
BDXNUSDT,2026-07-24T16:00Z,PANEL_RIGHT,5e-05,4.999999873689376e-05,0.0046011,2026-07-24T16:00Z,0,1,nan,4.0
SXPUSDT,2026-07-24T16:00Z,PANEL_RIGHT,0.0001,9.999999747378752e-05,-0.01080766,2026-07-24T16:00Z,0,1,nan,8.0
BDXNUSDT,2026-07-24T20:00Z,PANEL_RIGHT,5e-05,4.999999873689376e-05,0.0046011,2026-07-24T20:00Z,0,1,nan,4.0
SXPUSDT,2026-07-24T20:00Z,PANEL_RIGHT,0.0001,9.999999747378752e-05,-0.01080766,2026-07-24T16:00Z,14400,1,nan,8.0
BDXNUSDT,2026-07-25T00:00Z,PANEL_RIGHT,5e-05,4.999999873689376e-05,0.0046011,2026-07-25T00:00Z,0,1,nan,4.0
SXPUSDT,2026-07-25T00:00Z,PANEL_RIGHT,0.0001,9.999999747378752e-05,-0.01080766,2026-07-25T00:00Z,0,1,nan,8.0
BDXNUSDT,2026-07-25T04:00Z,PANEL_RIGHT,5e-05,4.999999873689376e-05,0.0046011,2026-07-25T04:00Z,0,1,nan,4.0
SXPUSDT,2026-07-25T04:00Z,PANEL_RIGHT,0.0001,9.999999747378752e-05,-0.01080766,2026-07-25T00:00Z,14400,1,nan,8.0
BDXNUSDT,2026-07-25T08:00Z,PANEL_RIGHT,5e-05,4.999999873689376e-05,0.0046011,2026-07-25T08:00Z,0,1,nan,4.0
SXPUSDT,2026-07-25T08:00Z,PANEL_RIGHT,0.0001,9.999999747378752e-05,-0.01080766,2026-07-25T08:00Z,0,1,nan,8.0
BDXNUSDT,2026-07-25T12:00Z,PANEL_RIGHT,5e-05,4.999999873689376e-05,0.0046011,2026-07-25T12:00Z,0,1,nan,4.0
SXPUSDT,2026-07-25T12:00Z,PANEL_RIGHT,0.0001,9.999999747378752e-05,-0.01080766,2026-07-25T08:00Z,14400,1,nan,8.0
BDXNUSDT,2026-07-25T16:00Z,PANEL_RIGHT,5e-05,4.999999873689376e-05,0.0046011,2026-07-25T16:00Z,0,1,nan,4.0
SXPUSDT,2026-07-25T16:00Z,PANEL_RIGHT,0.0001,9.999999747378752e-05,-0.01080766,2026-07-25T16:00Z,0,1,nan,8.0
BDXNUSDT,2026-07-25T20:00Z,PANEL_RIGHT,5e-05,4.999999873689376e-05,0.0046011,2026-07-25T20:00Z,0,1,nan,4.0
SXPUSDT,2026-07-25T20:00Z,PANEL_RIGHT,0.0001,9.999999747378752e-05,-0.01080766,2026-07-25T16:00Z,14400,1,nan,8.0
BDXNUSDT,2026-07-26T00:00Z,PANEL_RIGHT,5e-05,4.999999873689376e-05,0.0046011,2026-07-26T00:00Z,0,1,nan,4.0
SXPUSDT,2026-07-26T00:00Z,PANEL_RIGHT,0.0001,9.999999747378752e-05,-0.01080766,2026-07-26T00:00Z,0,1,nan,8.0
BDXNUSDT,2026-07-26T04:00Z,PANEL_RIGHT,5e-05,4.999999873689376e-05,0.0046011,2026-07-26T04:00Z,0,1,nan,4.0
SXPUSDT,2026-07-26T04:00Z,PANEL_RIGHT,0.0001,9.999999747378752e-05,-0.01080766,2026-07-26T00:00Z,14400,1,nan,8.0
BDXNUSDT,2026-07-26T08:00Z,PANEL_RIGHT,5e-05,4.999999873689376e-05,0.0046011,2026-07-26T08:00Z,0,1,nan,4.0
SXPUSDT,2026-07-26T08:00Z,PANEL_RIGHT,0.0001,9.999999747378752e-05,-0.01080766,2026-07-26T08:00Z,0,1,nan,8.0
BDXNUSDT,2026-07-26T12:00Z,PANEL_RIGHT,5e-05,4.999999873689376e-05,0.0046011,2026-07-26T12:00Z,0,1,nan,4.0
SXPUSDT,2026-07-26T12:00Z,PANEL_RIGHT,0.0001,9.999999747378752e-05,-0.01080766,2026-07-26T08:00Z,14400,1,nan,8.0
BDXNUSDT,2026-07-26T16:00Z,PANEL_RIGHT,5e-05,4.999999873689376e-05,0.0046011,2026-07-26T16:00Z,0,1,nan,4.0
SXPUSDT,2026-07-26T16:00Z,PANEL_RIGHT,0.0001,9.999999747378752e-05,-0.01080766,2026-07-26T16:00Z,0,1,nan,8.0
BDXNUSDT,2026-07-26T20:00Z,PANEL_RIGHT,5e-05,4.999999873689376e-05,0.0046011,2026-07-26T20:00Z,0,1,nan,4.0
SXPUSDT,2026-07-26T20:00Z,PANEL_RIGHT,0.0001,9.999999747378752e-05,-0.01080766,2026-07-26T16:00Z,14400,1,nan,8.0
BDXNUSDT,2026-07-27T00:00Z,PANEL_RIGHT,5e-05,4.999999873689376e-05,0.0046011,2026-07-27T00:00Z,0,1,nan,4.0
SXPUSDT,2026-07-27T00:00Z,PANEL_RIGHT,0.0001,9.999999747378752e-05,-0.01080766,2026-07-27T00:00Z,0,1,nan,8.0
BDXNUSDT,2026-07-27T04:00Z,PANEL_RIGHT,5e-05,4.999999873689376e-05,0.0046011,2026-07-27T04:00Z,0,1,nan,4.0
SXPUSDT,2026-07-27T04:00Z,PANEL_RIGHT,0.0001,9.999999747378752e-05,-0.01080766,2026-07-27T00:00Z,14400,1,nan,8.0
BDXNUSDT,2026-07-27T08:00Z,PANEL_RIGHT,5e-05,4.999999873689376e-05,0.0046011,2026-07-27T08:00Z,0,1,nan,4.0
SXPUSDT,2026-07-27T08:00Z,PANEL_RIGHT,0.0001,9.999999747378752e-05,-0.01080766,2026-07-27T08:00Z,0,1,nan,8.0
BDXNUSDT,2026-07-27T12:00Z,PANEL_RIGHT,5e-05,4.999999873689376e-05,0.0046011,2026-07-27T12:00Z,0,1,nan,4.0
SXPUSDT,2026-07-27T12:00Z,PANEL_RIGHT,0.0001,9.999999747378752e-05,-0.01080766,2026-07-27T08:00Z,14400,1,nan,8.0
BDXNUSDT,2026-07-27T16:00Z,PANEL_RIGHT,5e-05,4.999999873689376e-05,0.0046011,2026-07-27T16:00Z,0,1,nan,4.0
SXPUSDT,2026-07-27T16:00Z,PANEL_RIGHT,0.0001,9.999999747378752e-05,-0.01080766,2026-07-27T16:00Z,0,1,nan,8.0
BDXNUSDT,2026-07-27T20:00Z,PANEL_RIGHT,5e-05,4.999999873689376e-05,0.0046011,2026-07-27T20:00Z,0,1,nan,4.0
SXPUSDT,2026-07-27T20:00Z,PANEL_RIGHT,0.0001,9.999999747378752e-05,-0.01080766,2026-07-27T16:00Z,14400,1,nan,8.0
BDXNUSDT,2026-07-28T00:00Z,PANEL_RIGHT,5e-05,4.999999873689376e-05,0.0046011,2026-07-28T00:00Z,0,1,nan,4.0
SXPUSDT,2026-07-28T00:00Z,PANEL_RIGHT,0.0001,9.999999747378752e-05,-0.01080766,2026-07-28T00:00Z,0,1,nan,8.0
BDXNUSDT,2026-07-28T04:00Z,PANEL_RIGHT,5e-05,4.999999873689376e-05,0.0046011,2026-07-28T04:00Z,0,1,nan,4.0
COTIUSDT,2026-07-28T04:00Z,PANEL_RIGHT,-0.00152359,-0.0015235899481922388,-0.02,2026-07-28T04:00Z,0,3,1.0,1.0
SXPUSDT,2026-07-28T04:00Z,PANEL_RIGHT,0.0001,9.999999747378752e-05,-0.01080766,2026-07-28T00:00Z,14400,1,nan,8.0
BDXNUSDT,2026-07-28T08:00Z,PANEL_RIGHT,5e-05,4.999999873689376e-05,0.0046011,2026-07-28T08:00Z,0,1,nan,4.0
SXPUSDT,2026-07-28T08:00Z,PANEL_RIGHT,0.0001,9.999999747378752e-05,-0.01080766,2026-07-28T08:00Z,0,1,nan,8.0
BDXNUSDT,2026-07-28T12:00Z,PANEL_RIGHT,5e-05,4.999999873689376e-05,0.0046011,2026-07-28T12:00Z,0,1,nan,4.0
SXPUSDT,2026-07-28T12:00Z,PANEL_RIGHT,0.0001,9.999999747378752e-05,-0.01080766,2026-07-28T08:00Z,14400,1,nan,8.0
BDXNUSDT,2026-07-28T16:00Z,PANEL_RIGHT,5e-05,4.999999873689376e-05,0.0046011,2026-07-28T16:00Z,0,1,nan,4.0
SXPUSDT,2026-07-28T16:00Z,PANEL_RIGHT,0.0001,9.999999747378752e-05,-0.01080766,2026-07-28T16:00Z,0,1,nan,8.0
BDXNUSDT,2026-07-28T20:00Z,PANEL_RIGHT,5e-05,4.999999873689376e-05,0.0046011,2026-07-28T20:00Z,0,1,nan,4.0
SXPUSDT,2026-07-28T20:00Z,PANEL_RIGHT,0.0001,9.999999747378752e-05,-0.01080766,2026-07-28T16:00Z,14400,1,nan,8.0
BDXNUSDT,2026-07-29T00:00Z,PANEL_RIGHT,5e-05,4.999999873689376e-05,0.0046011,2026-07-29T00:00Z,0,1,nan,4.0
SXPUSDT,2026-07-29T00:00Z,PANEL_RIGHT,0.0001,9.999999747378752e-05,-0.01080766,2026-07-29T00:00Z,0,1,nan,8.0
BDXNUSDT,2026-07-29T04:00Z,PANEL_RIGHT,5e-05,4.999999873689376e-05,0.0046011,2026-07-29T04:00Z,0,1,nan,4.0
SXPUSDT,2026-07-29T04:00Z,PANEL_RIGHT,0.0001,9.999999747378752e-05,-0.01080766,2026-07-29T00:00Z,14400,1,nan,8.0
BDXNUSDT,2026-07-29T08:00Z,PANEL_RIGHT,5e-05,4.999999873689376e-05,0.0046011,2026-07-29T08:00Z,0,1,nan,4.0
SXPUSDT,2026-07-29T08:00Z,PANEL_RIGHT,0.0001,9.999999747378752e-05,-0.01080766,2026-07-29T08:00Z,0,1,nan,8.0
BDXNUSDT,2026-07-29T12:00Z,PANEL_RIGHT,5e-05,4.999999873689376e-05,0.0046011,2026-07-29T12:00Z,0,1,nan,4.0
SXPUSDT,2026-07-29T12:00Z,PANEL_RIGHT,0.0001,9.999999747378752e-05,-0.01080766,2026-07-29T08:00Z,14400,1,nan,8.0
BDXNUSDT,2026-07-29T16:00Z,PANEL_RIGHT,5e-05,4.999999873689376e-05,0.0046011,2026-07-29T16:00Z,0,1,nan,4.0
SXPUSDT,2026-07-29T16:00Z,PANEL_RIGHT,0.0001,9.999999747378752e-05,-0.01080766,2026-07-29T16:00Z,0,1,nan,8.0
BDXNUSDT,2026-07-29T20:00Z,PANEL_RIGHT,5e-05,4.999999873689376e-05,0.0046011,2026-07-29T20:00Z,0,1,nan,4.0
SXPUSDT,2026-07-29T20:00Z,PANEL_RIGHT,0.0001,9.999999747378752e-05,-0.01080766,2026-07-29T16:00Z,14400,1,nan,8.0
BDXNUSDT,2026-07-30T00:00Z,PANEL_RIGHT,5e-05,4.999999873689376e-05,0.0046011,2026-07-30T00:00Z,0,1,nan,4.0
SXPUSDT,2026-07-30T00:00Z,PANEL_RIGHT,0.0001,9.999999747378752e-05,-0.01080766,2026-07-30T00:00Z,0,1,nan,8.0
BDXNUSDT,2026-07-30T04:00Z,PANEL_RIGHT,5e-05,4.999999873689376e-05,0.0046011,2026-07-30T04:00Z,0,1,nan,4.0
SXPUSDT,2026-07-30T04:00Z,PANEL_RIGHT,0.0001,9.999999747378752e-05,-0.01080766,2026-07-30T00:00Z,14400,1,nan,8.0
BDXNUSDT,2026-07-30T08:00Z,PANEL_RIGHT,5e-05,4.999999873689376e-05,0.0046011,2026-07-30T08:00Z,0,1,nan,4.0
SXPUSDT,2026-07-30T08:00Z,PANEL_RIGHT,0.0001,9.999999747378752e-05,-0.01080766,2026-07-30T08:00Z,0,1,nan,8.0
BDXNUSDT,2026-07-30T12:00Z,PANEL_RIGHT,5e-05,4.999999873689376e-05,0.0046011,2026-07-30T12:00Z,0,1,nan,4.0
SXPUSDT,2026-07-30T12:00Z,PANEL_RIGHT,0.0001,9.999999747378752e-05,-0.01080766,2026-07-30T08:00Z,14400,1,nan,8.0
BDXNUSDT,2026-07-30T16:00Z,PANEL_RIGHT,5e-05,4.999999873689376e-05,0.0046011,2026-07-30T16:00Z,0,1,nan,4.0
SXPUSDT,2026-07-30T16:00Z,PANEL_RIGHT,0.0001,9.999999747378752e-05,-0.01080766,2026-07-30T16:00Z,0,1,nan,8.0
BDXNUSDT,2026-07-30T20:00Z,PANEL_RIGHT,5e-05,4.999999873689376e-05,0.0046011,2026-07-30T20:00Z,0,1,nan,4.0
SXPUSDT,2026-07-30T20:00Z,PANEL_RIGHT,0.0001,9.999999747378752e-05,-0.01080766,2026-07-30T16:00Z,14400,1,nan,8.0
BDXNUSDT,2026-07-31T00:00Z,PANEL_RIGHT,5e-05,4.999999873689376e-05,0.0046011,2026-07-31T00:00Z,0,1,nan,4.0
SXPUSDT,2026-07-31T00:00Z,PANEL_RIGHT,0.0001,9.999999747378752e-05,-0.01080766,2026-07-31T00:00Z,0,1,nan,8.0
BDXNUSDT,2026-07-31T04:00Z,PANEL_RIGHT,5e-05,4.999999873689376e-05,0.0046011,2026-07-31T04:00Z,0,1,nan,4.0
SXPUSDT,2026-07-31T04:00Z,PANEL_RIGHT,0.0001,9.999999747378752e-05,-0.01080766,2026-07-31T00:00Z,14400,1,nan,8.0
BDXNUSDT,2026-07-31T08:00Z,PANEL_RIGHT,5e-05,4.999999873689376e-05,0.0046011,2026-07-31T08:00Z,0,1,nan,4.0
SXPUSDT,2026-07-31T08:00Z,PANEL_RIGHT,0.0001,9.999999747378752e-05,-0.01080766,2026-07-31T08:00Z,0,1,nan,8.0
BDXNUSDT,2026-07-31T12:00Z,PANEL_RIGHT,5e-05,4.999999873689376e-05,0.0046011,2026-07-31T12:00Z,0,1,nan,4.0
SXPUSDT,2026-07-31T12:00Z,PANEL_RIGHT,0.0001,9.999999747378752e-05,-0.01080766,2026-07-31T08:00Z,14400,1,nan,8.0
BDXNUSDT,2026-07-31T16:00Z,PANEL_RIGHT,5e-05,4.999999873689376e-05,0.0046011,2026-07-31T16:00Z,0,1,nan,4.0
SXPUSDT,2026-07-31T16:00Z,PANEL_RIGHT,0.0001,9.999999747378752e-05,-0.01080766,2026-07-31T16:00Z,0,1,nan,8.0
BDXNUSDT,2026-07-31T20:00Z,PANEL_RIGHT,5e-05,4.999999873689376e-05,0.0046011,2026-07-31T20:00Z,0,1,nan,4.0
SXPUSDT,2026-07-31T20:00Z,PANEL_RIGHT,0.0001,9.999999747378752e-05,-0.01080766,2026-07-31T16:00Z,14400,1,nan,8.0
BDXNUSDT,2026-08-01T00:00Z,PANEL_RIGHT,5e-05,4.999999873689376e-05,0.0046011,2026-08-01T00:00Z,0,1,nan,4.0
SXPUSDT,2026-08-01T00:00Z,PANEL_RIGHT,0.0001,9.999999747378752e-05,-0.01080766,2026-08-01T00:00Z,0,1,nan,8.0
BDXNUSDT,2026-08-01T04:00Z,PANEL_RIGHT,5e-05,4.999999873689376e-05,0.0046011,2026-08-01T04:00Z,0,1,nan,4.0
SXPUSDT,2026-08-01T04:00Z,PANEL_RIGHT,0.0001,9.999999747378752e-05,-0.01080766,2026-08-01T00:00Z,14400,1,nan,8.0
BDXNUSDT,2026-08-01T08:00Z,PANEL_RIGHT,5e-05,4.999999873689376e-05,0.0046011,2026-08-01T08:00Z,0,1,nan,4.0
SXPUSDT,2026-08-01T08:00Z,PANEL_RIGHT,0.0001,9.999999747378752e-05,-0.01080766,2026-08-01T08:00Z,0,1,nan,8.0
BDXNUSDT,2026-08-01T12:00Z,PANEL_RIGHT,5e-05,4.999999873689376e-05,0.0046011,2026-08-01T12:00Z,0,1,nan,4.0
SXPUSDT,2026-08-01T12:00Z,PANEL_RIGHT,0.0001,9.999999747378752e-05,-0.01080766,2026-08-01T08:00Z,14400,1,nan,8.0
BDXNUSDT,2026-08-01T16:00Z,PANEL_RIGHT,5e-05,4.999999873689376e-05,0.0046011,2026-08-01T16:00Z,0,1,nan,4.0
SXPUSDT,2026-08-01T16:00Z,PANEL_RIGHT,0.0001,9.999999747378752e-05,-0.01080766,2026-08-01T16:00Z,0,1,nan,8.0
BDXNUSDT,2026-08-01T20:00Z,PANEL_RIGHT,5e-05,4.999999873689376e-05,0.0046011,2026-08-01T20:00Z,0,1,nan,4.0
SXPUSDT,2026-08-01T20:00Z,PANEL_RIGHT,0.0001,9.999999747378752e-05,-0.01080766,2026-08-01T16:00Z,14400,1,nan,8.0
BDXNUSDT,2026-08-02T00:00Z,PANEL_RIGHT,5e-05,4.999999873689376e-05,0.0046011,2026-08-02T00:00Z,0,1,nan,4.0
SXPUSDT,2026-08-02T00:00Z,PANEL_RIGHT,0.0001,9.999999747378752e-05,-0.01080766,2026-08-02T00:00Z,0,1,nan,8.0
BDXNUSDT,2026-08-02T04:00Z,PANEL_RIGHT,5e-05,4.999999873689376e-05,0.0046011,2026-08-02T04:00Z,0,1,nan,4.0
SXPUSDT,2026-08-02T04:00Z,PANEL_RIGHT,0.0001,9.999999747378752e-05,-0.01080766,2026-08-02T00:00Z,14400,1,nan,8.0
BDXNUSDT,2026-08-02T08:00Z,PANEL_RIGHT,5e-05,4.999999873689376e-05,0.0046011,2026-08-02T08:00Z,0,1,nan,4.0
SXPUSDT,2026-08-02T08:00Z,PANEL_RIGHT,0.0001,9.999999747378752e-05,-0.01080766,2026-08-02T08:00Z,0,1,nan,8.0
BDXNUSDT,2026-08-02T12:00Z,PANEL_RIGHT,5e-05,4.999999873689376e-05,0.0046011,2026-08-02T12:00Z,0,1,nan,4.0
SXPUSDT,2026-08-02T12:00Z,PANEL_RIGHT,0.0001,9.999999747378752e-05,-0.01080766,2026-08-02T08:00Z,14400,1,nan,8.0
BDXNUSDT,2026-08-02T16:00Z,PANEL_RIGHT,5e-05,4.999999873689376e-05,0.0046011,2026-08-02T16:00Z,0,1,nan,4.0
SXPUSDT,2026-08-02T16:00Z,PANEL_RIGHT,0.0001,9.999999747378752e-05,-0.01080766,2026-08-02T16:00Z,0,1,nan,8.0
BDXNUSDT,2026-08-02T20:00Z,PANEL_RIGHT,5e-05,4.999999873689376e-05,0.0046011,2026-08-02T20:00Z,0,1,nan,4.0
SXPUSDT,2026-08-02T20:00Z,PANEL_RIGHT,0.0001,9.999999747378752e-05,-0.01080766,2026-08-02T16:00Z,14400,1,nan,8.0
BDXNUSDT,2026-08-03T00:00Z,PANEL_RIGHT,5e-05,4.999999873689376e-05,0.0046011,2026-08-03T00:00Z,0,1,nan,4.0
SXPUSDT,2026-08-03T00:00Z,PANEL_RIGHT,0.0001,9.999999747378752e-05,-0.01080766,2026-08-03T00:00Z,0,1,nan,8.0
BDXNUSDT,2026-08-03T04:00Z,PANEL_RIGHT,5e-05,4.999999873689376e-05,0.0046011,2026-08-03T04:00Z,0,1,nan,4.0
SXPUSDT,2026-08-03T04:00Z,PANEL_RIGHT,0.0001,9.999999747378752e-05,-0.01080766,2026-08-03T00:00Z,14400,1,nan,8.0
BDXNUSDT,2026-08-03T08:00Z,PANEL_RIGHT,5e-05,4.999999873689376e-05,0.0046011,2026-08-03T08:00Z,0,1,nan,4.0
SXPUSDT,2026-08-03T08:00Z,PANEL_RIGHT,0.0001,9.999999747378752e-05,-0.01080766,2026-08-03T08:00Z,0,1,nan,8.0
BDXNUSDT,2026-08-03T12:00Z,PANEL_RIGHT,5e-05,4.999999873689376e-05,0.0046011,2026-08-03T12:00Z,0,1,nan,4.0
SXPUSDT,2026-08-03T12:00Z,PANEL_RIGHT,0.0001,9.999999747378752e-05,-0.01080766,2026-08-03T08:00Z,14400,1,nan,8.0
BDXNUSDT,2026-08-03T16:00Z,PANEL_RIGHT,5e-05,4.999999873689376e-05,0.0046011,2026-08-03T16:00Z,0,1,nan,4.0
SXPUSDT,2026-08-03T16:00Z,PANEL_RIGHT,0.0001,9.999999747378752e-05,-0.01080766,2026-08-03T16:00Z,0,1,nan,8.0
BDXNUSDT,2026-08-03T20:00Z,PANEL_RIGHT,5e-05,4.999999873689376e-05,0.0046011,2026-08-03T20:00Z,0,1,nan,4.0
SXPUSDT,2026-08-03T20:00Z,PANEL_RIGHT,0.0001,9.999999747378752e-05,-0.01080766,2026-08-03T16:00Z,14400,1,nan,8.0
BDXNUSDT,2026-08-04T00:00Z,PANEL_RIGHT,5e-05,4.999999873689376e-05,0.0046011,2026-08-04T00:00Z,0,1,nan,4.0
SXPUSDT,2026-08-04T00:00Z,PANEL_RIGHT,0.0001,9.999999747378752e-05,-0.01080766,2026-08-04T00:00Z,0,1,nan,8.0
BDXNUSDT,2026-08-04T04:00Z,PANEL_RIGHT,5e-05,4.999999873689376e-05,0.0046011,2026-08-04T04:00Z,0,1,nan,4.0
SXPUSDT,2026-08-04T04:00Z,PANEL_RIGHT,0.0001,9.999999747378752e-05,-0.01080766,2026-08-04T00:00Z,14400,1,nan,8.0
BDXNUSDT,2026-08-04T08:00Z,PANEL_RIGHT,5e-05,4.999999873689376e-05,0.0046011,2026-08-04T08:00Z,0,1,nan,4.0
SXPUSDT,2026-08-04T08:00Z,PANEL_RIGHT,0.0001,9.999999747378752e-05,-0.01080766,2026-08-04T08:00Z,0,1,nan,8.0
BDXNUSDT,2026-08-04T12:00Z,PANEL_RIGHT,5e-05,4.999999873689376e-05,0.0046011,2026-08-04T12:00Z,0,1,nan,4.0
SXPUSDT,2026-08-04T12:00Z,PANEL_RIGHT,0.0001,9.999999747378752e-05,-0.01080766,2026-08-04T08:00Z,14400,1,nan,8.0
BDXNUSDT,2026-08-04T16:00Z,PANEL_RIGHT,5e-05,4.999999873689376e-05,0.0046011,2026-08-04T16:00Z,0,1,nan,4.0
SXPUSDT,2026-08-04T16:00Z,PANEL_RIGHT,0.0001,9.999999747378752e-05,-0.01080766,2026-08-04T16:00Z,0,1,nan,8.0
BDXNUSDT,2026-08-04T20:00Z,PANEL_RIGHT,5e-05,4.999999873689376e-05,0.0046011,2026-08-04T20:00Z,0,1,nan,4.0
SXPUSDT,2026-08-04T20:00Z,PANEL_RIGHT,0.0001,9.999999747378752e-05,-0.01080766,2026-08-04T16:00Z,14400,1,nan,8.0
BDXNUSDT,2026-08-05T00:00Z,PANEL_RIGHT,5e-05,4.999999873689376e-05,0.0046011,2026-08-05T00:00Z,0,1,nan,4.0
SXPUSDT,2026-08-05T00:00Z,PANEL_RIGHT,0.0001,9.999999747378752e-05,-0.01080766,2026-08-05T00:00Z,0,1,nan,8.0
BDXNUSDT,2026-08-05T04:00Z,PANEL_RIGHT,5e-05,4.999999873689376e-05,0.0046011,2026-08-05T04:00Z,0,1,nan,4.0
SXPUSDT,2026-08-05T04:00Z,PANEL_RIGHT,0.0001,9.999999747378752e-05,-0.01080766,2026-08-05T00:00Z,14400,1,nan,8.0
BDXNUSDT,2026-08-05T08:00Z,PANEL_RIGHT,5e-05,4.999999873689376e-05,0.0046011,2026-08-05T08:00Z,0,1,nan,4.0
SXPUSDT,2026-08-05T08:00Z,PANEL_RIGHT,0.0001,9.999999747378752e-05,-0.01080766,2026-08-05T08:00Z,0,1,nan,8.0
BDXNUSDT,2026-08-05T12:00Z,PANEL_RIGHT,5e-05,4.999999873689376e-05,0.0046011,2026-08-05T12:00Z,0,1,nan,4.0
SXPUSDT,2026-08-05T12:00Z,PANEL_RIGHT,0.0001,9.999999747378752e-05,-0.01080766,2026-08-05T08:00Z,14400,1,nan,8.0
BDXNUSDT,2026-08-05T16:00Z,PANEL_RIGHT,5e-05,4.999999873689376e-05,0.0046011,2026-08-05T16:00Z,0,1,nan,4.0
SXPUSDT,2026-08-05T16:00Z,PANEL_RIGHT,0.0001,9.999999747378752e-05,-0.01080766,2026-08-05T16:00Z,0,1,nan,8.0
BDXNUSDT,2026-08-05T20:00Z,PANEL_RIGHT,5e-05,4.999999873689376e-05,0.0046011,2026-08-05T20:00Z,0,1,nan,4.0
SXPUSDT,2026-08-05T20:00Z,PANEL_RIGHT,0.0001,9.999999747378752e-05,-0.01080766,2026-08-05T16:00Z,14400,1,nan,8.0
BDXNUSDT,2026-08-06T00:00Z,PANEL_RIGHT,5e-05,4.999999873689376e-05,0.0046011,2026-08-06T00:00Z,0,1,nan,4.0
SXPUSDT,2026-08-06T00:00Z,PANEL_RIGHT,0.0001,9.999999747378752e-05,-0.01080766,2026-08-06T00:00Z,0,1,nan,8.0
BDXNUSDT,2026-08-06T04:00Z,PANEL_RIGHT,5e-05,4.999999873689376e-05,0.0046011,2026-08-06T04:00Z,0,1,nan,4.0
SXPUSDT,2026-08-06T04:00Z,PANEL_RIGHT,0.0001,9.999999747378752e-05,-0.01080766,2026-08-06T00:00Z,14400,1,nan,8.0
BDXNUSDT,2026-08-06T08:00Z,PANEL_RIGHT,5e-05,4.999999873689376e-05,0.0046011,2026-08-06T08:00Z,0,1,nan,4.0
SXPUSDT,2026-08-06T08:00Z,PANEL_RIGHT,0.0001,9.999999747378752e-05,-0.01080766,2026-08-06T08:00Z,0,1,nan,8.0
BDXNUSDT,2026-08-06T12:00Z,PANEL_RIGHT,5e-05,4.999999873689376e-05,0.0046011,2026-08-06T12:00Z,0,1,nan,4.0
SXPUSDT,2026-08-06T12:00Z,PANEL_RIGHT,0.0001,9.999999747378752e-05,-0.01080766,2026-08-06T08:00Z,14400,1,nan,8.0
BDXNUSDT,2026-08-06T16:00Z,PANEL_RIGHT,5e-05,4.999999873689376e-05,0.0046011,2026-08-06T16:00Z,0,1,nan,4.0
SXPUSDT,2026-08-06T16:00Z,PANEL_RIGHT,0.0001,9.999999747378752e-05,-0.01080766,2026-08-06T16:00Z,0,1,nan,8.0
BDXNUSDT,2026-08-06T20:00Z,PANEL_RIGHT,5e-05,4.999999873689376e-05,0.0046011,2026-08-06T20:00Z,0,1,nan,4.0
SXPUSDT,2026-08-06T20:00Z,PANEL_RIGHT,0.0001,9.999999747378752e-05,-0.01080766,2026-08-06T16:00Z,14400,1,nan,8.0
BDXNUSDT,2026-08-07T00:00Z,PANEL_RIGHT,5e-05,4.999999873689376e-05,0.0046011,2026-08-07T00:00Z,0,1,nan,4.0
SXPUSDT,2026-08-07T00:00Z,PANEL_RIGHT,0.0001,9.999999747378752e-05,-0.01080766,2026-08-07T00:00Z,0,1,nan,8.0
BDXNUSDT,2026-08-07T04:00Z,PANEL_RIGHT,5e-05,4.999999873689376e-05,0.0046011,2026-08-07T04:00Z,0,1,nan,4.0
HFTUSDT,2026-08-07T04:00Z,PANEL_RIGHT,0.00322541,0.0032254098914563656,0.02,2026-08-07T04:00Z,0,1,nan,1.0
SXPUSDT,2026-08-07T04:00Z,PANEL_RIGHT,0.0001,9.999999747378752e-05,-0.01080766,2026-08-07T00:00Z,14400,1,nan,8.0
BDXNUSDT,2026-08-07T08:00Z,PANEL_RIGHT,5e-05,4.999999873689376e-05,0.0046011,2026-08-07T08:00Z,0,1,nan,4.0
SXPUSDT,2026-08-07T08:00Z,PANEL_RIGHT,0.0001,9.999999747378752e-05,-0.01080766,2026-08-07T08:00Z,0,1,nan,8.0
BDXNUSDT,2026-08-07T12:00Z,PANEL_RIGHT,5e-05,4.999999873689376e-05,0.0046011,2026-08-07T12:00Z,0,1,nan,4.0
SXPUSDT,2026-08-07T12:00Z,PANEL_RIGHT,0.0001,9.999999747378752e-05,-0.01080766,2026-08-07T08:00Z,14400,1,nan,8.0
BDXNUSDT,2026-08-07T16:00Z,PANEL_RIGHT,5e-05,4.999999873689376e-05,0.0046011,2026-08-07T16:00Z,0,1,nan,4.0
SXPUSDT,2026-08-07T16:00Z,PANEL_RIGHT,0.0001,9.999999747378752e-05,-0.01080766,2026-08-07T16:00Z,0,1,nan,8.0
BDXNUSDT,2026-08-07T20:00Z,PANEL_RIGHT,5e-05,4.999999873689376e-05,0.0046011,2026-08-07T20:00Z,0,1,nan,4.0
SXPUSDT,2026-08-07T20:00Z,PANEL_RIGHT,0.0001,9.999999747378752e-05,-0.01080766,2026-08-07T16:00Z,14400,1,nan,8.0
BDXNUSDT,2026-08-08T00:00Z,PANEL_RIGHT,5e-05,4.999999873689376e-05,0.0046011,2026-08-08T00:00Z,0,1,nan,4.0
SXPUSDT,2026-08-08T00:00Z,PANEL_RIGHT,0.0001,9.999999747378752e-05,-0.01080766,2026-08-08T00:00Z,0,1,nan,8.0
BDXNUSDT,2026-08-08T04:00Z,PANEL_RIGHT,5e-05,4.999999873689376e-05,0.0046011,2026-08-08T04:00Z,0,1,nan,4.0
SXPUSDT,2026-08-08T04:00Z,PANEL_RIGHT,0.0001,9.999999747378752e-05,-0.01080766,2026-08-08T00:00Z,14400,1,nan,8.0
BDXNUSDT,2026-08-08T08:00Z,PANEL_RIGHT,5e-05,4.999999873689376e-05,0.0046011,2026-08-08T08:00Z,0,1,nan,4.0
SXPUSDT,2026-08-08T08:00Z,PANEL_RIGHT,0.0001,9.999999747378752e-05,-0.01080766,2026-08-08T08:00Z,0,1,nan,8.0
BDXNUSDT,2026-08-08T12:00Z,PANEL_RIGHT,5e-05,4.999999873689376e-05,0.0046011,2026-08-08T12:00Z,0,1,nan,4.0
SXPUSDT,2026-08-08T12:00Z,PANEL_RIGHT,0.0001,9.999999747378752e-05,-0.01080766,2026-08-08T08:00Z,14400,1,nan,8.0
BDXNUSDT,2026-08-08T16:00Z,PANEL_RIGHT,5e-05,4.999999873689376e-05,0.0046011,2026-08-08T16:00Z,0,1,nan,4.0
SXPUSDT,2026-08-08T16:00Z,PANEL_RIGHT,0.0001,9.999999747378752e-05,-0.01080766,2026-08-08T16:00Z,0,1,nan,8.0
BDXNUSDT,2026-08-08T20:00Z,PANEL_RIGHT,5e-05,4.999999873689376e-05,0.0046011,2026-08-08T20:00Z,0,1,nan,4.0
SXPUSDT,2026-08-08T20:00Z,PANEL_RIGHT,0.0001,9.999999747378752e-05,-0.01080766,2026-08-08T16:00Z,14400,1,nan,8.0
BDXNUSDT,2026-08-09T00:00Z,PANEL_RIGHT,5e-05,4.999999873689376e-05,0.0046011,2026-08-09T00:00Z,0,1,nan,4.0
SXPUSDT,2026-08-09T00:00Z,PANEL_RIGHT,0.0001,9.999999747378752e-05,-0.01080766,2026-08-09T00:00Z,0,1,nan,8.0
BDXNUSDT,2026-08-09T04:00Z,PANEL_RIGHT,5e-05,4.999999873689376e-05,0.0046011,2026-08-09T04:00Z,0,1,nan,4.0
SXPUSDT,2026-08-09T04:00Z,PANEL_RIGHT,0.0001,9.999999747378752e-05,-0.01080766,2026-08-09T00:00Z,14400,1,nan,8.0
BDXNUSDT,2026-08-09T08:00Z,PANEL_RIGHT,5e-05,4.999999873689376e-05,0.0046011,2026-08-09T08:00Z,0,1,nan,4.0
SXPUSDT,2026-08-09T08:00Z,PANEL_RIGHT,0.0001,9.999999747378752e-05,-0.01080766,2026-08-09T08:00Z,0,1,nan,8.0
BDXNUSDT,2026-08-09T12:00Z,PANEL_RIGHT,5e-05,4.999999873689376e-05,0.0046011,2026-08-09T12:00Z,0,1,nan,4.0
SXPUSDT,2026-08-09T12:00Z,PANEL_RIGHT,0.0001,9.999999747378752e-05,-0.01080766,2026-08-09T08:00Z,14400,1,nan,8.0
BDXNUSDT,2026-08-09T16:00Z,PANEL_RIGHT,5e-05,4.999999873689376e-05,0.0046011,2026-08-09T16:00Z,0,1,nan,4.0
SXPUSDT,2026-08-09T16:00Z,PANEL_RIGHT,0.0001,9.999999747378752e-05,-0.01080766,2026-08-09T16:00Z,0,1,nan,8.0
BDXNUSDT,2026-08-09T20:00Z,PANEL_RIGHT,5e-05,4.999999873689376e-05,0.0046011,2026-08-09T20:00Z,0,1,nan,4.0
SXPUSDT,2026-08-09T20:00Z,PANEL_RIGHT,0.0001,9.999999747378752e-05,-0.01080766,2026-08-09T16:00Z,14400,1,nan,8.0
BDXNUSDT,2026-08-10T00:00Z,PANEL_RIGHT,5e-05,4.999999873689376e-05,0.0046011,2026-08-10T00:00Z,0,1,nan,4.0
SXPUSDT,2026-08-10T00:00Z,PANEL_RIGHT,0.0001,9.999999747378752e-05,-0.01080766,2026-08-10T00:00Z,0,1,nan,8.0
BDXNUSDT,2026-08-10T04:00Z,PANEL_RIGHT,5e-05,4.999999873689376e-05,0.0046011,2026-08-10T04:00Z,0,1,nan,4.0
SXPUSDT,2026-08-10T04:00Z,PANEL_RIGHT,0.0001,9.999999747378752e-05,-0.01080766,2026-08-10T00:00Z,14400,1,nan,8.0
BDXNUSDT,2026-08-10T08:00Z,PANEL_RIGHT,5e-05,4.999999873689376e-05,0.0046011,2026-08-10T08:00Z,0,1,nan,4.0
SXPUSDT,2026-08-10T08:00Z,PANEL_RIGHT,0.0001,9.999999747378752e-05,-0.01080766,2026-08-10T08:00Z,0,1,nan,8.0
BDXNUSDT,2026-08-10T12:00Z,PANEL_RIGHT,5e-05,4.999999873689376e-05,0.0046011,2026-08-10T12:00Z,0,1,nan,4.0
SXPUSDT,2026-08-10T12:00Z,PANEL_RIGHT,0.0001,9.999999747378752e-05,-0.01080766,2026-08-10T08:00Z,14400,1,nan,8.0
BDXNUSDT,2026-08-10T16:00Z,PANEL_RIGHT,5e-05,4.999999873689376e-05,0.0046011,2026-08-10T16:00Z,0,1,nan,4.0
SXPUSDT,2026-08-10T16:00Z,PANEL_RIGHT,0.0001,9.999999747378752e-05,-0.01080766,2026-08-10T16:00Z,0,1,nan,8.0
BDXNUSDT,2026-08-10T20:00Z,PANEL_RIGHT,5e-05,4.999999873689376e-05,0.0046011,2026-08-10T20:00Z,0,1,nan,4.0
SXPUSDT,2026-08-10T20:00Z,PANEL_RIGHT,0.0001,9.999999747378752e-05,-0.01080766,2026-08-10T16:00Z,14400,1,nan,8.0
BDXNUSDT,2026-08-11T00:00Z,PANEL_RIGHT,5e-05,4.999999873689376e-05,0.0046011,2026-08-11T00:00Z,0,1,nan,4.0
SXPUSDT,2026-08-11T00:00Z,PANEL_RIGHT,0.0001,9.999999747378752e-05,-0.01080766,2026-08-11T00:00Z,0,1,nan,8.0
BDXNUSDT,2026-08-11T04:00Z,PANEL_RIGHT,5e-05,4.999999873689376e-05,0.0046011,2026-08-11T04:00Z,0,1,nan,4.0
SXPUSDT,2026-08-11T04:00Z,PANEL_RIGHT,0.0001,9.999999747378752e-05,-0.01080766,2026-08-11T00:00Z,14400,1,nan,8.0
BDXNUSDT,2026-08-11T08:00Z,PANEL_RIGHT,5e-05,4.999999873689376e-05,0.0046011,2026-08-11T08:00Z,0,1,nan,4.0
SXPUSDT,2026-08-11T08:00Z,PANEL_RIGHT,0.0001,9.999999747378752e-05,-0.01080766,2026-08-11T08:00Z,0,1,nan,8.0
BDXNUSDT,2026-08-11T12:00Z,PANEL_RIGHT,5e-05,4.999999873689376e-05,0.0046011,2026-08-11T12:00Z,0,1,nan,4.0
SXPUSDT,2026-08-11T12:00Z,PANEL_RIGHT,0.0001,9.999999747378752e-05,-0.01080766,2026-08-11T08:00Z,14400,1,nan,8.0
BDXNUSDT,2026-08-11T16:00Z,PANEL_RIGHT,5e-05,4.999999873689376e-05,0.0046011,2026-08-11T16:00Z,0,1,nan,4.0
SXPUSDT,2026-08-11T16:00Z,PANEL_RIGHT,0.0001,9.999999747378752e-05,-0.01080766,2026-08-11T16:00Z,0,1,nan,8.0
BDXNUSDT,2026-08-11T20:00Z,PANEL_RIGHT,5e-05,4.999999873689376e-05,0.0046011,2026-08-11T20:00Z,0,1,nan,4.0
SXPUSDT,2026-08-11T20:00Z,PANEL_RIGHT,0.0001,9.999999747378752e-05,-0.01080766,2026-08-11T16:00Z,14400,1,nan,8.0
BDXNUSDT,2026-08-12T00:00Z,PANEL_RIGHT,5e-05,4.999999873689376e-05,0.0046011,2026-08-12T00:00Z,0,1,nan,4.0
SXPUSDT,2026-08-12T00:00Z,PANEL_RIGHT,0.0001,9.999999747378752e-05,-0.01080766,2026-08-12T00:00Z,0,1,nan,8.0
BDXNUSDT,2026-08-12T04:00Z,PANEL_RIGHT,5e-05,4.999999873689376e-05,0.0046011,2026-08-12T04:00Z,0,1,nan,4.0
SXPUSDT,2026-08-12T04:00Z,PANEL_RIGHT,0.0001,9.999999747378752e-05,-0.01080766,2026-08-12T00:00Z,14400,1,nan,8.0
BDXNUSDT,2026-08-12T08:00Z,PANEL_RIGHT,5e-05,4.999999873689376e-05,0.0046011,2026-08-12T08:00Z,0,1,nan,4.0
SXPUSDT,2026-08-12T08:00Z,PANEL_RIGHT,0.0001,9.999999747378752e-05,-0.01080766,2026-08-12T08:00Z,0,1,nan,8.0
BDXNUSDT,2026-08-12T12:00Z,PANEL_RIGHT,5e-05,4.999999873689376e-05,0.0046011,2026-08-12T12:00Z,0,1,nan,4.0
SXPUSDT,2026-08-12T12:00Z,PANEL_RIGHT,0.0001,9.999999747378752e-05,-0.01080766,2026-08-12T08:00Z,14400,1,nan,8.0
BDXNUSDT,2026-08-12T16:00Z,PANEL_RIGHT,5e-05,4.999999873689376e-05,0.0046011,2026-08-12T16:00Z,0,1,nan,4.0
SXPUSDT,2026-08-12T16:00Z,PANEL_RIGHT,0.0001,9.999999747378752e-05,-0.01080766,2026-08-12T16:00Z,0,1,nan,8.0
BDXNUSDT,2026-08-12T20:00Z,PANEL_RIGHT,5e-05,4.999999873689376e-05,0.0046011,2026-08-12T20:00Z,0,1,nan,4.0
SXPUSDT,2026-08-12T20:00Z,PANEL_RIGHT,0.0001,9.999999747378752e-05,-0.01080766,2026-08-12T16:00Z,14400,1,nan,8.0
BANDUSDT,2026-08-13T00:00Z,PANEL_RIGHT,-6.277e-05,-6.276999920373783e-05,0.0001,2026-08-13T00:00Z,0,1,nan,8.0
BDXNUSDT,2026-08-13T00:00Z,PANEL_RIGHT,5e-05,4.999999873689376e-05,0.0046011,2026-08-13T00:00Z,0,1,nan,4.0
KNCUSDT,2026-08-13T00:00Z,PANEL_RIGHT,-1.345e-05,-1.3449999642034527e-05,-0.00051301,2026-08-13T00:00Z,0,1,nan,8.0
SUPERUSDT,2026-08-13T00:00Z,PANEL_RIGHT,5e-05,4.999999873689376e-05,2.397e-05,2026-08-13T00:00Z,0,1,nan,4.0
SXPUSDT,2026-08-13T00:00Z,PANEL_RIGHT,0.0001,9.999999747378752e-05,-0.01080766,2026-08-13T00:00Z,0,1,nan,8.0
ZRXUSDT,2026-08-13T00:00Z,PANEL_RIGHT,5e-05,4.999999873689376e-05,-0.00023526,2026-08-13T00:00Z,0,1,nan,4.0
BANDUSDT,2026-08-13T04:00Z,PANEL_RIGHT,-6.277e-05,-6.276999920373783e-05,0.0001,2026-08-13T00:00Z,14400,1,nan,8.0
BDXNUSDT,2026-08-13T04:00Z,PANEL_RIGHT,5e-05,4.999999873689376e-05,0.0046011,2026-08-13T04:00Z,0,1,nan,4.0
KNCUSDT,2026-08-13T04:00Z,PANEL_RIGHT,-1.345e-05,-1.3449999642034527e-05,-0.00051301,2026-08-13T00:00Z,14400,1,nan,8.0
SUPERUSDT,2026-08-13T04:00Z,PANEL_RIGHT,5e-05,4.999999873689376e-05,2.397e-05,2026-08-13T04:00Z,0,1,nan,4.0
SXPUSDT,2026-08-13T04:00Z,PANEL_RIGHT,0.0001,9.999999747378752e-05,-0.01080766,2026-08-13T00:00Z,14400,1,nan,8.0
ZRXUSDT,2026-08-13T04:00Z,PANEL_RIGHT,5e-05,4.999999873689376e-05,-0.00023526,2026-08-13T04:00Z,0,1,nan,4.0
BDXNUSDT,2026-08-13T08:00Z,PANEL_RIGHT,5e-05,4.999999873689376e-05,0.0046011,2026-08-13T08:00Z,0,1,nan,4.0
KNCUSDT,2026-08-13T08:00Z,PANEL_RIGHT,0.0001,9.999999747378752e-05,-0.00051301,2026-08-13T08:00Z,0,1,nan,8.0
SUPERUSDT,2026-08-13T08:00Z,PANEL_RIGHT,5e-05,4.999999873689376e-05,2.397e-05,2026-08-13T08:00Z,0,1,nan,4.0
SXPUSDT,2026-08-13T08:00Z,PANEL_RIGHT,0.0001,9.999999747378752e-05,-0.01080766,2026-08-13T08:00Z,0,1,nan,8.0
ZRXUSDT,2026-08-13T08:00Z,PANEL_RIGHT,5e-05,4.999999873689376e-05,-0.00023526,2026-08-13T08:00Z,0,1,nan,4.0
BDXNUSDT,2026-08-13T12:00Z,PANEL_RIGHT,5e-05,4.999999873689376e-05,0.0046011,2026-08-13T12:00Z,0,1,nan,4.0
KNCUSDT,2026-08-13T12:00Z,PANEL_RIGHT,0.0001,9.999999747378752e-05,-0.00051301,2026-08-13T08:00Z,14400,1,nan,8.0
SUPERUSDT,2026-08-13T12:00Z,PANEL_RIGHT,5e-05,4.999999873689376e-05,2.397e-05,2026-08-13T12:00Z,0,1,nan,4.0
SXPUSDT,2026-08-13T12:00Z,PANEL_RIGHT,0.0001,9.999999747378752e-05,-0.01080766,2026-08-13T08:00Z,14400,1,nan,8.0
ZRXUSDT,2026-08-13T12:00Z,PANEL_RIGHT,5e-05,4.999999873689376e-05,-0.00023526,2026-08-13T12:00Z,0,1,nan,4.0
BDXNUSDT,2026-08-13T16:00Z,PANEL_RIGHT,5e-05,4.999999873689376e-05,0.0046011,2026-08-13T16:00Z,0,1,nan,4.0
KNCUSDT,2026-08-13T16:00Z,PANEL_RIGHT,0.0001,9.999999747378752e-05,-0.00051301,2026-08-13T16:00Z,0,1,nan,8.0
SUPERUSDT,2026-08-13T16:00Z,PANEL_RIGHT,5e-05,4.999999873689376e-05,2.397e-05,2026-08-13T16:00Z,0,1,nan,4.0
SXPUSDT,2026-08-13T16:00Z,PANEL_RIGHT,0.0001,9.999999747378752e-05,-0.01080766,2026-08-13T16:00Z,0,1,nan,8.0
ZRXUSDT,2026-08-13T16:00Z,PANEL_RIGHT,5e-05,4.999999873689376e-05,-0.00023526,2026-08-13T16:00Z,0,1,nan,4.0
BDXNUSDT,2026-08-13T20:00Z,PANEL_RIGHT,5e-05,4.999999873689376e-05,0.0046011,2026-08-13T20:00Z,0,1,nan,4.0
KNCUSDT,2026-08-13T20:00Z,PANEL_RIGHT,0.0001,9.999999747378752e-05,-0.00051301,2026-08-13T16:00Z,14400,1,nan,8.0
SUPERUSDT,2026-08-13T20:00Z,PANEL_RIGHT,5e-05,4.999999873689376e-05,2.397e-05,2026-08-13T20:00Z,0,1,nan,4.0
SXPUSDT,2026-08-13T20:00Z,PANEL_RIGHT,0.0001,9.999999747378752e-05,-0.01080766,2026-08-13T16:00Z,14400,1,nan,8.0
ZRXUSDT,2026-08-13T20:00Z,PANEL_RIGHT,5e-05,4.999999873689376e-05,-0.00023526,2026-08-13T20:00Z,0,1,nan,4.0
ALLUSDT,2026-08-14T00:00Z,PANEL_RIGHT,-0.00038161,-0.00038161000702530146,-0.00043968,2026-08-14T00:00Z,0,1,nan,8.0
ANIMEUSDT,2026-08-14T00:00Z,PANEL_RIGHT,5e-05,4.999999873689376e-05,-2.539e-05,2026-08-14T00:00Z,0,1,nan,4.0
BANDUSDT,2026-08-14T00:00Z,PANEL_RIGHT,6.28e-05,6.27999979769811e-05,0.0001,2026-08-14T00:00Z,0,1,nan,8.0
BDXNUSDT,2026-08-14T00:00Z,PANEL_RIGHT,5e-05,4.999999873689376e-05,0.0046011,2026-08-14T00:00Z,0,1,nan,4.0
BNTUSDT,2026-08-14T00:00Z,PANEL_RIGHT,-0.00023784,-0.00023783999495208263,-0.00013565,2026-08-14T00:00Z,0,1,nan,8.0
BTWUSDT,2026-08-14T00:00Z,PANEL_RIGHT,0.00109806,0.0010980600491166115,0.00079561,2026-08-14T00:00Z,0,1,nan,4.0
CAPUSDT,2026-08-14T00:00Z,PANEL_RIGHT,-0.00077346,-0.0007734600221738219,-0.00094881,2026-08-14T00:00Z,0,1,nan,4.0
CTRUSDT,2026-08-14T00:00Z,PANEL_RIGHT,0.0005332,0.000533199985511601,0.00020821,2026-08-14T00:00Z,0,1,nan,4.0
CYBERUSDT,2026-08-14T00:00Z,PANEL_RIGHT,5e-05,4.999999873689376e-05,2.675e-05,2026-08-14T00:00Z,0,1,nan,4.0
DATAIPUSDT,2026-08-14T00:00Z,PANEL_RIGHT,-0.00169925,-0.0016992499586194754,-0.00056876,2026-08-14T00:00Z,0,1,nan,4.0
GOATUSDT,2026-08-14T00:00Z,PANEL_RIGHT,0.00019853,0.0001985300041269511,5e-05,2026-08-14T00:00Z,0,1,nan,4.0
KNCUSDT,2026-08-14T00:00Z,PANEL_RIGHT,0.0001,9.999999747378752e-05,-0.00051301,2026-08-14T00:00Z,0,1,nan,8.0
MAVIAUSDT,2026-08-14T00:00Z,PANEL_RIGHT,0.00040867,0.0004086699918843806,0.00055831,2026-08-14T00:00Z,0,1,nan,4.0
MTLUSDT,2026-08-14T00:00Z,PANEL_RIGHT,-0.00039796,-0.0003979599860031158,-2.079e-05,2026-08-14T00:00Z,0,1,nan,8.0
NMRUSDT,2026-08-14T00:00Z,PANEL_RIGHT,-0.00036173,-0.00036172999534755945,-0.00021259,2026-08-14T00:00Z,0,1,nan,4.0
OGUSDT,2026-08-14T00:00Z,PANEL_RIGHT,5e-05,4.999999873689376e-05,3.615e-05,2026-08-14T00:00Z,0,1,nan,4.0
OUSDT,2026-08-14T00:00Z,PANEL_RIGHT,0.00041658,0.0004165800055488944,0.00012714,2026-08-14T00:00Z,0,1,nan,4.0
PUMPBTCUSDT,2026-08-14T00:00Z,PANEL_RIGHT,0.00080068,0.0008006800198927522,0.00029844,2026-08-14T00:00Z,0,1,nan,4.0
REUSDT,2026-08-14T00:00Z,PANEL_RIGHT,-5.413e-05,-5.41299996257294e-05,-7.359e-05,2026-08-14T00:00Z,0,1,nan,4.0
RPLUSDT,2026-08-14T00:00Z,PANEL_RIGHT,5e-05,4.999999873689376e-05,-4.192e-05,2026-08-14T00:00Z,0,1,nan,4.0
SONICUSDT,2026-08-14T00:00Z,PANEL_RIGHT,0.00032416,0.0003241600061301142,8.526e-05,2026-08-14T00:00Z,0,1,nan,4.0
SPORTFUNUSDT,2026-08-14T00:00Z,PANEL_RIGHT,0.00034207,0.00034207000862807035,5e-05,2026-08-14T00:00Z,0,1,nan,4.0
STEEMUSDT,2026-08-14T00:00Z,PANEL_RIGHT,-0.00025783,-0.00025782999000512064,-0.00033742,2026-08-14T00:00Z,0,1,nan,4.0
SUPERUSDT,2026-08-14T00:00Z,PANEL_RIGHT,5e-05,4.999999873689376e-05,2.397e-05,2026-08-14T00:00Z,0,1,nan,4.0
SXPUSDT,2026-08-14T00:00Z,PANEL_RIGHT,0.0001,9.999999747378752e-05,-0.01080766,2026-08-14T00:00Z,0,1,nan,8.0
XVSUSDT,2026-08-14T00:00Z,PANEL_RIGHT,-0.00012414,-0.00012414000229910016,-0.00059901,2026-08-14T00:00Z,0,1,nan,8.0
ZESTUSDT,2026-08-14T00:00Z,PANEL_RIGHT,0.00049152,0.0004915199824608862,0.00033801,2026-08-14T00:00Z,0,1,nan,4.0
ZRXUSDT,2026-08-14T00:00Z,PANEL_RIGHT,5e-05,4.999999873689376e-05,-0.00023526,2026-08-14T00:00Z,0,1,nan,4.0
ALLUSDT,2026-08-14T04:00Z,PANEL_RIGHT,-0.00038161,-0.00038161000702530146,-0.00043968,2026-08-14T00:00Z,14400,1,nan,8.0
ANIMEUSDT,2026-08-14T04:00Z,PANEL_RIGHT,4.056e-05,4.056000034324825e-05,-2.539e-05,2026-08-14T04:00Z,0,1,nan,4.0
BANDUSDT,2026-08-14T04:00Z,PANEL_RIGHT,6.28e-05,6.27999979769811e-05,0.0001,2026-08-14T00:00Z,14400,1,nan,8.0
BDXNUSDT,2026-08-14T04:00Z,PANEL_RIGHT,5e-05,4.999999873689376e-05,0.0046011,2026-08-14T04:00Z,0,1,nan,4.0
BNTUSDT,2026-08-14T04:00Z,PANEL_RIGHT,-0.00023784,-0.00023783999495208263,-0.00013565,2026-08-14T00:00Z,14400,1,nan,8.0
BTWUSDT,2026-08-14T04:00Z,PANEL_RIGHT,0.00070387,0.0007038700277917087,0.00079561,2026-08-14T04:00Z,0,1,nan,4.0
CAPUSDT,2026-08-14T04:00Z,PANEL_RIGHT,-0.00049543,-0.0004954300238750875,-0.00094881,2026-08-14T04:00Z,0,1,nan,4.0
CTRUSDT,2026-08-14T04:00Z,PANEL_RIGHT,5e-05,4.999999873689376e-05,0.00020821,2026-08-14T04:00Z,0,1,nan,4.0
CYBERUSDT,2026-08-14T04:00Z,PANEL_RIGHT,5e-05,4.999999873689376e-05,2.675e-05,2026-08-14T04:00Z,0,1,nan,4.0
DATAIPUSDT,2026-08-14T04:00Z,PANEL_RIGHT,-0.00156352,-0.001563520054332912,-0.00056876,2026-08-14T04:00Z,0,1,nan,4.0
GRVTUSDT,2026-08-14T04:00Z,PANEL_RIGHT,0.00018745,0.00018745000124908984,5e-05,2026-08-14T04:00Z,0,1,nan,4.0
KNCUSDT,2026-08-14T04:00Z,PANEL_RIGHT,0.0001,9.999999747378752e-05,-0.00051301,2026-08-14T00:00Z,14400,1,nan,8.0
MASKUSDT,2026-08-14T04:00Z,PANEL_RIGHT,2.051e-05,2.0510000467766076e-05,5e-05,2026-08-14T04:00Z,0,1,nan,4.0
MAVIAUSDT,2026-08-14T04:00Z,PANEL_RIGHT,0.00018601,0.00018601000192575157,0.00055831,2026-08-14T04:00Z,0,1,nan,4.0
MTLUSDT,2026-08-14T04:00Z,PANEL_RIGHT,-0.00039796,-0.0003979599860031158,-2.079e-05,2026-08-14T00:00Z,14400,1,nan,8.0
NMRUSDT,2026-08-14T04:00Z,PANEL_RIGHT,-1.649e-05,-1.6489999325131066e-05,-0.00021259,2026-08-14T04:00Z,0,1,nan,4.0
OGUSDT,2026-08-14T04:00Z,PANEL_RIGHT,5e-05,4.999999873689376e-05,3.615e-05,2026-08-14T04:00Z,0,1,nan,4.0
OUSDT,2026-08-14T04:00Z,PANEL_RIGHT,0.00029629,0.00029629000346176326,0.00012714,2026-08-14T04:00Z,0,1,nan,4.0
POLYXUSDT,2026-08-14T04:00Z,PANEL_RIGHT,1.72e-06,1.720000000204891e-06,5e-05,2026-08-14T04:00Z,0,1,nan,4.0
PUMPBTCUSDT,2026-08-14T04:00Z,PANEL_RIGHT,0.00113968,0.0011396800400689244,0.00029844,2026-08-14T04:00Z,0,1,nan,4.0
REDUSDT,2026-08-14T04:00Z,PANEL_RIGHT,2.826e-05,2.8259999453439377e-05,5e-05,2026-08-14T04:00Z,0,1,nan,4.0
REUSDT,2026-08-14T04:00Z,PANEL_RIGHT,-0.00010411,-0.00010410999675514176,-7.359e-05,2026-08-14T04:00Z,0,1,nan,4.0
RPLUSDT,2026-08-14T04:00Z,PANEL_RIGHT,5e-05,4.999999873689376e-05,-4.192e-05,2026-08-14T04:00Z,0,1,nan,4.0
SLXUSDT,2026-08-14T04:00Z,PANEL_RIGHT,9.65e-05,9.649999992689118e-05,5e-05,2026-08-14T04:00Z,0,1,nan,4.0
SONICUSDT,2026-08-14T04:00Z,PANEL_RIGHT,5e-05,4.999999873689376e-05,8.526e-05,2026-08-14T04:00Z,0,1,nan,4.0
SPORTFUNUSDT,2026-08-14T04:00Z,PANEL_RIGHT,9.637e-05,9.637000039219856e-05,5e-05,2026-08-14T04:00Z,0,1,nan,4.0
STEEMUSDT,2026-08-14T04:00Z,PANEL_RIGHT,-0.00039228,-0.00039227999513968825,-0.00033742,2026-08-14T04:00Z,0,1,nan,4.0
SUPERUSDT,2026-08-14T04:00Z,PANEL_RIGHT,5e-05,4.999999873689376e-05,2.397e-05,2026-08-14T04:00Z,0,1,nan,4.0
SXPUSDT,2026-08-14T04:00Z,PANEL_RIGHT,0.0001,9.999999747378752e-05,-0.01080766,2026-08-14T00:00Z,14400,1,nan,8.0
XVSUSDT,2026-08-14T04:00Z,PANEL_RIGHT,-0.00012414,-0.00012414000229910016,-0.00059901,2026-08-14T00:00Z,14400,1,nan,8.0
ZESTUSDT,2026-08-14T04:00Z,PANEL_RIGHT,0.00013547,0.00013547000708058476,0.00033801,2026-08-14T04:00Z,0,1,nan,4.0
ZRXUSDT,2026-08-14T04:00Z,PANEL_RIGHT,-1.02e-06,-1.0200000133409048e-06,-0.00023526,2026-08-14T04:00Z,0,1,nan,4.0
1000000BOBUSDT,2026-08-14T08:00Z,PANEL_RIGHT,0.00043388,0.0004338799917604774,5e-05,2026-08-14T08:00Z,0,1,nan,4.0
ALLUSDT,2026-08-14T08:00Z,PANEL_RIGHT,-0.00023931,-0.0002393100003246218,-0.00043968,2026-08-14T08:00Z,0,1,nan,8.0
ANIMEUSDT,2026-08-14T08:00Z,PANEL_RIGHT,-4.34e-06,-4.340000032243552e-06,-2.539e-05,2026-08-14T08:00Z,0,1,nan,4.0
BANDUSDT,2026-08-14T08:00Z,PANEL_RIGHT,-0.00029018,-0.0002901800035033375,0.0001,2026-08-14T08:00Z,0,1,nan,8.0
BDXNUSDT,2026-08-14T08:00Z,PANEL_RIGHT,5e-05,4.999999873689376e-05,0.0046011,2026-08-14T08:00Z,0,1,nan,4.0
BNTUSDT,2026-08-14T08:00Z,PANEL_RIGHT,-0.00020336,-0.00020336000306997448,-0.00013565,2026-08-14T08:00Z,0,1,nan,8.0
BTWUSDT,2026-08-14T08:00Z,PANEL_RIGHT,0.00010509,0.00010509000276215374,0.00079561,2026-08-14T08:00Z,0,1,nan,4.0
CAPUSDT,2026-08-14T08:00Z,PANEL_RIGHT,-0.0003775,-0.000377499993192032,-0.00094881,2026-08-14T08:00Z,0,1,nan,4.0
CTRUSDT,2026-08-14T08:00Z,PANEL_RIGHT,5e-05,4.999999873689376e-05,0.00020821,2026-08-14T08:00Z,0,1,nan,4.0
CYBERUSDT,2026-08-14T08:00Z,PANEL_RIGHT,5e-05,4.999999873689376e-05,2.675e-05,2026-08-14T08:00Z,0,1,nan,4.0
DATAIPUSDT,2026-08-14T08:00Z,PANEL_RIGHT,-0.00094017,-0.0009401700226590037,-0.00056876,2026-08-14T08:00Z,0,1,nan,4.0
FLUXUSDT,2026-08-14T08:00Z,PANEL_RIGHT,4.311e-05,4.3110001570312306e-05,5e-05,2026-08-14T08:00Z,0,1,nan,4.0
GLMUSDT,2026-08-14T08:00Z,PANEL_RIGHT,-6.773e-05,-6.772999768145382e-05,5e-05,2026-08-14T08:00Z,0,1,nan,4.0
GRVTUSDT,2026-08-14T08:00Z,PANEL_RIGHT,0.00017095,0.0001709500065771863,5e-05,2026-08-14T08:00Z,0,1,nan,4.0
HIVEUSDT,2026-08-14T08:00Z,PANEL_RIGHT,-5.655e-05,-5.655000131810084e-05,5e-05,2026-08-14T08:00Z,0,1,nan,4.0
ILVUSDT,2026-08-14T08:00Z,PANEL_RIGHT,3.276e-05,3.2759999157860875e-05,5e-05,2026-08-14T08:00Z,0,1,nan,4.0
KNCUSDT,2026-08-14T08:00Z,PANEL_RIGHT,0.0001,9.999999747378752e-05,-0.00051301,2026-08-14T08:00Z,0,1,nan,8.0
MASKUSDT,2026-08-14T08:00Z,PANEL_RIGHT,-8.13e-06,-8.130000423989259e-06,5e-05,2026-08-14T08:00Z,0,1,nan,4.0
MAVIAUSDT,2026-08-14T08:00Z,PANEL_RIGHT,0.00016397,0.00016397000581491739,0.00055831,2026-08-14T08:00Z,0,1,nan,4.0
MTLUSDT,2026-08-14T08:00Z,PANEL_RIGHT,-9.938e-05,-9.937999857356772e-05,-2.079e-05,2026-08-14T08:00Z,0,1,nan,8.0
NMRUSDT,2026-08-14T08:00Z,PANEL_RIGHT,-7.42e-05,-7.419999747071415e-05,-0.00021259,2026-08-14T08:00Z,0,1,nan,4.0
OGUSDT,2026-08-14T08:00Z,PANEL_RIGHT,5e-05,4.999999873689376e-05,3.615e-05,2026-08-14T08:00Z,0,1,nan,4.0
OUSDT,2026-08-14T08:00Z,PANEL_RIGHT,5e-05,4.999999873689376e-05,0.00012714,2026-08-14T08:00Z,0,1,nan,4.0
PUMPBTCUSDT,2026-08-14T08:00Z,PANEL_RIGHT,5e-05,4.999999873689376e-05,0.00029844,2026-08-14T08:00Z,0,1,nan,4.0
REUSDT,2026-08-14T08:00Z,PANEL_RIGHT,-0.00028346,-0.0002834599872585386,-7.359e-05,2026-08-14T08:00Z,0,1,nan,4.0
RPLUSDT,2026-08-14T08:00Z,PANEL_RIGHT,5e-05,4.999999873689376e-05,-4.192e-05,2026-08-14T08:00Z,0,1,nan,4.0
SONICUSDT,2026-08-14T08:00Z,PANEL_RIGHT,5e-05,4.999999873689376e-05,8.526e-05,2026-08-14T08:00Z,0,1,nan,4.0
STEEMUSDT,2026-08-14T08:00Z,PANEL_RIGHT,-8.425e-05,-8.425000123679638e-05,-0.00033742,2026-08-14T08:00Z,0,1,nan,4.0
SUPERUSDT,2026-08-14T08:00Z,PANEL_RIGHT,5e-05,4.999999873689376e-05,2.397e-05,2026-08-14T08:00Z,0,1,nan,4.0
SXPUSDT,2026-08-14T08:00Z,PANEL_RIGHT,0.0001,9.999999747378752e-05,-0.01080766,2026-08-14T08:00Z,0,1,nan,8.0
XVSUSDT,2026-08-14T08:00Z,PANEL_RIGHT,-0.00106576,-0.0010657600359991193,-0.00059901,2026-08-14T08:00Z,0,1,nan,8.0
ZESTUSDT,2026-08-14T08:00Z,PANEL_RIGHT,5e-05,4.999999873689376e-05,0.00033801,2026-08-14T08:00Z,0,1,nan,4.0
ZRXUSDT,2026-08-14T08:00Z,PANEL_RIGHT,-0.00014776,-0.00014776000170968473,-0.00023526,2026-08-14T08:00Z,0,1,nan,4.0
1000000BOBUSDT,2026-08-14T12:00Z,PANEL_RIGHT,0.0018651,0.0018650999991223216,5e-05,2026-08-14T12:00Z,0,1,nan,4.0
ALLUSDT,2026-08-14T12:00Z,PANEL_RIGHT,-0.00023931,-0.0002393100003246218,-0.00043968,2026-08-14T08:00Z,14400,1,nan,8.0
ANIMEUSDT,2026-08-14T12:00Z,PANEL_RIGHT,5e-05,4.999999873689376e-05,-2.539e-05,2026-08-14T12:00Z,0,1,nan,4.0
BANDUSDT,2026-08-14T12:00Z,PANEL_RIGHT,-0.00029018,-0.0002901800035033375,0.0001,2026-08-14T08:00Z,14400,1,nan,8.0
BDXNUSDT,2026-08-14T12:00Z,PANEL_RIGHT,5e-05,4.999999873689376e-05,0.0046011,2026-08-14T12:00Z,0,1,nan,4.0
BNTUSDT,2026-08-14T12:00Z,PANEL_RIGHT,-0.00020336,-0.00020336000306997448,-0.00013565,2026-08-14T08:00Z,14400,1,nan,8.0
BTWUSDT,2026-08-14T12:00Z,PANEL_RIGHT,0.00080674,0.0008067400194704533,0.00079561,2026-08-14T12:00Z,0,1,nan,4.0
CAPUSDT,2026-08-14T12:00Z,PANEL_RIGHT,-0.00034101,-0.0003410099889151752,-0.00094881,2026-08-14T12:00Z,0,1,nan,4.0
CLANKERUSDT,2026-08-14T12:00Z,PANEL_RIGHT,0.00011878,0.00011878000077558681,5e-05,2026-08-14T12:00Z,0,1,nan,4.0
CTRUSDT,2026-08-14T12:00Z,PANEL_RIGHT,6.799e-05,6.798999675083905e-05,0.00020821,2026-08-14T12:00Z,0,1,nan,4.0
CYBERUSDT,2026-08-14T12:00Z,PANEL_RIGHT,-0.00016386,-0.00016385999333579093,2.675e-05,2026-08-14T12:00Z,0,1,nan,4.0
DATAIPUSDT,2026-08-14T12:00Z,PANEL_RIGHT,-0.00054753,-0.0005475300131365657,-0.00056876,2026-08-14T12:00Z,0,1,nan,4.0
GLMUSDT,2026-08-14T12:00Z,PANEL_RIGHT,-5.499e-05,-5.498999962583184e-05,5e-05,2026-08-14T12:00Z,0,1,nan,4.0
GRAMUSDT,2026-08-14T12:00Z,PANEL_RIGHT,4.105e-05,4.104999970877543e-05,5e-05,2026-08-14T12:00Z,0,1,nan,4.0
GRVTUSDT,2026-08-14T12:00Z,PANEL_RIGHT,0.00022426,0.0002242600021418184,5e-05,2026-08-14T12:00Z,0,1,nan,4.0
KNCUSDT,2026-08-14T12:00Z,PANEL_RIGHT,0.0001,9.999999747378752e-05,-0.00051301,2026-08-14T08:00Z,14400,1,nan,8.0
MAVIAUSDT,2026-08-14T12:00Z,PANEL_RIGHT,6.717e-05,6.71700036036782e-05,0.00055831,2026-08-14T12:00Z,0,1,nan,4.0
MTLUSDT,2026-08-14T12:00Z,PANEL_RIGHT,-9.938e-05,-9.937999857356772e-05,-2.079e-05,2026-08-14T08:00Z,14400,1,nan,8.0
NMRUSDT,2026-08-14T12:00Z,PANEL_RIGHT,5e-05,4.999999873689376e-05,-0.00021259,2026-08-14T12:00Z,0,1,nan,4.0
OGUSDT,2026-08-14T12:00Z,PANEL_RIGHT,5e-05,4.999999873689376e-05,3.615e-05,2026-08-14T12:00Z,0,1,nan,4.0
OUSDT,2026-08-14T12:00Z,PANEL_RIGHT,0.00013126,0.00013126000703778118,0.00012714,2026-08-14T12:00Z,0,1,nan,4.0
PUMPBTCUSDT,2026-08-14T12:00Z,PANEL_RIGHT,5e-05,4.999999873689376e-05,0.00029844,2026-08-14T12:00Z,0,1,nan,4.0
REDUSDT,2026-08-14T12:00Z,PANEL_RIGHT,2.685e-05,2.685000072233379e-05,5e-05,2026-08-14T12:00Z,0,1,nan,4.0
REUSDT,2026-08-14T12:00Z,PANEL_RIGHT,-0.00039003,-0.00039003000711090863,-7.359e-05,2026-08-14T12:00Z,0,1,nan,4.0
RPLUSDT,2026-08-14T12:00Z,PANEL_RIGHT,5e-05,4.999999873689376e-05,-4.192e-05,2026-08-14T12:00Z,0,1,nan,4.0
SONICUSDT,2026-08-14T12:00Z,PANEL_RIGHT,0.00020276,0.00020275999850127846,8.526e-05,2026-08-14T12:00Z,0,1,nan,4.0
SPORTFUNUSDT,2026-08-14T12:00Z,PANEL_RIGHT,0.00016643,0.0001664300070842728,5e-05,2026-08-14T12:00Z,0,1,nan,4.0
STEEMUSDT,2026-08-14T12:00Z,PANEL_RIGHT,-5.736e-05,-5.736000093747862e-05,-0.00033742,2026-08-14T12:00Z,0,1,nan,4.0
SUNUSDT,2026-08-14T12:00Z,PANEL_RIGHT,-9.176e-05,-9.175999730359763e-05,5e-05,2026-08-14T12:00Z,0,1,nan,4.0
SUPERUSDT,2026-08-14T12:00Z,PANEL_RIGHT,-2.989e-05,-2.9889999495935626e-05,2.397e-05,2026-08-14T12:00Z,0,1,nan,4.0
SXPUSDT,2026-08-14T12:00Z,PANEL_RIGHT,0.0001,9.999999747378752e-05,-0.01080766,2026-08-14T08:00Z,14400,1,nan,8.0
XVSUSDT,2026-08-14T12:00Z,PANEL_RIGHT,-0.00106576,-0.0010657600359991193,-0.00059901,2026-08-14T08:00Z,14400,1,nan,8.0
ZESTUSDT,2026-08-14T12:00Z,PANEL_RIGHT,5e-05,4.999999873689376e-05,0.00033801,2026-08-14T12:00Z,0,1,nan,4.0
ZRXUSDT,2026-08-14T12:00Z,PANEL_RIGHT,5e-05,4.999999873689376e-05,-0.00023526,2026-08-14T12:00Z,0,1,nan,4.0
1000000BOBUSDT,2026-08-14T16:00Z,PANEL_RIGHT,0.00120385,0.0012038500281050801,5e-05,2026-08-14T16:00Z,0,1,nan,4.0
ALLUSDT,2026-08-14T16:00Z,PANEL_RIGHT,-0.00046554,-0.00046554001164622605,-0.00043968,2026-08-14T16:00Z,0,1,nan,8.0
ANIMEUSDT,2026-08-14T16:00Z,PANEL_RIGHT,5e-05,4.999999873689376e-05,-2.539e-05,2026-08-14T16:00Z,0,1,nan,4.0
BDXNUSDT,2026-08-14T16:00Z,PANEL_RIGHT,5e-05,4.999999873689376e-05,0.0046011,2026-08-14T16:00Z,0,1,nan,4.0
BNTUSDT,2026-08-14T16:00Z,PANEL_RIGHT,6.392e-05,6.392000068444759e-05,-0.00013565,2026-08-14T16:00Z,0,1,nan,8.0
BTWUSDT,2026-08-14T16:00Z,PANEL_RIGHT,0.00083039,0.0008303900249302387,0.00079561,2026-08-14T16:00Z,0,1,nan,4.0
CAPUSDT,2026-08-14T16:00Z,PANEL_RIGHT,-0.00044512,-0.0004451200074981898,-0.00094881,2026-08-14T16:00Z,0,1,nan,4.0
CLANKERUSDT,2026-08-14T16:00Z,PANEL_RIGHT,0.00012534,0.00012533999688457698,5e-05,2026-08-14T16:00Z,0,1,nan,4.0
CTRUSDT,2026-08-14T16:00Z,PANEL_RIGHT,7.15e-05,7.14999987394549e-05,0.00020821,2026-08-14T16:00Z,0,1,nan,4.0
CYBERUSDT,2026-08-14T16:00Z,PANEL_RIGHT,3.15e-05,3.149999974993989e-05,2.675e-05,2026-08-14T16:00Z,0,1,nan,4.0
DATAIPUSDT,2026-08-14T16:00Z,PANEL_RIGHT,-0.00075463,-0.000754630018491298,-0.00056876,2026-08-14T16:00Z,0,1,nan,4.0
GLMUSDT,2026-08-14T16:00Z,PANEL_RIGHT,4.177e-05,4.1769999370444566e-05,5e-05,2026-08-14T16:00Z,0,1,nan,4.0
KNCUSDT,2026-08-14T16:00Z,PANEL_RIGHT,0.0001,9.999999747378752e-05,-0.00051301,2026-08-14T16:00Z,0,1,nan,8.0
MAVIAUSDT,2026-08-14T16:00Z,PANEL_RIGHT,9.41e-05,9.410000347997993e-05,0.00055831,2026-08-14T16:00Z,0,1,nan,4.0
MTLUSDT,2026-08-14T16:00Z,PANEL_RIGHT,0.0001,9.999999747378752e-05,-2.079e-05,2026-08-14T16:00Z,0,1,nan,8.0
NMRUSDT,2026-08-14T16:00Z,PANEL_RIGHT,-0.0001345,-0.0001345000055152923,-0.00021259,2026-08-14T16:00Z,0,1,nan,4.0
OGUSDT,2026-08-14T16:00Z,PANEL_RIGHT,5e-05,4.999999873689376e-05,3.615e-05,2026-08-14T16:00Z,0,1,nan,4.0
OUSDT,2026-08-14T16:00Z,PANEL_RIGHT,7.118e-05,7.118000212358311e-05,0.00012714,2026-08-14T16:00Z,0,1,nan,4.0
PUMPBTCUSDT,2026-08-14T16:00Z,PANEL_RIGHT,5e-05,4.999999873689376e-05,0.00029844,2026-08-14T16:00Z,0,1,nan,4.0
REUSDT,2026-08-14T16:00Z,PANEL_RIGHT,-8.235e-05,-8.23500013211742e-05,-7.359e-05,2026-08-14T16:00Z,0,1,nan,4.0
RPLUSDT,2026-08-14T16:00Z,PANEL_RIGHT,5e-05,4.999999873689376e-05,-4.192e-05,2026-08-14T16:00Z,0,1,nan,4.0
SLXUSDT,2026-08-14T16:00Z,PANEL_RIGHT,0.00025473,0.00025472999550402164,5e-05,2026-08-14T16:00Z,0,1,nan,4.0
SONICUSDT,2026-08-14T16:00Z,PANEL_RIGHT,0.00033583,0.00033583000185899436,8.526e-05,2026-08-14T16:00Z,0,1,nan,4.0
STEEMUSDT,2026-08-14T16:00Z,PANEL_RIGHT,1.565e-05,1.5649999113520607e-05,-0.00033742,2026-08-14T16:00Z,0,1,nan,4.0
SUNUSDT,2026-08-14T16:00Z,PANEL_RIGHT,-6.33e-05,-6.330000178422779e-05,5e-05,2026-08-14T16:00Z,0,1,nan,4.0
SUPERUSDT,2026-08-14T16:00Z,PANEL_RIGHT,5e-05,4.999999873689376e-05,2.397e-05,2026-08-14T16:00Z,0,1,nan,4.0
SXPUSDT,2026-08-14T16:00Z,PANEL_RIGHT,0.0001,9.999999747378752e-05,-0.01080766,2026-08-14T16:00Z,0,1,nan,8.0
XVSUSDT,2026-08-14T16:00Z,PANEL_RIGHT,-0.00025419,-0.0002541900030337274,-0.00059901,2026-08-14T16:00Z,0,1,nan,8.0
ZESTUSDT,2026-08-14T16:00Z,PANEL_RIGHT,0.00019614,0.00019613999756984413,0.00033801,2026-08-14T16:00Z,0,1,nan,4.0
ZRXUSDT,2026-08-14T16:00Z,PANEL_RIGHT,3.441e-05,3.4410000807838514e-05,-0.00023526,2026-08-14T16:00Z,0,1,nan,4.0
1000000BOBUSDT,2026-08-14T20:00Z,PANEL_RIGHT,0.00192265,0.0019226500298827887,5e-05,2026-08-14T20:00Z,0,1,nan,4.0
ALLUSDT,2026-08-14T20:00Z,PANEL_RIGHT,-0.00046554,-0.00046554001164622605,-0.00043968,2026-08-14T16:00Z,14400,1,nan,8.0
ANIMEUSDT,2026-08-14T20:00Z,PANEL_RIGHT,5e-05,4.999999873689376e-05,-2.539e-05,2026-08-14T20:00Z,0,1,nan,4.0
BDXNUSDT,2026-08-14T20:00Z,PANEL_RIGHT,5e-05,4.999999873689376e-05,0.0046011,2026-08-14T20:00Z,0,1,nan,4.0
BNTUSDT,2026-08-14T20:00Z,PANEL_RIGHT,6.392e-05,6.392000068444759e-05,-0.00013565,2026-08-14T16:00Z,14400,1,nan,8.0
BTWUSDT,2026-08-14T20:00Z,PANEL_RIGHT,0.00102692,0.0010269200429320335,0.00079561,2026-08-14T20:00Z,0,1,nan,4.0
CAPUSDT,2026-08-14T20:00Z,PANEL_RIGHT,-0.00555262,-0.0055526201613247395,-0.00094881,2026-08-14T20:00Z,0,1,nan,4.0
CTRUSDT,2026-08-14T20:00Z,PANEL_RIGHT,5e-05,4.999999873689376e-05,0.00020821,2026-08-14T20:00Z,0,1,nan,4.0
CYBERUSDT,2026-08-14T20:00Z,PANEL_RIGHT,-4.632e-05,-4.6320001274580136e-05,2.675e-05,2026-08-14T20:00Z,0,1,nan,4.0
DATAIPUSDT,2026-08-14T20:00Z,PANEL_RIGHT,-0.00060709,-0.0006070900126360357,-0.00056876,2026-08-14T20:00Z,0,1,nan,4.0
FRAXUSDT,2026-08-14T20:00Z,PANEL_RIGHT,-0.00018322,-0.00018322000687476248,5e-05,2026-08-14T20:00Z,0,1,nan,4.0
GLMUSDT,2026-08-14T20:00Z,PANEL_RIGHT,-0.00011506,-0.00011506000009831041,5e-05,2026-08-14T20:00Z,0,1,nan,4.0
KNCUSDT,2026-08-14T20:00Z,PANEL_RIGHT,0.0001,9.999999747378752e-05,-0.00051301,2026-08-14T16:00Z,14400,1,nan,8.0
MAVIAUSDT,2026-08-14T20:00Z,PANEL_RIGHT,0.00043192,0.0004319199942983687,0.00055831,2026-08-14T20:00Z,0,1,nan,4.0
MTLUSDT,2026-08-14T20:00Z,PANEL_RIGHT,0.0001,9.999999747378752e-05,-2.079e-05,2026-08-14T16:00Z,14400,1,nan,8.0
NMRUSDT,2026-08-14T20:00Z,PANEL_RIGHT,-7.767e-05,-7.767000352032483e-05,-0.00021259,2026-08-14T20:00Z,0,1,nan,4.0
OGUSDT,2026-08-14T20:00Z,PANEL_RIGHT,5e-05,4.999999873689376e-05,3.615e-05,2026-08-14T20:00Z,0,1,nan,4.0
OUSDT,2026-08-14T20:00Z,PANEL_RIGHT,5e-05,4.999999873689376e-05,0.00012714,2026-08-14T20:00Z,0,1,nan,4.0
PUMPBTCUSDT,2026-08-14T20:00Z,PANEL_RIGHT,5e-05,4.999999873689376e-05,0.00029844,2026-08-14T20:00Z,0,1,nan,4.0
REUSDT,2026-08-14T20:00Z,PANEL_RIGHT,-8.084e-05,-8.084000000962988e-05,-7.359e-05,2026-08-14T20:00Z,0,1,nan,4.0
RPLUSDT,2026-08-14T20:00Z,PANEL_RIGHT,5e-05,4.999999873689376e-05,-4.192e-05,2026-08-14T20:00Z,0,1,nan,4.0
SONICUSDT,2026-08-14T20:00Z,PANEL_RIGHT,5e-05,4.999999873689376e-05,8.526e-05,2026-08-14T20:00Z,0,1,nan,4.0
SPORTFUNUSDT,2026-08-14T20:00Z,PANEL_RIGHT,7.799e-05,7.799000013619661e-05,5e-05,2026-08-14T20:00Z,0,1,nan,4.0
STEEMUSDT,2026-08-14T20:00Z,PANEL_RIGHT,-0.00015489,-0.00015489000361412764,-0.00033742,2026-08-14T20:00Z,0,1,nan,4.0
SUPERUSDT,2026-08-14T20:00Z,PANEL_RIGHT,5e-05,4.999999873689376e-05,2.397e-05,2026-08-14T20:00Z,0,1,nan,4.0
SXPUSDT,2026-08-14T20:00Z,PANEL_RIGHT,0.0001,9.999999747378752e-05,-0.01080766,2026-08-14T16:00Z,14400,1,nan,8.0
WCTUSDT,2026-08-14T20:00Z,PANEL_RIGHT,-3.046e-05,-3.045999983442016e-05,5e-05,2026-08-14T20:00Z,0,1,nan,4.0
XVSUSDT,2026-08-14T20:00Z,PANEL_RIGHT,-0.00025419,-0.0002541900030337274,-0.00059901,2026-08-14T16:00Z,14400,1,nan,8.0
ZESTUSDT,2026-08-14T20:00Z,PANEL_RIGHT,0.00025731,0.0002573099918663502,0.00033801,2026-08-14T20:00Z,0,1,nan,4.0
ZRXUSDT,2026-08-14T20:00Z,PANEL_RIGHT,5e-05,4.999999873689376e-05,-0.00023526,2026-08-14T20:00Z,0,1,nan,4.0
1000000BOBUSDT,2026-08-15T00:00Z,PANEL_RIGHT,0.00045824,0.00045824001426808536,5e-05,2026-08-15T00:00Z,0,1,nan,4.0
ALLUSDT,2026-08-15T00:00Z,PANEL_RIGHT,0.0001,9.999999747378752e-05,-0.00043968,2026-08-15T00:00Z,0,1,nan,8.0
ANIMEUSDT,2026-08-15T00:00Z,PANEL_RIGHT,5e-05,4.999999873689376e-05,-2.539e-05,2026-08-15T00:00Z,0,1,nan,4.0
BDXNUSDT,2026-08-15T00:00Z,PANEL_RIGHT,5e-05,4.999999873689376e-05,0.0046011,2026-08-15T00:00Z,0,1,nan,4.0
BNTUSDT,2026-08-15T00:00Z,PANEL_RIGHT,4.132e-05,4.1319999581901357e-05,-0.00013565,2026-08-15T00:00Z,0,1,nan,8.0
BTWUSDT,2026-08-15T00:00Z,PANEL_RIGHT,0.00120997,0.001209969981573522,0.00079561,2026-08-15T00:00Z,0,1,nan,4.0
CAPUSDT,2026-08-15T00:00Z,PANEL_RIGHT,-0.00572676,-0.005726759787648916,-0.00094881,2026-08-15T00:00Z,0,1,nan,4.0
CELRUSDT,2026-08-15T00:00Z,PANEL_RIGHT,8.259e-05,8.258999878307804e-05,0.0001,2026-08-15T00:00Z,0,1,nan,8.0
CLANKERUSDT,2026-08-15T00:00Z,PANEL_RIGHT,0.00012162,0.00012162000348325819,5e-05,2026-08-15T00:00Z,0,1,nan,4.0
CTRUSDT,2026-08-15T00:00Z,PANEL_RIGHT,5e-05,4.999999873689376e-05,0.00020821,2026-08-15T00:00Z,0,1,nan,4.0
CYBERUSDT,2026-08-15T00:00Z,PANEL_RIGHT,5e-05,4.999999873689376e-05,2.675e-05,2026-08-15T00:00Z,0,1,nan,4.0
DATAIPUSDT,2026-08-15T00:00Z,PANEL_RIGHT,-0.00047015,-0.00047015000018291175,-0.00056876,2026-08-15T00:00Z,0,1,nan,4.0
GRVTUSDT,2026-08-15T00:00Z,PANEL_RIGHT,5.489e-05,5.4889998864382505e-05,5e-05,2026-08-15T00:00Z,0,1,nan,4.0
KNCUSDT,2026-08-15T00:00Z,PANEL_RIGHT,0.0001,9.999999747378752e-05,-0.00051301,2026-08-15T00:00Z,0,1,nan,8.0
MAVIAUSDT,2026-08-15T00:00Z,PANEL_RIGHT,0.0001237,0.00012369999603834003,0.00055831,2026-08-15T00:00Z,0,1,nan,4.0
MTLUSDT,2026-08-15T00:00Z,PANEL_RIGHT,0.0001,9.999999747378752e-05,-2.079e-05,2026-08-15T00:00Z,0,1,nan,8.0
NMRUSDT,2026-08-15T00:00Z,PANEL_RIGHT,5e-05,4.999999873689376e-05,-0.00021259,2026-08-15T00:00Z,0,1,nan,4.0
OGUSDT,2026-08-15T00:00Z,PANEL_RIGHT,5e-05,4.999999873689376e-05,3.615e-05,2026-08-15T00:00Z,0,1,nan,4.0
OUSDT,2026-08-15T00:00Z,PANEL_RIGHT,0.00013262,0.0001326199999311939,0.00012714,2026-08-15T00:00Z,0,1,nan,4.0
PUMPBTCUSDT,2026-08-15T00:00Z,PANEL_RIGHT,-5.342e-05,-5.342000076780096e-05,0.00029844,2026-08-15T00:00Z,0,1,nan,4.0
REUSDT,2026-08-15T00:00Z,PANEL_RIGHT,-9.687e-05,-9.686999692348763e-05,-7.359e-05,2026-08-15T00:00Z,0,1,nan,4.0
RPLUSDT,2026-08-15T00:00Z,PANEL_RIGHT,-9.725e-05,-9.724999836180359e-05,-4.192e-05,2026-08-15T00:00Z,0,1,nan,4.0
SLXUSDT,2026-08-15T00:00Z,PANEL_RIGHT,0.00010625,0.0001062500014086254,5e-05,2026-08-15T00:00Z,0,1,nan,4.0
SONICUSDT,2026-08-15T00:00Z,PANEL_RIGHT,5e-05,4.999999873689376e-05,8.526e-05,2026-08-15T00:00Z,0,1,nan,4.0
STEEMUSDT,2026-08-15T00:00Z,PANEL_RIGHT,-0.00016201,-0.00016200999380089343,-0.00033742,2026-08-15T00:00Z,0,1,nan,4.0
SUPERUSDT,2026-08-15T00:00Z,PANEL_RIGHT,5e-05,4.999999873689376e-05,2.397e-05,2026-08-15T00:00Z,0,1,nan,4.0
SXPUSDT,2026-08-15T00:00Z,PANEL_RIGHT,0.0001,9.999999747378752e-05,-0.01080766,2026-08-15T00:00Z,0,1,nan,8.0
XVSUSDT,2026-08-15T00:00Z,PANEL_RIGHT,-0.00010949,-0.0001094899998861365,-0.00059901,2026-08-15T00:00Z,0,1,nan,8.0
ZESTUSDT,2026-08-15T00:00Z,PANEL_RIGHT,0.0003849,0.000384899991331622,0.00033801,2026-08-15T00:00Z,0,1,nan,4.0
ZRXUSDT,2026-08-15T00:00Z,PANEL_RIGHT,-0.00011193,-0.00011192999954801053,-0.00023526,2026-08-15T00:00Z,0,1,nan,4.0
1000000BOBUSDT,2026-08-15T04:00Z,PANEL_RIGHT,0.00027063,0.0002706300001591444,5e-05,2026-08-15T04:00Z,0,1,nan,4.0
ALLUSDT,2026-08-15T04:00Z,PANEL_RIGHT,0.0001,9.999999747378752e-05,-0.00043968,2026-08-15T00:00Z,14400,1,nan,8.0
ANIMEUSDT,2026-08-15T04:00Z,PANEL_RIGHT,5e-05,4.999999873689376e-05,-2.539e-05,2026-08-15T04:00Z,0,1,nan,4.0
BDXNUSDT,2026-08-15T04:00Z,PANEL_RIGHT,5e-05,4.999999873689376e-05,0.0046011,2026-08-15T04:00Z,0,1,nan,4.0
BNTUSDT,2026-08-15T04:00Z,PANEL_RIGHT,4.132e-05,4.1319999581901357e-05,-0.00013565,2026-08-15T00:00Z,14400,1,nan,8.0
BTWUSDT,2026-08-15T04:00Z,PANEL_RIGHT,0.00066711,0.0006671100272797048,0.00079561,2026-08-15T04:00Z,0,1,nan,4.0
CAPUSDT,2026-08-15T04:00Z,PANEL_RIGHT,-0.00812012,-0.008120119571685791,-0.00094881,2026-08-15T04:00Z,0,1,nan,4.0
CELRUSDT,2026-08-15T04:00Z,PANEL_RIGHT,8.259e-05,8.258999878307804e-05,0.0001,2026-08-15T00:00Z,14400,1,nan,8.0
CTRUSDT,2026-08-15T04:00Z,PANEL_RIGHT,0.00018364,0.0001836400042520836,0.00020821,2026-08-15T04:00Z,0,1,nan,4.0
CYBERUSDT,2026-08-15T04:00Z,PANEL_RIGHT,-2.092e-05,-2.0920000679325312e-05,2.675e-05,2026-08-15T04:00Z,0,1,nan,4.0
DATAIPUSDT,2026-08-15T04:00Z,PANEL_RIGHT,-0.00104097,-0.0010409699752926826,-0.00056876,2026-08-15T04:00Z,0,1,nan,4.0
GLMUSDT,2026-08-15T04:00Z,PANEL_RIGHT,-3.321e-05,-3.3209998946404085e-05,5e-05,2026-08-15T04:00Z,0,1,nan,4.0
GRVTUSDT,2026-08-15T04:00Z,PANEL_RIGHT,0.00011823,0.00011822999658761546,5e-05,2026-08-15T04:00Z,0,1,nan,4.0
ILVUSDT,2026-08-15T04:00Z,PANEL_RIGHT,3.009e-05,3.0089999199844897e-05,5e-05,2026-08-15T04:00Z,0,1,nan,4.0
KNCUSDT,2026-08-15T04:00Z,PANEL_RIGHT,0.0001,9.999999747378752e-05,-0.00051301,2026-08-15T00:00Z,14400,1,nan,8.0
MAVIAUSDT,2026-08-15T04:00Z,PANEL_RIGHT,0.00022305,0.00022304999583866447,0.00055831,2026-08-15T04:00Z,0,1,nan,4.0
MTLUSDT,2026-08-15T04:00Z,PANEL_RIGHT,0.0001,9.999999747378752e-05,-2.079e-05,2026-08-15T00:00Z,14400,1,nan,8.0
NMRUSDT,2026-08-15T04:00Z,PANEL_RIGHT,-0.0001251,-0.00012510000669863075,-0.00021259,2026-08-15T04:00Z,0,1,nan,4.0
OGUSDT,2026-08-15T04:00Z,PANEL_RIGHT,5e-05,4.999999873689376e-05,3.615e-05,2026-08-15T04:00Z,0,1,nan,4.0
OUSDT,2026-08-15T04:00Z,PANEL_RIGHT,0.00037133,0.0003713300102390349,0.00012714,2026-08-15T04:00Z,0,1,nan,4.0
PUMPBTCUSDT,2026-08-15T04:00Z,PANEL_RIGHT,5e-05,4.999999873689376e-05,0.00029844,2026-08-15T04:00Z,0,1,nan,4.0
REUSDT,2026-08-15T04:00Z,PANEL_RIGHT,4.062e-05,4.062000152771361e-05,-7.359e-05,2026-08-15T04:00Z,0,1,nan,4.0
RPLUSDT,2026-08-15T04:00Z,PANEL_RIGHT,-0.00011442,-0.00011441999959060922,-4.192e-05,2026-08-15T04:00Z,0,1,nan,4.0
SLXUSDT,2026-08-15T04:00Z,PANEL_RIGHT,0.00010934,0.0001093399987439625,5e-05,2026-08-15T04:00Z,0,1,nan,4.0
SONICUSDT,2026-08-15T04:00Z,PANEL_RIGHT,5e-05,4.999999873689376e-05,8.526e-05,2026-08-15T04:00Z,0,1,nan,4.0
STEEMUSDT,2026-08-15T04:00Z,PANEL_RIGHT,-1.037e-05,-1.0370000381954014e-05,-0.00033742,2026-08-15T04:00Z,0,1,nan,4.0
SUPERUSDT,2026-08-15T04:00Z,PANEL_RIGHT,5e-05,4.999999873689376e-05,2.397e-05,2026-08-15T04:00Z,0,1,nan,4.0
SXPUSDT,2026-08-15T04:00Z,PANEL_RIGHT,0.0001,9.999999747378752e-05,-0.01080766,2026-08-15T00:00Z,14400,1,nan,8.0
XVSUSDT,2026-08-15T04:00Z,PANEL_RIGHT,-0.00010949,-0.0001094899998861365,-0.00059901,2026-08-15T00:00Z,14400,1,nan,8.0
ZESTUSDT,2026-08-15T04:00Z,PANEL_RIGHT,0.00040626,0.00040625999099574983,0.00033801,2026-08-15T04:00Z,0,1,nan,4.0
ZRXUSDT,2026-08-15T04:00Z,PANEL_RIGHT,-0.00011774,-0.00011773999722208828,-0.00023526,2026-08-15T04:00Z,0,1,nan,4.0
1000000BOBUSDT,2026-08-15T08:00Z,PANEL_RIGHT,0.00081489,0.0008148900233209133,5e-05,2026-08-15T08:00Z,0,1,nan,4.0
ALLUSDT,2026-08-15T08:00Z,PANEL_RIGHT,-0.00039649,-0.00039649000973440707,-0.00043968,2026-08-15T08:00Z,0,1,nan,8.0
ALPINEUSDT,2026-08-15T08:00Z,PANEL_RIGHT,0.00012204,0.00012204000086057931,5e-05,2026-08-15T08:00Z,0,1,nan,4.0
ANIMEUSDT,2026-08-15T08:00Z,PANEL_RIGHT,5e-05,4.999999873689376e-05,-2.539e-05,2026-08-15T08:00Z,0,1,nan,4.0
BDXNUSDT,2026-08-15T08:00Z,PANEL_RIGHT,5e-05,4.999999873689376e-05,0.0046011,2026-08-15T08:00Z,0,1,nan,4.0
BNTUSDT,2026-08-15T08:00Z,PANEL_RIGHT,8.483e-05,8.48299969220534e-05,-0.00013565,2026-08-15T08:00Z,0,1,nan,8.0
BTWUSDT,2026-08-15T08:00Z,PANEL_RIGHT,0.00092827,0.0009282699902541935,0.00079561,2026-08-15T08:00Z,0,1,nan,4.0
CAPUSDT,2026-08-15T08:00Z,PANEL_RIGHT,-0.00576676,-0.005766760092228651,-0.00094881,2026-08-15T08:00Z,0,1,nan,4.0
CTRUSDT,2026-08-15T08:00Z,PANEL_RIGHT,0.00041905,0.0004190499894320965,0.00020821,2026-08-15T08:00Z,0,1,nan,4.0
CYBERUSDT,2026-08-15T08:00Z,PANEL_RIGHT,5e-05,4.999999873689376e-05,2.675e-05,2026-08-15T08:00Z,0,1,nan,4.0
DATAIPUSDT,2026-08-15T08:00Z,PANEL_RIGHT,-0.00051544,-0.0005154400132596493,-0.00056876,2026-08-15T08:00Z,0,1,nan,4.0
FLUXUSDT,2026-08-15T08:00Z,PANEL_RIGHT,-8.277e-05,-8.276999869849533e-05,5e-05,2026-08-15T08:00Z,0,1,nan,4.0
GRVTUSDT,2026-08-15T08:00Z,PANEL_RIGHT,7.075e-05,7.075000030454248e-05,5e-05,2026-08-15T08:00Z,0,1,nan,4.0
KNCUSDT,2026-08-15T08:00Z,PANEL_RIGHT,0.0001,9.999999747378752e-05,-0.00051301,2026-08-15T08:00Z,0,1,nan,8.0
MAVIAUSDT,2026-08-15T08:00Z,PANEL_RIGHT,0.00016648,0.00016647999291308224,0.00055831,2026-08-15T08:00Z,0,1,nan,4.0
MTLUSDT,2026-08-15T08:00Z,PANEL_RIGHT,0.0001,9.999999747378752e-05,-2.079e-05,2026-08-15T08:00Z,0,1,nan,8.0
NMRUSDT,2026-08-15T08:00Z,PANEL_RIGHT,-8.852e-05,-8.851999882608652e-05,-0.00021259,2026-08-15T08:00Z,0,1,nan,4.0
OGUSDT,2026-08-15T08:00Z,PANEL_RIGHT,5e-05,4.999999873689376e-05,3.615e-05,2026-08-15T08:00Z,0,1,nan,4.0
OUSDT,2026-08-15T08:00Z,PANEL_RIGHT,0.00019981,0.00019981000514235348,0.00012714,2026-08-15T08:00Z,0,1,nan,4.0
PUMPBTCUSDT,2026-08-15T08:00Z,PANEL_RIGHT,0.00147846,0.0014784600352868438,0.00029844,2026-08-15T08:00Z,0,1,nan,4.0
REUSDT,2026-08-15T08:00Z,PANEL_RIGHT,3.542e-05,3.541999831213616e-05,-7.359e-05,2026-08-15T08:00Z,0,1,nan,4.0
RPLUSDT,2026-08-15T08:00Z,PANEL_RIGHT,5e-05,4.999999873689376e-05,-4.192e-05,2026-08-15T08:00Z,0,1,nan,4.0
SONICUSDT,2026-08-15T08:00Z,PANEL_RIGHT,0.00027784,0.00027784000849351287,8.526e-05,2026-08-15T08:00Z,0,1,nan,4.0
STEEMUSDT,2026-08-15T08:00Z,PANEL_RIGHT,-1.392e-05,-1.3920000128564425e-05,-0.00033742,2026-08-15T08:00Z,0,1,nan,4.0
SUNUSDT,2026-08-15T08:00Z,PANEL_RIGHT,4.121e-05,4.121000165469013e-05,5e-05,2026-08-15T08:00Z,0,1,nan,4.0
SUPERUSDT,2026-08-15T08:00Z,PANEL_RIGHT,5e-05,4.999999873689376e-05,2.397e-05,2026-08-15T08:00Z,0,1,nan,4.0
SXPUSDT,2026-08-15T08:00Z,PANEL_RIGHT,0.0001,9.999999747378752e-05,-0.01080766,2026-08-15T08:00Z,0,1,nan,8.0
XVSUSDT,2026-08-15T08:00Z,PANEL_RIGHT,-0.00066436,-0.000664360006339848,-0.00059901,2026-08-15T08:00Z,0,1,nan,8.0
ZESTUSDT,2026-08-15T08:00Z,PANEL_RIGHT,0.00056094,0.0005609400104731321,0.00033801,2026-08-15T08:00Z,0,1,nan,4.0
ZRXUSDT,2026-08-15T08:00Z,PANEL_RIGHT,-2.371e-05,-2.370999936829321e-05,-0.00023526,2026-08-15T08:00Z,0,1,nan,4.0
1000000BOBUSDT,2026-08-15T12:00Z,PANEL_RIGHT,0.00157776,0.0015777599764987826,5e-05,2026-08-15T12:00Z,0,1,nan,4.0
ALLUSDT,2026-08-15T12:00Z,PANEL_RIGHT,-0.00039649,-0.00039649000973440707,-0.00043968,2026-08-15T08:00Z,14400,1,nan,8.0
ANIMEUSDT,2026-08-15T12:00Z,PANEL_RIGHT,3.014e-05,3.0139999580569565e-05,-2.539e-05,2026-08-15T12:00Z,0,1,nan,4.0
BDXNUSDT,2026-08-15T12:00Z,PANEL_RIGHT,5e-05,4.999999873689376e-05,0.0046011,2026-08-15T12:00Z,0,1,nan,4.0
BNTUSDT,2026-08-15T12:00Z,PANEL_RIGHT,8.483e-05,8.48299969220534e-05,-0.00013565,2026-08-15T08:00Z,14400,1,nan,8.0
BTWUSDT,2026-08-15T12:00Z,PANEL_RIGHT,0.00099579,0.000995790003798902,0.00079561,2026-08-15T12:00Z,0,1,nan,4.0
CAPUSDT,2026-08-15T12:00Z,PANEL_RIGHT,-0.00295434,-0.002954340074211359,-0.00094881,2026-08-15T12:00Z,0,1,nan,4.0
CLANKERUSDT,2026-08-15T12:00Z,PANEL_RIGHT,0.00026561,0.00026560999685898423,5e-05,2026-08-15T12:00Z,0,1,nan,4.0
COWUSDT,2026-08-15T12:00Z,PANEL_RIGHT,-0.01914134,-0.019141340628266335,5e-05,2026-08-15T12:00Z,0,1,nan,4.0
CTRUSDT,2026-08-15T12:00Z,PANEL_RIGHT,0.0002754,0.00027540000155568123,0.00020821,2026-08-15T12:00Z,0,1,nan,4.0
CYBERUSDT,2026-08-15T12:00Z,PANEL_RIGHT,5e-05,4.999999873689376e-05,2.675e-05,2026-08-15T12:00Z,0,1,nan,4.0
DATAIPUSDT,2026-08-15T12:00Z,PANEL_RIGHT,-2.336e-05,-2.336000034119934e-05,-0.00056876,2026-08-15T12:00Z,0,1,nan,4.0
KNCUSDT,2026-08-15T12:00Z,PANEL_RIGHT,0.0001,9.999999747378752e-05,-0.00051301,2026-08-15T08:00Z,14400,1,nan,8.0
MAVIAUSDT,2026-08-15T12:00Z,PANEL_RIGHT,5e-05,4.999999873689376e-05,0.00055831,2026-08-15T12:00Z,0,1,nan,4.0
MTLUSDT,2026-08-15T12:00Z,PANEL_RIGHT,0.0001,9.999999747378752e-05,-2.079e-05,2026-08-15T08:00Z,14400,1,nan,8.0
NMRUSDT,2026-08-15T12:00Z,PANEL_RIGHT,5e-05,4.999999873689376e-05,-0.00021259,2026-08-15T12:00Z,0,1,nan,4.0
OGUSDT,2026-08-15T12:00Z,PANEL_RIGHT,5e-05,4.999999873689376e-05,3.615e-05,2026-08-15T12:00Z,0,1,nan,4.0
OUSDT,2026-08-15T12:00Z,PANEL_RIGHT,0.00055816,0.0005581600125879049,0.00012714,2026-08-15T12:00Z,0,1,nan,4.0
PUMPBTCUSDT,2026-08-15T12:00Z,PANEL_RIGHT,5e-05,4.999999873689376e-05,0.00029844,2026-08-15T12:00Z,0,1,nan,4.0
REUSDT,2026-08-15T12:00Z,PANEL_RIGHT,3.97e-05,3.97000003431458e-05,-7.359e-05,2026-08-15T12:00Z,0,1,nan,4.0
RPLUSDT,2026-08-15T12:00Z,PANEL_RIGHT,3.576e-05,3.576000017346814e-05,-4.192e-05,2026-08-15T12:00Z,0,1,nan,4.0
SONICUSDT,2026-08-15T12:00Z,PANEL_RIGHT,7.76e-05,7.760000153211877e-05,8.526e-05,2026-08-15T12:00Z,0,1,nan,4.0
SPORTFUNUSDT,2026-08-15T12:00Z,PANEL_RIGHT,0.00044671,0.0004467100079637021,5e-05,2026-08-15T12:00Z,0,1,nan,4.0
STEEMUSDT,2026-08-15T12:00Z,PANEL_RIGHT,5e-05,4.999999873689376e-05,-0.00033742,2026-08-15T12:00Z,0,1,nan,4.0
SUPERUSDT,2026-08-15T12:00Z,PANEL_RIGHT,5e-05,4.999999873689376e-05,2.397e-05,2026-08-15T12:00Z,0,1,nan,4.0
SXPUSDT,2026-08-15T12:00Z,PANEL_RIGHT,0.0001,9.999999747378752e-05,-0.01080766,2026-08-15T08:00Z,14400,1,nan,8.0
XVSUSDT,2026-08-15T12:00Z,PANEL_RIGHT,-0.00066436,-0.000664360006339848,-0.00059901,2026-08-15T08:00Z,14400,1,nan,8.0
ZESTUSDT,2026-08-15T12:00Z,PANEL_RIGHT,0.00036257,0.0003625699901022017,0.00033801,2026-08-15T12:00Z,0,1,nan,4.0
ZRXUSDT,2026-08-15T12:00Z,PANEL_RIGHT,5e-05,4.999999873689376e-05,-0.00023526,2026-08-15T12:00Z,0,1,nan,4.0
1000000BOBUSDT,2026-08-15T16:00Z,PANEL_RIGHT,0.00024295,0.00024295000184793025,5e-05,2026-08-15T16:00Z,0,1,nan,4.0
ALLUSDT,2026-08-15T16:00Z,PANEL_RIGHT,-0.00042248,-0.0004224799922667444,-0.00043968,2026-08-15T16:00Z,0,1,nan,8.0
ANIMEUSDT,2026-08-15T16:00Z,PANEL_RIGHT,5e-05,4.999999873689376e-05,-2.539e-05,2026-08-15T16:00Z,0,1,nan,4.0
BDXNUSDT,2026-08-15T16:00Z,PANEL_RIGHT,5e-05,4.999999873689376e-05,0.0046011,2026-08-15T16:00Z,0,1,nan,4.0
BNTUSDT,2026-08-15T16:00Z,PANEL_RIGHT,0.0001,9.999999747378752e-05,-0.00013565,2026-08-15T16:00Z,0,1,nan,8.0
BTWUSDT,2026-08-15T16:00Z,PANEL_RIGHT,0.00076521,0.0007652100175619125,0.00079561,2026-08-15T16:00Z,0,1,nan,4.0
CAPUSDT,2026-08-15T16:00Z,PANEL_RIGHT,-0.00206486,-0.0020648599602282047,-0.00094881,2026-08-15T16:00Z,0,1,nan,4.0
CELRUSDT,2026-08-15T16:00Z,PANEL_RIGHT,-6.538e-05,-6.538000161526725e-05,0.0001,2026-08-15T16:00Z,0,1,nan,8.0
CLANKERUSDT,2026-08-15T16:00Z,PANEL_RIGHT,0.00022303,0.0002230300015071407,5e-05,2026-08-15T16:00Z,0,1,nan,4.0
COWUSDT,2026-08-15T16:00Z,PANEL_RIGHT,-0.01493318,-0.014933180063962936,5e-05,2026-08-15T16:00Z,0,1,nan,4.0
CTRUSDT,2026-08-15T16:00Z,PANEL_RIGHT,0.00047646,0.0004764600016642362,0.00020821,2026-08-15T16:00Z,0,1,nan,4.0
CYBERUSDT,2026-08-15T16:00Z,PANEL_RIGHT,5e-05,4.999999873689376e-05,2.675e-05,2026-08-15T16:00Z,0,1,nan,4.0
DATAIPUSDT,2026-08-15T16:00Z,PANEL_RIGHT,5e-05,4.999999873689376e-05,-0.00056876,2026-08-15T16:00Z,0,1,nan,4.0
GRVTUSDT,2026-08-15T16:00Z,PANEL_RIGHT,5.899e-05,5.8990000979974866e-05,5e-05,2026-08-15T16:00Z,0,1,nan,4.0
KNCUSDT,2026-08-15T16:00Z,PANEL_RIGHT,0.0001,9.999999747378752e-05,-0.00051301,2026-08-15T16:00Z,0,1,nan,8.0
MAVIAUSDT,2026-08-15T16:00Z,PANEL_RIGHT,0.00015666,0.00015665999671909958,0.00055831,2026-08-15T16:00Z,0,1,nan,4.0
MTLUSDT,2026-08-15T16:00Z,PANEL_RIGHT,0.0001,9.999999747378752e-05,-2.079e-05,2026-08-15T16:00Z,0,1,nan,8.0
NMRUSDT,2026-08-15T16:00Z,PANEL_RIGHT,5e-05,4.999999873689376e-05,-0.00021259,2026-08-15T16:00Z,0,1,nan,4.0
OGUSDT,2026-08-15T16:00Z,PANEL_RIGHT,5e-05,4.999999873689376e-05,3.615e-05,2026-08-15T16:00Z,0,1,nan,4.0
OUSDT,2026-08-15T16:00Z,PANEL_RIGHT,0.00056225,0.0005622499738819897,0.00012714,2026-08-15T16:00Z,0,1,nan,4.0
PUMPBTCUSDT,2026-08-15T16:00Z,PANEL_RIGHT,0.00050862,0.000508619996253401,0.00029844,2026-08-15T16:00Z,0,1,nan,4.0
REUSDT,2026-08-15T16:00Z,PANEL_RIGHT,-5.1e-05,-5.0999999075429514e-05,-7.359e-05,2026-08-15T16:00Z,0,1,nan,4.0
RPLUSDT,2026-08-15T16:00Z,PANEL_RIGHT,5e-05,4.999999873689376e-05,-4.192e-05,2026-08-15T16:00Z,0,1,nan,4.0
SONICUSDT,2026-08-15T16:00Z,PANEL_RIGHT,5e-05,4.999999873689376e-05,8.526e-05,2026-08-15T16:00Z,0,1,nan,4.0
SPORTFUNUSDT,2026-08-15T16:00Z,PANEL_RIGHT,0.00045141,0.00045140998554416,5e-05,2026-08-15T16:00Z,0,1,nan,4.0
STEEMUSDT,2026-08-15T16:00Z,PANEL_RIGHT,3.304e-05,3.3039999834727496e-05,-0.00033742,2026-08-15T16:00Z,0,1,nan,4.0
SUNUSDT,2026-08-15T16:00Z,PANEL_RIGHT,-2.813e-05,-2.8129999918746762e-05,5e-05,2026-08-15T16:00Z,0,1,nan,4.0
SUPERUSDT,2026-08-15T16:00Z,PANEL_RIGHT,5e-05,4.999999873689376e-05,2.397e-05,2026-08-15T16:00Z,0,1,nan,4.0
SXPUSDT,2026-08-15T16:00Z,PANEL_RIGHT,0.0001,9.999999747378752e-05,-0.01080766,2026-08-15T16:00Z,0,1,nan,8.0
XVSUSDT,2026-08-15T16:00Z,PANEL_RIGHT,0.0001,9.999999747378752e-05,-0.00059901,2026-08-15T16:00Z,0,1,nan,8.0
ZESTUSDT,2026-08-15T16:00Z,PANEL_RIGHT,0.00065061,0.000650610018055886,0.00033801,2026-08-15T16:00Z,0,1,nan,4.0
ZRXUSDT,2026-08-15T16:00Z,PANEL_RIGHT,5e-05,4.999999873689376e-05,-0.00023526,2026-08-15T16:00Z,0,1,nan,4.0
1000000BOBUSDT,2026-08-15T20:00Z,PANEL_RIGHT,0.00044767,0.00044766999781131744,5e-05,2026-08-15T20:00Z,0,1,nan,4.0
ALLUSDT,2026-08-15T20:00Z,PANEL_RIGHT,-0.00042248,-0.0004224799922667444,-0.00043968,2026-08-15T16:00Z,14400,1,nan,8.0
ALPINEUSDT,2026-08-15T20:00Z,PANEL_RIGHT,0.00013042,0.0001304199977312237,5e-05,2026-08-15T20:00Z,0,1,nan,4.0
ANIMEUSDT,2026-08-15T20:00Z,PANEL_RIGHT,-7.025e-05,-7.02499964972958e-05,-2.539e-05,2026-08-15T20:00Z,0,1,nan,4.0
BDXNUSDT,2026-08-15T20:00Z,PANEL_RIGHT,5e-05,4.999999873689376e-05,0.0046011,2026-08-15T20:00Z,0,1,nan,4.0
BNTUSDT,2026-08-15T20:00Z,PANEL_RIGHT,0.0001,9.999999747378752e-05,-0.00013565,2026-08-15T16:00Z,14400,1,nan,8.0
BTWUSDT,2026-08-15T20:00Z,PANEL_RIGHT,0.0008825,0.000882500025909394,0.00079561,2026-08-15T20:00Z,0,1,nan,4.0
CAPUSDT,2026-08-15T20:00Z,PANEL_RIGHT,-0.00159004,-0.0015900400467216969,-0.00094881,2026-08-15T20:00Z,0,1,nan,4.0
CELRUSDT,2026-08-15T20:00Z,PANEL_RIGHT,-6.538e-05,-6.538000161526725e-05,0.0001,2026-08-15T16:00Z,14400,1,nan,8.0
COWUSDT,2026-08-15T20:00Z,PANEL_RIGHT,-0.00993911,-0.009939109906554222,5e-05,2026-08-15T20:00Z,0,1,nan,4.0
CTRUSDT,2026-08-15T20:00Z,PANEL_RIGHT,0.00044928,0.0004492799926083535,0.00020821,2026-08-15T20:00Z,0,1,nan,4.0
CYBERUSDT,2026-08-15T20:00Z,PANEL_RIGHT,-0.00016438,-0.00016438000602647662,2.675e-05,2026-08-15T20:00Z,0,1,nan,4.0
DATAIPUSDT,2026-08-15T20:00Z,PANEL_RIGHT,5e-05,4.999999873689376e-05,-0.00056876,2026-08-15T20:00Z,0,1,nan,4.0
ETHWUSDT,2026-08-15T20:00Z,PANEL_RIGHT,9.197e-05,9.19700032682158e-05,5e-05,2026-08-15T20:00Z,0,1,nan,4.0
GLMUSDT,2026-08-15T20:00Z,PANEL_RIGHT,-3.064e-05,-3.063999974983744e-05,5e-05,2026-08-15T20:00Z,0,1,nan,4.0
GRVTUSDT,2026-08-15T20:00Z,PANEL_RIGHT,5.831e-05,5.8310000895289704e-05,5e-05,2026-08-15T20:00Z,0,1,nan,4.0
HIVEUSDT,2026-08-15T20:00Z,PANEL_RIGHT,-0.00014185,-0.00014185000327415764,5e-05,2026-08-15T20:00Z,0,1,nan,4.0
KNCUSDT,2026-08-15T20:00Z,PANEL_RIGHT,0.0001,9.999999747378752e-05,-0.00051301,2026-08-15T16:00Z,14400,1,nan,8.0
MAVIAUSDT,2026-08-15T20:00Z,PANEL_RIGHT,0.00031891,0.00031890999525785446,0.00055831,2026-08-15T20:00Z,0,1,nan,4.0
MTLUSDT,2026-08-15T20:00Z,PANEL_RIGHT,0.0001,9.999999747378752e-05,-2.079e-05,2026-08-15T16:00Z,14400,1,nan,8.0
NMRUSDT,2026-08-15T20:00Z,PANEL_RIGHT,-0.00022288,-0.0002228800003649667,-0.00021259,2026-08-15T20:00Z,0,1,nan,4.0
OGUSDT,2026-08-15T20:00Z,PANEL_RIGHT,5e-05,4.999999873689376e-05,3.615e-05,2026-08-15T20:00Z,0,1,nan,4.0
OUSDT,2026-08-15T20:00Z,PANEL_RIGHT,0.00021454,0.00021454000670928508,0.00012714,2026-08-15T20:00Z,0,1,nan,4.0
PUMPBTCUSDT,2026-08-15T20:00Z,PANEL_RIGHT,0.00070042,0.0007004200015217066,0.00029844,2026-08-15T20:00Z,0,1,nan,4.0
REUSDT,2026-08-15T20:00Z,PANEL_RIGHT,-1.805e-05,-1.804999919841066e-05,-7.359e-05,2026-08-15T20:00Z,0,1,nan,4.0
RPLUSDT,2026-08-15T20:00Z,PANEL_RIGHT,-0.00023802,-0.00023802000214345753,-4.192e-05,2026-08-15T20:00Z,0,1,nan,4.0
SLXUSDT,2026-08-15T20:00Z,PANEL_RIGHT,0.00013571,0.000135709997266531,5e-05,2026-08-15T20:00Z,0,1,nan,4.0
SONICUSDT,2026-08-15T20:00Z,PANEL_RIGHT,5e-05,4.999999873689376e-05,8.526e-05,2026-08-15T20:00Z,0,1,nan,4.0
SPORTFUNUSDT,2026-08-15T20:00Z,PANEL_RIGHT,0.00097685,0.0009768500458449125,5e-05,2026-08-15T20:00Z,0,1,nan,4.0
STEEMUSDT,2026-08-15T20:00Z,PANEL_RIGHT,-2.868e-05,-2.868000046873931e-05,-0.00033742,2026-08-15T20:00Z,0,1,nan,4.0
SUNUSDT,2026-08-15T20:00Z,PANEL_RIGHT,-0.00016011,-0.00016010999388527125,5e-05,2026-08-15T20:00Z,0,1,nan,4.0
SUPERUSDT,2026-08-15T20:00Z,PANEL_RIGHT,5e-05,4.999999873689376e-05,2.397e-05,2026-08-15T20:00Z,0,1,nan,4.0
SXPUSDT,2026-08-15T20:00Z,PANEL_RIGHT,0.0001,9.999999747378752e-05,-0.01080766,2026-08-15T16:00Z,14400,1,nan,8.0
XVSUSDT,2026-08-15T20:00Z,PANEL_RIGHT,0.0001,9.999999747378752e-05,-0.00059901,2026-08-15T16:00Z,14400,1,nan,8.0
ZESTUSDT,2026-08-15T20:00Z,PANEL_RIGHT,0.00063195,0.0006319499807432294,0.00033801,2026-08-15T20:00Z,0,1,nan,4.0
ZRXUSDT,2026-08-15T20:00Z,PANEL_RIGHT,-0.00027446,-0.00027446000603958964,-0.00023526,2026-08-15T20:00Z,0,1,nan,4.0
1000000BOBUSDT,2026-08-16T00:00Z,PANEL_RIGHT,0.00056533,0.0005653299740515649,5e-05,2026-08-16T00:00Z,0,1,nan,4.0
ALLUSDT,2026-08-16T00:00Z,PANEL_RIGHT,-0.0002467,-0.0002466999867465347,-0.00043968,2026-08-16T00:00Z,0,1,nan,8.0
ANIMEUSDT,2026-08-16T00:00Z,PANEL_RIGHT,-3.382e-05,-3.3820000680861995e-05,-2.539e-05,2026-08-16T00:00Z,0,1,nan,4.0
ASRUSDT,2026-08-16T00:00Z,PANEL_RIGHT,4.783e-05,4.782999894814566e-05,5e-05,2026-08-16T00:00Z,0,1,nan,4.0
ASTRUSDT,2026-08-16T00:00Z,PANEL_RIGHT,-9.865e-05,-9.86500017461367e-05,0.0001,2026-08-16T00:00Z,0,1,nan,8.0
AXLUSDT,2026-08-16T00:00Z,PANEL_RIGHT,-0.0002944,-0.000294400000711903,5e-05,2026-08-16T00:00Z,0,1,nan,4.0
BANDUSDT,2026-08-16T00:00Z,PANEL_RIGHT,-0.0001187,-0.00011870000162161887,0.0001,2026-08-16T00:00Z,0,1,nan,8.0
BDXNUSDT,2026-08-16T00:00Z,PANEL_RIGHT,5e-05,4.999999873689376e-05,0.0046011,2026-08-16T00:00Z,0,1,nan,4.0
BNTUSDT,2026-08-16T00:00Z,PANEL_RIGHT,0.0001,9.999999747378752e-05,-0.00013565,2026-08-16T00:00Z,0,1,nan,8.0
BTWUSDT,2026-08-16T00:00Z,PANEL_RIGHT,0.00077269,0.0007726899930275977,0.00079561,2026-08-16T00:00Z,0,1,nan,4.0
CAPUSDT,2026-08-16T00:00Z,PANEL_RIGHT,-0.00172731,-0.0017273100093007088,-0.00094881,2026-08-16T00:00Z,0,1,nan,4.0
CELRUSDT,2026-08-16T00:00Z,PANEL_RIGHT,6.037e-05,6.036999911884777e-05,0.0001,2026-08-16T00:00Z,0,1,nan,8.0
COWUSDT,2026-08-16T00:00Z,PANEL_RIGHT,-0.00967541,-0.009675409644842148,5e-05,2026-08-16T00:00Z,0,1,nan,4.0
CTRUSDT,2026-08-16T00:00Z,PANEL_RIGHT,0.00047813,0.000478130008559674,0.00020821,2026-08-16T00:00Z,0,1,nan,4.0
CYBERUSDT,2026-08-16T00:00Z,PANEL_RIGHT,3.077e-05,3.076999928453006e-05,2.675e-05,2026-08-16T00:00Z,0,1,nan,4.0
DATAIPUSDT,2026-08-16T00:00Z,PANEL_RIGHT,-6.968e-05,-6.967999797780067e-05,-0.00056876,2026-08-16T00:00Z,0,1,nan,4.0
ETHWUSDT,2026-08-16T00:00Z,PANEL_RIGHT,0.00049253,0.0004925300017930567,5e-05,2026-08-16T00:00Z,0,1,nan,4.0
GRAMUSDT,2026-08-16T00:00Z,PANEL_RIGHT,4.224e-05,4.2240000766469166e-05,5e-05,2026-08-16T00:00Z,0,1,nan,4.0
KNCUSDT,2026-08-16T00:00Z,PANEL_RIGHT,-7.929e-05,-7.929000275908038e-05,-0.00051301,2026-08-16T00:00Z,0,1,nan,8.0
MASKUSDT,2026-08-16T00:00Z,PANEL_RIGHT,1.066e-05,1.0660000043571927e-05,5e-05,2026-08-16T00:00Z,0,1,nan,4.0
MAVIAUSDT,2026-08-16T00:00Z,PANEL_RIGHT,0.00010673,0.00010673000360839069,0.00055831,2026-08-16T00:00Z,0,1,nan,4.0
MTLUSDT,2026-08-16T00:00Z,PANEL_RIGHT,-3.242e-05,-3.24200009345077e-05,-2.079e-05,2026-08-16T00:00Z,0,1,nan,8.0
NMRUSDT,2026-08-16T00:00Z,PANEL_RIGHT,-8.953e-05,-8.953000360634178e-05,-0.00021259,2026-08-16T00:00Z,0,1,nan,4.0
OGUSDT,2026-08-16T00:00Z,PANEL_RIGHT,5e-05,4.999999873689376e-05,3.615e-05,2026-08-16T00:00Z,0,1,nan,4.0
OUSDT,2026-08-16T00:00Z,PANEL_RIGHT,0.00033196,0.00033196000731550157,0.00012714,2026-08-16T00:00Z,0,1,nan,4.0
PUMPBTCUSDT,2026-08-16T00:00Z,PANEL_RIGHT,5e-05,4.999999873689376e-05,0.00029844,2026-08-16T00:00Z,0,1,nan,4.0
REDUSDT,2026-08-16T00:00Z,PANEL_RIGHT,-0.00277431,-0.002774310065433383,5e-05,2026-08-16T00:00Z,0,1,nan,4.0
REUSDT,2026-08-16T00:00Z,PANEL_RIGHT,-4.402e-05,-4.401999831316061e-05,-7.359e-05,2026-08-16T00:00Z,0,1,nan,4.0
RPLUSDT,2026-08-16T00:00Z,PANEL_RIGHT,-0.00023216,-0.00023216000408865511,-4.192e-05,2026-08-16T00:00Z,0,1,nan,4.0
SLXUSDT,2026-08-16T00:00Z,PANEL_RIGHT,5.788e-05,5.787999907624908e-05,5e-05,2026-08-16T00:00Z,0,1,nan,4.0
SONICUSDT,2026-08-16T00:00Z,PANEL_RIGHT,5e-05,4.999999873689376e-05,8.526e-05,2026-08-16T00:00Z,0,1,nan,4.0
SPORTFUNUSDT,2026-08-16T00:00Z,PANEL_RIGHT,0.00096433,0.0009643299854360521,5e-05,2026-08-16T00:00Z,0,1,nan,4.0
STEEMUSDT,2026-08-16T00:00Z,PANEL_RIGHT,-0.00010912,-0.00010912000288954005,-0.00033742,2026-08-16T00:00Z,0,1,nan,4.0
SUPERUSDT,2026-08-16T00:00Z,PANEL_RIGHT,5e-05,4.999999873689376e-05,2.397e-05,2026-08-16T00:00Z,0,1,nan,4.0
SXPUSDT,2026-08-16T00:00Z,PANEL_RIGHT,0.0001,9.999999747378752e-05,-0.01080766,2026-08-16T00:00Z,0,1,nan,8.0
XVSUSDT,2026-08-16T00:00Z,PANEL_RIGHT,-0.00026091,-0.00026090999017469585,-0.00059901,2026-08-16T00:00Z,0,1,nan,8.0
ZESTUSDT,2026-08-16T00:00Z,PANEL_RIGHT,0.00042219,0.0004221900017000735,0.00033801,2026-08-16T00:00Z,0,1,nan,4.0
ZRXUSDT,2026-08-16T00:00Z,PANEL_RIGHT,-8.07e-05,-8.070000330917537e-05,-0.00023526,2026-08-16T00:00Z,0,1,nan,4.0
1000000BOBUSDT,2026-08-16T04:00Z,PANEL_RIGHT,0.00037917,0.0003791700000874698,5e-05,2026-08-16T04:00Z,0,1,nan,4.0
ALLUSDT,2026-08-16T04:00Z,PANEL_RIGHT,-0.0002467,-0.0002466999867465347,-0.00043968,2026-08-16T00:00Z,14400,1,nan,8.0
ANIMEUSDT,2026-08-16T04:00Z,PANEL_RIGHT,5e-05,4.999999873689376e-05,-2.539e-05,2026-08-16T04:00Z,0,1,nan,4.0
ASTRUSDT,2026-08-16T04:00Z,PANEL_RIGHT,-9.865e-05,-9.86500017461367e-05,0.0001,2026-08-16T00:00Z,14400,1,nan,8.0
BANDUSDT,2026-08-16T04:00Z,PANEL_RIGHT,-0.0001187,-0.00011870000162161887,0.0001,2026-08-16T00:00Z,14400,1,nan,8.0
BDXNUSDT,2026-08-16T04:00Z,PANEL_RIGHT,5e-05,4.999999873689376e-05,0.0046011,2026-08-16T04:00Z,0,1,nan,4.0
BNTUSDT,2026-08-16T04:00Z,PANEL_RIGHT,0.0001,9.999999747378752e-05,-0.00013565,2026-08-16T00:00Z,14400,1,nan,8.0
BTWUSDT,2026-08-16T04:00Z,PANEL_RIGHT,0.00078675,0.0007867499953135848,0.00079561,2026-08-16T04:00Z,0,1,nan,4.0
CAPUSDT,2026-08-16T04:00Z,PANEL_RIGHT,-0.00131321,-0.0013132099993526936,-0.00094881,2026-08-16T04:00Z,0,1,nan,4.0
CELRUSDT,2026-08-16T04:00Z,PANEL_RIGHT,6.037e-05,6.036999911884777e-05,0.0001,2026-08-16T00:00Z,14400,1,nan,8.0
CLANKERUSDT,2026-08-16T04:00Z,PANEL_RIGHT,0.00017639,0.00017639000725466758,5e-05,2026-08-16T04:00Z,0,1,nan,4.0
COWUSDT,2026-08-16T04:00Z,PANEL_RIGHT,-0.00667151,-0.006671510171145201,5e-05,2026-08-16T04:00Z,0,1,nan,4.0
CTRUSDT,2026-08-16T04:00Z,PANEL_RIGHT,0.00036362,0.00036361999809741974,0.00020821,2026-08-16T04:00Z,0,1,nan,4.0
CYBERUSDT,2026-08-16T04:00Z,PANEL_RIGHT,-4.721e-05,-4.721000004792586e-05,2.675e-05,2026-08-16T04:00Z,0,1,nan,4.0
DATAIPUSDT,2026-08-16T04:00Z,PANEL_RIGHT,5e-05,4.999999873689376e-05,-0.00056876,2026-08-16T04:00Z,0,1,nan,4.0
GRVTUSDT,2026-08-16T04:00Z,PANEL_RIGHT,8.563e-05,8.563000301364809e-05,5e-05,2026-08-16T04:00Z,0,1,nan,4.0
KNCUSDT,2026-08-16T04:00Z,PANEL_RIGHT,-7.929e-05,-7.929000275908038e-05,-0.00051301,2026-08-16T00:00Z,14400,1,nan,8.0
MASKUSDT,2026-08-16T04:00Z,PANEL_RIGHT,-5.463e-05,-5.4629999794997275e-05,5e-05,2026-08-16T04:00Z,0,1,nan,4.0
MAVIAUSDT,2026-08-16T04:00Z,PANEL_RIGHT,5e-05,4.999999873689376e-05,0.00055831,2026-08-16T04:00Z,0,1,nan,4.0
MTLUSDT,2026-08-16T04:00Z,PANEL_RIGHT,-3.242e-05,-3.24200009345077e-05,-2.079e-05,2026-08-16T00:00Z,14400,1,nan,8.0
NMRUSDT,2026-08-16T04:00Z,PANEL_RIGHT,-0.0004257,-0.00042570001096464694,-0.00021259,2026-08-16T04:00Z,0,1,nan,4.0
OGUSDT,2026-08-16T04:00Z,PANEL_RIGHT,5e-05,4.999999873689376e-05,3.615e-05,2026-08-16T04:00Z,0,1,nan,4.0
OUSDT,2026-08-16T04:00Z,PANEL_RIGHT,0.0002982,0.0002982000005431473,0.00012714,2026-08-16T04:00Z,0,1,nan,4.0
PUMPBTCUSDT,2026-08-16T04:00Z,PANEL_RIGHT,5e-05,4.999999873689376e-05,0.00029844,2026-08-16T04:00Z,0,1,nan,4.0
REUSDT,2026-08-16T04:00Z,PANEL_RIGHT,-1.13e-06,-1.1299999869152089e-06,-7.359e-05,2026-08-16T04:00Z,0,1,nan,4.0
RPLUSDT,2026-08-16T04:00Z,PANEL_RIGHT,5e-05,4.999999873689376e-05,-4.192e-05,2026-08-16T04:00Z,0,1,nan,4.0
SONICUSDT,2026-08-16T04:00Z,PANEL_RIGHT,0.00030621,0.00030620998586528003,8.526e-05,2026-08-16T04:00Z,0,1,nan,4.0
SPORTFUNUSDT,2026-08-16T04:00Z,PANEL_RIGHT,0.00048771,0.00048771000001579523,5e-05,2026-08-16T04:00Z,0,1,nan,4.0
STEEMUSDT,2026-08-16T04:00Z,PANEL_RIGHT,-0.00020473,-0.00020472999312914908,-0.00033742,2026-08-16T04:00Z,0,1,nan,4.0
SUPERUSDT,2026-08-16T04:00Z,PANEL_RIGHT,5e-05,4.999999873689376e-05,2.397e-05,2026-08-16T04:00Z,0,1,nan,4.0
SXPUSDT,2026-08-16T04:00Z,PANEL_RIGHT,0.0001,9.999999747378752e-05,-0.01080766,2026-08-16T00:00Z,14400,1,nan,8.0
XVSUSDT,2026-08-16T04:00Z,PANEL_RIGHT,-0.00026091,-0.00026090999017469585,-0.00059901,2026-08-16T00:00Z,14400,1,nan,8.0
ZESTUSDT,2026-08-16T04:00Z,PANEL_RIGHT,7.586e-05,7.585999992443249e-05,0.00033801,2026-08-16T04:00Z,0,1,nan,4.0
ZRXUSDT,2026-08-16T04:00Z,PANEL_RIGHT,5e-05,4.999999873689376e-05,-0.00023526,2026-08-16T04:00Z,0,1,nan,4.0
1000000BOBUSDT,2026-08-16T08:00Z,PANEL_RIGHT,0.00014484,0.0001448399998480454,5e-05,2026-08-16T08:00Z,0,1,nan,4.0
ALLUSDT,2026-08-16T08:00Z,PANEL_RIGHT,-0.00051388,-0.0005138799897395074,-0.00043968,2026-08-16T08:00Z,0,1,nan,8.0
ANIMEUSDT,2026-08-16T08:00Z,PANEL_RIGHT,-3.866e-05,-3.866000042762607e-05,-2.539e-05,2026-08-16T08:00Z,0,1,nan,4.0
BANDUSDT,2026-08-16T08:00Z,PANEL_RIGHT,1.426e-05,1.4260000170907006e-05,0.0001,2026-08-16T08:00Z,0,1,nan,8.0
BDXNUSDT,2026-08-16T08:00Z,PANEL_RIGHT,5e-05,4.999999873689376e-05,0.0046011,2026-08-16T08:00Z,0,1,nan,4.0
BNTUSDT,2026-08-16T08:00Z,PANEL_RIGHT,0.0001,9.999999747378752e-05,-0.00013565,2026-08-16T08:00Z,0,1,nan,8.0
BTWUSDT,2026-08-16T08:00Z,PANEL_RIGHT,0.00107801,0.0010780099546536803,0.00079561,2026-08-16T08:00Z,0,1,nan,4.0
CAPUSDT,2026-08-16T08:00Z,PANEL_RIGHT,-0.00077293,-0.0007729299832135439,-0.00094881,2026-08-16T08:00Z,0,1,nan,4.0
CELRUSDT,2026-08-16T08:00Z,PANEL_RIGHT,6.477e-05,6.476999988080934e-05,0.0001,2026-08-16T08:00Z,0,1,nan,8.0
CLANKERUSDT,2026-08-16T08:00Z,PANEL_RIGHT,7.094e-05,7.093999738572165e-05,5e-05,2026-08-16T08:00Z,0,1,nan,4.0
COWUSDT,2026-08-16T08:00Z,PANEL_RIGHT,-0.01236558,-0.012365579605102539,5e-05,2026-08-16T08:00Z,0,1,nan,4.0
CTRUSDT,2026-08-16T08:00Z,PANEL_RIGHT,0.00038819,0.000388190004741773,0.00020821,2026-08-16T08:00Z,0,1,nan,4.0
CYBERUSDT,2026-08-16T08:00Z,PANEL_RIGHT,4.139e-05,4.1390001570107415e-05,2.675e-05,2026-08-16T08:00Z,0,1,nan,4.0
DATAIPUSDT,2026-08-16T08:00Z,PANEL_RIGHT,5e-05,4.999999873689376e-05,-0.00056876,2026-08-16T08:00Z,0,1,nan,4.0
FLUXUSDT,2026-08-16T08:00Z,PANEL_RIGHT,2.903e-05,2.902999949583318e-05,5e-05,2026-08-16T08:00Z,0,1,nan,4.0
GRVTUSDT,2026-08-16T08:00Z,PANEL_RIGHT,0.00011714,0.00011713999992934987,5e-05,2026-08-16T08:00Z,0,1,nan,4.0
KNCUSDT,2026-08-16T08:00Z,PANEL_RIGHT,0.0001,9.999999747378752e-05,-0.00051301,2026-08-16T08:00Z,0,1,nan,8.0
MAVIAUSDT,2026-08-16T08:00Z,PANEL_RIGHT,0.00016102,0.00016101999790407717,0.00055831,2026-08-16T08:00Z,0,1,nan,4.0
MTLUSDT,2026-08-16T08:00Z,PANEL_RIGHT,0.0001,9.999999747378752e-05,-2.079e-05,2026-08-16T08:00Z,0,1,nan,8.0
NMRUSDT,2026-08-16T08:00Z,PANEL_RIGHT,5e-05,4.999999873689376e-05,-0.00021259,2026-08-16T08:00Z,0,1,nan,4.0
OGUSDT,2026-08-16T08:00Z,PANEL_RIGHT,5e-05,4.999999873689376e-05,3.615e-05,2026-08-16T08:00Z,0,1,nan,4.0
OUSDT,2026-08-16T08:00Z,PANEL_RIGHT,0.00046371,0.0004637099918909371,0.00012714,2026-08-16T08:00Z,0,1,nan,4.0
PUMPBTCUSDT,2026-08-16T08:00Z,PANEL_RIGHT,5e-05,4.999999873689376e-05,0.00029844,2026-08-16T08:00Z,0,1,nan,4.0
REUSDT,2026-08-16T08:00Z,PANEL_RIGHT,2.404e-05,2.40400004258845e-05,-7.359e-05,2026-08-16T08:00Z,0,1,nan,4.0
RPLUSDT,2026-08-16T08:00Z,PANEL_RIGHT,5e-05,4.999999873689376e-05,-4.192e-05,2026-08-16T08:00Z,0,1,nan,4.0
SONICUSDT,2026-08-16T08:00Z,PANEL_RIGHT,9.882e-05,9.881999721983448e-05,8.526e-05,2026-08-16T08:00Z,0,1,nan,4.0
SPORTFUNUSDT,2026-08-16T08:00Z,PANEL_RIGHT,0.00039242,0.0003924200136680156,5e-05,2026-08-16T08:00Z,0,1,nan,4.0
STEEMUSDT,2026-08-16T08:00Z,PANEL_RIGHT,-6.032e-05,-6.0319998738123104e-05,-0.00033742,2026-08-16T08:00Z,0,1,nan,4.0
SUPERUSDT,2026-08-16T08:00Z,PANEL_RIGHT,5e-05,4.999999873689376e-05,2.397e-05,2026-08-16T08:00Z,0,1,nan,4.0
SXPUSDT,2026-08-16T08:00Z,PANEL_RIGHT,0.0001,9.999999747378752e-05,-0.01080766,2026-08-16T08:00Z,0,1,nan,8.0
XVSUSDT,2026-08-16T08:00Z,PANEL_RIGHT,-0.00036341,-0.0003634100139606744,-0.00059901,2026-08-16T08:00Z,0,1,nan,8.0
ZESTUSDT,2026-08-16T08:00Z,PANEL_RIGHT,0.00035473,0.0003547300002537668,0.00033801,2026-08-16T08:00Z,0,1,nan,4.0
ZRXUSDT,2026-08-16T08:00Z,PANEL_RIGHT,-5.095e-05,-5.0949998694704846e-05,-0.00023526,2026-08-16T08:00Z,0,1,nan,4.0
1000000BOBUSDT,2026-08-16T12:00Z,PANEL_RIGHT,0.00074921,0.0007492100121453404,5e-05,2026-08-16T12:00Z,0,1,nan,4.0
ALLUSDT,2026-08-16T12:00Z,PANEL_RIGHT,-0.00051388,-0.0005138799897395074,-0.00043968,2026-08-16T08:00Z,14400,1,nan,8.0
ANIMEUSDT,2026-08-16T12:00Z,PANEL_RIGHT,-2.855e-05,-2.854999911505729e-05,-2.539e-05,2026-08-16T12:00Z,0,1,nan,4.0
BANDUSDT,2026-08-16T12:00Z,PANEL_RIGHT,1.426e-05,1.4260000170907006e-05,0.0001,2026-08-16T08:00Z,14400,1,nan,8.0
BDXNUSDT,2026-08-16T12:00Z,PANEL_RIGHT,5e-05,4.999999873689376e-05,0.0046011,2026-08-16T12:00Z,0,1,nan,4.0
BNTUSDT,2026-08-16T12:00Z,PANEL_RIGHT,0.0001,9.999999747378752e-05,-0.00013565,2026-08-16T08:00Z,14400,1,nan,8.0
BTWUSDT,2026-08-16T12:00Z,PANEL_RIGHT,0.00107679,0.0010767900384962559,0.00079561,2026-08-16T12:00Z,0,1,nan,4.0
CAPUSDT,2026-08-16T12:00Z,PANEL_RIGHT,-0.00079519,-0.0007951899897307158,-0.00094881,2026-08-16T12:00Z,0,1,nan,4.0
CELRUSDT,2026-08-16T12:00Z,PANEL_RIGHT,6.477e-05,6.476999988080934e-05,0.0001,2026-08-16T08:00Z,14400,1,nan,8.0
CLANKERUSDT,2026-08-16T12:00Z,PANEL_RIGHT,0.00015294,0.0001529400033177808,5e-05,2026-08-16T12:00Z,0,1,nan,4.0
COWUSDT,2026-08-16T12:00Z,PANEL_RIGHT,-0.00449646,-0.004496459849178791,5e-05,2026-08-16T12:00Z,0,1,nan,4.0
CTRUSDT,2026-08-16T12:00Z,PANEL_RIGHT,0.00012674,0.00012673999299295247,0.00020821,2026-08-16T12:00Z,0,1,nan,4.0
CYBERUSDT,2026-08-16T12:00Z,PANEL_RIGHT,5e-05,4.999999873689376e-05,2.675e-05,2026-08-16T12:00Z,0,1,nan,4.0
DATAIPUSDT,2026-08-16T12:00Z,PANEL_RIGHT,5e-05,4.999999873689376e-05,-0.00056876,2026-08-16T12:00Z,0,1,nan,4.0
GLMUSDT,2026-08-16T12:00Z,PANEL_RIGHT,-7.738e-05,-7.73799984017387e-05,5e-05,2026-08-16T12:00Z,0,1,nan,4.0
GRVTUSDT,2026-08-16T12:00Z,PANEL_RIGHT,0.00015323,0.0001532299938844517,5e-05,2026-08-16T12:00Z,0,1,nan,4.0
KNCUSDT,2026-08-16T12:00Z,PANEL_RIGHT,0.0001,9.999999747378752e-05,-0.00051301,2026-08-16T08:00Z,14400,1,nan,8.0
MAVIAUSDT,2026-08-16T12:00Z,PANEL_RIGHT,0.00025756,0.0002575599937699735,0.00055831,2026-08-16T12:00Z,0,1,nan,4.0
MTLUSDT,2026-08-16T12:00Z,PANEL_RIGHT,0.0001,9.999999747378752e-05,-2.079e-05,2026-08-16T08:00Z,14400,1,nan,8.0
NMRUSDT,2026-08-16T12:00Z,PANEL_RIGHT,-0.00010489,-0.00010489000123925507,-0.00021259,2026-08-16T12:00Z,0,1,nan,4.0
OGUSDT,2026-08-16T12:00Z,PANEL_RIGHT,5e-05,4.999999873689376e-05,3.615e-05,2026-08-16T12:00Z,0,1,nan,4.0
OUSDT,2026-08-16T12:00Z,PANEL_RIGHT,0.00023838,0.0002383800019742921,0.00012714,2026-08-16T12:00Z,0,1,nan,4.0
PUMPBTCUSDT,2026-08-16T12:00Z,PANEL_RIGHT,5e-05,4.999999873689376e-05,0.00029844,2026-08-16T12:00Z,0,1,nan,4.0
REUSDT,2026-08-16T12:00Z,PANEL_RIGHT,-3.23e-06,-3.2299999475071672e-06,-7.359e-05,2026-08-16T12:00Z,0,1,nan,4.0
RPLUSDT,2026-08-16T12:00Z,PANEL_RIGHT,5e-05,4.999999873689376e-05,-4.192e-05,2026-08-16T12:00Z,0,1,nan,4.0
SLPUSDT,2026-08-16T12:00Z,PANEL_RIGHT,-6.664e-05,-6.664000102318823e-05,5e-05,2026-08-16T12:00Z,0,1,nan,4.0
SONICUSDT,2026-08-16T12:00Z,PANEL_RIGHT,5e-05,4.999999873689376e-05,8.526e-05,2026-08-16T12:00Z,0,1,nan,4.0
SPORTFUNUSDT,2026-08-16T12:00Z,PANEL_RIGHT,0.00044641,0.00044641000567935407,5e-05,2026-08-16T12:00Z,0,1,nan,4.0
STEEMUSDT,2026-08-16T12:00Z,PANEL_RIGHT,3.481e-05,3.4810000215657055e-05,-0.00033742,2026-08-16T12:00Z,0,1,nan,4.0
SUNUSDT,2026-08-16T12:00Z,PANEL_RIGHT,-4.438e-05,-4.438000178197399e-05,5e-05,2026-08-16T12:00Z,0,1,nan,4.0
SUPERUSDT,2026-08-16T12:00Z,PANEL_RIGHT,-9e-07,-8.999999749903509e-07,2.397e-05,2026-08-16T12:00Z,0,1,nan,4.0
SXPUSDT,2026-08-16T12:00Z,PANEL_RIGHT,0.0001,9.999999747378752e-05,-0.01080766,2026-08-16T08:00Z,14400,1,nan,8.0
XVSUSDT,2026-08-16T12:00Z,PANEL_RIGHT,-0.00036341,-0.0003634100139606744,-0.00059901,2026-08-16T08:00Z,14400,1,nan,8.0
ZESTUSDT,2026-08-16T12:00Z,PANEL_RIGHT,0.00056303,0.0005630300147458911,0.00033801,2026-08-16T12:00Z,0,1,nan,4.0
ZRXUSDT,2026-08-16T12:00Z,PANEL_RIGHT,-3.205e-05,-3.2050000299932435e-05,-0.00023526,2026-08-16T12:00Z,0,1,nan,4.0
1000000BOBUSDT,2026-08-16T16:00Z,PANEL_RIGHT,0.00015779,0.00015778999659232795,5e-05,2026-08-16T16:00Z,0,1,nan,4.0
ALLUSDT,2026-08-16T16:00Z,PANEL_RIGHT,-0.00020684,-0.00020684000628534704,-0.00043968,2026-08-16T16:00Z,0,1,nan,8.0
ANIMEUSDT,2026-08-16T16:00Z,PANEL_RIGHT,5e-05,4.999999873689376e-05,-2.539e-05,2026-08-16T16:00Z,0,1,nan,4.0
ASTRUSDT,2026-08-16T16:00Z,PANEL_RIGHT,-5.432e-05,-5.4320000344887376e-05,0.0001,2026-08-16T16:00Z,0,1,nan,8.0
BANDUSDT,2026-08-16T16:00Z,PANEL_RIGHT,-2.445e-05,-2.4450000637443736e-05,0.0001,2026-08-16T16:00Z,0,1,nan,8.0
BDXNUSDT,2026-08-16T16:00Z,PANEL_RIGHT,5e-05,4.999999873689376e-05,0.0046011,2026-08-16T16:00Z,0,1,nan,4.0
BNTUSDT,2026-08-16T16:00Z,PANEL_RIGHT,0.0001,9.999999747378752e-05,-0.00013565,2026-08-16T16:00Z,0,1,nan,8.0
BTWUSDT,2026-08-16T16:00Z,PANEL_RIGHT,0.00085429,0.0008542899740859866,0.00079561,2026-08-16T16:00Z,0,1,nan,4.0
CAPUSDT,2026-08-16T16:00Z,PANEL_RIGHT,-0.00065269,-0.0006526900106109679,-0.00094881,2026-08-16T16:00Z,0,1,nan,4.0
CLANKERUSDT,2026-08-16T16:00Z,PANEL_RIGHT,0.00014684,0.00014684000052511692,5e-05,2026-08-16T16:00Z,0,1,nan,4.0
COWUSDT,2026-08-16T16:00Z,PANEL_RIGHT,-0.00235827,-0.0023582701105624437,5e-05,2026-08-16T16:00Z,0,1,nan,4.0
CTRUSDT,2026-08-16T16:00Z,PANEL_RIGHT,0.00038081,0.00038081000093370676,0.00020821,2026-08-16T16:00Z,0,1,nan,4.0
CYBERUSDT,2026-08-16T16:00Z,PANEL_RIGHT,5e-05,4.999999873689376e-05,2.675e-05,2026-08-16T16:00Z,0,1,nan,4.0
DATAIPUSDT,2026-08-16T16:00Z,PANEL_RIGHT,5e-05,4.999999873689376e-05,-0.00056876,2026-08-16T16:00Z,0,1,nan,4.0
ILVUSDT,2026-08-16T16:00Z,PANEL_RIGHT,4.716e-05,4.715999966720119e-05,5e-05,2026-08-16T16:00Z,0,1,nan,4.0
KNCUSDT,2026-08-16T16:00Z,PANEL_RIGHT,1.533e-05,1.5330000678659417e-05,-0.00051301,2026-08-16T16:00Z,0,1,nan,8.0
MAVIAUSDT,2026-08-16T16:00Z,PANEL_RIGHT,5e-05,4.999999873689376e-05,0.00055831,2026-08-16T16:00Z,0,1,nan,4.0
MTLUSDT,2026-08-16T16:00Z,PANEL_RIGHT,8.862e-05,8.861999958753586e-05,-2.079e-05,2026-08-16T16:00Z,0,1,nan,8.0
NMRUSDT,2026-08-16T16:00Z,PANEL_RIGHT,-4.16e-05,-4.160000025876798e-05,-0.00021259,2026-08-16T16:00Z,0,1,nan,4.0
OGUSDT,2026-08-16T16:00Z,PANEL_RIGHT,5e-05,4.999999873689376e-05,3.615e-05,2026-08-16T16:00Z,0,1,nan,4.0
OUSDT,2026-08-16T16:00Z,PANEL_RIGHT,0.00029396,0.0002939600090030581,0.00012714,2026-08-16T16:00Z,0,1,nan,4.0
PUMPBTCUSDT,2026-08-16T16:00Z,PANEL_RIGHT,5e-05,4.999999873689376e-05,0.00029844,2026-08-16T16:00Z,0,1,nan,4.0
REDUSDT,2026-08-16T16:00Z,PANEL_RIGHT,1.765e-05,1.764999979059212e-05,5e-05,2026-08-16T16:00Z,0,1,nan,4.0
REUSDT,2026-08-16T16:00Z,PANEL_RIGHT,-6.186e-05,-6.186000246088952e-05,-7.359e-05,2026-08-16T16:00Z,0,1,nan,4.0
RPLUSDT,2026-08-16T16:00Z,PANEL_RIGHT,5e-05,4.999999873689376e-05,-4.192e-05,2026-08-16T16:00Z,0,1,nan,4.0
SONICUSDT,2026-08-16T16:00Z,PANEL_RIGHT,0.00025227,0.00025226999423466623,8.526e-05,2026-08-16T16:00Z,0,1,nan,4.0
SPORTFUNUSDT,2026-08-16T16:00Z,PANEL_RIGHT,0.00021946,0.00021945999469608068,5e-05,2026-08-16T16:00Z,0,1,nan,4.0
STEEMUSDT,2026-08-16T16:00Z,PANEL_RIGHT,-6.587e-05,-6.587000098079443e-05,-0.00033742,2026-08-16T16:00Z,0,1,nan,4.0
SUPERUSDT,2026-08-16T16:00Z,PANEL_RIGHT,5e-05,4.999999873689376e-05,2.397e-05,2026-08-16T16:00Z,0,1,nan,4.0
SXPUSDT,2026-08-16T16:00Z,PANEL_RIGHT,0.0001,9.999999747378752e-05,-0.01080766,2026-08-16T16:00Z,0,1,nan,8.0
XVSUSDT,2026-08-16T16:00Z,PANEL_RIGHT,-0.00024995,-0.00024995001149363816,-0.00059901,2026-08-16T16:00Z,0,1,nan,8.0
ZESTUSDT,2026-08-16T16:00Z,PANEL_RIGHT,0.00093635,0.0009363500284962356,0.00033801,2026-08-16T16:00Z,0,1,nan,4.0
ZRXUSDT,2026-08-16T16:00Z,PANEL_RIGHT,5e-05,4.999999873689376e-05,-0.00023526,2026-08-16T16:00Z,0,1,nan,4.0
1000000BOBUSDT,2026-08-16T20:00Z,PANEL_RIGHT,0.00096922,0.0009692200110293925,5e-05,2026-08-16T20:00Z,0,1,nan,4.0
ALLUSDT,2026-08-16T20:00Z,PANEL_RIGHT,-0.00020684,-0.00020684000628534704,-0.00043968,2026-08-16T16:00Z,14400,1,nan,8.0
ANIMEUSDT,2026-08-16T20:00Z,PANEL_RIGHT,-7.419e-05,-7.419000030495226e-05,-2.539e-05,2026-08-16T20:00Z,0,1,nan,4.0
ASTRUSDT,2026-08-16T20:00Z,PANEL_RIGHT,-5.432e-05,-5.4320000344887376e-05,0.0001,2026-08-16T16:00Z,14400,1,nan,8.0
BANDUSDT,2026-08-16T20:00Z,PANEL_RIGHT,-2.445e-05,-2.4450000637443736e-05,0.0001,2026-08-16T16:00Z,14400,1,nan,8.0
BDXNUSDT,2026-08-16T20:00Z,PANEL_RIGHT,5e-05,4.999999873689376e-05,0.0046011,2026-08-16T20:00Z,0,1,nan,4.0
BNTUSDT,2026-08-16T20:00Z,PANEL_RIGHT,0.0001,9.999999747378752e-05,-0.00013565,2026-08-16T16:00Z,14400,1,nan,8.0
BTWUSDT,2026-08-16T20:00Z,PANEL_RIGHT,0.00166829,0.001668290002271533,0.00079561,2026-08-16T20:00Z,0,1,nan,4.0
CAPUSDT,2026-08-16T20:00Z,PANEL_RIGHT,-0.00065018,-0.0006501799798570573,-0.00094881,2026-08-16T20:00Z,0,1,nan,4.0
COWUSDT,2026-08-16T20:00Z,PANEL_RIGHT,-0.0011226,-0.0011226000497117639,5e-05,2026-08-16T20:00Z,0,1,nan,4.0
CTRUSDT,2026-08-16T20:00Z,PANEL_RIGHT,0.00010358,0.00010358000145060942,0.00020821,2026-08-16T20:00Z,0,1,nan,4.0
CYBERUSDT,2026-08-16T20:00Z,PANEL_RIGHT,5e-05,4.999999873689376e-05,2.675e-05,2026-08-16T20:00Z,0,1,nan,4.0
DATAIPUSDT,2026-08-16T20:00Z,PANEL_RIGHT,5e-05,4.999999873689376e-05,-0.00056876,2026-08-16T20:00Z,0,1,nan,4.0
GLMUSDT,2026-08-16T20:00Z,PANEL_RIGHT,-0.00020645,-0.00020645000040531158,5e-05,2026-08-16T20:00Z,0,1,nan,4.0
GRVTUSDT,2026-08-16T20:00Z,PANEL_RIGHT,0.00015986,0.00015986000653356314,5e-05,2026-08-16T20:00Z,0,1,nan,4.0
ICXUSDT,2026-08-16T20:00Z,PANEL_RIGHT,1.72e-06,1.720000000204891e-06,5e-05,2026-08-16T20:00Z,0,1,nan,4.0
KNCUSDT,2026-08-16T20:00Z,PANEL_RIGHT,1.533e-05,1.5330000678659417e-05,-0.00051301,2026-08-16T16:00Z,14400,1,nan,8.0
MAVIAUSDT,2026-08-16T20:00Z,PANEL_RIGHT,5e-05,4.999999873689376e-05,0.00055831,2026-08-16T20:00Z,0,1,nan,4.0
MTLUSDT,2026-08-16T20:00Z,PANEL_RIGHT,8.862e-05,8.861999958753586e-05,-2.079e-05,2026-08-16T16:00Z,14400,1,nan,8.0
NMRUSDT,2026-08-16T20:00Z,PANEL_RIGHT,3.627e-05,3.6270001146476716e-05,-0.00021259,2026-08-16T20:00Z,0,1,nan,4.0
OGUSDT,2026-08-16T20:00Z,PANEL_RIGHT,5e-05,4.999999873689376e-05,3.615e-05,2026-08-16T20:00Z,0,1,nan,4.0
OUSDT,2026-08-16T20:00Z,PANEL_RIGHT,0.0002536,0.0002536000101827085,0.00012714,2026-08-16T20:00Z,0,1,nan,4.0
PUMPBTCUSDT,2026-08-16T20:00Z,PANEL_RIGHT,0.00016069,0.0001606900041224435,0.00029844,2026-08-16T20:00Z,0,1,nan,4.0
REUSDT,2026-08-16T20:00Z,PANEL_RIGHT,5e-05,4.999999873689376e-05,-7.359e-05,2026-08-16T20:00Z,0,1,nan,4.0
RPLUSDT,2026-08-16T20:00Z,PANEL_RIGHT,-0.00013391,-0.00013390999811235815,-4.192e-05,2026-08-16T20:00Z,0,1,nan,4.0
SLPUSDT,2026-08-16T20:00Z,PANEL_RIGHT,-0.00016735,-0.00016734999371692538,5e-05,2026-08-16T20:00Z,0,1,nan,4.0
SONICUSDT,2026-08-16T20:00Z,PANEL_RIGHT,-0.00012122,-0.00012122000043746084,8.526e-05,2026-08-16T20:00Z,0,1,nan,4.0
SPORTFUNUSDT,2026-08-16T20:00Z,PANEL_RIGHT,0.00060403,0.0006040299776941538,5e-05,2026-08-16T20:00Z,0,1,nan,4.0
STEEMUSDT,2026-08-16T20:00Z,PANEL_RIGHT,-0.00010709,-0.00010709000343922526,-0.00033742,2026-08-16T20:00Z,0,1,nan,4.0
SUNUSDT,2026-08-16T20:00Z,PANEL_RIGHT,4.566e-05,4.565999915939756e-05,5e-05,2026-08-16T20:00Z,0,1,nan,4.0
SUPERUSDT,2026-08-16T20:00Z,PANEL_RIGHT,5e-05,4.999999873689376e-05,2.397e-05,2026-08-16T20:00Z,0,1,nan,4.0
SXPUSDT,2026-08-16T20:00Z,PANEL_RIGHT,0.0001,9.999999747378752e-05,-0.01080766,2026-08-16T16:00Z,14400,1,nan,8.0
XVSUSDT,2026-08-16T20:00Z,PANEL_RIGHT,-0.00024995,-0.00024995001149363816,-0.00059901,2026-08-16T16:00Z,14400,1,nan,8.0
ZESTUSDT,2026-08-16T20:00Z,PANEL_RIGHT,0.00080622,0.0008062199922278523,0.00033801,2026-08-16T20:00Z,0,1,nan,4.0
ZRXUSDT,2026-08-16T20:00Z,PANEL_RIGHT,-3.161e-05,-3.161000131512992e-05,-0.00023526,2026-08-16T20:00Z,0,1,nan,4.0
ALLUSDT,2026-08-17T00:00Z,PANEL_RIGHT,-0.00023433,-0.0002343300002394244,-0.00043968,2026-08-17T00:00Z,0,1,nan,8.0
ANIMEUSDT,2026-08-17T00:00Z,PANEL_RIGHT,3.842e-05,3.8419999327743426e-05,-2.539e-05,2026-08-17T00:00Z,0,1,nan,4.0
ARKUSDT,2026-08-17T00:00Z,PANEL_RIGHT,-1.237e-05,-1.2370000149530824e-05,5e-05,2026-08-17T00:00Z,0,1,nan,4.0
ASTRUSDT,2026-08-17T00:00Z,PANEL_RIGHT,-0.00011929,-0.00011929000174859539,0.0001,2026-08-17T00:00Z,0,1,nan,8.0
AXLUSDT,2026-08-17T00:00Z,PANEL_RIGHT,4.898e-05,4.898000042885542e-05,5e-05,2026-08-17T00:00Z,0,1,nan,4.0
BDXNUSDT,2026-08-17T00:00Z,PANEL_RIGHT,5e-05,4.999999873689376e-05,0.0046011,2026-08-17T00:00Z,0,1,nan,4.0
BNTUSDT,2026-08-17T00:00Z,PANEL_RIGHT,-9.467e-05,-9.467000199947506e-05,-0.00013565,2026-08-17T00:00Z,0,1,nan,8.0
BTWUSDT,2026-08-17T00:00Z,PANEL_RIGHT,0.00171533,0.0017153300577774644,0.00079561,2026-08-17T00:00Z,0,1,nan,4.0
CAPUSDT,2026-08-17T00:00Z,PANEL_RIGHT,-0.00046908,-0.00046907999785616994,-0.00094881,2026-08-17T00:00Z,0,1,nan,4.0
COWUSDT,2026-08-17T00:00Z,PANEL_RIGHT,-0.0017485,-0.0017485000425949693,5e-05,2026-08-17T00:00Z,0,1,nan,4.0
CTRUSDT,2026-08-17T00:00Z,PANEL_RIGHT,5e-05,4.999999873689376e-05,0.00020821,2026-08-17T00:00Z,0,1,nan,4.0
CYBERUSDT,2026-08-17T00:00Z,PANEL_RIGHT,5e-05,4.999999873689376e-05,2.675e-05,2026-08-17T00:00Z,0,1,nan,4.0
DATAIPUSDT,2026-08-17T00:00Z,PANEL_RIGHT,-0.0001439,-0.00014390000433195382,-0.00056876,2026-08-17T00:00Z,0,1,nan,4.0
FLUXUSDT,2026-08-17T00:00Z,PANEL_RIGHT,3.477e-05,3.477000063867308e-05,5e-05,2026-08-17T00:00Z,0,1,nan,4.0
GLMUSDT,2026-08-17T00:00Z,PANEL_RIGHT,-5.394e-05,-5.393999890657142e-05,5e-05,2026-08-17T00:00Z,0,1,nan,4.0
KNCUSDT,2026-08-17T00:00Z,PANEL_RIGHT,-0.00051615,-0.0005161499720998108,-0.00051301,2026-08-17T00:00Z,0,1,nan,8.0
MAVIAUSDT,2026-08-17T00:00Z,PANEL_RIGHT,5e-05,4.999999873689376e-05,0.00055831,2026-08-17T00:00Z,0,1,nan,4.0
MTLUSDT,2026-08-17T00:00Z,PANEL_RIGHT,-1.889e-05,-1.888999941002112e-05,-2.079e-05,2026-08-17T00:00Z,0,1,nan,8.0
NMRUSDT,2026-08-17T00:00Z,PANEL_RIGHT,-0.00025036,-0.00025035999715328217,-0.00021259,2026-08-17T00:00Z,0,1,nan,4.0
OGUSDT,2026-08-17T00:00Z,PANEL_RIGHT,5e-05,4.999999873689376e-05,3.615e-05,2026-08-17T00:00Z,0,1,nan,4.0
OUSDT,2026-08-17T00:00Z,PANEL_RIGHT,5e-05,4.999999873689376e-05,0.00012714,2026-08-17T00:00Z,0,1,nan,4.0
PUMPBTCUSDT,2026-08-17T00:00Z,PANEL_RIGHT,5.698e-05,5.697999949916266e-05,0.00029844,2026-08-17T00:00Z,0,1,nan,4.0
REDUSDT,2026-08-17T00:00Z,PANEL_RIGHT,-8.9e-06,-8.89999955688836e-06,5e-05,2026-08-17T00:00Z,0,1,nan,4.0
REUSDT,2026-08-17T00:00Z,PANEL_RIGHT,-5.224e-05,-5.224000051384792e-05,-7.359e-05,2026-08-17T00:00Z,0,1,nan,4.0
RPLUSDT,2026-08-17T00:00Z,PANEL_RIGHT,5e-05,4.999999873689376e-05,-4.192e-05,2026-08-17T00:00Z,0,1,nan,4.0
SANTOSUSDT,2026-08-17T00:00Z,PANEL_RIGHT,-7.41e-06,-7.409999852825422e-06,5e-05,2026-08-17T00:00Z,0,1,nan,4.0
SONICUSDT,2026-08-17T00:00Z,PANEL_RIGHT,-1.877e-05,-1.87700006790692e-05,8.526e-05,2026-08-17T00:00Z,0,1,nan,4.0
SPORTFUNUSDT,2026-08-17T00:00Z,PANEL_RIGHT,0.0001191,0.0001190999973914586,5e-05,2026-08-17T00:00Z,0,1,nan,4.0
STEEMUSDT,2026-08-17T00:00Z,PANEL_RIGHT,-0.00032262,-0.0003226200060453266,-0.00033742,2026-08-17T00:00Z,0,1,nan,4.0
SUNUSDT,2026-08-17T00:00Z,PANEL_RIGHT,-6.801e-05,-6.800999835832044e-05,5e-05,2026-08-17T00:00Z,0,1,nan,4.0
SUPERUSDT,2026-08-17T00:00Z,PANEL_RIGHT,5e-05,4.999999873689376e-05,2.397e-05,2026-08-17T00:00Z,0,1,nan,4.0
SXPUSDT,2026-08-17T00:00Z,PANEL_RIGHT,0.0001,9.999999747378752e-05,-0.01080766,2026-08-17T00:00Z,0,1,nan,8.0
XVSUSDT,2026-08-17T00:00Z,PANEL_RIGHT,-0.0001247,-0.0001247000036528334,-0.00059901,2026-08-17T00:00Z,0,1,nan,8.0
ZESTUSDT,2026-08-17T00:00Z,PANEL_RIGHT,0.00047105,0.0004710500070359558,0.00033801,2026-08-17T00:00Z,0,1,nan,4.0
ZRXUSDT,2026-08-17T00:00Z,PANEL_RIGHT,5e-05,4.999999873689376e-05,-0.00023526,2026-08-17T00:00Z,0,1,nan,4.0
1000000BOBUSDT,2026-08-17T04:00Z,PANEL_RIGHT,0.00035225,0.0003522500046528876,5e-05,2026-08-17T04:00Z,0,1,nan,4.0
ALLUSDT,2026-08-17T04:00Z,PANEL_RIGHT,-0.00023433,-0.0002343300002394244,-0.00043968,2026-08-17T00:00Z,14400,1,nan,8.0
ANIMEUSDT,2026-08-17T04:00Z,PANEL_RIGHT,-1.066e-05,-1.0660000043571927e-05,-2.539e-05,2026-08-17T04:00Z,0,1,nan,4.0
ASTRUSDT,2026-08-17T04:00Z,PANEL_RIGHT,-0.00011929,-0.00011929000174859539,0.0001,2026-08-17T00:00Z,14400,1,nan,8.0
BDXNUSDT,2026-08-17T04:00Z,PANEL_RIGHT,5e-05,4.999999873689376e-05,0.0046011,2026-08-17T04:00Z,0,1,nan,4.0
BNTUSDT,2026-08-17T04:00Z,PANEL_RIGHT,-9.467e-05,-9.467000199947506e-05,-0.00013565,2026-08-17T00:00Z,14400,1,nan,8.0
BTWUSDT,2026-08-17T04:00Z,PANEL_RIGHT,0.00138721,0.0013872099807485938,0.00079561,2026-08-17T04:00Z,0,1,nan,4.0
CAPUSDT,2026-08-17T04:00Z,PANEL_RIGHT,-0.00070862,-0.0007086200057528913,-0.00094881,2026-08-17T04:00Z,0,1,nan,4.0
CLANKERUSDT,2026-08-17T04:00Z,PANEL_RIGHT,0.00019773,0.0001977299980353564,5e-05,2026-08-17T04:00Z,0,1,nan,4.0
COWUSDT,2026-08-17T04:00Z,PANEL_RIGHT,-0.00130676,-0.0013067600084468722,5e-05,2026-08-17T04:00Z,0,1,nan,4.0
CTRUSDT,2026-08-17T04:00Z,PANEL_RIGHT,0.00021881,0.00021881000429857522,0.00020821,2026-08-17T04:00Z,0,1,nan,4.0
CYBERUSDT,2026-08-17T04:00Z,PANEL_RIGHT,5e-05,4.999999873689376e-05,2.675e-05,2026-08-17T04:00Z,0,1,nan,4.0
DATAIPUSDT,2026-08-17T04:00Z,PANEL_RIGHT,-9.79e-06,-9.790000149223488e-06,-0.00056876,2026-08-17T04:00Z,0,1,nan,4.0
FLUXUSDT,2026-08-17T04:00Z,PANEL_RIGHT,4.887e-05,4.886999886366539e-05,5e-05,2026-08-17T04:00Z,0,1,nan,4.0
GLMUSDT,2026-08-17T04:00Z,PANEL_RIGHT,-1.611e-05,-1.6109999705804512e-05,5e-05,2026-08-17T04:00Z,0,1,nan,4.0
KNCUSDT,2026-08-17T04:00Z,PANEL_RIGHT,-0.00051615,-0.0005161499720998108,-0.00051301,2026-08-17T00:00Z,14400,1,nan,8.0
MAVIAUSDT,2026-08-17T04:00Z,PANEL_RIGHT,5e-05,4.999999873689376e-05,0.00055831,2026-08-17T04:00Z,0,1,nan,4.0
MTLUSDT,2026-08-17T04:00Z,PANEL_RIGHT,-1.889e-05,-1.888999941002112e-05,-2.079e-05,2026-08-17T00:00Z,14400,1,nan,8.0
NMRUSDT,2026-08-17T04:00Z,PANEL_RIGHT,5e-05,4.999999873689376e-05,-0.00021259,2026-08-17T04:00Z,0,1,nan,4.0
OGUSDT,2026-08-17T04:00Z,PANEL_RIGHT,5e-05,4.999999873689376e-05,3.615e-05,2026-08-17T04:00Z,0,1,nan,4.0
OUSDT,2026-08-17T04:00Z,PANEL_RIGHT,0.00019779,0.00019778999558184296,0.00012714,2026-08-17T04:00Z,0,1,nan,4.0
PUMPBTCUSDT,2026-08-17T04:00Z,PANEL_RIGHT,5e-05,4.999999873689376e-05,0.00029844,2026-08-17T04:00Z,0,1,nan,4.0
REDUSDT,2026-08-17T04:00Z,PANEL_RIGHT,-3.27e-06,-3.2699999792384915e-06,5e-05,2026-08-17T04:00Z,0,1,nan,4.0
REUSDT,2026-08-17T04:00Z,PANEL_RIGHT,5e-05,4.999999873689376e-05,-7.359e-05,2026-08-17T04:00Z,0,1,nan,4.0
RPLUSDT,2026-08-17T04:00Z,PANEL_RIGHT,5e-05,4.999999873689376e-05,-4.192e-05,2026-08-17T04:00Z,0,1,nan,4.0
SANTOSUSDT,2026-08-17T04:00Z,PANEL_RIGHT,-4.326e-05,-4.3259999074507505e-05,5e-05,2026-08-17T04:00Z,0,1,nan,4.0
SONICUSDT,2026-08-17T04:00Z,PANEL_RIGHT,5e-05,4.999999873689376e-05,8.526e-05,2026-08-17T04:00Z,0,1,nan,4.0
SPORTFUNUSDT,2026-08-17T04:00Z,PANEL_RIGHT,0.00027899,0.0002789899881463498,5e-05,2026-08-17T04:00Z,0,1,nan,4.0
STEEMUSDT,2026-08-17T04:00Z,PANEL_RIGHT,-0.00054686,-0.0005468599847517908,-0.00033742,2026-08-17T04:00Z,0,1,nan,4.0
SUPERUSDT,2026-08-17T04:00Z,PANEL_RIGHT,5e-05,4.999999873689376e-05,2.397e-05,2026-08-17T04:00Z,0,1,nan,4.0
SXPUSDT,2026-08-17T04:00Z,PANEL_RIGHT,0.0001,9.999999747378752e-05,-0.01080766,2026-08-17T00:00Z,14400,1,nan,8.0
XVSUSDT,2026-08-17T04:00Z,PANEL_RIGHT,-0.0001247,-0.0001247000036528334,-0.00059901,2026-08-17T00:00Z,14400,1,nan,8.0
ZESTUSDT,2026-08-17T04:00Z,PANEL_RIGHT,8.757e-05,8.756999886827543e-05,0.00033801,2026-08-17T04:00Z,0,1,nan,4.0
ZRXUSDT,2026-08-17T04:00Z,PANEL_RIGHT,-7.185e-05,-7.185000140452757e-05,-0.00023526,2026-08-17T04:00Z,0,1,nan,4.0
1000000BOBUSDT,2026-08-17T08:00Z,PANEL_RIGHT,0.00075991,0.0007599099772050977,5e-05,2026-08-17T08:00Z,0,1,nan,4.0
ALLUSDT,2026-08-17T08:00Z,PANEL_RIGHT,-0.00031155,-0.000311549985781312,-0.00043968,2026-08-17T08:00Z,0,1,nan,8.0
ANIMEUSDT,2026-08-17T08:00Z,PANEL_RIGHT,-2.833e-05,-2.8329999622656032e-05,-2.539e-05,2026-08-17T08:00Z,0,1,nan,4.0
ASTRUSDT,2026-08-17T08:00Z,PANEL_RIGHT,-0.00010888,-0.00010887999815167859,0.0001,2026-08-17T08:00Z,0,1,nan,8.0
BANDUSDT,2026-08-17T08:00Z,PANEL_RIGHT,6.536e-05,6.536000000778586e-05,0.0001,2026-08-17T08:00Z,0,1,nan,8.0
BDXNUSDT,2026-08-17T08:00Z,PANEL_RIGHT,5e-05,4.999999873689376e-05,0.0046011,2026-08-17T08:00Z,0,1,nan,4.0
BNTUSDT,2026-08-17T08:00Z,PANEL_RIGHT,0.0001,9.999999747378752e-05,-0.00013565,2026-08-17T08:00Z,0,1,nan,8.0
BTWUSDT,2026-08-17T08:00Z,PANEL_RIGHT,0.00084955,0.0008495500078424811,0.00079561,2026-08-17T08:00Z,0,1,nan,4.0
CAPUSDT,2026-08-17T08:00Z,PANEL_RIGHT,-0.00031612,-0.00031611998565495014,-0.00094881,2026-08-17T08:00Z,0,1,nan,4.0
CELRUSDT,2026-08-17T08:00Z,PANEL_RIGHT,6.437e-05,6.436999683501199e-05,0.0001,2026-08-17T08:00Z,0,1,nan,8.0
CKBUSDT,2026-08-17T08:00Z,PANEL_RIGHT,2.968e-05,2.9680000807275064e-05,0.0001,2026-08-17T08:00Z,0,1,nan,8.0
COWUSDT,2026-08-17T08:00Z,PANEL_RIGHT,-0.0018884,-0.0018883999437093735,5e-05,2026-08-17T08:00Z,0,1,nan,4.0
CTRUSDT,2026-08-17T08:00Z,PANEL_RIGHT,0.00024516,0.0002451599866617471,0.00020821,2026-08-17T08:00Z,0,1,nan,4.0
CYBERUSDT,2026-08-17T08:00Z,PANEL_RIGHT,5e-05,4.999999873689376e-05,2.675e-05,2026-08-17T08:00Z,0,1,nan,4.0
DATAIPUSDT,2026-08-17T08:00Z,PANEL_RIGHT,5e-05,4.999999873689376e-05,-0.00056876,2026-08-17T08:00Z,0,1,nan,4.0
FLUXUSDT,2026-08-17T08:00Z,PANEL_RIGHT,-7.01e-06,-7.00999999025953e-06,5e-05,2026-08-17T08:00Z,0,1,nan,4.0
GLMUSDT,2026-08-17T08:00Z,PANEL_RIGHT,-2.93e-06,-2.9299999368959107e-06,5e-05,2026-08-17T08:00Z,0,1,nan,4.0
HIVEUSDT,2026-08-17T08:00Z,PANEL_RIGHT,-4.58e-06,-4.580000222631497e-06,5e-05,2026-08-17T08:00Z,0,1,nan,4.0
KNCUSDT,2026-08-17T08:00Z,PANEL_RIGHT,-0.00013136,-0.0001313599932473153,-0.00051301,2026-08-17T08:00Z,0,1,nan,8.0
MASKUSDT,2026-08-17T08:00Z,PANEL_RIGHT,-7.154e-05,-7.154000195441768e-05,5e-05,2026-08-17T08:00Z,0,1,nan,4.0
MAVIAUSDT,2026-08-17T08:00Z,PANEL_RIGHT,5e-05,4.999999873689376e-05,0.00055831,2026-08-17T08:00Z,0,1,nan,4.0
MTLUSDT,2026-08-17T08:00Z,PANEL_RIGHT,0.0001,9.999999747378752e-05,-2.079e-05,2026-08-17T08:00Z,0,1,nan,8.0
NMRUSDT,2026-08-17T08:00Z,PANEL_RIGHT,3.597e-05,3.5969998862128705e-05,-0.00021259,2026-08-17T08:00Z,0,1,nan,4.0
OGUSDT,2026-08-17T08:00Z,PANEL_RIGHT,5e-05,4.999999873689376e-05,3.615e-05,2026-08-17T08:00Z,0,1,nan,4.0
OUSDT,2026-08-17T08:00Z,PANEL_RIGHT,6.265e-05,6.26499968348071e-05,0.00012714,2026-08-17T08:00Z,0,1,nan,4.0
PUMPBTCUSDT,2026-08-17T08:00Z,PANEL_RIGHT,9.053e-05,9.052999666891992e-05,0.00029844,2026-08-17T08:00Z,0,1,nan,4.0
REDUSDT,2026-08-17T08:00Z,PANEL_RIGHT,-5.403e-05,-5.402999886428006e-05,5e-05,2026-08-17T08:00Z,0,1,nan,4.0
REUSDT,2026-08-17T08:00Z,PANEL_RIGHT,5e-05,4.999999873689376e-05,-7.359e-05,2026-08-17T08:00Z,0,1,nan,4.0
RPLUSDT,2026-08-17T08:00Z,PANEL_RIGHT,5e-05,4.999999873689376e-05,-4.192e-05,2026-08-17T08:00Z,0,1,nan,4.0
SANTOSUSDT,2026-08-17T08:00Z,PANEL_RIGHT,-6.132e-05,-6.132000271463767e-05,5e-05,2026-08-17T08:00Z,0,1,nan,4.0
SLPUSDT,2026-08-17T08:00Z,PANEL_RIGHT,-0.00016057,-0.00016056999447755516,5e-05,2026-08-17T08:00Z,0,1,nan,4.0
SONICUSDT,2026-08-17T08:00Z,PANEL_RIGHT,5e-05,4.999999873689376e-05,8.526e-05,2026-08-17T08:00Z,0,1,nan,4.0
SPORTFUNUSDT,2026-08-17T08:00Z,PANEL_RIGHT,0.00028953,0.0002895299985539168,5e-05,2026-08-17T08:00Z,0,1,nan,4.0
STEEMUSDT,2026-08-17T08:00Z,PANEL_RIGHT,-0.00017885,-0.00017884999397210777,-0.00033742,2026-08-17T08:00Z,0,1,nan,4.0
SUPERUSDT,2026-08-17T08:00Z,PANEL_RIGHT,5e-05,4.999999873689376e-05,2.397e-05,2026-08-17T08:00Z,0,1,nan,4.0
SXPUSDT,2026-08-17T08:00Z,PANEL_RIGHT,0.0001,9.999999747378752e-05,-0.01080766,2026-08-17T08:00Z,0,1,nan,8.0
XVSUSDT,2026-08-17T08:00Z,PANEL_RIGHT,1.633e-05,1.632999919820577e-05,-0.00059901,2026-08-17T08:00Z,0,1,nan,8.0
ZESTUSDT,2026-08-17T08:00Z,PANEL_RIGHT,0.00016646,0.00016645999858155847,0.00033801,2026-08-17T08:00Z,0,1,nan,4.0
ZRXUSDT,2026-08-17T08:00Z,PANEL_RIGHT,5e-05,4.999999873689376e-05,-0.00023526,2026-08-17T08:00Z,0,1,nan,4.0
ALLUSDT,2026-08-17T12:00Z,PANEL_RIGHT,-0.00031155,-0.000311549985781312,-0.00043968,2026-08-17T08:00Z,14400,1,nan,8.0
ANIMEUSDT,2026-08-17T12:00Z,PANEL_RIGHT,5e-05,4.999999873689376e-05,-2.539e-05,2026-08-17T12:00Z,0,1,nan,4.0
ASTRUSDT,2026-08-17T12:00Z,PANEL_RIGHT,-0.00010888,-0.00010887999815167859,0.0001,2026-08-17T08:00Z,14400,1,nan,8.0
BANDUSDT,2026-08-17T12:00Z,PANEL_RIGHT,6.536e-05,6.536000000778586e-05,0.0001,2026-08-17T08:00Z,14400,1,nan,8.0
BDXNUSDT,2026-08-17T12:00Z,PANEL_RIGHT,5e-05,4.999999873689376e-05,0.0046011,2026-08-17T12:00Z,0,1,nan,4.0
BNTUSDT,2026-08-17T12:00Z,PANEL_RIGHT,0.0001,9.999999747378752e-05,-0.00013565,2026-08-17T08:00Z,14400,1,nan,8.0
BTWUSDT,2026-08-17T12:00Z,PANEL_RIGHT,0.00053881,0.00053880998166278,0.00079561,2026-08-17T12:00Z,0,1,nan,4.0
CAPUSDT,2026-08-17T12:00Z,PANEL_RIGHT,-0.00353896,-0.0035389598924666643,-0.00094881,2026-08-17T12:00Z,0,1,nan,4.0
CELRUSDT,2026-08-17T12:00Z,PANEL_RIGHT,6.437e-05,6.436999683501199e-05,0.0001,2026-08-17T08:00Z,14400,1,nan,8.0
CKBUSDT,2026-08-17T12:00Z,PANEL_RIGHT,2.968e-05,2.9680000807275064e-05,0.0001,2026-08-17T08:00Z,14400,1,nan,8.0
COWUSDT,2026-08-17T12:00Z,PANEL_RIGHT,-0.0014812,-0.0014811999863013625,5e-05,2026-08-17T12:00Z,0,1,nan,4.0
CTRUSDT,2026-08-17T12:00Z,PANEL_RIGHT,0.00019066,0.00019065999367740005,0.00020821,2026-08-17T12:00Z,0,1,nan,4.0
CYBERUSDT,2026-08-17T12:00Z,PANEL_RIGHT,5e-05,4.999999873689376e-05,2.675e-05,2026-08-17T12:00Z,0,1,nan,4.0
DATAIPUSDT,2026-08-17T12:00Z,PANEL_RIGHT,5e-05,4.999999873689376e-05,-0.00056876,2026-08-17T12:00Z,0,1,nan,4.0
GRAMUSDT,2026-08-17T12:00Z,PANEL_RIGHT,1.523e-05,1.522999991721008e-05,5e-05,2026-08-17T12:00Z,0,1,nan,4.0
HIVEUSDT,2026-08-17T12:00Z,PANEL_RIGHT,3.103e-05,3.102999835391529e-05,5e-05,2026-08-17T12:00Z,0,1,nan,4.0
ILVUSDT,2026-08-17T12:00Z,PANEL_RIGHT,-3.618e-05,-3.6180001188768074e-05,5e-05,2026-08-17T12:00Z,0,1,nan,4.0
KNCUSDT,2026-08-17T12:00Z,PANEL_RIGHT,-0.00013136,-0.0001313599932473153,-0.00051301,2026-08-17T08:00Z,14400,1,nan,8.0
MASKUSDT,2026-08-17T12:00Z,PANEL_RIGHT,-0.00010843,-0.00010843000200111419,5e-05,2026-08-17T12:00Z,0,1,nan,4.0
MAVIAUSDT,2026-08-17T12:00Z,PANEL_RIGHT,5e-05,4.999999873689376e-05,0.00055831,2026-08-17T12:00Z,0,1,nan,4.0
MTLUSDT,2026-08-17T12:00Z,PANEL_RIGHT,0.0001,9.999999747378752e-05,-2.079e-05,2026-08-17T08:00Z,14400,1,nan,8.0
NMRUSDT,2026-08-17T12:00Z,PANEL_RIGHT,5e-05,4.999999873689376e-05,-0.00021259,2026-08-17T12:00Z,0,1,nan,4.0
OGUSDT,2026-08-17T12:00Z,PANEL_RIGHT,5e-05,4.999999873689376e-05,3.615e-05,2026-08-17T12:00Z,0,1,nan,4.0
OUSDT,2026-08-17T12:00Z,PANEL_RIGHT,5e-05,4.999999873689376e-05,0.00012714,2026-08-17T12:00Z,0,1,nan,4.0
PUMPBTCUSDT,2026-08-17T12:00Z,PANEL_RIGHT,5e-05,4.999999873689376e-05,0.00029844,2026-08-17T12:00Z,0,1,nan,4.0
REDUSDT,2026-08-17T12:00Z,PANEL_RIGHT,4.365e-05,4.365000131656416e-05,5e-05,2026-08-17T12:00Z,0,1,nan,4.0
REUSDT,2026-08-17T12:00Z,PANEL_RIGHT,2.876e-05,2.8759999622707255e-05,-7.359e-05,2026-08-17T12:00Z,0,1,nan,4.0
RPLUSDT,2026-08-17T12:00Z,PANEL_RIGHT,5e-05,4.999999873689376e-05,-4.192e-05,2026-08-17T12:00Z,0,1,nan,4.0
SANTOSUSDT,2026-08-17T12:00Z,PANEL_RIGHT,-0.000108,-0.00010800000018207356,5e-05,2026-08-17T12:00Z,0,1,nan,4.0
SONICUSDT,2026-08-17T12:00Z,PANEL_RIGHT,5e-05,4.999999873689376e-05,8.526e-05,2026-08-17T12:00Z,0,1,nan,4.0
SPORTFUNUSDT,2026-08-17T12:00Z,PANEL_RIGHT,8.025e-05,8.024999988265336e-05,5e-05,2026-08-17T12:00Z,0,1,nan,4.0
STEEMUSDT,2026-08-17T12:00Z,PANEL_RIGHT,-7.594e-05,-7.593999907840043e-05,-0.00033742,2026-08-17T12:00Z,0,1,nan,4.0
SUNUSDT,2026-08-17T12:00Z,PANEL_RIGHT,2.406e-05,2.4060000214376487e-05,5e-05,2026-08-17T12:00Z,0,1,nan,4.0
SUPERUSDT,2026-08-17T12:00Z,PANEL_RIGHT,5e-05,4.999999873689376e-05,2.397e-05,2026-08-17T12:00Z,0,1,nan,4.0
SXPUSDT,2026-08-17T12:00Z,PANEL_RIGHT,0.0001,9.999999747378752e-05,-0.01080766,2026-08-17T08:00Z,14400,1,nan,8.0
XVSUSDT,2026-08-17T12:00Z,PANEL_RIGHT,1.633e-05,1.632999919820577e-05,-0.00059901,2026-08-17T08:00Z,14400,1,nan,8.0
ZESTUSDT,2026-08-17T12:00Z,PANEL_RIGHT,8.181e-05,8.181000157492235e-05,0.00033801,2026-08-17T12:00Z,0,1,nan,4.0
ZRXUSDT,2026-08-17T12:00Z,PANEL_RIGHT,5e-05,4.999999873689376e-05,-0.00023526,2026-08-17T12:00Z,0,1,nan,4.0
ALLUSDT,2026-08-17T16:00Z,PANEL_RIGHT,-0.00048423,-0.00048422999680042267,-0.00043968,2026-08-17T16:00Z,0,1,nan,8.0
ANIMEUSDT,2026-08-17T16:00Z,PANEL_RIGHT,5e-05,4.999999873689376e-05,-2.539e-05,2026-08-17T16:00Z,0,1,nan,4.0
ASTRUSDT,2026-08-17T16:00Z,PANEL_RIGHT,5.032e-05,5.031999899074435e-05,0.0001,2026-08-17T16:00Z,0,1,nan,8.0
BDXNUSDT,2026-08-17T16:00Z,PANEL_RIGHT,5e-05,4.999999873689376e-05,0.0046011,2026-08-17T16:00Z,0,1,nan,4.0
BNTUSDT,2026-08-17T16:00Z,PANEL_RIGHT,-0.00024202,-0.00024202000349760056,-0.00013565,2026-08-17T16:00Z,0,1,nan,8.0
BTWUSDT,2026-08-17T16:00Z,PANEL_RIGHT,0.00032586,0.00032585998997092247,0.00079561,2026-08-17T16:00Z,0,1,nan,4.0
CAPUSDT,2026-08-17T16:00Z,PANEL_RIGHT,-0.00245295,-0.002452949993312359,-0.00094881,2026-08-17T16:00Z,0,1,nan,4.0
CELRUSDT,2026-08-17T16:00Z,PANEL_RIGHT,8.125e-05,8.125000022118911e-05,0.0001,2026-08-17T16:00Z,0,1,nan,8.0
COWUSDT,2026-08-17T16:00Z,PANEL_RIGHT,-0.0019269,-0.0019269000040367246,5e-05,2026-08-17T16:00Z,0,1,nan,4.0
CTRUSDT,2026-08-17T16:00Z,PANEL_RIGHT,5e-05,4.999999873689376e-05,0.00020821,2026-08-17T16:00Z,0,1,nan,4.0
CYBERUSDT,2026-08-17T16:00Z,PANEL_RIGHT,5e-05,4.999999873689376e-05,2.675e-05,2026-08-17T16:00Z,0,1,nan,4.0
DATAIPUSDT,2026-08-17T16:00Z,PANEL_RIGHT,5e-05,4.999999873689376e-05,-0.00056876,2026-08-17T16:00Z,0,1,nan,4.0
FLUXUSDT,2026-08-17T16:00Z,PANEL_RIGHT,4.548e-05,4.5479999243980274e-05,5e-05,2026-08-17T16:00Z,0,1,nan,4.0
GLMUSDT,2026-08-17T16:00Z,PANEL_RIGHT,1.871e-05,1.8709999494603835e-05,5e-05,2026-08-17T16:00Z,0,1,nan,4.0
GRAMUSDT,2026-08-17T16:00Z,PANEL_RIGHT,-3.43e-06,-3.4300001061637886e-06,5e-05,2026-08-17T16:00Z,0,1,nan,4.0
HIVEUSDT,2026-08-17T16:00Z,PANEL_RIGHT,2.332e-05,2.3320000764215365e-05,5e-05,2026-08-17T16:00Z,0,1,nan,4.0
ILVUSDT,2026-08-17T16:00Z,PANEL_RIGHT,1.083e-05,1.0830000064743217e-05,5e-05,2026-08-17T16:00Z,0,1,nan,4.0
KNCUSDT,2026-08-17T16:00Z,PANEL_RIGHT,-0.00034544,-0.00034543999936431646,-0.00051301,2026-08-17T16:00Z,0,1,nan,8.0
MASKUSDT,2026-08-17T16:00Z,PANEL_RIGHT,-2.115e-05,-2.114999915647786e-05,5e-05,2026-08-17T16:00Z,0,1,nan,4.0
MAVIAUSDT,2026-08-17T16:00Z,PANEL_RIGHT,5e-05,4.999999873689376e-05,0.00055831,2026-08-17T16:00Z,0,1,nan,4.0
MTLUSDT,2026-08-17T16:00Z,PANEL_RIGHT,2.84e-05,2.8399999791872688e-05,-2.079e-05,2026-08-17T16:00Z,0,1,nan,8.0
NMRUSDT,2026-08-17T16:00Z,PANEL_RIGHT,5e-05,4.999999873689376e-05,-0.00021259,2026-08-17T16:00Z,0,1,nan,4.0
OGUSDT,2026-08-17T16:00Z,PANEL_RIGHT,5e-05,4.999999873689376e-05,3.615e-05,2026-08-17T16:00Z,0,1,nan,4.0
OUSDT,2026-08-17T16:00Z,PANEL_RIGHT,9.253e-05,9.252999734599143e-05,0.00012714,2026-08-17T16:00Z,0,1,nan,4.0
PUMPBTCUSDT,2026-08-17T16:00Z,PANEL_RIGHT,5e-05,4.999999873689376e-05,0.00029844,2026-08-17T16:00Z,0,1,nan,4.0
REDUSDT,2026-08-17T16:00Z,PANEL_RIGHT,2.094e-05,2.09400004678173e-05,5e-05,2026-08-17T16:00Z,0,1,nan,4.0
REUSDT,2026-08-17T16:00Z,PANEL_RIGHT,-5.489e-05,-5.4889998864382505e-05,-7.359e-05,2026-08-17T16:00Z,0,1,nan,4.0
RPLUSDT,2026-08-17T16:00Z,PANEL_RIGHT,4.12e-05,4.1200000850949436e-05,-4.192e-05,2026-08-17T16:00Z,0,1,nan,4.0
SANTOSUSDT,2026-08-17T16:00Z,PANEL_RIGHT,1.012e-05,1.0120000297320075e-05,5e-05,2026-08-17T16:00Z,0,1,nan,4.0
SONICUSDT,2026-08-17T16:00Z,PANEL_RIGHT,5e-05,4.999999873689376e-05,8.526e-05,2026-08-17T16:00Z,0,1,nan,4.0
SPORTFUNUSDT,2026-08-17T16:00Z,PANEL_RIGHT,9.799e-05,9.798999963095412e-05,5e-05,2026-08-17T16:00Z,0,1,nan,4.0
STEEMUSDT,2026-08-17T16:00Z,PANEL_RIGHT,-8.021e-05,-8.020999666769058e-05,-0.00033742,2026-08-17T16:00Z,0,1,nan,4.0
SUNUSDT,2026-08-17T16:00Z,PANEL_RIGHT,-8.466e-05,-8.466000144835562e-05,5e-05,2026-08-17T16:00Z,0,1,nan,4.0
SUPERUSDT,2026-08-17T16:00Z,PANEL_RIGHT,5e-05,4.999999873689376e-05,2.397e-05,2026-08-17T16:00Z,0,1,nan,4.0
SXPUSDT,2026-08-17T16:00Z,PANEL_RIGHT,0.0001,9.999999747378752e-05,-0.01080766,2026-08-17T16:00Z,0,1,nan,8.0
XVSUSDT,2026-08-17T16:00Z,PANEL_RIGHT,-0.00058929,-0.0005892899935133755,-0.00059901,2026-08-17T16:00Z,0,1,nan,8.0
ZESTUSDT,2026-08-17T16:00Z,PANEL_RIGHT,5e-05,4.999999873689376e-05,0.00033801,2026-08-17T16:00Z,0,1,nan,4.0
ZRXUSDT,2026-08-17T16:00Z,PANEL_RIGHT,2.709e-05,2.7090000003227033e-05,-0.00023526,2026-08-17T16:00Z,0,1,nan,4.0
1000000BOBUSDT,2026-08-17T20:00Z,PANEL_RIGHT,0.00084942,0.0008494199719280005,5e-05,2026-08-17T20:00Z,0,1,nan,4.0
ALLUSDT,2026-08-17T20:00Z,PANEL_RIGHT,-0.00048423,-0.00048422999680042267,-0.00043968,2026-08-17T16:00Z,14400,1,nan,8.0
ANIMEUSDT,2026-08-17T20:00Z,PANEL_RIGHT,-8.197e-05,-8.196999988285825e-05,-2.539e-05,2026-08-17T20:00Z,0,1,nan,4.0
ASTRUSDT,2026-08-17T20:00Z,PANEL_RIGHT,5.032e-05,5.031999899074435e-05,0.0001,2026-08-17T16:00Z,14400,1,nan,8.0
AXLUSDT,2026-08-17T20:00Z,PANEL_RIGHT,2.28e-05,2.28000008064555e-05,5e-05,2026-08-17T20:00Z,0,1,nan,4.0
BDXNUSDT,2026-08-17T20:00Z,PANEL_RIGHT,5e-05,4.999999873689376e-05,0.0046011,2026-08-17T20:00Z,0,1,nan,4.0
BNTUSDT,2026-08-17T20:00Z,PANEL_RIGHT,-0.00024202,-0.00024202000349760056,-0.00013565,2026-08-17T16:00Z,14400,1,nan,8.0
BTWUSDT,2026-08-17T20:00Z,PANEL_RIGHT,0.00030426,0.0003042600001208484,0.00079561,2026-08-17T20:00Z,0,1,nan,4.0
CAPUSDT,2026-08-17T20:00Z,PANEL_RIGHT,-0.001084,-0.0010839999886229634,-0.00094881,2026-08-17T20:00Z,0,1,nan,4.0
CELRUSDT,2026-08-17T20:00Z,PANEL_RIGHT,8.125e-05,8.125000022118911e-05,0.0001,2026-08-17T16:00Z,14400,1,nan,8.0
CLANKERUSDT,2026-08-17T20:00Z,PANEL_RIGHT,0.00020338,0.00020337999740149826,5e-05,2026-08-17T20:00Z,0,1,nan,4.0
COWUSDT,2026-08-17T20:00Z,PANEL_RIGHT,-0.00200005,-0.0020000499207526445,5e-05,2026-08-17T20:00Z,0,1,nan,4.0
CTKUSDT,2026-08-17T20:00Z,PANEL_RIGHT,-4.303e-05,-4.302999877836555e-05,5e-05,2026-08-17T20:00Z,0,1,nan,4.0
CTRUSDT,2026-08-17T20:00Z,PANEL_RIGHT,5e-05,4.999999873689376e-05,0.00020821,2026-08-17T20:00Z,0,1,nan,4.0
CYBERUSDT,2026-08-17T20:00Z,PANEL_RIGHT,5e-05,4.999999873689376e-05,2.675e-05,2026-08-17T20:00Z,0,1,nan,4.0
DATAIPUSDT,2026-08-17T20:00Z,PANEL_RIGHT,-0.00134414,-0.0013441400369629264,-0.00056876,2026-08-17T20:00Z,0,1,nan,4.0
FLUXUSDT,2026-08-17T20:00Z,PANEL_RIGHT,-4.47e-06,-4.470000021683518e-06,5e-05,2026-08-17T20:00Z,0,1,nan,4.0
GLMUSDT,2026-08-17T20:00Z,PANEL_RIGHT,-4.448e-05,-4.447999890544452e-05,5e-05,2026-08-17T20:00Z,0,1,nan,4.0
GRAMUSDT,2026-08-17T20:00Z,PANEL_RIGHT,-1.646e-05,-1.6460000551887788e-05,5e-05,2026-08-17T20:00Z,0,1,nan,4.0
HIVEUSDT,2026-08-17T20:00Z,PANEL_RIGHT,3.74e-05,3.740000101970509e-05,5e-05,2026-08-17T20:00Z,0,1,nan,4.0
ILVUSDT,2026-08-17T20:00Z,PANEL_RIGHT,-0.00020435,-0.00020434999896679074,5e-05,2026-08-17T20:00Z,0,1,nan,4.0
KNCUSDT,2026-08-17T20:00Z,PANEL_RIGHT,-0.00034544,-0.00034543999936431646,-0.00051301,2026-08-17T16:00Z,14400,1,nan,8.0
MAVIAUSDT,2026-08-17T20:00Z,PANEL_RIGHT,5e-05,4.999999873689376e-05,0.00055831,2026-08-17T20:00Z,0,1,nan,4.0
MTLUSDT,2026-08-17T20:00Z,PANEL_RIGHT,2.84e-05,2.8399999791872688e-05,-2.079e-05,2026-08-17T16:00Z,14400,1,nan,8.0
NMRUSDT,2026-08-17T20:00Z,PANEL_RIGHT,3.806e-05,3.805999949690886e-05,-0.00021259,2026-08-17T20:00Z,0,1,nan,4.0
OGUSDT,2026-08-17T20:00Z,PANEL_RIGHT,5e-05,4.999999873689376e-05,3.615e-05,2026-08-17T20:00Z,0,1,nan,4.0
OUSDT,2026-08-17T20:00Z,PANEL_RIGHT,5e-05,4.999999873689376e-05,0.00012714,2026-08-17T20:00Z,0,1,nan,4.0
PUMPBTCUSDT,2026-08-17T20:00Z,PANEL_RIGHT,5e-05,4.999999873689376e-05,0.00029844,2026-08-17T20:00Z,0,1,nan,4.0
REDUSDT,2026-08-17T20:00Z,PANEL_RIGHT,3.355e-05,3.355000080773607e-05,5e-05,2026-08-17T20:00Z,0,1,nan,4.0
REUSDT,2026-08-17T20:00Z,PANEL_RIGHT,-1.391e-05,-1.3910000234318431e-05,-7.359e-05,2026-08-17T20:00Z,0,1,nan,4.0
RPLUSDT,2026-08-17T20:00Z,PANEL_RIGHT,5e-05,4.999999873689376e-05,-4.192e-05,2026-08-17T20:00Z,0,1,nan,4.0
SANTOSUSDT,2026-08-17T20:00Z,PANEL_RIGHT,1.135e-05,1.1350000022503082e-05,5e-05,2026-08-17T20:00Z,0,1,nan,4.0
SLPUSDT,2026-08-17T20:00Z,PANEL_RIGHT,-1.448e-05,-1.4479999663308263e-05,5e-05,2026-08-17T20:00Z,0,1,nan,4.0
SONICUSDT,2026-08-17T20:00Z,PANEL_RIGHT,5e-05,4.999999873689376e-05,8.526e-05,2026-08-17T20:00Z,0,1,nan,4.0
SPORTFUNUSDT,2026-08-17T20:00Z,PANEL_RIGHT,0.00039436,0.0003943599876947701,5e-05,2026-08-17T20:00Z,0,1,nan,4.0
STEEMUSDT,2026-08-17T20:00Z,PANEL_RIGHT,-0.00038268,-0.00038268000935204327,-0.00033742,2026-08-17T20:00Z,0,1,nan,4.0
SUPERUSDT,2026-08-17T20:00Z,PANEL_RIGHT,4.768e-05,4.768000144395046e-05,2.397e-05,2026-08-17T20:00Z,0,1,nan,4.0
SXPUSDT,2026-08-17T20:00Z,PANEL_RIGHT,0.0001,9.999999747378752e-05,-0.01080766,2026-08-17T16:00Z,14400,1,nan,8.0
XVSUSDT,2026-08-17T20:00Z,PANEL_RIGHT,-0.00058929,-0.0005892899935133755,-0.00059901,2026-08-17T16:00Z,14400,1,nan,8.0
ZESTUSDT,2026-08-17T20:00Z,PANEL_RIGHT,5e-05,4.999999873689376e-05,0.00033801,2026-08-17T20:00Z,0,1,nan,4.0
ZRXUSDT,2026-08-17T20:00Z,PANEL_RIGHT,-7.049e-05,-7.049000123515725e-05,-0.00023526,2026-08-17T20:00Z,0,1,nan,4.0
ALLUSDT,2026-08-18T00:00Z,PANEL_RIGHT,-0.0002649,-0.0002649000089149922,-0.00043968,2026-08-18T00:00Z,0,1,nan,8.0
ANIMEUSDT,2026-08-18T00:00Z,PANEL_RIGHT,-1.781e-05,-1.7809999917517416e-05,-2.539e-05,2026-08-18T00:00Z,0,1,nan,4.0
AXLUSDT,2026-08-18T00:00Z,PANEL_RIGHT,2.523e-05,2.522999966458883e-05,5e-05,2026-08-18T00:00Z,0,1,nan,4.0
BANDUSDT,2026-08-18T00:00Z,PANEL_RIGHT,7.319e-05,7.318999996641651e-05,0.0001,2026-08-18T00:00Z,0,1,nan,8.0
BDXNUSDT,2026-08-18T00:00Z,PANEL_RIGHT,5e-05,4.999999873689376e-05,0.0046011,2026-08-18T00:00Z,0,1,nan,4.0
BNTUSDT,2026-08-18T00:00Z,PANEL_RIGHT,0.0001,9.999999747378752e-05,-0.00013565,2026-08-18T00:00Z,0,1,nan,8.0
BTWUSDT,2026-08-18T00:00Z,PANEL_RIGHT,0.00031155,0.000311549985781312,0.00079561,2026-08-18T00:00Z,0,1,nan,4.0
CAPUSDT,2026-08-18T00:00Z,PANEL_RIGHT,-0.00042552,-0.00042552000377327204,-0.00094881,2026-08-18T00:00Z,0,1,nan,4.0
CELRUSDT,2026-08-18T00:00Z,PANEL_RIGHT,9.364e-05,9.364000288769603e-05,0.0001,2026-08-18T00:00Z,0,1,nan,8.0
CKBUSDT,2026-08-18T00:00Z,PANEL_RIGHT,-9.182e-05,-9.18200021260418e-05,0.0001,2026-08-18T00:00Z,0,1,nan,8.0
CLANKERUSDT,2026-08-18T00:00Z,PANEL_RIGHT,0.00022956,0.00022955999884288758,5e-05,2026-08-18T00:00Z,0,1,nan,4.0
COWUSDT,2026-08-18T00:00Z,PANEL_RIGHT,-0.00229246,-0.00229246006347239,5e-05,2026-08-18T00:00Z,0,1,nan,4.0
CTRUSDT,2026-08-18T00:00Z,PANEL_RIGHT,5e-05,4.999999873689376e-05,0.00020821,2026-08-18T00:00Z,0,1,nan,4.0
CYBERUSDT,2026-08-18T00:00Z,PANEL_RIGHT,5e-05,4.999999873689376e-05,2.675e-05,2026-08-18T00:00Z,0,1,nan,4.0
DATAIPUSDT,2026-08-18T00:00Z,PANEL_RIGHT,-0.00139006,-0.001390059944242239,-0.00056876,2026-08-18T00:00Z,0,1,nan,4.0
FLUXUSDT,2026-08-18T00:00Z,PANEL_RIGHT,-7.775e-05,-7.775000267429277e-05,5e-05,2026-08-18T00:00Z,0,1,nan,4.0
GRAMUSDT,2026-08-18T00:00Z,PANEL_RIGHT,-5.162e-05,-5.162000161362812e-05,5e-05,2026-08-18T00:00Z,0,1,nan,4.0
KNCUSDT,2026-08-18T00:00Z,PANEL_RIGHT,-0.00054039,-0.0005403900286182761,-0.00051301,2026-08-18T00:00Z,0,1,nan,8.0
MAVIAUSDT,2026-08-18T00:00Z,PANEL_RIGHT,5e-05,4.999999873689376e-05,0.00055831,2026-08-18T00:00Z,0,1,nan,4.0
MTLUSDT,2026-08-18T00:00Z,PANEL_RIGHT,0.0001,9.999999747378752e-05,-2.079e-05,2026-08-18T00:00Z,0,1,nan,8.0
NMRUSDT,2026-08-18T00:00Z,PANEL_RIGHT,5e-05,4.999999873689376e-05,-0.00021259,2026-08-18T00:00Z,0,1,nan,4.0
OGUSDT,2026-08-18T00:00Z,PANEL_RIGHT,5e-05,4.999999873689376e-05,3.615e-05,2026-08-18T00:00Z,0,1,nan,4.0
OUSDT,2026-08-18T00:00Z,PANEL_RIGHT,5e-05,4.999999873689376e-05,0.00012714,2026-08-18T00:00Z,0,1,nan,4.0
PUMPBTCUSDT,2026-08-18T00:00Z,PANEL_RIGHT,5e-05,4.999999873689376e-05,0.00029844,2026-08-18T00:00Z,0,1,nan,4.0
PUNDIXUSDT,2026-08-18T00:00Z,PANEL_RIGHT,1.783e-05,1.7829999706009403e-05,5e-05,2026-08-18T00:00Z,0,1,nan,4.0
REUSDT,2026-08-18T00:00Z,PANEL_RIGHT,-3.099e-05,-3.0989998776931316e-05,-7.359e-05,2026-08-18T00:00Z,0,1,nan,4.0
RPLUSDT,2026-08-18T00:00Z,PANEL_RIGHT,-0.00014433,-0.00014432999887503684,-4.192e-05,2026-08-18T00:00Z,0,1,nan,4.0
SANTOSUSDT,2026-08-18T00:00Z,PANEL_RIGHT,-5.773e-05,-5.773000157205388e-05,5e-05,2026-08-18T00:00Z,0,1,nan,4.0
SLPUSDT,2026-08-18T00:00Z,PANEL_RIGHT,-8.791e-05,-8.790999709162861e-05,5e-05,2026-08-18T00:00Z,0,1,nan,4.0
SONICUSDT,2026-08-18T00:00Z,PANEL_RIGHT,5e-05,4.999999873689376e-05,8.526e-05,2026-08-18T00:00Z,0,1,nan,4.0
SPORTFUNUSDT,2026-08-18T00:00Z,PANEL_RIGHT,0.00032853,0.0003285300044808537,5e-05,2026-08-18T00:00Z,0,1,nan,4.0
STEEMUSDT,2026-08-18T00:00Z,PANEL_RIGHT,-0.00025199,-0.000251989986281842,-0.00033742,2026-08-18T00:00Z,0,1,nan,4.0
SUPERUSDT,2026-08-18T00:00Z,PANEL_RIGHT,5e-05,4.999999873689376e-05,2.397e-05,2026-08-18T00:00Z,0,1,nan,4.0
SXPUSDT,2026-08-18T00:00Z,PANEL_RIGHT,0.0001,9.999999747378752e-05,-0.01080766,2026-08-18T00:00Z,0,1,nan,8.0
XVSUSDT,2026-08-18T00:00Z,PANEL_RIGHT,-0.00025743,-0.0002574299869593233,-0.00059901,2026-08-18T00:00Z,0,1,nan,8.0
ZESTUSDT,2026-08-18T00:00Z,PANEL_RIGHT,5e-05,4.999999873689376e-05,0.00033801,2026-08-18T00:00Z,0,1,nan,4.0
ZRXUSDT,2026-08-18T00:00Z,PANEL_RIGHT,3.674e-05,3.673999890452251e-05,-0.00023526,2026-08-18T00:00Z,0,1,nan,4.0
ALLUSDT,2026-08-18T04:00Z,PANEL_RIGHT,-0.0002649,-0.0002649000089149922,-0.00043968,2026-08-18T00:00Z,14400,1,nan,8.0
ANIMEUSDT,2026-08-18T04:00Z,PANEL_RIGHT,3.473e-05,3.473000106168911e-05,-2.539e-05,2026-08-18T04:00Z,0,1,nan,4.0
AXLUSDT,2026-08-18T04:00Z,PANEL_RIGHT,-0.0001587,-0.00015870000061113387,5e-05,2026-08-18T04:00Z,0,1,nan,4.0
BANDUSDT,2026-08-18T04:00Z,PANEL_RIGHT,7.319e-05,7.318999996641651e-05,0.0001,2026-08-18T00:00Z,14400,1,nan,8.0
BDXNUSDT,2026-08-18T04:00Z,PANEL_RIGHT,5e-05,4.999999873689376e-05,0.0046011,2026-08-18T04:00Z,0,1,nan,4.0
BNTUSDT,2026-08-18T04:00Z,PANEL_RIGHT,0.0001,9.999999747378752e-05,-0.00013565,2026-08-18T00:00Z,14400,1,nan,8.0
BTWUSDT,2026-08-18T04:00Z,PANEL_RIGHT,0.00035799,0.0003579900076147169,0.00079561,2026-08-18T04:00Z,0,1,nan,4.0
CAPUSDT,2026-08-18T04:00Z,PANEL_RIGHT,-0.00068445,-0.0006844499730505049,-0.00094881,2026-08-18T04:00Z,0,1,nan,4.0
CELRUSDT,2026-08-18T04:00Z,PANEL_RIGHT,9.364e-05,9.364000288769603e-05,0.0001,2026-08-18T00:00Z,14400,1,nan,8.0
CKBUSDT,2026-08-18T04:00Z,PANEL_RIGHT,-9.182e-05,-9.18200021260418e-05,0.0001,2026-08-18T00:00Z,14400,1,nan,8.0
COWUSDT,2026-08-18T04:00Z,PANEL_RIGHT,-0.00193016,-0.0019301599822938442,5e-05,2026-08-18T04:00Z,0,1,nan,4.0
CTRUSDT,2026-08-18T04:00Z,PANEL_RIGHT,5e-05,4.999999873689376e-05,0.00020821,2026-08-18T04:00Z,0,1,nan,4.0
CYBERUSDT,2026-08-18T04:00Z,PANEL_RIGHT,-1.379e-05,-1.3789999684377108e-05,2.675e-05,2026-08-18T04:00Z,0,1,nan,4.0
DATAIPUSDT,2026-08-18T04:00Z,PANEL_RIGHT,-0.00108558,-0.0010855799773707986,-0.00056876,2026-08-18T04:00Z,0,1,nan,4.0
GLMUSDT,2026-08-18T04:00Z,PANEL_RIGHT,-0.00019167,-0.0001916699984576553,5e-05,2026-08-18T04:00Z,0,1,nan,4.0
HIVEUSDT,2026-08-18T04:00Z,PANEL_RIGHT,-7.9e-06,-7.900000127847306e-06,5e-05,2026-08-18T04:00Z,0,1,nan,4.0
KNCUSDT,2026-08-18T04:00Z,PANEL_RIGHT,-0.00054039,-0.0005403900286182761,-0.00051301,2026-08-18T00:00Z,14400,1,nan,8.0
MASKUSDT,2026-08-18T04:00Z,PANEL_RIGHT,-5.919e-05,-5.918999886489473e-05,5e-05,2026-08-18T04:00Z,0,1,nan,4.0
MAVIAUSDT,2026-08-18T04:00Z,PANEL_RIGHT,5e-05,4.999999873689376e-05,0.00055831,2026-08-18T04:00Z,0,1,nan,4.0
MTLUSDT,2026-08-18T04:00Z,PANEL_RIGHT,0.0001,9.999999747378752e-05,-2.079e-05,2026-08-18T00:00Z,14400,1,nan,8.0
NMRUSDT,2026-08-18T04:00Z,PANEL_RIGHT,-0.00025878,-0.00025877999723888934,-0.00021259,2026-08-18T04:00Z,0,1,nan,4.0
OGUSDT,2026-08-18T04:00Z,PANEL_RIGHT,5e-05,4.999999873689376e-05,3.615e-05,2026-08-18T04:00Z,0,1,nan,4.0
OUSDT,2026-08-18T04:00Z,PANEL_RIGHT,5e-05,4.999999873689376e-05,0.00012714,2026-08-18T04:00Z,0,1,nan,4.0
POLYXUSDT,2026-08-18T04:00Z,PANEL_RIGHT,-4.256e-05,-4.256000102031976e-05,5e-05,2026-08-18T04:00Z,0,1,nan,4.0
PUMPBTCUSDT,2026-08-18T04:00Z,PANEL_RIGHT,5e-05,4.999999873689376e-05,0.00029844,2026-08-18T04:00Z,0,1,nan,4.0
PUNDIXUSDT,2026-08-18T04:00Z,PANEL_RIGHT,-0.00011206,-0.00011205999908270314,5e-05,2026-08-18T04:00Z,0,1,nan,4.0
REUSDT,2026-08-18T04:00Z,PANEL_RIGHT,-1.772e-05,-1.7719999959808774e-05,-7.359e-05,2026-08-18T04:00Z,0,1,nan,4.0
RPLUSDT,2026-08-18T04:00Z,PANEL_RIGHT,5e-05,4.999999873689376e-05,-4.192e-05,2026-08-18T04:00Z,0,1,nan,4.0
SANTOSUSDT,2026-08-18T04:00Z,PANEL_RIGHT,-4.273e-05,-4.273000013199635e-05,5e-05,2026-08-18T04:00Z,0,1,nan,4.0
SLPUSDT,2026-08-18T04:00Z,PANEL_RIGHT,3.391e-05,3.3910000638570637e-05,5e-05,2026-08-18T04:00Z,0,1,nan,4.0
SONICUSDT,2026-08-18T04:00Z,PANEL_RIGHT,8.634e-05,8.633999823359773e-05,8.526e-05,2026-08-18T04:00Z,0,1,nan,4.0
SPORTFUNUSDT,2026-08-18T04:00Z,PANEL_RIGHT,6.131e-05,6.130999827291816e-05,5e-05,2026-08-18T04:00Z,0,1,nan,4.0
STEEMUSDT,2026-08-18T04:00Z,PANEL_RIGHT,-0.00029452,-0.0002945199958048761,-0.00033742,2026-08-18T04:00Z,0,1,nan,4.0
SUNUSDT,2026-08-18T04:00Z,PANEL_RIGHT,1.38e-06,1.3799999578623101e-06,5e-05,2026-08-18T04:00Z,0,1,nan,4.0
SUPERUSDT,2026-08-18T04:00Z,PANEL_RIGHT,1.019e-05,1.0189999557042029e-05,2.397e-05,2026-08-18T04:00Z,0,1,nan,4.0
SXPUSDT,2026-08-18T04:00Z,PANEL_RIGHT,0.0001,9.999999747378752e-05,-0.01080766,2026-08-18T00:00Z,14400,1,nan,8.0
VTHOUSDT,2026-08-18T04:00Z,PANEL_RIGHT,-4.572e-05,-4.572000034386292e-05,5e-05,2026-08-18T04:00Z,0,1,nan,4.0
WCTUSDT,2026-08-18T04:00Z,PANEL_RIGHT,7.2e-06,7.199999799922807e-06,5e-05,2026-08-18T04:00Z,0,1,nan,4.0
XVSUSDT,2026-08-18T04:00Z,PANEL_RIGHT,-0.00025743,-0.0002574299869593233,-0.00059901,2026-08-18T00:00Z,14400,1,nan,8.0
ZESTUSDT,2026-08-18T04:00Z,PANEL_RIGHT,7.805e-05,7.804999768268317e-05,0.00033801,2026-08-18T04:00Z,0,1,nan,4.0
ZRXUSDT,2026-08-18T04:00Z,PANEL_RIGHT,-7.129e-05,-7.129000005079433e-05,-0.00023526,2026-08-18T04:00Z,0,1,nan,4.0
ALLUSDT,2026-08-18T08:00Z,PANEL_RIGHT,-0.00025166,-0.00025166000705212355,-0.00043968,2026-08-18T08:00Z,0,1,nan,8.0
ANIMEUSDT,2026-08-18T08:00Z,PANEL_RIGHT,2.022e-05,2.0220000806148164e-05,-2.539e-05,2026-08-18T08:00Z,0,1,nan,4.0
ASTRUSDT,2026-08-18T08:00Z,PANEL_RIGHT,9.928e-05,9.927999781211838e-05,0.0001,2026-08-18T08:00Z,0,1,nan,8.0
BDXNUSDT,2026-08-18T08:00Z,PANEL_RIGHT,5e-05,4.999999873689376e-05,0.0046011,2026-08-18T08:00Z,0,1,nan,4.0
BNTUSDT,2026-08-18T08:00Z,PANEL_RIGHT,-0.0004258,-0.00042580001172609627,-0.00013565,2026-08-18T08:00Z,0,1,nan,8.0
BTWUSDT,2026-08-18T08:00Z,PANEL_RIGHT,0.00037716,0.0003771600022446364,0.00079561,2026-08-18T08:00Z,0,1,nan,4.0
CAPUSDT,2026-08-18T08:00Z,PANEL_RIGHT,-0.00035887,-0.0003588699910324067,-0.00094881,2026-08-18T08:00Z,0,1,nan,4.0
CLANKERUSDT,2026-08-18T08:00Z,PANEL_RIGHT,0.00048395,0.00048394998884759843,5e-05,2026-08-18T08:00Z,0,1,nan,4.0
COWUSDT,2026-08-18T08:00Z,PANEL_RIGHT,-0.00117954,-0.001179539947770536,5e-05,2026-08-18T08:00Z,0,1,nan,4.0
CTRUSDT,2026-08-18T08:00Z,PANEL_RIGHT,5e-05,4.999999873689376e-05,0.00020821,2026-08-18T08:00Z,0,1,nan,4.0
CYBERUSDT,2026-08-18T08:00Z,PANEL_RIGHT,5e-05,4.999999873689376e-05,2.675e-05,2026-08-18T08:00Z,0,1,nan,4.0
DATAIPUSDT,2026-08-18T08:00Z,PANEL_RIGHT,-0.00056068,-0.0005606799968518317,-0.00056876,2026-08-18T08:00Z,0,1,nan,4.0
FLUXUSDT,2026-08-18T08:00Z,PANEL_RIGHT,4.68e-05,4.6799999836366624e-05,5e-05,2026-08-18T08:00Z,0,1,nan,4.0
GLMUSDT,2026-08-18T08:00Z,PANEL_RIGHT,1.822e-05,1.8220000129076652e-05,5e-05,2026-08-18T08:00Z,0,1,nan,4.0
GRVTUSDT,2026-08-18T08:00Z,PANEL_RIGHT,6.848e-05,6.848000339232385e-05,5e-05,2026-08-18T08:00Z,0,1,nan,4.0
HIVEUSDT,2026-08-18T08:00Z,PANEL_RIGHT,3.575e-05,3.574999936972745e-05,5e-05,2026-08-18T08:00Z,0,1,nan,4.0
ICXUSDT,2026-08-18T08:00Z,PANEL_RIGHT,3.395e-05,3.395000021555461e-05,5e-05,2026-08-18T08:00Z,0,1,nan,4.0
KNCUSDT,2026-08-18T08:00Z,PANEL_RIGHT,0.0001,9.999999747378752e-05,-0.00051301,2026-08-18T08:00Z,0,1,nan,8.0
MASKUSDT,2026-08-18T08:00Z,PANEL_RIGHT,3.603e-05,3.603000004659407e-05,5e-05,2026-08-18T08:00Z,0,1,nan,4.0
MAVIAUSDT,2026-08-18T08:00Z,PANEL_RIGHT,5e-05,4.999999873689376e-05,0.00055831,2026-08-18T08:00Z,0,1,nan,4.0
MEWUSDT,2026-08-18T08:00Z,PANEL_RIGHT,1.77e-06,1.7700000398690463e-06,5e-05,2026-08-18T08:00Z,0,1,nan,4.0
MTLUSDT,2026-08-18T08:00Z,PANEL_RIGHT,0.0001,9.999999747378752e-05,-2.079e-05,2026-08-18T08:00Z,0,1,nan,8.0
NMRUSDT,2026-08-18T08:00Z,PANEL_RIGHT,5e-05,4.999999873689376e-05,-0.00021259,2026-08-18T08:00Z,0,1,nan,4.0
OGUSDT,2026-08-18T08:00Z,PANEL_RIGHT,5e-05,4.999999873689376e-05,3.615e-05,2026-08-18T08:00Z,0,1,nan,4.0
OUSDT,2026-08-18T08:00Z,PANEL_RIGHT,5e-05,4.999999873689376e-05,0.00012714,2026-08-18T08:00Z,0,1,nan,4.0
PUMPBTCUSDT,2026-08-18T08:00Z,PANEL_RIGHT,5e-05,4.999999873689376e-05,0.00029844,2026-08-18T08:00Z,0,1,nan,4.0
RAYSOLUSDT,2026-08-18T08:00Z,PANEL_RIGHT,2.435e-05,2.43499998759944e-05,5e-05,2026-08-18T08:00Z,0,1,nan,4.0
REDUSDT,2026-08-18T08:00Z,PANEL_RIGHT,-0.00312652,-0.003126519965007901,5e-05,2026-08-18T08:00Z,0,1,nan,4.0
REUSDT,2026-08-18T08:00Z,PANEL_RIGHT,5.47e-06,5.469999905471923e-06,-7.359e-05,2026-08-18T08:00Z,0,1,nan,4.0
RPLUSDT,2026-08-18T08:00Z,PANEL_RIGHT,5e-05,4.999999873689376e-05,-4.192e-05,2026-08-18T08:00Z,0,1,nan,4.0
SLPUSDT,2026-08-18T08:00Z,PANEL_RIGHT,-0.00016745,-0.00016744999447837472,5e-05,2026-08-18T08:00Z,0,1,nan,4.0
SONICUSDT,2026-08-18T08:00Z,PANEL_RIGHT,6.48e-05,6.479999865405262e-05,8.526e-05,2026-08-18T08:00Z,0,1,nan,4.0
STEEMUSDT,2026-08-18T08:00Z,PANEL_RIGHT,4.361e-05,4.3610001739580184e-05,-0.00033742,2026-08-18T08:00Z,0,1,nan,4.0
SUNUSDT,2026-08-18T08:00Z,PANEL_RIGHT,-0.0001006,-0.00010060000204248354,5e-05,2026-08-18T08:00Z,0,1,nan,4.0
SUPERUSDT,2026-08-18T08:00Z,PANEL_RIGHT,5e-05,4.999999873689376e-05,2.397e-05,2026-08-18T08:00Z,0,1,nan,4.0
SXPUSDT,2026-08-18T08:00Z,PANEL_RIGHT,0.0001,9.999999747378752e-05,-0.01080766,2026-08-18T08:00Z,0,1,nan,8.0
XVSUSDT,2026-08-18T08:00Z,PANEL_RIGHT,-0.00046409,-0.00046409000060521066,-0.00059901,2026-08-18T08:00Z,0,1,nan,8.0
ZESTUSDT,2026-08-18T08:00Z,PANEL_RIGHT,5e-05,4.999999873689376e-05,0.00033801,2026-08-18T08:00Z,0,1,nan,4.0
ZRXUSDT,2026-08-18T08:00Z,PANEL_RIGHT,5e-05,4.999999873689376e-05,-0.00023526,2026-08-18T08:00Z,0,1,nan,4.0
ALLUSDT,2026-08-18T12:00Z,PANEL_RIGHT,-0.00025166,-0.00025166000705212355,-0.00043968,2026-08-18T08:00Z,14400,1,nan,8.0
ANIMEUSDT,2026-08-18T12:00Z,PANEL_RIGHT,5e-05,4.999999873689376e-05,-2.539e-05,2026-08-18T12:00Z,0,1,nan,4.0
ASTRUSDT,2026-08-18T12:00Z,PANEL_RIGHT,9.928e-05,9.927999781211838e-05,0.0001,2026-08-18T08:00Z,14400,1,nan,8.0
BDXNUSDT,2026-08-18T12:00Z,PANEL_RIGHT,5e-05,4.999999873689376e-05,0.0046011,2026-08-18T12:00Z,0,1,nan,4.0
BNTUSDT,2026-08-18T12:00Z,PANEL_RIGHT,-0.0004258,-0.00042580001172609627,-0.00013565,2026-08-18T08:00Z,14400,1,nan,8.0
BTWUSDT,2026-08-18T12:00Z,PANEL_RIGHT,0.00021912,0.00021912000374868512,0.00079561,2026-08-18T12:00Z,0,1,nan,4.0
CAPUSDT,2026-08-18T12:00Z,PANEL_RIGHT,-0.00022749,-0.00022749000345356762,-0.00094881,2026-08-18T12:00Z,0,1,nan,4.0
CLANKERUSDT,2026-08-18T12:00Z,PANEL_RIGHT,0.00010538,0.00010538000060478225,5e-05,2026-08-18T12:00Z,0,1,nan,4.0
COWUSDT,2026-08-18T12:00Z,PANEL_RIGHT,-0.00115236,-0.0011523599969223142,5e-05,2026-08-18T12:00Z,0,1,nan,4.0
CTRUSDT,2026-08-18T12:00Z,PANEL_RIGHT,0.0001341,0.00013410000246949494,0.00020821,2026-08-18T12:00Z,0,1,nan,4.0
CYBERUSDT,2026-08-18T12:00Z,PANEL_RIGHT,-2.855e-05,-2.854999911505729e-05,2.675e-05,2026-08-18T12:00Z,0,1,nan,4.0
DATAIPUSDT,2026-08-18T12:00Z,PANEL_RIGHT,-0.0005866,-0.0005865999846719205,-0.00056876,2026-08-18T12:00Z,0,1,nan,4.0
FLUXUSDT,2026-08-18T12:00Z,PANEL_RIGHT,-0.00012097,-0.0001209699985338375,5e-05,2026-08-18T12:00Z,0,1,nan,4.0
KNCUSDT,2026-08-18T12:00Z,PANEL_RIGHT,0.0001,9.999999747378752e-05,-0.00051301,2026-08-18T08:00Z,14400,1,nan,8.0
MASKUSDT,2026-08-18T12:00Z,PANEL_RIGHT,-1.082e-05,-1.0820000170497224e-05,5e-05,2026-08-18T12:00Z,0,1,nan,4.0
MAVIAUSDT,2026-08-18T12:00Z,PANEL_RIGHT,0.00028922,0.00028922001365572214,0.00055831,2026-08-18T12:00Z,0,1,nan,4.0
MTLUSDT,2026-08-18T12:00Z,PANEL_RIGHT,0.0001,9.999999747378752e-05,-2.079e-05,2026-08-18T08:00Z,14400,1,nan,8.0
NMRUSDT,2026-08-18T12:00Z,PANEL_RIGHT,5e-05,4.999999873689376e-05,-0.00021259,2026-08-18T12:00Z,0,1,nan,4.0
OGUSDT,2026-08-18T12:00Z,PANEL_RIGHT,5e-05,4.999999873689376e-05,3.615e-05,2026-08-18T12:00Z,0,1,nan,4.0
OUSDT,2026-08-18T12:00Z,PANEL_RIGHT,0.00025599,0.000255989987635985,0.00012714,2026-08-18T12:00Z,0,1,nan,4.0
PUMPBTCUSDT,2026-08-18T12:00Z,PANEL_RIGHT,5e-05,4.999999873689376e-05,0.00029844,2026-08-18T12:00Z,0,1,nan,4.0
REDUSDT,2026-08-18T12:00Z,PANEL_RIGHT,-0.00637983,-0.006379830185323954,5e-05,2026-08-18T12:00Z,0,1,nan,4.0
REUSDT,2026-08-18T12:00Z,PANEL_RIGHT,-0.00011434,-0.00011434000043664128,-7.359e-05,2026-08-18T12:00Z,0,1,nan,4.0
RPLUSDT,2026-08-18T12:00Z,PANEL_RIGHT,5e-05,4.999999873689376e-05,-4.192e-05,2026-08-18T12:00Z,0,1,nan,4.0
SONICUSDT,2026-08-18T12:00Z,PANEL_RIGHT,5e-05,4.999999873689376e-05,8.526e-05,2026-08-18T12:00Z,0,1,nan,4.0
SPORTFUNUSDT,2026-08-18T12:00Z,PANEL_RIGHT,0.00017987,0.00017986999591812491,5e-05,2026-08-18T12:00Z,0,1,nan,4.0
STEEMUSDT,2026-08-18T12:00Z,PANEL_RIGHT,-6.382e-05,-6.381999992299825e-05,-0.00033742,2026-08-18T12:00Z,0,1,nan,4.0
SUNUSDT,2026-08-18T12:00Z,PANEL_RIGHT,-0.00040251,-0.00040250999154523015,5e-05,2026-08-18T12:00Z,0,1,nan,4.0
SUPERUSDT,2026-08-18T12:00Z,PANEL_RIGHT,5e-05,4.999999873689376e-05,2.397e-05,2026-08-18T12:00Z,0,1,nan,4.0
SXPUSDT,2026-08-18T12:00Z,PANEL_RIGHT,0.0001,9.999999747378752e-05,-0.01080766,2026-08-18T08:00Z,14400,1,nan,8.0
XVSUSDT,2026-08-18T12:00Z,PANEL_RIGHT,-0.00046409,-0.00046409000060521066,-0.00059901,2026-08-18T08:00Z,14400,1,nan,8.0
ZESTUSDT,2026-08-18T12:00Z,PANEL_RIGHT,0.00023747,0.00023746999795548618,0.00033801,2026-08-18T12:00Z,0,1,nan,4.0
ZRXUSDT,2026-08-18T12:00Z,PANEL_RIGHT,5e-05,4.999999873689376e-05,-0.00023526,2026-08-18T12:00Z,0,1,nan,4.0
ALLUSDT,2026-08-18T16:00Z,PANEL_RIGHT,-0.00021997,-0.00021996999566908926,-0.00043968,2026-08-18T16:00Z,0,1,nan,8.0
ANIMEUSDT,2026-08-18T16:00Z,PANEL_RIGHT,5e-05,4.999999873689376e-05,-2.539e-05,2026-08-18T16:00Z,0,1,nan,4.0
BDXNUSDT,2026-08-18T16:00Z,PANEL_RIGHT,5e-05,4.999999873689376e-05,0.0046011,2026-08-18T16:00Z,0,1,nan,4.0
BNTUSDT,2026-08-18T16:00Z,PANEL_RIGHT,8.527e-05,8.527000318281353e-05,-0.00013565,2026-08-18T16:00Z,0,1,nan,8.0
BTWUSDT,2026-08-18T16:00Z,PANEL_RIGHT,0.00024343,0.00024342999677173793,0.00079561,2026-08-18T16:00Z,0,1,nan,4.0
CAPUSDT,2026-08-18T16:00Z,PANEL_RIGHT,-0.00022278,-0.00022277999960351735,-0.00094881,2026-08-18T16:00Z,0,1,nan,4.0
CELRUSDT,2026-08-18T16:00Z,PANEL_RIGHT,5.619e-05,5.619000148726627e-05,0.0001,2026-08-18T16:00Z,0,1,nan,8.0
CLANKERUSDT,2026-08-18T16:00Z,PANEL_RIGHT,7.373e-05,7.372999971266836e-05,5e-05,2026-08-18T16:00Z,0,1,nan,4.0
COWUSDT,2026-08-18T16:00Z,PANEL_RIGHT,-0.00076451,-0.0007645100122317672,5e-05,2026-08-18T16:00Z,0,1,nan,4.0
CTRUSDT,2026-08-18T16:00Z,PANEL_RIGHT,8.491e-05,8.491000335197896e-05,0.00020821,2026-08-18T16:00Z,0,1,nan,4.0
CYBERUSDT,2026-08-18T16:00Z,PANEL_RIGHT,-0.00021443,-0.00021442999423015863,2.675e-05,2026-08-18T16:00Z,0,1,nan,4.0
DATAIPUSDT,2026-08-18T16:00Z,PANEL_RIGHT,-0.00096012,-0.0009601199999451637,-0.00056876,2026-08-18T16:00Z,0,1,nan,4.0
GRAMUSDT,2026-08-18T16:00Z,PANEL_RIGHT,3.725e-05,3.724999987753108e-05,5e-05,2026-08-18T16:00Z,0,1,nan,4.0
ILVUSDT,2026-08-18T16:00Z,PANEL_RIGHT,-1.02e-05,-1.0200000360782724e-05,5e-05,2026-08-18T16:00Z,0,1,nan,4.0
KNCUSDT,2026-08-18T16:00Z,PANEL_RIGHT,0.0001,9.999999747378752e-05,-0.00051301,2026-08-18T16:00Z,0,1,nan,8.0
MASKUSDT,2026-08-18T16:00Z,PANEL_RIGHT,9.17e-06,9.170000339508988e-06,5e-05,2026-08-18T16:00Z,0,1,nan,4.0
MAVIAUSDT,2026-08-18T16:00Z,PANEL_RIGHT,5e-05,4.999999873689376e-05,0.00055831,2026-08-18T16:00Z,0,1,nan,4.0
MTLUSDT,2026-08-18T16:00Z,PANEL_RIGHT,0.0001,9.999999747378752e-05,-2.079e-05,2026-08-18T16:00Z,0,1,nan,8.0
NMRUSDT,2026-08-18T16:00Z,PANEL_RIGHT,5e-05,4.999999873689376e-05,-0.00021259,2026-08-18T16:00Z,0,1,nan,4.0
OGUSDT,2026-08-18T16:00Z,PANEL_RIGHT,5e-05,4.999999873689376e-05,3.615e-05,2026-08-18T16:00Z,0,1,nan,4.0
OUSDT,2026-08-18T16:00Z,PANEL_RIGHT,0.00012998,0.0001299800060223788,0.00012714,2026-08-18T16:00Z,0,1,nan,4.0
PUMPBTCUSDT,2026-08-18T16:00Z,PANEL_RIGHT,5e-05,4.999999873689376e-05,0.00029844,2026-08-18T16:00Z,0,1,nan,4.0
REDUSDT,2026-08-18T16:00Z,PANEL_RIGHT,-0.00389346,-0.003893459914252162,5e-05,2026-08-18T16:00Z,0,1,nan,4.0
REUSDT,2026-08-18T16:00Z,PANEL_RIGHT,-0.00010834,-0.00010833999840542674,-7.359e-05,2026-08-18T16:00Z,0,1,nan,4.0
RPLUSDT,2026-08-18T16:00Z,PANEL_RIGHT,5e-05,4.999999873689376e-05,-4.192e-05,2026-08-18T16:00Z,0,1,nan,4.0
SONICUSDT,2026-08-18T16:00Z,PANEL_RIGHT,0.00018514,0.00018514000112190843,8.526e-05,2026-08-18T16:00Z,0,1,nan,4.0
SPORTFUNUSDT,2026-08-18T16:00Z,PANEL_RIGHT,0.00013786,0.0001378599990857765,5e-05,2026-08-18T16:00Z,0,1,nan,4.0
STEEMUSDT,2026-08-18T16:00Z,PANEL_RIGHT,-0.00011309,-0.00011308999819448218,-0.00033742,2026-08-18T16:00Z,0,1,nan,4.0
SUNUSDT,2026-08-18T16:00Z,PANEL_RIGHT,-0.00039768,-0.000397680007154122,5e-05,2026-08-18T16:00Z,0,1,nan,4.0
SUPERUSDT,2026-08-18T16:00Z,PANEL_RIGHT,5e-05,4.999999873689376e-05,2.397e-05,2026-08-18T16:00Z,0,1,nan,4.0
SXPUSDT,2026-08-18T16:00Z,PANEL_RIGHT,0.0001,9.999999747378752e-05,-0.01080766,2026-08-18T16:00Z,0,1,nan,8.0
XVSUSDT,2026-08-18T16:00Z,PANEL_RIGHT,0.0001,9.999999747378752e-05,-0.00059901,2026-08-18T16:00Z,0,1,nan,8.0
ZESTUSDT,2026-08-18T16:00Z,PANEL_RIGHT,0.00028026,0.0002802599919959903,0.00033801,2026-08-18T16:00Z,0,1,nan,4.0
ZRXUSDT,2026-08-18T16:00Z,PANEL_RIGHT,5e-05,4.999999873689376e-05,-0.00023526,2026-08-18T16:00Z,0,1,nan,4.0
ALLUSDT,2026-08-18T20:00Z,PANEL_RIGHT,-0.00021997,-0.00021996999566908926,-0.00043968,2026-08-18T16:00Z,14400,1,nan,8.0
ALPINEUSDT,2026-08-18T20:00Z,PANEL_RIGHT,-0.00051472,-0.0005147199844941497,5e-05,2026-08-18T20:00Z,0,1,nan,4.0
ANIMEUSDT,2026-08-18T20:00Z,PANEL_RIGHT,5e-05,4.999999873689376e-05,-2.539e-05,2026-08-18T20:00Z,0,1,nan,4.0
BDXNUSDT,2026-08-18T20:00Z,PANEL_RIGHT,5e-05,4.999999873689376e-05,0.0046011,2026-08-18T20:00Z,0,1,nan,4.0
BNTUSDT,2026-08-18T20:00Z,PANEL_RIGHT,8.527e-05,8.527000318281353e-05,-0.00013565,2026-08-18T16:00Z,14400,1,nan,8.0
BTWUSDT,2026-08-18T20:00Z,PANEL_RIGHT,0.00067982,0.0006798200192861259,0.00079561,2026-08-18T20:00Z,0,1,nan,4.0
CAPUSDT,2026-08-18T20:00Z,PANEL_RIGHT,-9.479e-05,-9.478999709244817e-05,-0.00094881,2026-08-18T20:00Z,0,1,nan,4.0
CELRUSDT,2026-08-18T20:00Z,PANEL_RIGHT,5.619e-05,5.619000148726627e-05,0.0001,2026-08-18T16:00Z,14400,1,nan,8.0
COWUSDT,2026-08-18T20:00Z,PANEL_RIGHT,-0.00078902,-0.0007890199776738882,5e-05,2026-08-18T20:00Z,0,1,nan,4.0
CTRUSDT,2026-08-18T20:00Z,PANEL_RIGHT,5e-05,4.999999873689376e-05,0.00020821,2026-08-18T20:00Z,0,1,nan,4.0
CYBERUSDT,2026-08-18T20:00Z,PANEL_RIGHT,3.077e-05,3.076999928453006e-05,2.675e-05,2026-08-18T20:00Z,0,1,nan,4.0
DATAIPUSDT,2026-08-18T20:00Z,PANEL_RIGHT,-0.00052369,-0.0005236900178715587,-0.00056876,2026-08-18T20:00Z,0,1,nan,4.0
FRAXUSDT,2026-08-18T20:00Z,PANEL_RIGHT,-5.152e-05,-5.152000085217878e-05,5e-05,2026-08-18T20:00Z,0,1,nan,4.0
GRAMUSDT,2026-08-18T20:00Z,PANEL_RIGHT,3.006e-05,3.006000042660162e-05,5e-05,2026-08-18T20:00Z,0,1,nan,4.0
ILVUSDT,2026-08-18T20:00Z,PANEL_RIGHT,-0.00023285,-0.00023284999770112336,5e-05,2026-08-18T20:00Z,0,1,nan,4.0
KNCUSDT,2026-08-18T20:00Z,PANEL_RIGHT,0.0001,9.999999747378752e-05,-0.00051301,2026-08-18T16:00Z,14400,1,nan,8.0
MAVIAUSDT,2026-08-18T20:00Z,PANEL_RIGHT,5e-05,4.999999873689376e-05,0.00055831,2026-08-18T20:00Z,0,1,nan,4.0
MTLUSDT,2026-08-18T20:00Z,PANEL_RIGHT,0.0001,9.999999747378752e-05,-2.079e-05,2026-08-18T16:00Z,14400,1,nan,8.0
NMRUSDT,2026-08-18T20:00Z,PANEL_RIGHT,5e-05,4.999999873689376e-05,-0.00021259,2026-08-18T20:00Z,0,1,nan,4.0
OGUSDT,2026-08-18T20:00Z,PANEL_RIGHT,5e-05,4.999999873689376e-05,3.615e-05,2026-08-18T20:00Z,0,1,nan,4.0
OUSDT,2026-08-18T20:00Z,PANEL_RIGHT,5e-05,4.999999873689376e-05,0.00012714,2026-08-18T20:00Z,0,1,nan,4.0
PUMPBTCUSDT,2026-08-18T20:00Z,PANEL_RIGHT,5e-05,4.999999873689376e-05,0.00029844,2026-08-18T20:00Z,0,1,nan,4.0
PUNDIXUSDT,2026-08-18T20:00Z,PANEL_RIGHT,1.319e-05,1.3189999663154595e-05,5e-05,2026-08-18T20:00Z,0,1,nan,4.0
REDUSDT,2026-08-18T20:00Z,PANEL_RIGHT,-0.00212394,-0.002123940037563443,5e-05,2026-08-18T20:00Z,0,1,nan,4.0
REUSDT,2026-08-18T20:00Z,PANEL_RIGHT,-0.00011664,-0.0001166400033980608,-7.359e-05,2026-08-18T20:00Z,0,1,nan,4.0
RPLUSDT,2026-08-18T20:00Z,PANEL_RIGHT,-0.00019034,-0.00019033999706152827,-4.192e-05,2026-08-18T20:00Z,0,1,nan,4.0
SONICUSDT,2026-08-18T20:00Z,PANEL_RIGHT,5e-05,4.999999873689376e-05,8.526e-05,2026-08-18T20:00Z,0,1,nan,4.0
STEEMUSDT,2026-08-18T20:00Z,PANEL_RIGHT,-0.00017458,-0.00017457999638281763,-0.00033742,2026-08-18T20:00Z,0,1,nan,4.0
SUNUSDT,2026-08-18T20:00Z,PANEL_RIGHT,-0.00115901,-0.0011590099893510342,5e-05,2026-08-18T20:00Z,0,1,nan,4.0
SUPERUSDT,2026-08-18T20:00Z,PANEL_RIGHT,5e-05,4.999999873689376e-05,2.397e-05,2026-08-18T20:00Z,0,1,nan,4.0
SXPUSDT,2026-08-18T20:00Z,PANEL_RIGHT,0.0001,9.999999747378752e-05,-0.01080766,2026-08-18T16:00Z,14400,1,nan,8.0
VTHOUSDT,2026-08-18T20:00Z,PANEL_RIGHT,3.114e-05,3.113999991910532e-05,5e-05,2026-08-18T20:00Z,0,1,nan,4.0
XVSUSDT,2026-08-18T20:00Z,PANEL_RIGHT,0.0001,9.999999747378752e-05,-0.00059901,2026-08-18T16:00Z,14400,1,nan,8.0
ZESTUSDT,2026-08-18T20:00Z,PANEL_RIGHT,0.00029491,0.0002949099871329963,0.00033801,2026-08-18T20:00Z,0,1,nan,4.0
ZRXUSDT,2026-08-18T20:00Z,PANEL_RIGHT,-0.00013903,-0.00013903000217396766,-0.00023526,2026-08-18T20:00Z,0,1,nan,4.0
ALLUSDT,2026-08-19T00:00Z,PANEL_RIGHT,0.0001,9.999999747378752e-05,-0.00043968,2026-08-19T00:00Z,0,1,nan,8.0
ANIMEUSDT,2026-08-19T00:00Z,PANEL_RIGHT,5e-05,4.999999873689376e-05,-2.539e-05,2026-08-19T00:00Z,0,1,nan,4.0
ASTRUSDT,2026-08-19T00:00Z,PANEL_RIGHT,-2.194e-05,-2.1940000806353055e-05,0.0001,2026-08-19T00:00Z,0,1,nan,8.0
BDXNUSDT,2026-08-19T00:00Z,PANEL_RIGHT,5e-05,4.999999873689376e-05,0.0046011,2026-08-19T00:00Z,0,1,nan,4.0
BNTUSDT,2026-08-19T00:00Z,PANEL_RIGHT,4.8e-05,4.8000001697801054e-05,-0.00013565,2026-08-19T00:00Z,0,1,nan,8.0
BTWUSDT,2026-08-19T00:00Z,PANEL_RIGHT,0.00057407,0.0005740700289607048,0.00079561,2026-08-19T00:00Z,0,1,nan,4.0
CAPUSDT,2026-08-19T00:00Z,PANEL_RIGHT,-6.51e-05,-6.510000093840063e-05,-0.00094881,2026-08-19T00:00Z,0,1,nan,4.0
CELRUSDT,2026-08-19T00:00Z,PANEL_RIGHT,-6.631e-05,-6.630999996559694e-05,0.0001,2026-08-19T00:00Z,0,1,nan,8.0
COWUSDT,2026-08-19T00:00Z,PANEL_RIGHT,-0.00114665,-0.0011466499418020248,5e-05,2026-08-19T00:00Z,0,1,nan,4.0
CTRUSDT,2026-08-19T00:00Z,PANEL_RIGHT,8.805e-05,8.805000106804073e-05,0.00020821,2026-08-19T00:00Z,0,1,nan,4.0
CYBERUSDT,2026-08-19T00:00Z,PANEL_RIGHT,4.427e-05,4.4270000216783956e-05,2.675e-05,2026-08-19T00:00Z,0,1,nan,4.0
DATAIPUSDT,2026-08-19T00:00Z,PANEL_RIGHT,1.95e-06,1.950000068973168e-06,-0.00056876,2026-08-19T00:00Z,0,1,nan,4.0
FRAXUSDT,2026-08-19T00:00Z,PANEL_RIGHT,-0.00021268,-0.00021267999545671046,5e-05,2026-08-19T00:00Z,0,1,nan,4.0
GRAMUSDT,2026-08-19T00:00Z,PANEL_RIGHT,2.36e-06,2.3600000531587284e-06,5e-05,2026-08-19T00:00Z,0,1,nan,4.0
ICXUSDT,2026-08-19T00:00Z,PANEL_RIGHT,1.893e-05,1.8930000805994496e-05,5e-05,2026-08-19T00:00Z,0,1,nan,4.0
KNCUSDT,2026-08-19T00:00Z,PANEL_RIGHT,-0.00033357,-0.0003335700021125376,-0.00051301,2026-08-19T00:00Z,0,1,nan,8.0
MAVIAUSDT,2026-08-19T00:00Z,PANEL_RIGHT,5e-05,4.999999873689376e-05,0.00055831,2026-08-19T00:00Z,0,1,nan,4.0
MEWUSDT,2026-08-19T00:00Z,PANEL_RIGHT,2.737e-05,2.7370000680093654e-05,5e-05,2026-08-19T00:00Z,0,1,nan,4.0
MTLUSDT,2026-08-19T00:00Z,PANEL_RIGHT,0.0001,9.999999747378752e-05,-2.079e-05,2026-08-19T00:00Z,0,1,nan,8.0
NMRUSDT,2026-08-19T00:00Z,PANEL_RIGHT,5e-05,4.999999873689376e-05,-0.00021259,2026-08-19T00:00Z,0,1,nan,4.0
OGUSDT,2026-08-19T00:00Z,PANEL_RIGHT,5e-05,4.999999873689376e-05,3.615e-05,2026-08-19T00:00Z,0,1,nan,4.0
OUSDT,2026-08-19T00:00Z,PANEL_RIGHT,5e-05,4.999999873689376e-05,0.00012714,2026-08-19T00:00Z,0,1,nan,4.0
PUMPBTCUSDT,2026-08-19T00:00Z,PANEL_RIGHT,5e-05,4.999999873689376e-05,0.00029844,2026-08-19T00:00Z,0,1,nan,4.0
REDUSDT,2026-08-19T00:00Z,PANEL_RIGHT,-0.00212887,-0.0021288699936121702,5e-05,2026-08-19T00:00Z,0,1,nan,4.0
REUSDT,2026-08-19T00:00Z,PANEL_RIGHT,-3.807e-05,-3.8070000300649554e-05,-7.359e-05,2026-08-19T00:00Z,0,1,nan,4.0
RPLUSDT,2026-08-19T00:00Z,PANEL_RIGHT,5e-05,4.999999873689376e-05,-4.192e-05,2026-08-19T00:00Z,0,1,nan,4.0
SONICUSDT,2026-08-19T00:00Z,PANEL_RIGHT,5e-05,4.999999873689376e-05,8.526e-05,2026-08-19T00:00Z,0,1,nan,4.0
STEEMUSDT,2026-08-19T00:00Z,PANEL_RIGHT,-6.54e-05,-6.540000322274864e-05,-0.00033742,2026-08-19T00:00Z,0,1,nan,4.0
SUNUSDT,2026-08-19T00:00Z,PANEL_RIGHT,-0.00054031,-0.0005403099930845201,5e-05,2026-08-19T00:00Z,0,1,nan,4.0
SUPERUSDT,2026-08-19T00:00Z,PANEL_RIGHT,5e-05,4.999999873689376e-05,2.397e-05,2026-08-19T00:00Z,0,1,nan,4.0
SXPUSDT,2026-08-19T00:00Z,PANEL_RIGHT,0.0001,9.999999747378752e-05,-0.01080766,2026-08-19T00:00Z,0,1,nan,8.0
VTHOUSDT,2026-08-19T00:00Z,PANEL_RIGHT,3.596e-05,3.596000169636682e-05,5e-05,2026-08-19T00:00Z,0,1,nan,4.0
XVSUSDT,2026-08-19T00:00Z,PANEL_RIGHT,-0.00011979,-0.00011978999827988446,-0.00059901,2026-08-19T00:00Z,0,1,nan,8.0
ZESTUSDT,2026-08-19T00:00Z,PANEL_RIGHT,0.00012592,0.00012592000712174922,0.00033801,2026-08-19T00:00Z,0,1,nan,4.0
ZRXUSDT,2026-08-19T00:00Z,PANEL_RIGHT,-0.00021488,-0.00021487999765668064,-0.00023526,2026-08-19T00:00Z,0,1,nan,4.0
ALLUSDT,2026-08-19T04:00Z,PANEL_RIGHT,0.0001,9.999999747378752e-05,-0.00043968,2026-08-19T00:00Z,14400,1,nan,8.0
ANIMEUSDT,2026-08-19T04:00Z,PANEL_RIGHT,5e-05,4.999999873689376e-05,-2.539e-05,2026-08-19T04:00Z,0,1,nan,4.0
ASTRUSDT,2026-08-19T04:00Z,PANEL_RIGHT,-2.194e-05,-2.1940000806353055e-05,0.0001,2026-08-19T00:00Z,14400,1,nan,8.0
BDXNUSDT,2026-08-19T04:00Z,PANEL_RIGHT,5e-05,4.999999873689376e-05,0.0046011,2026-08-19T04:00Z,0,1,nan,4.0
BNTUSDT,2026-08-19T04:00Z,PANEL_RIGHT,4.8e-05,4.8000001697801054e-05,-0.00013565,2026-08-19T00:00Z,14400,1,nan,8.0
BTWUSDT,2026-08-19T04:00Z,PANEL_RIGHT,0.00054948,0.0005494800279848278,0.00079561,2026-08-19T04:00Z,0,1,nan,4.0
CAPUSDT,2026-08-19T04:00Z,PANEL_RIGHT,-0.00010996,-0.0001099599976441823,-0.00094881,2026-08-19T04:00Z,0,1,nan,4.0
CELRUSDT,2026-08-19T04:00Z,PANEL_RIGHT,-6.631e-05,-6.630999996559694e-05,0.0001,2026-08-19T00:00Z,14400,1,nan,8.0
COWUSDT,2026-08-19T04:00Z,PANEL_RIGHT,-0.00086719,-0.0008671900141052902,5e-05,2026-08-19T04:00Z,0,1,nan,4.0
CTRUSDT,2026-08-19T04:00Z,PANEL_RIGHT,0.00025525,0.0002552499936427921,0.00020821,2026-08-19T04:00Z,0,1,nan,4.0
CYBERUSDT,2026-08-19T04:00Z,PANEL_RIGHT,-0.00019698,-0.0001969800068764016,2.675e-05,2026-08-19T04:00Z,0,1,nan,4.0
DATAIPUSDT,2026-08-19T04:00Z,PANEL_RIGHT,-0.00033581,-0.0003358100075274706,-0.00056876,2026-08-19T04:00Z,0,1,nan,4.0
FRAXUSDT,2026-08-19T04:00Z,PANEL_RIGHT,-1.972e-05,-1.9720000636880286e-05,5e-05,2026-08-19T04:00Z,0,1,nan,4.0
ICXUSDT,2026-08-19T04:00Z,PANEL_RIGHT,-2.77e-06,-2.770000037344289e-06,5e-05,2026-08-19T04:00Z,0,1,nan,4.0
KNCUSDT,2026-08-19T04:00Z,PANEL_RIGHT,-0.00033357,-0.0003335700021125376,-0.00051301,2026-08-19T00:00Z,14400,1,nan,8.0
MASKUSDT,2026-08-19T04:00Z,PANEL_RIGHT,-0.0001237,-0.00012369999603834003,5e-05,2026-08-19T04:00Z,0,1,nan,4.0
MAVIAUSDT,2026-08-19T04:00Z,PANEL_RIGHT,0.00034046,0.0003404600138310343,0.00055831,2026-08-19T04:00Z,0,1,nan,4.0
MEWUSDT,2026-08-19T04:00Z,PANEL_RIGHT,-8.68e-06,-8.680000064487103e-06,5e-05,2026-08-19T04:00Z,0,1,nan,4.0
MTLUSDT,2026-08-19T04:00Z,PANEL_RIGHT,0.0001,9.999999747378752e-05,-2.079e-05,2026-08-19T00:00Z,14400,1,nan,8.0
NMRUSDT,2026-08-19T04:00Z,PANEL_RIGHT,5e-05,4.999999873689376e-05,-0.00021259,2026-08-19T04:00Z,0,1,nan,4.0
OGUSDT,2026-08-19T04:00Z,PANEL_RIGHT,5e-05,4.999999873689376e-05,3.615e-05,2026-08-19T04:00Z,0,1,nan,4.0
OUSDT,2026-08-19T04:00Z,PANEL_RIGHT,5e-05,4.999999873689376e-05,0.00012714,2026-08-19T04:00Z,0,1,nan,4.0
PUMPBTCUSDT,2026-08-19T04:00Z,PANEL_RIGHT,5e-05,4.999999873689376e-05,0.00029844,2026-08-19T04:00Z,0,1,nan,4.0
PUNDIXUSDT,2026-08-19T04:00Z,PANEL_RIGHT,1.475e-05,1.475000044592889e-05,5e-05,2026-08-19T04:00Z,0,1,nan,4.0
REDUSDT,2026-08-19T04:00Z,PANEL_RIGHT,-0.0010148,-0.0010148000437766314,5e-05,2026-08-19T04:00Z,0,1,nan,4.0
REUSDT,2026-08-19T04:00Z,PANEL_RIGHT,-4.38e-05,-4.3799998820759356e-05,-7.359e-05,2026-08-19T04:00Z,0,1,nan,4.0
RPLUSDT,2026-08-19T04:00Z,PANEL_RIGHT,3.639e-05,3.6389999877428636e-05,-4.192e-05,2026-08-19T04:00Z,0,1,nan,4.0
SLPUSDT,2026-08-19T04:00Z,PANEL_RIGHT,-9.088e-05,-9.08799993339926e-05,5e-05,2026-08-19T04:00Z,0,1,nan,4.0
SONICUSDT,2026-08-19T04:00Z,PANEL_RIGHT,5e-05,4.999999873689376e-05,8.526e-05,2026-08-19T04:00Z,0,1,nan,4.0
SPORTFUNUSDT,2026-08-19T04:00Z,PANEL_RIGHT,6.033e-05,6.03299995418638e-05,5e-05,2026-08-19T04:00Z,0,1,nan,4.0
STEEMUSDT,2026-08-19T04:00Z,PANEL_RIGHT,-0.00051192,-0.0005119200213812292,-0.00033742,2026-08-19T04:00Z,0,1,nan,4.0
SUNUSDT,2026-08-19T04:00Z,PANEL_RIGHT,-5.459e-05,-5.45900002180133e-05,5e-05,2026-08-19T04:00Z,0,1,nan,4.0
SUPERUSDT,2026-08-19T04:00Z,PANEL_RIGHT,5e-05,4.999999873689376e-05,2.397e-05,2026-08-19T04:00Z,0,1,nan,4.0
SXPUSDT,2026-08-19T04:00Z,PANEL_RIGHT,0.0001,9.999999747378752e-05,-0.01080766,2026-08-19T00:00Z,14400,1,nan,8.0
WCTUSDT,2026-08-19T04:00Z,PANEL_RIGHT,-4.4e-06,-4.399999852466863e-06,5e-05,2026-08-19T04:00Z,0,1,nan,4.0
XVSUSDT,2026-08-19T04:00Z,PANEL_RIGHT,-0.00011979,-0.00011978999827988446,-0.00059901,2026-08-19T00:00Z,14400,1,nan,8.0
ZESTUSDT,2026-08-19T04:00Z,PANEL_RIGHT,0.00019636,0.00019635999342426658,0.00033801,2026-08-19T04:00Z,0,1,nan,4.0
ZRXUSDT,2026-08-19T04:00Z,PANEL_RIGHT,-0.00010924,-0.00010923999798251316,-0.00023526,2026-08-19T04:00Z,0,1,nan,4.0
ALLUSDT,2026-08-19T08:00Z,PANEL_RIGHT,-0.00037128,-0.0003712800098583102,-0.00043968,2026-08-19T08:00Z,0,1,nan,8.0
ANIMEUSDT,2026-08-19T08:00Z,PANEL_RIGHT,-1.799e-05,-1.79899998329347e-05,-2.539e-05,2026-08-19T08:00Z,0,1,nan,4.0
BDXNUSDT,2026-08-19T08:00Z,PANEL_RIGHT,5e-05,4.999999873689376e-05,0.0046011,2026-08-19T08:00Z,0,1,nan,4.0
BNTUSDT,2026-08-19T08:00Z,PANEL_RIGHT,0.0001,9.999999747378752e-05,-0.00013565,2026-08-19T08:00Z,0,1,nan,8.0
BTWUSDT,2026-08-19T08:00Z,PANEL_RIGHT,0.00051687,0.0005168700008653104,0.00079561,2026-08-19T08:00Z,0,1,nan,4.0
CAPUSDT,2026-08-19T08:00Z,PANEL_RIGHT,-0.00013778,-0.00013778000720776618,-0.00094881,2026-08-19T08:00Z,0,1,nan,4.0
COWUSDT,2026-08-19T08:00Z,PANEL_RIGHT,-0.00030458,-0.0003045799967367202,5e-05,2026-08-19T08:00Z,0,1,nan,4.0
CTKUSDT,2026-08-19T08:00Z,PANEL_RIGHT,1.491e-05,1.4909999663359486e-05,5e-05,2026-08-19T08:00Z,0,1,nan,4.0
CTRUSDT,2026-08-19T08:00Z,PANEL_RIGHT,0.00041774,0.00041773999691940844,0.00020821,2026-08-19T08:00Z,0,1,nan,4.0
CYBERUSDT,2026-08-19T08:00Z,PANEL_RIGHT,3.179e-05,3.1790001230547205e-05,2.675e-05,2026-08-19T08:00Z,0,1,nan,4.0
DATAIPUSDT,2026-08-19T08:00Z,PANEL_RIGHT,-0.00029573,-0.0002957299875561148,-0.00056876,2026-08-19T08:00Z,0,1,nan,4.0
GRAMUSDT,2026-08-19T08:00Z,PANEL_RIGHT,1.098e-05,1.098000029742252e-05,5e-05,2026-08-19T08:00Z,0,1,nan,4.0
ILVUSDT,2026-08-19T08:00Z,PANEL_RIGHT,-2.36e-06,-2.3600000531587284e-06,5e-05,2026-08-19T08:00Z,0,1,nan,4.0
KNCUSDT,2026-08-19T08:00Z,PANEL_RIGHT,9.297e-05,9.297000360675156e-05,-0.00051301,2026-08-19T08:00Z,0,1,nan,8.0
MASKUSDT,2026-08-19T08:00Z,PANEL_RIGHT,-4.271e-05,-4.270999852451496e-05,5e-05,2026-08-19T08:00Z,0,1,nan,4.0
MAVIAUSDT,2026-08-19T08:00Z,PANEL_RIGHT,0.00012523,0.00012522999895736575,0.00055831,2026-08-19T08:00Z,0,1,nan,4.0
MEWUSDT,2026-08-19T08:00Z,PANEL_RIGHT,-9.719e-05,-9.719000081531703e-05,5e-05,2026-08-19T08:00Z,0,1,nan,4.0
MTLUSDT,2026-08-19T08:00Z,PANEL_RIGHT,0.0001,9.999999747378752e-05,-2.079e-05,2026-08-19T08:00Z,0,1,nan,8.0
NMRUSDT,2026-08-19T08:00Z,PANEL_RIGHT,5e-05,4.999999873689376e-05,-0.00021259,2026-08-19T08:00Z,0,1,nan,4.0
OGUSDT,2026-08-19T08:00Z,PANEL_RIGHT,5e-05,4.999999873689376e-05,3.615e-05,2026-08-19T08:00Z,0,1,nan,4.0
OUSDT,2026-08-19T08:00Z,PANEL_RIGHT,5e-05,4.999999873689376e-05,0.00012714,2026-08-19T08:00Z,0,1,nan,4.0
PUMPBTCUSDT,2026-08-19T08:00Z,PANEL_RIGHT,5e-05,4.999999873689376e-05,0.00029844,2026-08-19T08:00Z,0,1,nan,4.0
REDUSDT,2026-08-19T08:00Z,PANEL_RIGHT,-0.00174301,-0.0017430100124329329,5e-05,2026-08-19T08:00Z,0,1,nan,4.0
REUSDT,2026-08-19T08:00Z,PANEL_RIGHT,-0.00013724,-0.0001372400001855567,-7.359e-05,2026-08-19T08:00Z,0,1,nan,4.0
RPLUSDT,2026-08-19T08:00Z,PANEL_RIGHT,5e-05,4.999999873689376e-05,-4.192e-05,2026-08-19T08:00Z,0,1,nan,4.0
SONICUSDT,2026-08-19T08:00Z,PANEL_RIGHT,5e-05,4.999999873689376e-05,8.526e-05,2026-08-19T08:00Z,0,1,nan,4.0
SPORTFUNUSDT,2026-08-19T08:00Z,PANEL_RIGHT,0.00027578,0.0002757800102699548,5e-05,2026-08-19T08:00Z,0,1,nan,4.0
STEEMUSDT,2026-08-19T08:00Z,PANEL_RIGHT,2.352e-05,2.3520000468124636e-05,-0.00033742,2026-08-19T08:00Z,0,1,nan,4.0
SUNUSDT,2026-08-19T08:00Z,PANEL_RIGHT,-9.207e-05,-9.206999675370753e-05,5e-05,2026-08-19T08:00Z,0,1,nan,4.0
SUPERUSDT,2026-08-19T08:00Z,PANEL_RIGHT,6.72e-06,6.719999873894267e-06,2.397e-05,2026-08-19T08:00Z,0,1,nan,4.0
SXPUSDT,2026-08-19T08:00Z,PANEL_RIGHT,0.0001,9.999999747378752e-05,-0.01080766,2026-08-19T08:00Z,0,1,nan,8.0
WCTUSDT,2026-08-19T08:00Z,PANEL_RIGHT,1.92e-06,1.919999931487837e-06,5e-05,2026-08-19T08:00Z,0,1,nan,4.0
XVSUSDT,2026-08-19T08:00Z,PANEL_RIGHT,-4.91e-05,-4.909999915980734e-05,-0.00059901,2026-08-19T08:00Z,0,1,nan,8.0
ZESTUSDT,2026-08-19T08:00Z,PANEL_RIGHT,5e-05,4.999999873689376e-05,0.00033801,2026-08-19T08:00Z,0,1,nan,4.0
ZRXUSDT,2026-08-19T08:00Z,PANEL_RIGHT,-0.00030013,-0.00030012999195605516,-0.00023526,2026-08-19T08:00Z,0,1,nan,4.0
ALLUSDT,2026-08-19T12:00Z,PANEL_RIGHT,-0.00037128,-0.0003712800098583102,-0.00043968,2026-08-19T08:00Z,14400,1,nan,8.0
ANIMEUSDT,2026-08-19T12:00Z,PANEL_RIGHT,5e-05,4.999999873689376e-05,-2.539e-05,2026-08-19T12:00Z,0,1,nan,4.0
BDXNUSDT,2026-08-19T12:00Z,PANEL_RIGHT,5e-05,4.999999873689376e-05,0.0046011,2026-08-19T12:00Z,0,1,nan,4.0
BNTUSDT,2026-08-19T12:00Z,PANEL_RIGHT,0.0001,9.999999747378752e-05,-0.00013565,2026-08-19T08:00Z,14400,1,nan,8.0
BTWUSDT,2026-08-19T12:00Z,PANEL_RIGHT,0.00141401,0.0014140099519863725,0.00079561,2026-08-19T12:00Z,0,1,nan,4.0
CAPUSDT,2026-08-19T12:00Z,PANEL_RIGHT,-4.439e-05,-4.4389998947735876e-05,-0.00094881,2026-08-19T12:00Z,0,1,nan,4.0
COWUSDT,2026-08-19T12:00Z,PANEL_RIGHT,-0.00049114,-0.0004911400028504431,5e-05,2026-08-19T12:00Z,0,1,nan,4.0
CTKUSDT,2026-08-19T12:00Z,PANEL_RIGHT,1.044e-05,1.0439999641675968e-05,5e-05,2026-08-19T12:00Z,0,1,nan,4.0
CTRUSDT,2026-08-19T12:00Z,PANEL_RIGHT,5e-05,4.999999873689376e-05,0.00020821,2026-08-19T12:00Z,0,1,nan,4.0
CYBERUSDT,2026-08-19T12:00Z,PANEL_RIGHT,5e-05,4.999999873689376e-05,2.675e-05,2026-08-19T12:00Z,0,1,nan,4.0
DATAIPUSDT,2026-08-19T12:00Z,PANEL_RIGHT,-0.00016899,-0.00016898999456316233,-0.00056876,2026-08-19T12:00Z,0,1,nan,4.0
GRVTUSDT,2026-08-19T12:00Z,PANEL_RIGHT,-0.00017346,-0.00017345999367535114,5e-05,2026-08-19T12:00Z,0,1,nan,4.0
ILVUSDT,2026-08-19T12:00Z,PANEL_RIGHT,2.254e-05,2.2539999918080866e-05,5e-05,2026-08-19T12:00Z,0,1,nan,4.0
KNCUSDT,2026-08-19T12:00Z,PANEL_RIGHT,9.297e-05,9.297000360675156e-05,-0.00051301,2026-08-19T08:00Z,14400,1,nan,8.0
MAVIAUSDT,2026-08-19T12:00Z,PANEL_RIGHT,5e-05,4.999999873689376e-05,0.00055831,2026-08-19T12:00Z,0,1,nan,4.0
MTLUSDT,2026-08-19T12:00Z,PANEL_RIGHT,0.0001,9.999999747378752e-05,-2.079e-05,2026-08-19T08:00Z,14400,1,nan,8.0
NMRUSDT,2026-08-19T12:00Z,PANEL_RIGHT,3.21e-06,3.209999931641505e-06,-0.00021259,2026-08-19T12:00Z,0,1,nan,4.0
OGUSDT,2026-08-19T12:00Z,PANEL_RIGHT,5e-05,4.999999873689376e-05,3.615e-05,2026-08-19T12:00Z,0,1,nan,4.0
OUSDT,2026-08-19T12:00Z,PANEL_RIGHT,5e-05,4.999999873689376e-05,0.00012714,2026-08-19T12:00Z,0,1,nan,4.0
PUMPBTCUSDT,2026-08-19T12:00Z,PANEL_RIGHT,5e-05,4.999999873689376e-05,0.00029844,2026-08-19T12:00Z,0,1,nan,4.0
REDUSDT,2026-08-19T12:00Z,PANEL_RIGHT,-0.00145416,-0.0014541599666699767,5e-05,2026-08-19T12:00Z,0,1,nan,4.0
REUSDT,2026-08-19T12:00Z,PANEL_RIGHT,-5.4e-07,-5.399999736255268e-07,-7.359e-05,2026-08-19T12:00Z,0,1,nan,4.0
RPLUSDT,2026-08-19T12:00Z,PANEL_RIGHT,5e-05,4.999999873689376e-05,-4.192e-05,2026-08-19T12:00Z,0,1,nan,4.0
SONICUSDT,2026-08-19T12:00Z,PANEL_RIGHT,5e-05,4.999999873689376e-05,8.526e-05,2026-08-19T12:00Z,0,1,nan,4.0
SPORTFUNUSDT,2026-08-19T12:00Z,PANEL_RIGHT,0.00029918,0.0002991800138261169,5e-05,2026-08-19T12:00Z,0,1,nan,4.0
STEEMUSDT,2026-08-19T12:00Z,PANEL_RIGHT,-7.106e-05,-7.105999975465238e-05,-0.00033742,2026-08-19T12:00Z,0,1,nan,4.0
SUNUSDT,2026-08-19T12:00Z,PANEL_RIGHT,-0.00057374,-0.0005737399915233254,5e-05,2026-08-19T12:00Z,0,1,nan,4.0
SUPERUSDT,2026-08-19T12:00Z,PANEL_RIGHT,5e-05,4.999999873689376e-05,2.397e-05,2026-08-19T12:00Z,0,1,nan,4.0
SXPUSDT,2026-08-19T12:00Z,PANEL_RIGHT,0.0001,9.999999747378752e-05,-0.01080766,2026-08-19T08:00Z,14400,1,nan,8.0
XVSUSDT,2026-08-19T12:00Z,PANEL_RIGHT,-4.91e-05,-4.909999915980734e-05,-0.00059901,2026-08-19T08:00Z,14400,1,nan,8.0
ZESTUSDT,2026-08-19T12:00Z,PANEL_RIGHT,0.00014619,0.00014618999557569623,0.00033801,2026-08-19T12:00Z,0,1,nan,4.0
ZRXUSDT,2026-08-19T12:00Z,PANEL_RIGHT,-0.00012491,-0.00012491000234149396,-0.00023526,2026-08-19T12:00Z,0,1,nan,4.0
ALLUSDT,2026-08-19T16:00Z,PANEL_RIGHT,-0.00011053,-0.00011053000343963504,-0.00043968,2026-08-19T16:00Z,0,1,nan,8.0
ANIMEUSDT,2026-08-19T16:00Z,PANEL_RIGHT,5e-05,4.999999873689376e-05,-2.539e-05,2026-08-19T16:00Z,0,1,nan,4.0
BDXNUSDT,2026-08-19T16:00Z,PANEL_RIGHT,5e-05,4.999999873689376e-05,0.0046011,2026-08-19T16:00Z,0,1,nan,4.0
BNTUSDT,2026-08-19T16:00Z,PANEL_RIGHT,0.0001,9.999999747378752e-05,-0.00013565,2026-08-19T16:00Z,0,1,nan,8.0
BTWUSDT,2026-08-19T16:00Z,PANEL_RIGHT,0.00111654,0.0011165400501340628,0.00079561,2026-08-19T16:00Z,0,1,nan,4.0
CAPUSDT,2026-08-19T16:00Z,PANEL_RIGHT,5e-05,4.999999873689376e-05,-0.00094881,2026-08-19T16:00Z,0,1,nan,4.0
CELRUSDT,2026-08-19T16:00Z,PANEL_RIGHT,7.22e-06,7.220000043162145e-06,0.0001,2026-08-19T16:00Z,0,1,nan,8.0
CLANKERUSDT,2026-08-19T16:00Z,PANEL_RIGHT,0.00077136,0.0007713600061833858,5e-05,2026-08-19T16:00Z,0,1,nan,4.0
COWUSDT,2026-08-19T16:00Z,PANEL_RIGHT,-0.00030829,-0.00030829000752419233,5e-05,2026-08-19T16:00Z,0,1,nan,4.0
CTRUSDT,2026-08-19T16:00Z,PANEL_RIGHT,5e-05,4.999999873689376e-05,0.00020821,2026-08-19T16:00Z,0,1,nan,4.0
CYBERUSDT,2026-08-19T16:00Z,PANEL_RIGHT,5e-05,4.999999873689376e-05,2.675e-05,2026-08-19T16:00Z,0,1,nan,4.0
DATAIPUSDT,2026-08-19T16:00Z,PANEL_RIGHT,5e-05,4.999999873689376e-05,-0.00056876,2026-08-19T16:00Z,0,1,nan,4.0
GLMUSDT,2026-08-19T16:00Z,PANEL_RIGHT,1.679e-05,1.6789999790489674e-05,5e-05,2026-08-19T16:00Z,0,1,nan,4.0
KNCUSDT,2026-08-19T16:00Z,PANEL_RIGHT,-8.332e-05,-8.332000288646668e-05,-0.00051301,2026-08-19T16:00Z,0,1,nan,8.0
MAVIAUSDT,2026-08-19T16:00Z,PANEL_RIGHT,0.00029567,0.00029567000456154346,0.00055831,2026-08-19T16:00Z,0,1,nan,4.0
MTLUSDT,2026-08-19T16:00Z,PANEL_RIGHT,0.0001,9.999999747378752e-05,-2.079e-05,2026-08-19T16:00Z,0,1,nan,8.0
NMRUSDT,2026-08-19T16:00Z,PANEL_RIGHT,1.846e-05,1.8459999409969896e-05,-0.00021259,2026-08-19T16:00Z,0,1,nan,4.0
OGUSDT,2026-08-19T16:00Z,PANEL_RIGHT,5e-05,4.999999873689376e-05,3.615e-05,2026-08-19T16:00Z,0,1,nan,4.0
OUSDT,2026-08-19T16:00Z,PANEL_RIGHT,8.664e-05,8.664000051794574e-05,0.00012714,2026-08-19T16:00Z,0,1,nan,4.0
PUMPBTCUSDT,2026-08-19T16:00Z,PANEL_RIGHT,5.254e-05,5.253999916021712e-05,0.00029844,2026-08-19T16:00Z,0,1,nan,4.0
REDUSDT,2026-08-19T16:00Z,PANEL_RIGHT,-0.00091112,-0.0009111199760809541,5e-05,2026-08-19T16:00Z,0,1,nan,4.0
REUSDT,2026-08-19T16:00Z,PANEL_RIGHT,5e-05,4.999999873689376e-05,-7.359e-05,2026-08-19T16:00Z,0,1,nan,4.0
RPLUSDT,2026-08-19T16:00Z,PANEL_RIGHT,5e-05,4.999999873689376e-05,-4.192e-05,2026-08-19T16:00Z,0,1,nan,4.0
SONICUSDT,2026-08-19T16:00Z,PANEL_RIGHT,0.00029452,0.0002945199958048761,8.526e-05,2026-08-19T16:00Z,0,1,nan,4.0
SPORTFUNUSDT,2026-08-19T16:00Z,PANEL_RIGHT,0.00054198,0.0005419800290837884,5e-05,2026-08-19T16:00Z,0,1,nan,4.0
STEEMUSDT,2026-08-19T16:00Z,PANEL_RIGHT,5e-05,4.999999873689376e-05,-0.00033742,2026-08-19T16:00Z,0,1,nan,4.0
SUPERUSDT,2026-08-19T16:00Z,PANEL_RIGHT,5e-05,4.999999873689376e-05,2.397e-05,2026-08-19T16:00Z,0,1,nan,4.0
SXPUSDT,2026-08-19T16:00Z,PANEL_RIGHT,0.0001,9.999999747378752e-05,-0.01080766,2026-08-19T16:00Z,0,1,nan,8.0
XVSUSDT,2026-08-19T16:00Z,PANEL_RIGHT,-0.00027387,-0.00027387001318857074,-0.00059901,2026-08-19T16:00Z,0,1,nan,8.0
ZESTUSDT,2026-08-19T16:00Z,PANEL_RIGHT,5e-05,4.999999873689376e-05,0.00033801,2026-08-19T16:00Z,0,1,nan,4.0
ZRXUSDT,2026-08-19T16:00Z,PANEL_RIGHT,-2.527e-05,-2.5269999241572805e-05,-0.00023526,2026-08-19T16:00Z,0,1,nan,4.0
ALLUSDT,2026-08-19T20:00Z,PANEL_RIGHT,-0.00011053,-0.00011053000343963504,-0.00043968,2026-08-19T16:00Z,14400,1,nan,8.0
ALPINEUSDT,2026-08-19T20:00Z,PANEL_RIGHT,3.204e-05,3.203999949619174e-05,5e-05,2026-08-19T20:00Z,0,1,nan,4.0
ANIMEUSDT,2026-08-19T20:00Z,PANEL_RIGHT,5e-05,4.999999873689376e-05,-2.539e-05,2026-08-19T20:00Z,0,1,nan,4.0
AXLUSDT,2026-08-19T20:00Z,PANEL_RIGHT,3.983e-05,3.982999987783842e-05,5e-05,2026-08-19T20:00Z,0,1,nan,4.0
BDXNUSDT,2026-08-19T20:00Z,PANEL_RIGHT,5e-05,4.999999873689376e-05,0.0046011,2026-08-19T20:00Z,0,1,nan,4.0
BNTUSDT,2026-08-19T20:00Z,PANEL_RIGHT,0.0001,9.999999747378752e-05,-0.00013565,2026-08-19T16:00Z,14400,1,nan,8.0
BTWUSDT,2026-08-19T20:00Z,PANEL_RIGHT,0.00055651,0.0005565100000239909,0.00079561,2026-08-19T20:00Z,0,1,nan,4.0
CAPUSDT,2026-08-19T20:00Z,PANEL_RIGHT,-4.771e-05,-4.771000021719374e-05,-0.00094881,2026-08-19T20:00Z,0,1,nan,4.0
CELRUSDT,2026-08-19T20:00Z,PANEL_RIGHT,7.22e-06,7.220000043162145e-06,0.0001,2026-08-19T16:00Z,14400,1,nan,8.0
COWUSDT,2026-08-19T20:00Z,PANEL_RIGHT,-0.00058128,-0.0005812799790874124,5e-05,2026-08-19T20:00Z,0,1,nan,4.0
CTRUSDT,2026-08-19T20:00Z,PANEL_RIGHT,5e-05,4.999999873689376e-05,0.00020821,2026-08-19T20:00Z,0,1,nan,4.0
CYBERUSDT,2026-08-19T20:00Z,PANEL_RIGHT,5e-05,4.999999873689376e-05,2.675e-05,2026-08-19T20:00Z,0,1,nan,4.0
DATAIPUSDT,2026-08-19T20:00Z,PANEL_RIGHT,5e-05,4.999999873689376e-05,-0.00056876,2026-08-19T20:00Z,0,1,nan,4.0
KNCUSDT,2026-08-19T20:00Z,PANEL_RIGHT,-8.332e-05,-8.332000288646668e-05,-0.00051301,2026-08-19T16:00Z,14400,1,nan,8.0
MAVIAUSDT,2026-08-19T20:00Z,PANEL_RIGHT,0.00015262,0.000152620006701909,0.00055831,2026-08-19T20:00Z,0,1,nan,4.0
MTLUSDT,2026-08-19T20:00Z,PANEL_RIGHT,0.0001,9.999999747378752e-05,-2.079e-05,2026-08-19T16:00Z,14400,1,nan,8.0
NMRUSDT,2026-08-19T20:00Z,PANEL_RIGHT,5e-05,4.999999873689376e-05,-0.00021259,2026-08-19T20:00Z,0,1,nan,4.0
OGUSDT,2026-08-19T20:00Z,PANEL_RIGHT,5e-05,4.999999873689376e-05,3.615e-05,2026-08-19T20:00Z,0,1,nan,4.0
OUSDT,2026-08-19T20:00Z,PANEL_RIGHT,5e-05,4.999999873689376e-05,0.00012714,2026-08-19T20:00Z,0,1,nan,4.0
PUMPBTCUSDT,2026-08-19T20:00Z,PANEL_RIGHT,5e-05,4.999999873689376e-05,0.00029844,2026-08-19T20:00Z,0,1,nan,4.0
REDUSDT,2026-08-19T20:00Z,PANEL_RIGHT,-0.00037688,-0.0003768799942918122,5e-05,2026-08-19T20:00Z,0,1,nan,4.0
REUSDT,2026-08-19T20:00Z,PANEL_RIGHT,-1.744e-05,-1.7439999282942154e-05,-7.359e-05,2026-08-19T20:00Z,0,1,nan,4.0
RPLUSDT,2026-08-19T20:00Z,PANEL_RIGHT,-5.87e-06,-5.8700002227851655e-06,-4.192e-05,2026-08-19T20:00Z,0,1,nan,4.0
SONICUSDT,2026-08-19T20:00Z,PANEL_RIGHT,0.00035827,0.00035826998646371067,8.526e-05,2026-08-19T20:00Z,0,1,nan,4.0
SPORTFUNUSDT,2026-08-19T20:00Z,PANEL_RIGHT,0.00070173,0.0007017300231382251,5e-05,2026-08-19T20:00Z,0,1,nan,4.0
STEEMUSDT,2026-08-19T20:00Z,PANEL_RIGHT,-0.00015524,-0.00015524000627920032,-0.00033742,2026-08-19T20:00Z,0,1,nan,4.0
SUPERUSDT,2026-08-19T20:00Z,PANEL_RIGHT,5e-05,4.999999873689376e-05,2.397e-05,2026-08-19T20:00Z,0,1,nan,4.0
SXPUSDT,2026-08-19T20:00Z,PANEL_RIGHT,0.0001,9.999999747378752e-05,-0.01080766,2026-08-19T16:00Z,14400,1,nan,8.0
XVSUSDT,2026-08-19T20:00Z,PANEL_RIGHT,-0.00027387,-0.00027387001318857074,-0.00059901,2026-08-19T16:00Z,14400,1,nan,8.0
ZESTUSDT,2026-08-19T20:00Z,PANEL_RIGHT,5e-05,4.999999873689376e-05,0.00033801,2026-08-19T20:00Z,0,1,nan,4.0
ZRXUSDT,2026-08-19T20:00Z,PANEL_RIGHT,-8.512e-05,-8.512000204063952e-05,-0.00023526,2026-08-19T20:00Z,0,1,nan,4.0
ALLUSDT,2026-08-20T00:00Z,PANEL_RIGHT,0.0001,9.999999747378752e-05,-0.00043968,2026-08-20T00:00Z,0,1,nan,8.0
ALPINEUSDT,2026-08-20T00:00Z,PANEL_RIGHT,-4.04e-06,-4.040000021632295e-06,5e-05,2026-08-20T00:00Z,0,1,nan,4.0
ANIMEUSDT,2026-08-20T00:00Z,PANEL_RIGHT,5e-05,4.999999873689376e-05,-2.539e-05,2026-08-20T00:00Z,0,1,nan,4.0
AXLUSDT,2026-08-20T00:00Z,PANEL_RIGHT,2.808e-05,2.8079999538022093e-05,5e-05,2026-08-20T00:00Z,0,1,nan,4.0
BDXNUSDT,2026-08-20T00:00Z,PANEL_RIGHT,5e-05,4.999999873689376e-05,0.0046011,2026-08-20T00:00Z,0,1,nan,4.0
BNTUSDT,2026-08-20T00:00Z,PANEL_RIGHT,-0.00111535,-0.0011153500527143478,-0.00013565,2026-08-20T00:00Z,0,1,nan,8.0
BTWUSDT,2026-08-20T00:00Z,PANEL_RIGHT,0.00042069,0.0004206899902783334,0.00079561,2026-08-20T00:00Z,0,1,nan,4.0
CAPUSDT,2026-08-20T00:00Z,PANEL_RIGHT,-0.00010795,-0.0001079499998013489,-0.00094881,2026-08-20T00:00Z,0,1,nan,4.0
CLANKERUSDT,2026-08-20T00:00Z,PANEL_RIGHT,8.333e-05,8.333000005222857e-05,5e-05,2026-08-20T00:00Z,0,1,nan,4.0
COWUSDT,2026-08-20T00:00Z,PANEL_RIGHT,-0.00046135,-0.000461349991383031,5e-05,2026-08-20T00:00Z,0,1,nan,4.0
CTKUSDT,2026-08-20T00:00Z,PANEL_RIGHT,-4.185e-05,-4.184999852441251e-05,5e-05,2026-08-20T00:00Z,0,1,nan,4.0
CTRUSDT,2026-08-20T00:00Z,PANEL_RIGHT,5e-05,4.999999873689376e-05,0.00020821,2026-08-20T00:00Z,0,1,nan,4.0
CYBERUSDT,2026-08-20T00:00Z,PANEL_RIGHT,5e-05,4.999999873689376e-05,2.675e-05,2026-08-20T00:00Z,0,1,nan,4.0
DATAIPUSDT,2026-08-20T00:00Z,PANEL_RIGHT,5e-05,4.999999873689376e-05,-0.00056876,2026-08-20T00:00Z,0,1,nan,4.0
ILVUSDT,2026-08-20T00:00Z,PANEL_RIGHT,3.371e-05,3.370999911567196e-05,5e-05,2026-08-20T00:00Z,0,1,nan,4.0
KNCUSDT,2026-08-20T00:00Z,PANEL_RIGHT,0.0001,9.999999747378752e-05,-0.00051301,2026-08-20T00:00Z,0,1,nan,8.0
MAVIAUSDT,2026-08-20T00:00Z,PANEL_RIGHT,5e-05,4.999999873689376e-05,0.00055831,2026-08-20T00:00Z,0,1,nan,4.0
MTLUSDT,2026-08-20T00:00Z,PANEL_RIGHT,0.0001,9.999999747378752e-05,-2.079e-05,2026-08-20T00:00Z,0,1,nan,8.0
NMRUSDT,2026-08-20T00:00Z,PANEL_RIGHT,5e-05,4.999999873689376e-05,-0.00021259,2026-08-20T00:00Z,0,1,nan,4.0
OGUSDT,2026-08-20T00:00Z,PANEL_RIGHT,5e-05,4.999999873689376e-05,3.615e-05,2026-08-20T00:00Z,0,1,nan,4.0
OUSDT,2026-08-20T00:00Z,PANEL_RIGHT,0.00010691,0.00010691000352380797,0.00012714,2026-08-20T00:00Z,0,1,nan,4.0
PUMPBTCUSDT,2026-08-20T00:00Z,PANEL_RIGHT,5e-05,4.999999873689376e-05,0.00029844,2026-08-20T00:00Z,0,1,nan,4.0
REDUSDT,2026-08-20T00:00Z,PANEL_RIGHT,-0.00055421,-0.0005542099825106561,5e-05,2026-08-20T00:00Z,0,1,nan,4.0
REUSDT,2026-08-20T00:00Z,PANEL_RIGHT,5e-05,4.999999873689376e-05,-7.359e-05,2026-08-20T00:00Z,0,1,nan,4.0
RPLUSDT,2026-08-20T00:00Z,PANEL_RIGHT,5e-05,4.999999873689376e-05,-4.192e-05,2026-08-20T00:00Z,0,1,nan,4.0
SONICUSDT,2026-08-20T00:00Z,PANEL_RIGHT,5e-05,4.999999873689376e-05,8.526e-05,2026-08-20T00:00Z,0,1,nan,4.0
SPORTFUNUSDT,2026-08-20T00:00Z,PANEL_RIGHT,0.0001961,0.00019609999435488135,5e-05,2026-08-20T00:00Z,0,1,nan,4.0
STEEMUSDT,2026-08-20T00:00Z,PANEL_RIGHT,-6.705e-05,-6.705000123474747e-05,-0.00033742,2026-08-20T00:00Z,0,1,nan,4.0
SUPERUSDT,2026-08-20T00:00Z,PANEL_RIGHT,5e-05,4.999999873689376e-05,2.397e-05,2026-08-20T00:00Z,0,1,nan,4.0
SXPUSDT,2026-08-20T00:00Z,PANEL_RIGHT,0.0001,9.999999747378752e-05,-0.01080766,2026-08-20T00:00Z,0,1,nan,8.0
XVSUSDT,2026-08-20T00:00Z,PANEL_RIGHT,0.0001,9.999999747378752e-05,-0.00059901,2026-08-20T00:00Z,0,1,nan,8.0
ZESTUSDT,2026-08-20T00:00Z,PANEL_RIGHT,5e-05,4.999999873689376e-05,0.00033801,2026-08-20T00:00Z,0,1,nan,4.0
ZRXUSDT,2026-08-20T00:00Z,PANEL_RIGHT,5e-05,4.999999873689376e-05,-0.00023526,2026-08-20T00:00Z,0,1,nan,4.0
ALLUSDT,2026-08-20T04:00Z,PANEL_RIGHT,0.0001,9.999999747378752e-05,-0.00043968,2026-08-20T00:00Z,14400,1,nan,8.0
ANIMEUSDT,2026-08-20T04:00Z,PANEL_RIGHT,5e-05,4.999999873689376e-05,-2.539e-05,2026-08-20T04:00Z,0,1,nan,4.0
BDXNUSDT,2026-08-20T04:00Z,PANEL_RIGHT,5e-05,4.999999873689376e-05,0.0046011,2026-08-20T04:00Z,0,1,nan,4.0
BNTUSDT,2026-08-20T04:00Z,PANEL_RIGHT,-0.00111535,-0.0011153500527143478,-0.00013565,2026-08-20T00:00Z,14400,1,nan,8.0
BTWUSDT,2026-08-20T04:00Z,PANEL_RIGHT,0.00049219,0.0004921900108456612,0.00079561,2026-08-20T04:00Z,0,1,nan,4.0
CAPUSDT,2026-08-20T04:00Z,PANEL_RIGHT,5e-05,4.999999873689376e-05,-0.00094881,2026-08-20T04:00Z,0,1,nan,4.0
CLANKERUSDT,2026-08-20T04:00Z,PANEL_RIGHT,0.00016524,0.00016523999511264265,5e-05,2026-08-20T04:00Z,0,1,nan,4.0
COWUSDT,2026-08-20T04:00Z,PANEL_RIGHT,-0.00061377,-0.0006137699820101261,5e-05,2026-08-20T04:00Z,0,1,nan,4.0
CTRUSDT,2026-08-20T04:00Z,PANEL_RIGHT,5e-05,4.999999873689376e-05,0.00020821,2026-08-20T04:00Z,0,1,nan,4.0
CYBERUSDT,2026-08-20T04:00Z,PANEL_RIGHT,5e-05,4.999999873689376e-05,2.675e-05,2026-08-20T04:00Z,0,1,nan,4.0
DATAIPUSDT,2026-08-20T04:00Z,PANEL_RIGHT,-0.00020976,-0.00020975999359507114,-0.00056876,2026-08-20T04:00Z,0,1,nan,4.0
KNCUSDT,2026-08-20T04:00Z,PANEL_RIGHT,0.0001,9.999999747378752e-05,-0.00051301,2026-08-20T00:00Z,14400,1,nan,8.0
MAVIAUSDT,2026-08-20T04:00Z,PANEL_RIGHT,0.00017794,0.00017794000450521708,0.00055831,2026-08-20T04:00Z,0,1,nan,4.0
METISUSDT,2026-08-20T04:00Z,PANEL_RIGHT,-4.019e-05,-4.0189999708672985e-05,5e-05,2026-08-20T04:00Z,0,1,nan,4.0
MTLUSDT,2026-08-20T04:00Z,PANEL_RIGHT,0.0001,9.999999747378752e-05,-2.079e-05,2026-08-20T00:00Z,14400,1,nan,8.0
NMRUSDT,2026-08-20T04:00Z,PANEL_RIGHT,5e-05,4.999999873689376e-05,-0.00021259,2026-08-20T04:00Z,0,1,nan,4.0
OGUSDT,2026-08-20T04:00Z,PANEL_RIGHT,5e-05,4.999999873689376e-05,3.615e-05,2026-08-20T04:00Z,0,1,nan,4.0
OUSDT,2026-08-20T04:00Z,PANEL_RIGHT,5e-05,4.999999873689376e-05,0.00012714,2026-08-20T04:00Z,0,1,nan,4.0
PUMPBTCUSDT,2026-08-20T04:00Z,PANEL_RIGHT,5e-05,4.999999873689376e-05,0.00029844,2026-08-20T04:00Z,0,1,nan,4.0
REDUSDT,2026-08-20T04:00Z,PANEL_RIGHT,-0.00080666,-0.0008066599839366972,5e-05,2026-08-20T04:00Z,0,1,nan,4.0
REUSDT,2026-08-20T04:00Z,PANEL_RIGHT,3.457e-05,3.456999911577441e-05,-7.359e-05,2026-08-20T04:00Z,0,1,nan,4.0
RPLUSDT,2026-08-20T04:00Z,PANEL_RIGHT,5e-05,4.999999873689376e-05,-4.192e-05,2026-08-20T04:00Z,0,1,nan,4.0
SLPUSDT,2026-08-20T04:00Z,PANEL_RIGHT,-0.00016946,-0.00016946000687312335,5e-05,2026-08-20T04:00Z,0,1,nan,4.0
SONICUSDT,2026-08-20T04:00Z,PANEL_RIGHT,5e-05,4.999999873689376e-05,8.526e-05,2026-08-20T04:00Z,0,1,nan,4.0
SPORTFUNUSDT,2026-08-20T04:00Z,PANEL_RIGHT,0.00032569,0.0003256899944972247,5e-05,2026-08-20T04:00Z,0,1,nan,4.0
STEEMUSDT,2026-08-20T04:00Z,PANEL_RIGHT,4.203e-05,4.2029998439829797e-05,-0.00033742,2026-08-20T04:00Z,0,1,nan,4.0
SUPERUSDT,2026-08-20T04:00Z,PANEL_RIGHT,5e-05,4.999999873689376e-05,2.397e-05,2026-08-20T04:00Z,0,1,nan,4.0
SXPUSDT,2026-08-20T04:00Z,PANEL_RIGHT,0.0001,9.999999747378752e-05,-0.01080766,2026-08-20T00:00Z,14400,1,nan,8.0
XVSUSDT,2026-08-20T04:00Z,PANEL_RIGHT,0.0001,9.999999747378752e-05,-0.00059901,2026-08-20T00:00Z,14400,1,nan,8.0
ZESTUSDT,2026-08-20T04:00Z,PANEL_RIGHT,5e-05,4.999999873689376e-05,0.00033801,2026-08-20T04:00Z,0,1,nan,4.0
ZRXUSDT,2026-08-20T04:00Z,PANEL_RIGHT,5e-05,4.999999873689376e-05,-0.00023526,2026-08-20T04:00Z,0,1,nan,4.0
ALLUSDT,2026-08-20T08:00Z,PANEL_RIGHT,0.0001,9.999999747378752e-05,-0.00043968,2026-08-20T08:00Z,0,1,nan,8.0
ANIMEUSDT,2026-08-20T08:00Z,PANEL_RIGHT,5e-05,4.999999873689376e-05,-2.539e-05,2026-08-20T08:00Z,0,1,nan,4.0
BDXNUSDT,2026-08-20T08:00Z,PANEL_RIGHT,5e-05,4.999999873689376e-05,0.0046011,2026-08-20T08:00Z,0,1,nan,4.0
BNTUSDT,2026-08-20T08:00Z,PANEL_RIGHT,-0.00085549,-0.0008554899832233787,-0.00013565,2026-08-20T08:00Z,0,1,nan,8.0
BTWUSDT,2026-08-20T08:00Z,PANEL_RIGHT,0.00034232,0.0003423200105316937,0.00079561,2026-08-20T08:00Z,0,1,nan,4.0
CAPUSDT,2026-08-20T08:00Z,PANEL_RIGHT,-8.342e-05,-8.34199963719584e-05,-0.00094881,2026-08-20T08:00Z,0,1,nan,4.0
CKBUSDT,2026-08-20T08:00Z,PANEL_RIGHT,4.019e-05,4.0189999708672985e-05,0.0001,2026-08-20T08:00Z,0,1,nan,8.0
CLANKERUSDT,2026-08-20T08:00Z,PANEL_RIGHT,0.00023246,0.00023246000637300313,5e-05,2026-08-20T08:00Z,0,1,nan,4.0
COWUSDT,2026-08-20T08:00Z,PANEL_RIGHT,-0.00026095,-0.00026095000794157386,5e-05,2026-08-20T08:00Z,0,1,nan,4.0
CTRUSDT,2026-08-20T08:00Z,PANEL_RIGHT,5e-05,4.999999873689376e-05,0.00020821,2026-08-20T08:00Z,0,1,nan,4.0
CYBERUSDT,2026-08-20T08:00Z,PANEL_RIGHT,5e-05,4.999999873689376e-05,2.675e-05,2026-08-20T08:00Z,0,1,nan,4.0
DATAIPUSDT,2026-08-20T08:00Z,PANEL_RIGHT,4.962e-05,4.962000093655661e-05,-0.00056876,2026-08-20T08:00Z,0,1,nan,4.0
GRVTUSDT,2026-08-20T08:00Z,PANEL_RIGHT,-1.389e-05,-1.3890000445826445e-05,5e-05,2026-08-20T08:00Z,0,1,nan,4.0
ICXUSDT,2026-08-20T08:00Z,PANEL_RIGHT,1.947e-05,1.9470000552246347e-05,5e-05,2026-08-20T08:00Z,0,1,nan,4.0
KNCUSDT,2026-08-20T08:00Z,PANEL_RIGHT,0.0001,9.999999747378752e-05,-0.00051301,2026-08-20T08:00Z,0,1,nan,8.0
MAVIAUSDT,2026-08-20T08:00Z,PANEL_RIGHT,0.00027481,0.0002748100087046623,0.00055831,2026-08-20T08:00Z,0,1,nan,4.0
MTLUSDT,2026-08-20T08:00Z,PANEL_RIGHT,0.0001,9.999999747378752e-05,-2.079e-05,2026-08-20T08:00Z,0,1,nan,8.0
NMRUSDT,2026-08-20T08:00Z,PANEL_RIGHT,5e-05,4.999999873689376e-05,-0.00021259,2026-08-20T08:00Z,0,1,nan,4.0
OGUSDT,2026-08-20T08:00Z,PANEL_RIGHT,5e-05,4.999999873689376e-05,3.615e-05,2026-08-20T08:00Z,0,1,nan,4.0
OUSDT,2026-08-20T08:00Z,PANEL_RIGHT,5e-05,4.999999873689376e-05,0.00012714,2026-08-20T08:00Z,0,1,nan,4.0
PUMPBTCUSDT,2026-08-20T08:00Z,PANEL_RIGHT,0.00025321,0.0002532099897507578,0.00029844,2026-08-20T08:00Z,0,1,nan,4.0
REDUSDT,2026-08-20T08:00Z,PANEL_RIGHT,-0.00419015,-0.004190150182694197,5e-05,2026-08-20T08:00Z,0,1,nan,4.0
REUSDT,2026-08-20T08:00Z,PANEL_RIGHT,5e-05,4.999999873689376e-05,-7.359e-05,2026-08-20T08:00Z,0,1,nan,4.0
RPLUSDT,2026-08-20T08:00Z,PANEL_RIGHT,5e-05,4.999999873689376e-05,-4.192e-05,2026-08-20T08:00Z,0,1,nan,4.0
SONICUSDT,2026-08-20T08:00Z,PANEL_RIGHT,0.00028407,0.00028407000354491174,8.526e-05,2026-08-20T08:00Z,0,1,nan,4.0
SPORTFUNUSDT,2026-08-20T08:00Z,PANEL_RIGHT,0.00033235,0.0003323499986436218,5e-05,2026-08-20T08:00Z,0,1,nan,4.0
STEEMUSDT,2026-08-20T08:00Z,PANEL_RIGHT,5e-05,4.999999873689376e-05,-0.00033742,2026-08-20T08:00Z,0,1,nan,4.0
SUPERUSDT,2026-08-20T08:00Z,PANEL_RIGHT,5e-05,4.999999873689376e-05,2.397e-05,2026-08-20T08:00Z,0,1,nan,4.0
SXPUSDT,2026-08-20T08:00Z,PANEL_RIGHT,0.0001,9.999999747378752e-05,-0.01080766,2026-08-20T08:00Z,0,1,nan,8.0
VTHOUSDT,2026-08-20T08:00Z,PANEL_RIGHT,-2.159e-05,-2.158999996026978e-05,5e-05,2026-08-20T08:00Z,0,1,nan,4.0
XVSUSDT,2026-08-20T08:00Z,PANEL_RIGHT,0.0001,9.999999747378752e-05,-0.00059901,2026-08-20T08:00Z,0,1,nan,8.0
ZESTUSDT,2026-08-20T08:00Z,PANEL_RIGHT,5e-05,4.999999873689376e-05,0.00033801,2026-08-20T08:00Z,0,1,nan,4.0
ZRXUSDT,2026-08-20T08:00Z,PANEL_RIGHT,5e-05,4.999999873689376e-05,-0.00023526,2026-08-20T08:00Z,0,1,nan,4.0
ALLUSDT,2026-08-20T12:00Z,PANEL_RIGHT,0.0001,9.999999747378752e-05,-0.00043968,2026-08-20T08:00Z,14400,1,nan,8.0
ANIMEUSDT,2026-08-20T12:00Z,PANEL_RIGHT,5e-05,4.999999873689376e-05,-2.539e-05,2026-08-20T12:00Z,0,1,nan,4.0
ASRUSDT,2026-08-20T12:00Z,PANEL_RIGHT,6.693e-05,6.692999886581674e-05,5e-05,2026-08-20T12:00Z,0,1,nan,4.0
BDXNUSDT,2026-08-20T12:00Z,PANEL_RIGHT,5e-05,4.999999873689376e-05,0.0046011,2026-08-20T12:00Z,0,1,nan,4.0
BNTUSDT,2026-08-20T12:00Z,PANEL_RIGHT,-0.00085549,-0.0008554899832233787,-0.00013565,2026-08-20T08:00Z,14400,1,nan,8.0
BTWUSDT,2026-08-20T12:00Z,PANEL_RIGHT,0.00034722,0.0003472199896350503,0.00079561,2026-08-20T12:00Z,0,1,nan,4.0
CAPUSDT,2026-08-20T12:00Z,PANEL_RIGHT,-0.00013143,-0.00013143000251147896,-0.00094881,2026-08-20T12:00Z,0,1,nan,4.0
CKBUSDT,2026-08-20T12:00Z,PANEL_RIGHT,4.019e-05,4.0189999708672985e-05,0.0001,2026-08-20T08:00Z,14400,1,nan,8.0
CLANKERUSDT,2026-08-20T12:00Z,PANEL_RIGHT,0.00042295,0.00042294999002479017,5e-05,2026-08-20T12:00Z,0,1,nan,4.0
COWUSDT,2026-08-20T12:00Z,PANEL_RIGHT,-0.00023159,-0.00023159000556915998,5e-05,2026-08-20T12:00Z,0,1,nan,4.0
CTRUSDT,2026-08-20T12:00Z,PANEL_RIGHT,5e-05,4.999999873689376e-05,0.00020821,2026-08-20T12:00Z,0,1,nan,4.0
CYBERUSDT,2026-08-20T12:00Z,PANEL_RIGHT,5e-05,4.999999873689376e-05,2.675e-05,2026-08-20T12:00Z,0,1,nan,4.0
DATAIPUSDT,2026-08-20T12:00Z,PANEL_RIGHT,5e-05,4.999999873689376e-05,-0.00056876,2026-08-20T12:00Z,0,1,nan,4.0
GRVTUSDT,2026-08-20T12:00Z,PANEL_RIGHT,-0.00013493,-0.0001349300000583753,5e-05,2026-08-20T12:00Z,0,1,nan,4.0
ILVUSDT,2026-08-20T12:00Z,PANEL_RIGHT,-3.86e-05,-3.859999924316071e-05,5e-05,2026-08-20T12:00Z,0,1,nan,4.0
KNCUSDT,2026-08-20T12:00Z,PANEL_RIGHT,0.0001,9.999999747378752e-05,-0.00051301,2026-08-20T08:00Z,14400,1,nan,8.0
MAVIAUSDT,2026-08-20T12:00Z,PANEL_RIGHT,5e-05,4.999999873689376e-05,0.00055831,2026-08-20T12:00Z,0,1,nan,4.0
MTLUSDT,2026-08-20T12:00Z,PANEL_RIGHT,0.0001,9.999999747378752e-05,-2.079e-05,2026-08-20T08:00Z,14400,1,nan,8.0
NMRUSDT,2026-08-20T12:00Z,PANEL_RIGHT,5e-05,4.999999873689376e-05,-0.00021259,2026-08-20T12:00Z,0,1,nan,4.0
OGUSDT,2026-08-20T12:00Z,PANEL_RIGHT,5e-05,4.999999873689376e-05,3.615e-05,2026-08-20T12:00Z,0,1,nan,4.0
OUSDT,2026-08-20T12:00Z,PANEL_RIGHT,5e-05,4.999999873689376e-05,0.00012714,2026-08-20T12:00Z,0,1,nan,4.0
PUMPBTCUSDT,2026-08-20T12:00Z,PANEL_RIGHT,5e-05,4.999999873689376e-05,0.00029844,2026-08-20T12:00Z,0,1,nan,4.0
REDUSDT,2026-08-20T12:00Z,PANEL_RIGHT,-0.00124055,-0.0012405499583110213,5e-05,2026-08-20T12:00Z,0,1,nan,4.0
REUSDT,2026-08-20T12:00Z,PANEL_RIGHT,5e-05,4.999999873689376e-05,-7.359e-05,2026-08-20T12:00Z,0,1,nan,4.0
RPLUSDT,2026-08-20T12:00Z,PANEL_RIGHT,5e-05,4.999999873689376e-05,-4.192e-05,2026-08-20T12:00Z,0,1,nan,4.0
SONICUSDT,2026-08-20T12:00Z,PANEL_RIGHT,5e-05,4.999999873689376e-05,8.526e-05,2026-08-20T12:00Z,0,1,nan,4.0
SPORTFUNUSDT,2026-08-20T12:00Z,PANEL_RIGHT,0.00044927,0.00044927000999450684,5e-05,2026-08-20T12:00Z,0,1,nan,4.0
STEEMUSDT,2026-08-20T12:00Z,PANEL_RIGHT,5e-05,4.999999873689376e-05,-0.00033742,2026-08-20T12:00Z,0,1,nan,4.0
SUPERUSDT,2026-08-20T12:00Z,PANEL_RIGHT,5e-05,4.999999873689376e-05,2.397e-05,2026-08-20T12:00Z,0,1,nan,4.0
SXPUSDT,2026-08-20T12:00Z,PANEL_RIGHT,0.0001,9.999999747378752e-05,-0.01080766,2026-08-20T08:00Z,14400,1,nan,8.0
VTHOUSDT,2026-08-20T12:00Z,PANEL_RIGHT,1.108e-05,1.1080000149377156e-05,5e-05,2026-08-20T12:00Z,0,1,nan,4.0
XVSUSDT,2026-08-20T12:00Z,PANEL_RIGHT,0.0001,9.999999747378752e-05,-0.00059901,2026-08-20T08:00Z,14400,1,nan,8.0
ZESTUSDT,2026-08-20T12:00Z,PANEL_RIGHT,7.845e-05,7.845000072848052e-05,0.00033801,2026-08-20T12:00Z,0,1,nan,4.0
ZRXUSDT,2026-08-20T12:00Z,PANEL_RIGHT,5e-05,4.999999873689376e-05,-0.00023526,2026-08-20T12:00Z,0,1,nan,4.0
1000000MOGUSDT,2026-08-20T16:00Z,PANEL_RIGHT,7.704e-05,7.704000017838553e-05,5e-05,2026-08-20T16:00Z,0,1,nan,4.0
ALLUSDT,2026-08-20T16:00Z,PANEL_RIGHT,0.0001,9.999999747378752e-05,-0.00043968,2026-08-20T16:00Z,0,1,nan,8.0
ANIMEUSDT,2026-08-20T16:00Z,PANEL_RIGHT,5e-05,4.999999873689376e-05,-2.539e-05,2026-08-20T16:00Z,0,1,nan,4.0
BDXNUSDT,2026-08-20T16:00Z,PANEL_RIGHT,5e-05,4.999999873689376e-05,0.0046011,2026-08-20T16:00Z,0,1,nan,4.0
BNTUSDT,2026-08-20T16:00Z,PANEL_RIGHT,0.0001,9.999999747378752e-05,-0.00013565,2026-08-20T16:00Z,0,1,nan,8.0
BTWUSDT,2026-08-20T16:00Z,PANEL_RIGHT,0.00027365,0.00027364998823031783,0.00079561,2026-08-20T16:00Z,0,1,nan,4.0
CAPUSDT,2026-08-20T16:00Z,PANEL_RIGHT,-0.00020092,-0.00020091999613214284,-0.00094881,2026-08-20T16:00Z,0,1,nan,4.0
CELRUSDT,2026-08-20T16:00Z,PANEL_RIGHT,7.024e-05,7.023999933153391e-05,0.0001,2026-08-20T16:00Z,0,1,nan,8.0
CLANKERUSDT,2026-08-20T16:00Z,PANEL_RIGHT,0.00063404,0.0006340399850159883,5e-05,2026-08-20T16:00Z,0,1,nan,4.0
COWUSDT,2026-08-20T16:00Z,PANEL_RIGHT,-0.00023852,-0.00023852000595070422,5e-05,2026-08-20T16:00Z,0,1,nan,4.0
CTRUSDT,2026-08-20T16:00Z,PANEL_RIGHT,5e-05,4.999999873689376e-05,0.00020821,2026-08-20T16:00Z,0,1,nan,4.0
CYBERUSDT,2026-08-20T16:00Z,PANEL_RIGHT,5e-05,4.999999873689376e-05,2.675e-05,2026-08-20T16:00Z,0,1,nan,4.0
DATAIPUSDT,2026-08-20T16:00Z,PANEL_RIGHT,5e-05,4.999999873689376e-05,-0.00056876,2026-08-20T16:00Z,0,1,nan,4.0
GRVTUSDT,2026-08-20T16:00Z,PANEL_RIGHT,-0.00010693,-0.00010692999785533175,5e-05,2026-08-20T16:00Z,0,1,nan,4.0
KNCUSDT,2026-08-20T16:00Z,PANEL_RIGHT,0.0001,9.999999747378752e-05,-0.00051301,2026-08-20T16:00Z,0,1,nan,8.0
MAVIAUSDT,2026-08-20T16:00Z,PANEL_RIGHT,0.00014779,0.0001477899932069704,0.00055831,2026-08-20T16:00Z,0,1,nan,4.0
MTLUSDT,2026-08-20T16:00Z,PANEL_RIGHT,0.0001,9.999999747378752e-05,-2.079e-05,2026-08-20T16:00Z,0,1,nan,8.0
NMRUSDT,2026-08-20T16:00Z,PANEL_RIGHT,5e-05,4.999999873689376e-05,-0.00021259,2026-08-20T16:00Z,0,1,nan,4.0
OGUSDT,2026-08-20T16:00Z,PANEL_RIGHT,5e-05,4.999999873689376e-05,3.615e-05,2026-08-20T16:00Z,0,1,nan,4.0
OUSDT,2026-08-20T16:00Z,PANEL_RIGHT,0.00017247,0.0001724699977785349,0.00012714,2026-08-20T16:00Z,0,1,nan,4.0
PUMPBTCUSDT,2026-08-20T16:00Z,PANEL_RIGHT,5e-05,4.999999873689376e-05,0.00029844,2026-08-20T16:00Z,0,1,nan,4.0
REDUSDT,2026-08-20T16:00Z,PANEL_RIGHT,-0.0005293,-0.0005293000140227377,5e-05,2026-08-20T16:00Z,0,1,nan,4.0
REUSDT,2026-08-20T16:00Z,PANEL_RIGHT,5e-05,4.999999873689376e-05,-7.359e-05,2026-08-20T16:00Z,0,1,nan,4.0
RPLUSDT,2026-08-20T16:00Z,PANEL_RIGHT,5e-05,4.999999873689376e-05,-4.192e-05,2026-08-20T16:00Z,0,1,nan,4.0
SONICUSDT,2026-08-20T16:00Z,PANEL_RIGHT,0.00037637,0.00037637000787071884,8.526e-05,2026-08-20T16:00Z,0,1,nan,4.0
SPORTFUNUSDT,2026-08-20T16:00Z,PANEL_RIGHT,0.00045259,0.0004525900003500283,5e-05,2026-08-20T16:00Z,0,1,nan,4.0
STEEMUSDT,2026-08-20T16:00Z,PANEL_RIGHT,5e-05,4.999999873689376e-05,-0.00033742,2026-08-20T16:00Z,0,1,nan,4.0
SUPERUSDT,2026-08-20T16:00Z,PANEL_RIGHT,5e-05,4.999999873689376e-05,2.397e-05,2026-08-20T16:00Z,0,1,nan,4.0
SXPUSDT,2026-08-20T16:00Z,PANEL_RIGHT,0.0001,9.999999747378752e-05,-0.01080766,2026-08-20T16:00Z,0,1,nan,8.0
XVSUSDT,2026-08-20T16:00Z,PANEL_RIGHT,0.0001,9.999999747378752e-05,-0.00059901,2026-08-20T16:00Z,0,1,nan,8.0
ZESTUSDT,2026-08-20T16:00Z,PANEL_RIGHT,5e-05,4.999999873689376e-05,0.00033801,2026-08-20T16:00Z,0,1,nan,4.0
ZRXUSDT,2026-08-20T16:00Z,PANEL_RIGHT,5e-05,4.999999873689376e-05,-0.00023526,2026-08-20T16:00Z,0,1,nan,4.0
1000000BOBUSDT,2026-08-20T20:00Z,PANEL_RIGHT,-3.637e-05,-3.6369998269947246e-05,5e-05,2026-08-20T20:00Z,0,1,nan,4.0
ALLUSDT,2026-08-20T20:00Z,PANEL_RIGHT,0.0001,9.999999747378752e-05,-0.00043968,2026-08-20T16:00Z,14400,1,nan,8.0
ANIMEUSDT,2026-08-20T20:00Z,PANEL_RIGHT,5e-05,4.999999873689376e-05,-2.539e-05,2026-08-20T20:00Z,0,1,nan,4.0
ASRUSDT,2026-08-20T20:00Z,PANEL_RIGHT,0.00010713,0.00010712999937823042,5e-05,2026-08-20T20:00Z,0,1,nan,4.0
BDXNUSDT,2026-08-20T20:00Z,PANEL_RIGHT,5e-05,4.999999873689376e-05,0.0046011,2026-08-20T20:00Z,0,1,nan,4.0
BNTUSDT,2026-08-20T20:00Z,PANEL_RIGHT,0.0001,9.999999747378752e-05,-0.00013565,2026-08-20T16:00Z,14400,1,nan,8.0
BTWUSDT,2026-08-20T20:00Z,PANEL_RIGHT,0.00027461,0.00027461000718176365,0.00079561,2026-08-20T20:00Z,0,1,nan,4.0
CAPUSDT,2026-08-20T20:00Z,PANEL_RIGHT,-0.00042304,-0.00042304000817239285,-0.00094881,2026-08-20T20:00Z,0,1,nan,4.0
CELRUSDT,2026-08-20T20:00Z,PANEL_RIGHT,7.024e-05,7.023999933153391e-05,0.0001,2026-08-20T16:00Z,14400,1,nan,8.0
COWUSDT,2026-08-20T20:00Z,PANEL_RIGHT,-4.895e-05,-4.895000165561214e-05,5e-05,2026-08-20T20:00Z,0,1,nan,4.0
CTKUSDT,2026-08-20T20:00Z,PANEL_RIGHT,3.555e-05,3.555000148480758e-05,5e-05,2026-08-20T20:00Z,0,1,nan,4.0
CTRUSDT,2026-08-20T20:00Z,PANEL_RIGHT,5e-05,4.999999873689376e-05,0.00020821,2026-08-20T20:00Z,0,1,nan,4.0
CYBERUSDT,2026-08-20T20:00Z,PANEL_RIGHT,5e-05,4.999999873689376e-05,2.675e-05,2026-08-20T20:00Z,0,1,nan,4.0
DATAIPUSDT,2026-08-20T20:00Z,PANEL_RIGHT,5e-05,4.999999873689376e-05,-0.00056876,2026-08-20T20:00Z,0,1,nan,4.0
GRVTUSDT,2026-08-20T20:00Z,PANEL_RIGHT,-0.00022846,-0.0002284600050188601,5e-05,2026-08-20T20:00Z,0,1,nan,4.0
ICXUSDT,2026-08-20T20:00Z,PANEL_RIGHT,-0.00035263,-0.00035263001336716115,5e-05,2026-08-20T20:00Z,0,1,nan,4.0
KNCUSDT,2026-08-20T20:00Z,PANEL_RIGHT,0.0001,9.999999747378752e-05,-0.00051301,2026-08-20T16:00Z,14400,1,nan,8.0
MAVIAUSDT,2026-08-20T20:00Z,PANEL_RIGHT,0.00024228,0.00024228000256698579,0.00055831,2026-08-20T20:00Z,0,1,nan,4.0
MTLUSDT,2026-08-20T20:00Z,PANEL_RIGHT,0.0001,9.999999747378752e-05,-2.079e-05,2026-08-20T16:00Z,14400,1,nan,8.0
NMRUSDT,2026-08-20T20:00Z,PANEL_RIGHT,5e-05,4.999999873689376e-05,-0.00021259,2026-08-20T20:00Z,0,1,nan,4.0
OGUSDT,2026-08-20T20:00Z,PANEL_RIGHT,5e-05,4.999999873689376e-05,3.615e-05,2026-08-20T20:00Z,0,1,nan,4.0
OUSDT,2026-08-20T20:00Z,PANEL_RIGHT,0.00020294,0.00020294000569265336,0.00012714,2026-08-20T20:00Z,0,1,nan,4.0
PUMPBTCUSDT,2026-08-20T20:00Z,PANEL_RIGHT,5e-05,4.999999873689376e-05,0.00029844,2026-08-20T20:00Z,0,1,nan,4.0
REDUSDT,2026-08-20T20:00Z,PANEL_RIGHT,-0.00067545,-0.0006754500209353864,5e-05,2026-08-20T20:00Z,0,1,nan,4.0
REUSDT,2026-08-20T20:00Z,PANEL_RIGHT,5e-05,4.999999873689376e-05,-7.359e-05,2026-08-20T20:00Z,0,1,nan,4.0
RPLUSDT,2026-08-20T20:00Z,PANEL_RIGHT,5e-05,4.999999873689376e-05,-4.192e-05,2026-08-20T20:00Z,0,1,nan,4.0
SONICUSDT,2026-08-20T20:00Z,PANEL_RIGHT,5e-05,4.999999873689376e-05,8.526e-05,2026-08-20T20:00Z,0,1,nan,4.0
SPORTFUNUSDT,2026-08-20T20:00Z,PANEL_RIGHT,0.00043789,0.00043789000483229756,5e-05,2026-08-20T20:00Z,0,1,nan,4.0
STEEMUSDT,2026-08-20T20:00Z,PANEL_RIGHT,5e-05,4.999999873689376e-05,-0.00033742,2026-08-20T20:00Z,0,1,nan,4.0
SUPERUSDT,2026-08-20T20:00Z,PANEL_RIGHT,5e-05,4.999999873689376e-05,2.397e-05,2026-08-20T20:00Z,0,1,nan,4.0
SXPUSDT,2026-08-20T20:00Z,PANEL_RIGHT,0.0001,9.999999747378752e-05,-0.01080766,2026-08-20T16:00Z,14400,1,nan,8.0
VTHOUSDT,2026-08-20T20:00Z,PANEL_RIGHT,-9.36e-06,-9.360000149172265e-06,5e-05,2026-08-20T20:00Z,0,1,nan,4.0
XVSUSDT,2026-08-20T20:00Z,PANEL_RIGHT,0.0001,9.999999747378752e-05,-0.00059901,2026-08-20T16:00Z,14400,1,nan,8.0
ZESTUSDT,2026-08-20T20:00Z,PANEL_RIGHT,5e-05,4.999999873689376e-05,0.00033801,2026-08-20T20:00Z,0,1,nan,4.0
ZRXUSDT,2026-08-20T20:00Z,PANEL_RIGHT,5e-05,4.999999873689376e-05,-0.00023526,2026-08-20T20:00Z,0,1,nan,4.0
ALLUSDT,2026-08-21T00:00Z,PANEL_RIGHT,0.0001,9.999999747378752e-05,-0.00043968,2026-08-21T00:00Z,0,1,nan,8.0
ANIMEUSDT,2026-08-21T00:00Z,PANEL_RIGHT,5e-05,4.999999873689376e-05,-2.539e-05,2026-08-21T00:00Z,0,1,nan,4.0
ASRUSDT,2026-08-21T00:00Z,PANEL_RIGHT,8.618e-05,8.617999992566183e-05,5e-05,2026-08-21T00:00Z,0,1,nan,4.0
BDXNUSDT,2026-08-21T00:00Z,PANEL_RIGHT,5e-05,4.999999873689376e-05,0.0046011,2026-08-21T00:00Z,0,1,nan,4.0
BNTUSDT,2026-08-21T00:00Z,PANEL_RIGHT,-3.68e-05,-3.680000008898787e-05,-0.00013565,2026-08-21T00:00Z,0,1,nan,8.0
BTWUSDT,2026-08-21T00:00Z,PANEL_RIGHT,0.0004526,0.0004526000120677054,0.00079561,2026-08-21T00:00Z,0,1,nan,4.0
CAPUSDT,2026-08-21T00:00Z,PANEL_RIGHT,-0.00022464,-0.00022463999630417675,-0.00094881,2026-08-21T00:00Z,0,1,nan,4.0
CLANKERUSDT,2026-08-21T00:00Z,PANEL_RIGHT,0.00067127,0.0006712700123898685,5e-05,2026-08-21T00:00Z,0,1,nan,4.0
COWUSDT,2026-08-21T00:00Z,PANEL_RIGHT,-0.00013693,-0.0001369300007354468,5e-05,2026-08-21T00:00Z,0,1,nan,4.0
CTKUSDT,2026-08-21T00:00Z,PANEL_RIGHT,-7.64e-06,-7.640000148967374e-06,5e-05,2026-08-21T00:00Z,0,1,nan,4.0
CTRUSDT,2026-08-21T00:00Z,PANEL_RIGHT,5e-05,4.999999873689376e-05,0.00020821,2026-08-21T00:00Z,0,1,nan,4.0
CYBERUSDT,2026-08-21T00:00Z,PANEL_RIGHT,-9.88e-06,-9.88000010693213e-06,2.675e-05,2026-08-21T00:00Z,0,1,nan,4.0
DATAIPUSDT,2026-08-21T00:00Z,PANEL_RIGHT,5e-05,4.999999873689376e-05,-0.00056876,2026-08-21T00:00Z,0,1,nan,4.0
GRVTUSDT,2026-08-21T00:00Z,PANEL_RIGHT,-0.00020816,-0.00020815999596379697,5e-05,2026-08-21T00:00Z,0,1,nan,4.0
KNCUSDT,2026-08-21T00:00Z,PANEL_RIGHT,0.0001,9.999999747378752e-05,-0.00051301,2026-08-21T00:00Z,0,1,nan,8.0
MAVIAUSDT,2026-08-21T00:00Z,PANEL_RIGHT,0.00028162,0.00028162001399323344,0.00055831,2026-08-21T00:00Z,0,1,nan,4.0
MTLUSDT,2026-08-21T00:00Z,PANEL_RIGHT,0.0001,9.999999747378752e-05,-2.079e-05,2026-08-21T00:00Z,0,1,nan,8.0
NMRUSDT,2026-08-21T00:00Z,PANEL_RIGHT,5e-05,4.999999873689376e-05,-0.00021259,2026-08-21T00:00Z,0,1,nan,4.0
OGUSDT,2026-08-21T00:00Z,PANEL_RIGHT,5e-05,4.999999873689376e-05,3.615e-05,2026-08-21T00:00Z,0,1,nan,4.0
OUSDT,2026-08-21T00:00Z,PANEL_RIGHT,5e-05,4.999999873689376e-05,0.00012714,2026-08-21T00:00Z,0,1,nan,4.0
PUMPBTCUSDT,2026-08-21T00:00Z,PANEL_RIGHT,5e-05,4.999999873689376e-05,0.00029844,2026-08-21T00:00Z,0,1,nan,4.0
REDUSDT,2026-08-21T00:00Z,PANEL_RIGHT,-0.00072601,-0.000726010010112077,5e-05,2026-08-21T00:00Z,0,1,nan,4.0
REUSDT,2026-08-21T00:00Z,PANEL_RIGHT,5e-05,4.999999873689376e-05,-7.359e-05,2026-08-21T00:00Z,0,1,nan,4.0
RPLUSDT,2026-08-21T00:00Z,PANEL_RIGHT,5e-05,4.999999873689376e-05,-4.192e-05,2026-08-21T00:00Z,0,1,nan,4.0
SONICUSDT,2026-08-21T00:00Z,PANEL_RIGHT,0.00011829,0.00011829000141005963,8.526e-05,2026-08-21T00:00Z,0,1,nan,4.0
SPORTFUNUSDT,2026-08-21T00:00Z,PANEL_RIGHT,0.00032373,0.00032372999703511596,5e-05,2026-08-21T00:00Z,0,1,nan,4.0
STEEMUSDT,2026-08-21T00:00Z,PANEL_RIGHT,5e-05,4.999999873689376e-05,-0.00033742,2026-08-21T00:00Z,0,1,nan,4.0
SUPERUSDT,2026-08-21T00:00Z,PANEL_RIGHT,5e-05,4.999999873689376e-05,2.397e-05,2026-08-21T00:00Z,0,1,nan,4.0
SXPUSDT,2026-08-21T00:00Z,PANEL_RIGHT,0.0001,9.999999747378752e-05,-0.01080766,2026-08-21T00:00Z,0,1,nan,8.0
XVSUSDT,2026-08-21T00:00Z,PANEL_RIGHT,0.0001,9.999999747378752e-05,-0.00059901,2026-08-21T00:00Z,0,1,nan,8.0
ZESTUSDT,2026-08-21T00:00Z,PANEL_RIGHT,5e-05,4.999999873689376e-05,0.00033801,2026-08-21T00:00Z,0,1,nan,4.0
ZRXUSDT,2026-08-21T00:00Z,PANEL_RIGHT,5e-05,4.999999873689376e-05,-0.00023526,2026-08-21T00:00Z,0,1,nan,4.0
1000000MOGUSDT,2026-08-21T04:00Z,PANEL_RIGHT,0.00056517,0.0005651700193993747,5e-05,2026-08-21T04:00Z,0,1,nan,4.0
ALLUSDT,2026-08-21T04:00Z,PANEL_RIGHT,0.0001,9.999999747378752e-05,-0.00043968,2026-08-21T00:00Z,14400,1,nan,8.0
ANIMEUSDT,2026-08-21T04:00Z,PANEL_RIGHT,5e-05,4.999999873689376e-05,-2.539e-05,2026-08-21T04:00Z,0,1,nan,4.0
BDXNUSDT,2026-08-21T04:00Z,PANEL_RIGHT,5e-05,4.999999873689376e-05,0.0046011,2026-08-21T04:00Z,0,1,nan,4.0
BNTUSDT,2026-08-21T04:00Z,PANEL_RIGHT,-3.68e-05,-3.680000008898787e-05,-0.00013565,2026-08-21T00:00Z,14400,1,nan,8.0
BTWUSDT,2026-08-21T04:00Z,PANEL_RIGHT,0.00042912,0.0004291200020816177,0.00079561,2026-08-21T04:00Z,0,1,nan,4.0
CAPUSDT,2026-08-21T04:00Z,PANEL_RIGHT,-0.00029894,-0.00029893999453634024,-0.00094881,2026-08-21T04:00Z,0,1,nan,4.0
CLANKERUSDT,2026-08-21T04:00Z,PANEL_RIGHT,0.00024687,0.00024687001132406294,5e-05,2026-08-21T04:00Z,0,1,nan,4.0
COWUSDT,2026-08-21T04:00Z,PANEL_RIGHT,-0.00031364,-0.00031363999005407095,5e-05,2026-08-21T04:00Z,0,1,nan,4.0
CTRUSDT,2026-08-21T04:00Z,PANEL_RIGHT,5e-05,4.999999873689376e-05,0.00020821,2026-08-21T04:00Z,0,1,nan,4.0
CYBERUSDT,2026-08-21T04:00Z,PANEL_RIGHT,5e-05,4.999999873689376e-05,2.675e-05,2026-08-21T04:00Z,0,1,nan,4.0
DATAIPUSDT,2026-08-21T04:00Z,PANEL_RIGHT,-0.00099848,-0.000998480012640357,-0.00056876,2026-08-21T04:00Z,0,1,nan,4.0
GRVTUSDT,2026-08-21T04:00Z,PANEL_RIGHT,-0.00010306,-0.00010306000331183895,5e-05,2026-08-21T04:00Z,0,1,nan,4.0
KNCUSDT,2026-08-21T04:00Z,PANEL_RIGHT,0.0001,9.999999747378752e-05,-0.00051301,2026-08-21T00:00Z,14400,1,nan,8.0
MAVIAUSDT,2026-08-21T04:00Z,PANEL_RIGHT,0.00019738,0.00019737999537028372,0.00055831,2026-08-21T04:00Z,0,1,nan,4.0
MTLUSDT,2026-08-21T04:00Z,PANEL_RIGHT,0.0001,9.999999747378752e-05,-2.079e-05,2026-08-21T00:00Z,14400,1,nan,8.0
NMRUSDT,2026-08-21T04:00Z,PANEL_RIGHT,5e-05,4.999999873689376e-05,-0.00021259,2026-08-21T04:00Z,0,1,nan,4.0
OGUSDT,2026-08-21T04:00Z,PANEL_RIGHT,5e-05,4.999999873689376e-05,3.615e-05,2026-08-21T04:00Z,0,1,nan,4.0
OUSDT,2026-08-21T04:00Z,PANEL_RIGHT,5e-05,4.999999873689376e-05,0.00012714,2026-08-21T04:00Z,0,1,nan,4.0
PUMPBTCUSDT,2026-08-21T04:00Z,PANEL_RIGHT,5e-05,4.999999873689376e-05,0.00029844,2026-08-21T04:00Z,0,1,nan,4.0
REDUSDT,2026-08-21T04:00Z,PANEL_RIGHT,-0.00117318,-0.0011731799459084868,5e-05,2026-08-21T04:00Z,0,1,nan,4.0
REUSDT,2026-08-21T04:00Z,PANEL_RIGHT,5e-05,4.999999873689376e-05,-7.359e-05,2026-08-21T04:00Z,0,1,nan,4.0
RPLUSDT,2026-08-21T04:00Z,PANEL_RIGHT,5e-05,4.999999873689376e-05,-4.192e-05,2026-08-21T04:00Z,0,1,nan,4.0
SANTOSUSDT,2026-08-21T04:00Z,PANEL_RIGHT,-0.00014081,-0.00014081000699661672,5e-05,2026-08-21T04:00Z,0,1,nan,4.0
SONICUSDT,2026-08-21T04:00Z,PANEL_RIGHT,5e-05,4.999999873689376e-05,8.526e-05,2026-08-21T04:00Z,0,1,nan,4.0
SPORTFUNUSDT,2026-08-21T04:00Z,PANEL_RIGHT,0.00050684,0.0005068400059826672,5e-05,2026-08-21T04:00Z,0,1,nan,4.0
STEEMUSDT,2026-08-21T04:00Z,PANEL_RIGHT,-0.00028799,-0.0002879899984691292,-0.00033742,2026-08-21T04:00Z,0,1,nan,4.0
SUPERUSDT,2026-08-21T04:00Z,PANEL_RIGHT,5e-05,4.999999873689376e-05,2.397e-05,2026-08-21T04:00Z,0,1,nan,4.0
SXPUSDT,2026-08-21T04:00Z,PANEL_RIGHT,0.0001,9.999999747378752e-05,-0.01080766,2026-08-21T00:00Z,14400,1,nan,8.0
XVSUSDT,2026-08-21T04:00Z,PANEL_RIGHT,0.0001,9.999999747378752e-05,-0.00059901,2026-08-21T00:00Z,14400,1,nan,8.0
ZESTUSDT,2026-08-21T04:00Z,PANEL_RIGHT,5e-05,4.999999873689376e-05,0.00033801,2026-08-21T04:00Z,0,1,nan,4.0
ZRXUSDT,2026-08-21T04:00Z,PANEL_RIGHT,5e-05,4.999999873689376e-05,-0.00023526,2026-08-21T04:00Z,0,1,nan,4.0
1000000MOGUSDT,2026-08-21T08:00Z,PANEL_RIGHT,0.0001706,0.0001706000039121136,5e-05,2026-08-21T08:00Z,0,1,nan,4.0
ALLUSDT,2026-08-21T08:00Z,PANEL_RIGHT,0.0001,9.999999747378752e-05,-0.00043968,2026-08-21T08:00Z,0,1,nan,8.0
ANIMEUSDT,2026-08-21T08:00Z,PANEL_RIGHT,5e-05,4.999999873689376e-05,-2.539e-05,2026-08-21T08:00Z,0,1,nan,4.0
ARXUSDT,2026-08-21T08:00Z,PANEL_RIGHT,0.00025273,0.00025273000937886536,5e-05,2026-08-21T08:00Z,0,1,nan,4.0
ASRUSDT,2026-08-21T08:00Z,PANEL_RIGHT,0.00023184,0.0002318399929208681,5e-05,2026-08-21T08:00Z,0,1,nan,4.0
BDXNUSDT,2026-08-21T08:00Z,PANEL_RIGHT,5e-05,4.999999873689376e-05,0.0046011,2026-08-21T08:00Z,0,1,nan,4.0
BNTUSDT,2026-08-21T08:00Z,PANEL_RIGHT,0.0001,9.999999747378752e-05,-0.00013565,2026-08-21T08:00Z,0,1,nan,8.0
BTWUSDT,2026-08-21T08:00Z,PANEL_RIGHT,0.00045155,0.00045155000407248735,0.00079561,2026-08-21T08:00Z,0,1,nan,4.0
CAPUSDT,2026-08-21T08:00Z,PANEL_RIGHT,-0.00012207,-0.00012206999963382259,-0.00094881,2026-08-21T08:00Z,0,1,nan,4.0
CLANKERUSDT,2026-08-21T08:00Z,PANEL_RIGHT,0.00068663,0.000686630024574697,5e-05,2026-08-21T08:00Z,0,1,nan,4.0
COWUSDT,2026-08-21T08:00Z,PANEL_RIGHT,-0.00043756,-0.00043755999649874866,5e-05,2026-08-21T08:00Z,0,1,nan,4.0
CTKUSDT,2026-08-21T08:00Z,PANEL_RIGHT,7.79e-06,7.790000381646678e-06,5e-05,2026-08-21T08:00Z,0,1,nan,4.0
CTRUSDT,2026-08-21T08:00Z,PANEL_RIGHT,5e-05,4.999999873689376e-05,0.00020821,2026-08-21T08:00Z,0,1,nan,4.0
CYBERUSDT,2026-08-21T08:00Z,PANEL_RIGHT,5e-05,4.999999873689376e-05,2.675e-05,2026-08-21T08:00Z,0,1,nan,4.0
DATAIPUSDT,2026-08-21T08:00Z,PANEL_RIGHT,5e-05,4.999999873689376e-05,-0.00056876,2026-08-21T08:00Z,0,1,nan,4.0
GRVTUSDT,2026-08-21T08:00Z,PANEL_RIGHT,-9.679e-05,-9.678999776951969e-05,5e-05,2026-08-21T08:00Z,0,1,nan,4.0
KNCUSDT,2026-08-21T08:00Z,PANEL_RIGHT,0.0001,9.999999747378752e-05,-0.00051301,2026-08-21T08:00Z,0,1,nan,8.0
MAVIAUSDT,2026-08-21T08:00Z,PANEL_RIGHT,0.00020636,0.00020635999680962414,0.00055831,2026-08-21T08:00Z,0,1,nan,4.0
MTLUSDT,2026-08-21T08:00Z,PANEL_RIGHT,0.0001,9.999999747378752e-05,-2.079e-05,2026-08-21T08:00Z,0,1,nan,8.0
NMRUSDT,2026-08-21T08:00Z,PANEL_RIGHT,5e-05,4.999999873689376e-05,-0.00021259,2026-08-21T08:00Z,0,1,nan,4.0
OGUSDT,2026-08-21T08:00Z,PANEL_RIGHT,5e-05,4.999999873689376e-05,3.615e-05,2026-08-21T08:00Z,0,1,nan,4.0
OUSDT,2026-08-21T08:00Z,PANEL_RIGHT,5e-05,4.999999873689376e-05,0.00012714,2026-08-21T08:00Z,0,1,nan,4.0
PUMPBTCUSDT,2026-08-21T08:00Z,PANEL_RIGHT,0.00030426,0.0003042600001208484,0.00029844,2026-08-21T08:00Z,0,1,nan,4.0
REDUSDT,2026-08-21T08:00Z,PANEL_RIGHT,-0.00131415,-0.001314150053076446,5e-05,2026-08-21T08:00Z,0,1,nan,4.0
REUSDT,2026-08-21T08:00Z,PANEL_RIGHT,5e-05,4.999999873689376e-05,-7.359e-05,2026-08-21T08:00Z,0,1,nan,4.0
RPLUSDT,2026-08-21T08:00Z,PANEL_RIGHT,5e-05,4.999999873689376e-05,-4.192e-05,2026-08-21T08:00Z,0,1,nan,4.0
SANTOSUSDT,2026-08-21T08:00Z,PANEL_RIGHT,-8.114e-05,-8.114000229397789e-05,5e-05,2026-08-21T08:00Z,0,1,nan,4.0
SONICUSDT,2026-08-21T08:00Z,PANEL_RIGHT,5e-05,4.999999873689376e-05,8.526e-05,2026-08-21T08:00Z,0,1,nan,4.0
SPORTFUNUSDT,2026-08-21T08:00Z,PANEL_RIGHT,0.00063847,0.0006384699954651296,5e-05,2026-08-21T08:00Z,0,1,nan,4.0
STEEMUSDT,2026-08-21T08:00Z,PANEL_RIGHT,4.694e-05,4.6940000174799934e-05,-0.00033742,2026-08-21T08:00Z,0,1,nan,4.0
SUPERUSDT,2026-08-21T08:00Z,PANEL_RIGHT,5e-05,4.999999873689376e-05,2.397e-05,2026-08-21T08:00Z,0,1,nan,4.0
SXPUSDT,2026-08-21T08:00Z,PANEL_RIGHT,0.0001,9.999999747378752e-05,-0.01080766,2026-08-21T08:00Z,0,1,nan,8.0
XVSUSDT,2026-08-21T08:00Z,PANEL_RIGHT,0.0001,9.999999747378752e-05,-0.00059901,2026-08-21T08:00Z,0,1,nan,8.0
ZESTUSDT,2026-08-21T08:00Z,PANEL_RIGHT,0.00010582,0.00010581999958958477,0.00033801,2026-08-21T08:00Z,0,1,nan,4.0
ZRXUSDT,2026-08-21T08:00Z,PANEL_RIGHT,5e-05,4.999999873689376e-05,-0.00023526,2026-08-21T08:00Z,0,1,nan,4.0
1000000MOGUSDT,2026-08-21T12:00Z,PANEL_RIGHT,0.00013207,0.00013206999574322253,5e-05,2026-08-21T12:00Z,0,1,nan,4.0
ALLUSDT,2026-08-21T12:00Z,PANEL_RIGHT,0.0001,9.999999747378752e-05,-0.00043968,2026-08-21T08:00Z,14400,1,nan,8.0
ANIMEUSDT,2026-08-21T12:00Z,PANEL_RIGHT,5e-05,4.999999873689376e-05,-2.539e-05,2026-08-21T12:00Z,0,1,nan,4.0
ARXUSDT,2026-08-21T12:00Z,PANEL_RIGHT,0.00013274,0.000132739995024167,5e-05,2026-08-21T12:00Z,0,1,nan,4.0
ASRUSDT,2026-08-21T12:00Z,PANEL_RIGHT,0.00026732,0.0002673199924174696,5e-05,2026-08-21T12:00Z,0,1,nan,4.0
AZTECUSDT,2026-08-21T12:00Z,PANEL_RIGHT,0.00010767,0.00010766999912448227,5e-05,2026-08-21T12:00Z,0,1,nan,4.0
BDXNUSDT,2026-08-21T12:00Z,PANEL_RIGHT,5e-05,4.999999873689376e-05,0.0046011,2026-08-21T12:00Z,0,1,nan,4.0
BNTUSDT,2026-08-21T12:00Z,PANEL_RIGHT,0.0001,9.999999747378752e-05,-0.00013565,2026-08-21T08:00Z,14400,1,nan,8.0
BTWUSDT,2026-08-21T12:00Z,PANEL_RIGHT,0.00049601,0.0004960100050084293,0.00079561,2026-08-21T12:00Z,0,1,nan,4.0
CAPUSDT,2026-08-21T12:00Z,PANEL_RIGHT,5e-05,4.999999873689376e-05,-0.00094881,2026-08-21T12:00Z,0,1,nan,4.0
CLANKERUSDT,2026-08-21T12:00Z,PANEL_RIGHT,0.00034526,0.00034525999217294157,5e-05,2026-08-21T12:00Z,0,1,nan,4.0
COWUSDT,2026-08-21T12:00Z,PANEL_RIGHT,-0.00015969,-0.00015968999650795013,5e-05,2026-08-21T12:00Z,0,1,nan,4.0
CTRUSDT,2026-08-21T12:00Z,PANEL_RIGHT,5.85e-05,5.850000161444768e-05,0.00020821,2026-08-21T12:00Z,0,1,nan,4.0
CYBERUSDT,2026-08-21T12:00Z,PANEL_RIGHT,5e-05,4.999999873689376e-05,2.675e-05,2026-08-21T12:00Z,0,1,nan,4.0
DATAIPUSDT,2026-08-21T12:00Z,PANEL_RIGHT,5e-05,4.999999873689376e-05,-0.00056876,2026-08-21T12:00Z,0,1,nan,4.0
GOATUSDT,2026-08-21T12:00Z,PANEL_RIGHT,0.00010826,0.0001082599992514588,5e-05,2026-08-21T12:00Z,0,1,nan,4.0
KNCUSDT,2026-08-21T12:00Z,PANEL_RIGHT,0.0001,9.999999747378752e-05,-0.00051301,2026-08-21T08:00Z,14400,1,nan,8.0
MAVIAUSDT,2026-08-21T12:00Z,PANEL_RIGHT,0.00027937,0.00027936999686062336,0.00055831,2026-08-21T12:00Z,0,1,nan,4.0
MTLUSDT,2026-08-21T12:00Z,PANEL_RIGHT,0.0001,9.999999747378752e-05,-2.079e-05,2026-08-21T08:00Z,14400,1,nan,8.0
NMRUSDT,2026-08-21T12:00Z,PANEL_RIGHT,5e-05,4.999999873689376e-05,-0.00021259,2026-08-21T12:00Z,0,1,nan,4.0
OGUSDT,2026-08-21T12:00Z,PANEL_RIGHT,5e-05,4.999999873689376e-05,3.615e-05,2026-08-21T12:00Z,0,1,nan,4.0
OUSDT,2026-08-21T12:00Z,PANEL_RIGHT,8.748e-05,8.74800025485456e-05,0.00012714,2026-08-21T12:00Z,0,1,nan,4.0
PUMPBTCUSDT,2026-08-21T12:00Z,PANEL_RIGHT,0.0002778,0.00027779999072663486,0.00029844,2026-08-21T12:00Z,0,1,nan,4.0
REDUSDT,2026-08-21T12:00Z,PANEL_RIGHT,-0.00012745,-0.0001274499954888597,5e-05,2026-08-21T12:00Z,0,1,nan,4.0
REUSDT,2026-08-21T12:00Z,PANEL_RIGHT,5e-05,4.999999873689376e-05,-7.359e-05,2026-08-21T12:00Z,0,1,nan,4.0
RPLUSDT,2026-08-21T12:00Z,PANEL_RIGHT,5e-05,4.999999873689376e-05,-4.192e-05,2026-08-21T12:00Z,0,1,nan,4.0
SANTOSUSDT,2026-08-21T12:00Z,PANEL_RIGHT,-0.00019344,-0.00019344000611454248,5e-05,2026-08-21T12:00Z,0,1,nan,4.0
SLXUSDT,2026-08-21T12:00Z,PANEL_RIGHT,0.00014435,0.0001443499932065606,5e-05,2026-08-21T12:00Z,0,1,nan,4.0
SONICUSDT,2026-08-21T12:00Z,PANEL_RIGHT,0.00024069,0.0002406900021014735,8.526e-05,2026-08-21T12:00Z,0,1,nan,4.0
SPORTFUNUSDT,2026-08-21T12:00Z,PANEL_RIGHT,0.00057687,0.0005768699920736253,5e-05,2026-08-21T12:00Z,0,1,nan,4.0
STEEMUSDT,2026-08-21T12:00Z,PANEL_RIGHT,2.991e-05,2.9909999284427613e-05,-0.00033742,2026-08-21T12:00Z,0,1,nan,4.0
SUPERUSDT,2026-08-21T12:00Z,PANEL_RIGHT,5e-05,4.999999873689376e-05,2.397e-05,2026-08-21T12:00Z,0,1,nan,4.0
SXPUSDT,2026-08-21T12:00Z,PANEL_RIGHT,0.0001,9.999999747378752e-05,-0.01080766,2026-08-21T08:00Z,14400,1,nan,8.0
XVSUSDT,2026-08-21T12:00Z,PANEL_RIGHT,0.0001,9.999999747378752e-05,-0.00059901,2026-08-21T08:00Z,14400,1,nan,8.0
ZESTUSDT,2026-08-21T12:00Z,PANEL_RIGHT,0.00022846,0.0002284600050188601,0.00033801,2026-08-21T12:00Z,0,1,nan,4.0
ZRXUSDT,2026-08-21T12:00Z,PANEL_RIGHT,5e-05,4.999999873689376e-05,-0.00023526,2026-08-21T12:00Z,0,1,nan,4.0
1000000BOBUSDT,2026-08-21T16:00Z,PANEL_RIGHT,0.00047633,0.00047632999485358596,5e-05,2026-08-21T16:00Z,0,1,nan,4.0
1000000MOGUSDT,2026-08-21T16:00Z,PANEL_RIGHT,0.00036149,0.0003614900051616132,5e-05,2026-08-21T16:00Z,0,1,nan,4.0
ALLUSDT,2026-08-21T16:00Z,PANEL_RIGHT,0.0001,9.999999747378752e-05,-0.00043968,2026-08-21T16:00Z,0,1,nan,8.0
ANIMEUSDT,2026-08-21T16:00Z,PANEL_RIGHT,5e-05,4.999999873689376e-05,-2.539e-05,2026-08-21T16:00Z,0,1,nan,4.0
ARXUSDT,2026-08-21T16:00Z,PANEL_RIGHT,0.000155,0.00015500000154133886,5e-05,2026-08-21T16:00Z,0,1,nan,4.0
ASRUSDT,2026-08-21T16:00Z,PANEL_RIGHT,0.00036889,0.00036889000330120325,5e-05,2026-08-21T16:00Z,0,1,nan,4.0
AZTECUSDT,2026-08-21T16:00Z,PANEL_RIGHT,0.00013132,0.00013132000458426774,5e-05,2026-08-21T16:00Z,0,1,nan,4.0
BDXNUSDT,2026-08-21T16:00Z,PANEL_RIGHT,5e-05,4.999999873689376e-05,0.0046011,2026-08-21T16:00Z,0,1,nan,4.0
BNTUSDT,2026-08-21T16:00Z,PANEL_RIGHT,0.0001,9.999999747378752e-05,-0.00013565,2026-08-21T16:00Z,0,1,nan,8.0
BTWUSDT,2026-08-21T16:00Z,PANEL_RIGHT,0.00055042,0.0005504200235009193,0.00079561,2026-08-21T16:00Z,0,1,nan,4.0
CAPUSDT,2026-08-21T16:00Z,PANEL_RIGHT,5e-05,4.999999873689376e-05,-0.00094881,2026-08-21T16:00Z,0,1,nan,4.0
CLANKERUSDT,2026-08-21T16:00Z,PANEL_RIGHT,0.00040747,0.000407470011850819,5e-05,2026-08-21T16:00Z,0,1,nan,4.0
CTRUSDT,2026-08-21T16:00Z,PANEL_RIGHT,0.0001796,0.0001795999996829778,0.00020821,2026-08-21T16:00Z,0,1,nan,4.0
CYBERUSDT,2026-08-21T16:00Z,PANEL_RIGHT,5e-05,4.999999873689376e-05,2.675e-05,2026-08-21T16:00Z,0,1,nan,4.0
DATAIPUSDT,2026-08-21T16:00Z,PANEL_RIGHT,5e-05,4.999999873689376e-05,-0.00056876,2026-08-21T16:00Z,0,1,nan,4.0
GOATUSDT,2026-08-21T16:00Z,PANEL_RIGHT,0.00013501,0.00013501000648830086,5e-05,2026-08-21T16:00Z,0,1,nan,4.0
GRVTUSDT,2026-08-21T16:00Z,PANEL_RIGHT,-0.00088021,-0.0008802100201137364,5e-05,2026-08-21T16:00Z,0,1,nan,4.0
KNCUSDT,2026-08-21T16:00Z,PANEL_RIGHT,0.0001,9.999999747378752e-05,-0.00051301,2026-08-21T16:00Z,0,1,nan,8.0
MAVIAUSDT,2026-08-21T16:00Z,PANEL_RIGHT,0.00017723,0.00017723000200930983,0.00055831,2026-08-21T16:00Z,0,1,nan,4.0
MOCAUSDT,2026-08-21T16:00Z,PANEL_RIGHT,0.00018879,0.00018878999981097877,5e-05,2026-08-21T16:00Z,0,1,nan,4.0
MTLUSDT,2026-08-21T16:00Z,PANEL_RIGHT,0.00048608,0.0004860800108872354,-2.079e-05,2026-08-21T16:00Z,0,1,nan,8.0
NMRUSDT,2026-08-21T16:00Z,PANEL_RIGHT,5e-05,4.999999873689376e-05,-0.00021259,2026-08-21T16:00Z,0,1,nan,4.0
OGUSDT,2026-08-21T16:00Z,PANEL_RIGHT,5e-05,4.999999873689376e-05,3.615e-05,2026-08-21T16:00Z,0,1,nan,4.0
OUSDT,2026-08-21T16:00Z,PANEL_RIGHT,5e-05,4.999999873689376e-05,0.00012714,2026-08-21T16:00Z,0,1,nan,4.0
PUMPBTCUSDT,2026-08-21T16:00Z,PANEL_RIGHT,0.0001445,0.00014449999434873462,0.00029844,2026-08-21T16:00Z,0,1,nan,4.0
REDUSDT,2026-08-21T16:00Z,PANEL_RIGHT,-0.00038039,-0.00038039000355638564,5e-05,2026-08-21T16:00Z,0,1,nan,4.0
REUSDT,2026-08-21T16:00Z,PANEL_RIGHT,5e-05,4.999999873689376e-05,-7.359e-05,2026-08-21T16:00Z,0,1,nan,4.0
RPLUSDT,2026-08-21T16:00Z,PANEL_RIGHT,5e-05,4.999999873689376e-05,-4.192e-05,2026-08-21T16:00Z,0,1,nan,4.0
SANTOSUSDT,2026-08-21T16:00Z,PANEL_RIGHT,-0.00010328,-0.0001032799991662614,5e-05,2026-08-21T16:00Z,0,1,nan,4.0
SLXUSDT,2026-08-21T16:00Z,PANEL_RIGHT,5.426e-05,5.425999916042201e-05,5e-05,2026-08-21T16:00Z,0,1,nan,4.0
SONICUSDT,2026-08-21T16:00Z,PANEL_RIGHT,0.00025247,0.0002524699957575649,8.526e-05,2026-08-21T16:00Z,0,1,nan,4.0
SPORTFUNUSDT,2026-08-21T16:00Z,PANEL_RIGHT,0.00051694,0.0005169400246813893,5e-05,2026-08-21T16:00Z,0,1,nan,4.0
STEEMUSDT,2026-08-21T16:00Z,PANEL_RIGHT,5e-05,4.999999873689376e-05,-0.00033742,2026-08-21T16:00Z,0,1,nan,4.0
SUPERUSDT,2026-08-21T16:00Z,PANEL_RIGHT,5e-05,4.999999873689376e-05,2.397e-05,2026-08-21T16:00Z,0,1,nan,4.0
SXPUSDT,2026-08-21T16:00Z,PANEL_RIGHT,0.0001,9.999999747378752e-05,-0.01080766,2026-08-21T16:00Z,0,1,nan,8.0
XVSUSDT,2026-08-21T16:00Z,PANEL_RIGHT,0.0001,9.999999747378752e-05,-0.00059901,2026-08-21T16:00Z,0,1,nan,8.0
ZESTUSDT,2026-08-21T16:00Z,PANEL_RIGHT,0.00022984,0.00022984000679571182,0.00033801,2026-08-21T16:00Z,0,1,nan,4.0
ZRXUSDT,2026-08-21T16:00Z,PANEL_RIGHT,5e-05,4.999999873689376e-05,-0.00023526,2026-08-21T16:00Z,0,1,nan,4.0
1000000BOBUSDT,2026-08-21T20:00Z,PANEL_RIGHT,0.00019169,0.0001916899927891791,5e-05,2026-08-21T20:00Z,0,1,nan,4.0
1000000MOGUSDT,2026-08-21T20:00Z,PANEL_RIGHT,0.00028026,0.0002802599919959903,5e-05,2026-08-21T20:00Z,0,1,nan,4.0
ALLUSDT,2026-08-21T20:00Z,PANEL_RIGHT,0.0001,9.999999747378752e-05,-0.00043968,2026-08-21T16:00Z,14400,1,nan,8.0
ANIMEUSDT,2026-08-21T20:00Z,PANEL_RIGHT,5e-05,4.999999873689376e-05,-2.539e-05,2026-08-21T20:00Z,0,1,nan,4.0
ASRUSDT,2026-08-21T20:00Z,PANEL_RIGHT,0.00012292,0.00012291999883018434,5e-05,2026-08-21T20:00Z,0,1,nan,4.0
BDXNUSDT,2026-08-21T20:00Z,PANEL_RIGHT,5e-05,4.999999873689376e-05,0.0046011,2026-08-21T20:00Z,0,1,nan,4.0
BNTUSDT,2026-08-21T20:00Z,PANEL_RIGHT,0.0001,9.999999747378752e-05,-0.00013565,2026-08-21T16:00Z,14400,1,nan,8.0
BTWUSDT,2026-08-21T20:00Z,PANEL_RIGHT,0.00055874,0.0005587399937212467,0.00079561,2026-08-21T20:00Z,0,1,nan,4.0
CAPUSDT,2026-08-21T20:00Z,PANEL_RIGHT,5e-05,4.999999873689376e-05,-0.00094881,2026-08-21T20:00Z,0,1,nan,4.0
CLANKERUSDT,2026-08-21T20:00Z,PANEL_RIGHT,0.00012,0.00011999999696854502,5e-05,2026-08-21T20:00Z,0,1,nan,4.0
COWUSDT,2026-08-21T20:00Z,PANEL_RIGHT,-3.269e-05,-3.2690000807633623e-05,5e-05,2026-08-21T20:00Z,0,1,nan,4.0
CTRUSDT,2026-08-21T20:00Z,PANEL_RIGHT,0.00017407,0.00017406999540980905,0.00020821,2026-08-21T20:00Z,0,1,nan,4.0
CYBERUSDT,2026-08-21T20:00Z,PANEL_RIGHT,5e-05,4.999999873689376e-05,2.675e-05,2026-08-21T20:00Z,0,1,nan,4.0
DATAIPUSDT,2026-08-21T20:00Z,PANEL_RIGHT,5e-05,4.999999873689376e-05,-0.00056876,2026-08-21T20:00Z,0,1,nan,4.0
GOATUSDT,2026-08-21T20:00Z,PANEL_RIGHT,0.00013549,0.00013549000141210854,5e-05,2026-08-21T20:00Z,0,1,nan,4.0
GRVTUSDT,2026-08-21T20:00Z,PANEL_RIGHT,-0.00072261,-0.0007226099842227995,5e-05,2026-08-21T20:00Z,0,1,nan,4.0
KNCUSDT,2026-08-21T20:00Z,PANEL_RIGHT,0.0001,9.999999747378752e-05,-0.00051301,2026-08-21T16:00Z,14400,1,nan,8.0
MAVIAUSDT,2026-08-21T20:00Z,PANEL_RIGHT,0.00012905,0.00012904999312013388,0.00055831,2026-08-21T20:00Z,0,1,nan,4.0
MTLUSDT,2026-08-21T20:00Z,PANEL_RIGHT,0.00048608,0.0004860800108872354,-2.079e-05,2026-08-21T16:00Z,14400,1,nan,8.0
NMRUSDT,2026-08-21T20:00Z,PANEL_RIGHT,5e-05,4.999999873689376e-05,-0.00021259,2026-08-21T20:00Z,0,1,nan,4.0
OGUSDT,2026-08-21T20:00Z,PANEL_RIGHT,5e-05,4.999999873689376e-05,3.615e-05,2026-08-21T20:00Z,0,1,nan,4.0
OUSDT,2026-08-21T20:00Z,PANEL_RIGHT,5e-05,4.999999873689376e-05,0.00012714,2026-08-21T20:00Z,0,1,nan,4.0
PUMPBTCUSDT,2026-08-21T20:00Z,PANEL_RIGHT,0.00029032,0.0002903199929278344,0.00029844,2026-08-21T20:00Z,0,1,nan,4.0
REUSDT,2026-08-21T20:00Z,PANEL_RIGHT,5e-05,4.999999873689376e-05,-7.359e-05,2026-08-21T20:00Z,0,1,nan,4.0
RPLUSDT,2026-08-21T20:00Z,PANEL_RIGHT,5e-05,4.999999873689376e-05,-4.192e-05,2026-08-21T20:00Z,0,1,nan,4.0
SANTOSUSDT,2026-08-21T20:00Z,PANEL_RIGHT,-0.00027107,-0.0002710699918679893,5e-05,2026-08-21T20:00Z,0,1,nan,4.0
SLPUSDT,2026-08-21T20:00Z,PANEL_RIGHT,4.266e-05,4.26600017817691e-05,5e-05,2026-08-21T20:00Z,0,1,nan,4.0
SONICUSDT,2026-08-21T20:00Z,PANEL_RIGHT,5e-05,4.999999873689376e-05,8.526e-05,2026-08-21T20:00Z,0,1,nan,4.0
SPORTFUNUSDT,2026-08-21T20:00Z,PANEL_RIGHT,0.00012594,0.000125940001453273,5e-05,2026-08-21T20:00Z,0,1,nan,4.0
STEEMUSDT,2026-08-21T20:00Z,PANEL_RIGHT,5e-05,4.999999873689376e-05,-0.00033742,2026-08-21T20:00Z,0,1,nan,4.0
SUPERUSDT,2026-08-21T20:00Z,PANEL_RIGHT,5e-05,4.999999873689376e-05,2.397e-05,2026-08-21T20:00Z,0,1,nan,4.0
SXPUSDT,2026-08-21T20:00Z,PANEL_RIGHT,0.0001,9.999999747378752e-05,-0.01080766,2026-08-21T16:00Z,14400,1,nan,8.0
XVSUSDT,2026-08-21T20:00Z,PANEL_RIGHT,0.0001,9.999999747378752e-05,-0.00059901,2026-08-21T16:00Z,14400,1,nan,8.0
ZESTUSDT,2026-08-21T20:00Z,PANEL_RIGHT,0.00013553,0.00013553000462707132,0.00033801,2026-08-21T20:00Z,0,1,nan,4.0
ZRXUSDT,2026-08-21T20:00Z,PANEL_RIGHT,5e-05,4.999999873689376e-05,-0.00023526,2026-08-21T20:00Z,0,1,nan,4.0
1000000MOGUSDT,2026-08-22T00:00Z,PANEL_RIGHT,0.00057055,0.0005705499788746238,5e-05,2026-08-22T00:00Z,0,1,nan,4.0
ALLUSDT,2026-08-22T00:00Z,PANEL_RIGHT,-2.053e-05,-2.0530000256258063e-05,-0.00043968,2026-08-22T00:00Z,0,1,nan,8.0
ALPINEUSDT,2026-08-22T00:00Z,PANEL_RIGHT,0.00011684,0.00011683999764500186,5e-05,2026-08-22T00:00Z,0,1,nan,4.0
ANIMEUSDT,2026-08-22T00:00Z,PANEL_RIGHT,5e-05,4.999999873689376e-05,-2.539e-05,2026-08-22T00:00Z,0,1,nan,4.0
ARXUSDT,2026-08-22T00:00Z,PANEL_RIGHT,0.00024011,0.0002401100064162165,5e-05,2026-08-22T00:00Z,0,1,nan,4.0
ASRUSDT,2026-08-22T00:00Z,PANEL_RIGHT,0.00045917,0.00045916999806649983,5e-05,2026-08-22T00:00Z,0,1,nan,4.0
AZTECUSDT,2026-08-22T00:00Z,PANEL_RIGHT,0.00017121,0.00017121000564657152,5e-05,2026-08-22T00:00Z,0,1,nan,4.0
BDXNUSDT,2026-08-22T00:00Z,PANEL_RIGHT,5e-05,4.999999873689376e-05,0.0046011,2026-08-22T00:00Z,0,1,nan,4.0
BNTUSDT,2026-08-22T00:00Z,PANEL_RIGHT,0.0001,9.999999747378752e-05,-0.00013565,2026-08-22T00:00Z,0,1,nan,8.0
BTWUSDT,2026-08-22T00:00Z,PANEL_RIGHT,0.00037162,0.0003716200008057058,0.00079561,2026-08-22T00:00Z,0,1,nan,4.0
CAPUSDT,2026-08-22T00:00Z,PANEL_RIGHT,5e-05,4.999999873689376e-05,-0.00094881,2026-08-22T00:00Z,0,1,nan,4.0
CLANKERUSDT,2026-08-22T00:00Z,PANEL_RIGHT,0.00028972,0.00028971998835913837,5e-05,2026-08-22T00:00Z,0,1,nan,4.0
CTRUSDT,2026-08-22T00:00Z,PANEL_RIGHT,0.00016711,0.00016711000353097916,0.00020821,2026-08-22T00:00Z,0,1,nan,4.0
CYBERUSDT,2026-08-22T00:00Z,PANEL_RIGHT,5e-05,4.999999873689376e-05,2.675e-05,2026-08-22T00:00Z,0,1,nan,4.0
DATAIPUSDT,2026-08-22T00:00Z,PANEL_RIGHT,5e-05,4.999999873689376e-05,-0.00056876,2026-08-22T00:00Z,0,1,nan,4.0
GRAMUSDT,2026-08-22T00:00Z,PANEL_RIGHT,0.00019592,0.00019592000171542168,5e-05,2026-08-22T00:00Z,0,1,nan,4.0
GRVTUSDT,2026-08-22T00:00Z,PANEL_RIGHT,-0.00022657,-0.00022657000226899981,5e-05,2026-08-22T00:00Z,0,1,nan,4.0
KNCUSDT,2026-08-22T00:00Z,PANEL_RIGHT,0.0001,9.999999747378752e-05,-0.00051301,2026-08-22T00:00Z,0,1,nan,8.0
MAVIAUSDT,2026-08-22T00:00Z,PANEL_RIGHT,0.0003321,0.00033209999673999846,0.00055831,2026-08-22T00:00Z,0,1,nan,4.0
MOCAUSDT,2026-08-22T00:00Z,PANEL_RIGHT,0.00031085,0.0003108500095549971,5e-05,2026-08-22T00:00Z,0,1,nan,4.0
MTLUSDT,2026-08-22T00:00Z,PANEL_RIGHT,0.0001,9.999999747378752e-05,-2.079e-05,2026-08-22T00:00Z,0,1,nan,8.0
NMRUSDT,2026-08-22T00:00Z,PANEL_RIGHT,5e-05,4.999999873689376e-05,-0.00021259,2026-08-22T00:00Z,0,1,nan,4.0
OGUSDT,2026-08-22T00:00Z,PANEL_RIGHT,5e-05,4.999999873689376e-05,3.615e-05,2026-08-22T00:00Z,0,1,nan,4.0
OUSDT,2026-08-22T00:00Z,PANEL_RIGHT,5e-05,4.999999873689376e-05,0.00012714,2026-08-22T00:00Z,0,1,nan,4.0
PUMPBTCUSDT,2026-08-22T00:00Z,PANEL_RIGHT,5.779e-05,5.7789999118540436e-05,0.00029844,2026-08-22T00:00Z,0,1,nan,4.0
REUSDT,2026-08-22T00:00Z,PANEL_RIGHT,5e-05,4.999999873689376e-05,-7.359e-05,2026-08-22T00:00Z,0,1,nan,4.0
RPLUSDT,2026-08-22T00:00Z,PANEL_RIGHT,5e-05,4.999999873689376e-05,-4.192e-05,2026-08-22T00:00Z,0,1,nan,4.0
SANTOSUSDT,2026-08-22T00:00Z,PANEL_RIGHT,-0.00010502,-0.00010502000077394769,5e-05,2026-08-22T00:00Z,0,1,nan,4.0
SLXUSDT,2026-08-22T00:00Z,PANEL_RIGHT,0.00028203,0.00028202999965287745,5e-05,2026-08-22T00:00Z,0,1,nan,4.0
SONICUSDT,2026-08-22T00:00Z,PANEL_RIGHT,8.86e-05,8.859999798005447e-05,8.526e-05,2026-08-22T00:00Z,0,1,nan,4.0
SPORTFUNUSDT,2026-08-22T00:00Z,PANEL_RIGHT,8.364e-05,8.363999950233847e-05,5e-05,2026-08-22T00:00Z,0,1,nan,4.0
STEEMUSDT,2026-08-22T00:00Z,PANEL_RIGHT,5e-05,4.999999873689376e-05,-0.00033742,2026-08-22T00:00Z,0,1,nan,4.0
SUPERUSDT,2026-08-22T00:00Z,PANEL_RIGHT,5e-05,4.999999873689376e-05,2.397e-05,2026-08-22T00:00Z,0,1,nan,4.0
SXPUSDT,2026-08-22T00:00Z,PANEL_RIGHT,0.0001,9.999999747378752e-05,-0.01080766,2026-08-22T00:00Z,0,1,nan,8.0
XVSUSDT,2026-08-22T00:00Z,PANEL_RIGHT,0.0001,9.999999747378752e-05,-0.00059901,2026-08-22T00:00Z,0,1,nan,8.0
ZESTUSDT,2026-08-22T00:00Z,PANEL_RIGHT,0.00048425,0.00048424999113194644,0.00033801,2026-08-22T00:00Z,0,1,nan,4.0
ZRXUSDT,2026-08-22T00:00Z,PANEL_RIGHT,5e-05,4.999999873689376e-05,-0.00023526,2026-08-22T00:00Z,0,1,nan,4.0
1000000MOGUSDT,2026-08-22T04:00Z,PANEL_RIGHT,0.00055508,0.0005550800124183297,5e-05,2026-08-22T04:00Z,0,1,nan,4.0
ALLUSDT,2026-08-22T04:00Z,PANEL_RIGHT,-2.053e-05,-2.0530000256258063e-05,-0.00043968,2026-08-22T00:00Z,14400,1,nan,8.0
ALPINEUSDT,2026-08-22T04:00Z,PANEL_RIGHT,0.00016671,0.0001667100004851818,5e-05,2026-08-22T04:00Z,0,1,nan,4.0
ANIMEUSDT,2026-08-22T04:00Z,PANEL_RIGHT,5e-05,4.999999873689376e-05,-2.539e-05,2026-08-22T04:00Z,0,1,nan,4.0
ARXUSDT,2026-08-22T04:00Z,PANEL_RIGHT,0.00010328,0.0001032799991662614,5e-05,2026-08-22T04:00Z,0,1,nan,4.0
ASRUSDT,2026-08-22T04:00Z,PANEL_RIGHT,0.00042689,0.00042689000838436186,5e-05,2026-08-22T04:00Z,0,1,nan,4.0
AZTECUSDT,2026-08-22T04:00Z,PANEL_RIGHT,0.00056224,0.0005622400203719735,5e-05,2026-08-22T04:00Z,0,1,nan,4.0
BDXNUSDT,2026-08-22T04:00Z,PANEL_RIGHT,5e-05,4.999999873689376e-05,0.0046011,2026-08-22T04:00Z,0,1,nan,4.0
BNTUSDT,2026-08-22T04:00Z,PANEL_RIGHT,0.0001,9.999999747378752e-05,-0.00013565,2026-08-22T00:00Z,14400,1,nan,8.0
BTWUSDT,2026-08-22T04:00Z,PANEL_RIGHT,0.00040871,0.0004087100096512586,0.00079561,2026-08-22T04:00Z,0,1,nan,4.0
CAPUSDT,2026-08-22T04:00Z,PANEL_RIGHT,5e-05,4.999999873689376e-05,-0.00094881,2026-08-22T04:00Z,0,1,nan,4.0
CLANKERUSDT,2026-08-22T04:00Z,PANEL_RIGHT,0.00028569,0.0002856900100596249,5e-05,2026-08-22T04:00Z,0,1,nan,4.0
CTRUSDT,2026-08-22T04:00Z,PANEL_RIGHT,0.00059419,0.0005941899726167321,0.00020821,2026-08-22T04:00Z,0,1,nan,4.0
CYBERUSDT,2026-08-22T04:00Z,PANEL_RIGHT,5e-05,4.999999873689376e-05,2.675e-05,2026-08-22T04:00Z,0,1,nan,4.0
DATAIPUSDT,2026-08-22T04:00Z,PANEL_RIGHT,-1.502e-05,-1.5020000319054816e-05,-0.00056876,2026-08-22T04:00Z,0,1,nan,4.0
GOATUSDT,2026-08-22T04:00Z,PANEL_RIGHT,0.00029555,0.00029555000946857035,5e-05,2026-08-22T04:00Z,0,1,nan,4.0
GRAMUSDT,2026-08-22T04:00Z,PANEL_RIGHT,0.00018652,0.00018652000289876014,5e-05,2026-08-22T04:00Z,0,1,nan,4.0
GRVTUSDT,2026-08-22T04:00Z,PANEL_RIGHT,-0.00030129,-0.00030129001243039966,5e-05,2026-08-22T04:00Z,0,1,nan,4.0
ICXUSDT,2026-08-22T04:00Z,PANEL_RIGHT,0.00091891,0.0009189100237563252,5e-05,2026-08-22T04:00Z,0,1,nan,4.0
KNCUSDT,2026-08-22T04:00Z,PANEL_RIGHT,0.0001,9.999999747378752e-05,-0.00051301,2026-08-22T00:00Z,14400,1,nan,8.0
MAVIAUSDT,2026-08-22T04:00Z,PANEL_RIGHT,0.00053716,0.0005371600273065269,0.00055831,2026-08-22T04:00Z,0,1,nan,4.0
MELANIAUSDT,2026-08-22T04:00Z,PANEL_RIGHT,0.00050703,0.0005070299957878888,5e-05,2026-08-22T04:00Z,0,1,nan,4.0
MOCAUSDT,2026-08-22T04:00Z,PANEL_RIGHT,0.00042558,0.00042557998676784337,5e-05,2026-08-22T04:00Z,0,1,nan,4.0
MTLUSDT,2026-08-22T04:00Z,PANEL_RIGHT,0.0001,9.999999747378752e-05,-2.079e-05,2026-08-22T00:00Z,14400,1,nan,8.0
NMRUSDT,2026-08-22T04:00Z,PANEL_RIGHT,5e-05,4.999999873689376e-05,-0.00021259,2026-08-22T04:00Z,0,1,nan,4.0
OGUSDT,2026-08-22T04:00Z,PANEL_RIGHT,5e-05,4.999999873689376e-05,3.615e-05,2026-08-22T04:00Z,0,1,nan,4.0
OUSDT,2026-08-22T04:00Z,PANEL_RIGHT,5e-05,4.999999873689376e-05,0.00012714,2026-08-22T04:00Z,0,1,nan,4.0
PUMPBTCUSDT,2026-08-22T04:00Z,PANEL_RIGHT,0.0003772,0.00037719999090768397,0.00029844,2026-08-22T04:00Z,0,1,nan,4.0
REUSDT,2026-08-22T04:00Z,PANEL_RIGHT,5e-05,4.999999873689376e-05,-7.359e-05,2026-08-22T04:00Z,0,1,nan,4.0
RPLUSDT,2026-08-22T04:00Z,PANEL_RIGHT,5e-05,4.999999873689376e-05,-4.192e-05,2026-08-22T04:00Z,0,1,nan,4.0
SLXUSDT,2026-08-22T04:00Z,PANEL_RIGHT,0.00013087,0.00013087000115774572,5e-05,2026-08-22T04:00Z,0,1,nan,4.0
SONICUSDT,2026-08-22T04:00Z,PANEL_RIGHT,0.00024664,0.0002466400037519634,8.526e-05,2026-08-22T04:00Z,0,1,nan,4.0
SPORTFUNUSDT,2026-08-22T04:00Z,PANEL_RIGHT,0.00057662,0.000576619990170002,5e-05,2026-08-22T04:00Z,0,1,nan,4.0
STEEMUSDT,2026-08-22T04:00Z,PANEL_RIGHT,5e-05,4.999999873689376e-05,-0.00033742,2026-08-22T04:00Z,0,1,nan,4.0
SUPERUSDT,2026-08-22T04:00Z,PANEL_RIGHT,5e-05,4.999999873689376e-05,2.397e-05,2026-08-22T04:00Z,0,1,nan,4.0
SXPUSDT,2026-08-22T04:00Z,PANEL_RIGHT,0.0001,9.999999747378752e-05,-0.01080766,2026-08-22T00:00Z,14400,1,nan,8.0
USTCUSDT,2026-08-22T04:00Z,PANEL_RIGHT,0.00011641,0.00011641000310191885,5e-05,2026-08-22T04:00Z,0,1,nan,4.0
XVSUSDT,2026-08-22T04:00Z,PANEL_RIGHT,0.0001,9.999999747378752e-05,-0.00059901,2026-08-22T00:00Z,14400,1,nan,8.0
ZESTUSDT,2026-08-22T04:00Z,PANEL_RIGHT,0.00070271,0.0007027100073173642,0.00033801,2026-08-22T04:00Z,0,1,nan,4.0
ZRXUSDT,2026-08-22T04:00Z,PANEL_RIGHT,5e-05,4.999999873689376e-05,-0.00023526,2026-08-22T04:00Z,0,1,nan,4.0
1000000MOGUSDT,2026-08-22T08:00Z,PANEL_RIGHT,0.00041827,0.000418270006775856,5e-05,2026-08-22T08:00Z,0,1,nan,4.0
ALLUSDT,2026-08-22T08:00Z,PANEL_RIGHT,0.0001,9.999999747378752e-05,-0.00043968,2026-08-22T08:00Z,0,1,nan,8.0
ANIMEUSDT,2026-08-22T08:00Z,PANEL_RIGHT,5e-05,4.999999873689376e-05,-2.539e-05,2026-08-22T08:00Z,0,1,nan,4.0
ARKUSDT,2026-08-22T08:00Z,PANEL_RIGHT,0.00013645,0.00013645000581163913,5e-05,2026-08-22T08:00Z,0,1,nan,4.0
ARXUSDT,2026-08-22T08:00Z,PANEL_RIGHT,0.00037619,0.00037619000067934394,5e-05,2026-08-22T08:00Z,0,1,nan,4.0
ASRUSDT,2026-08-22T08:00Z,PANEL_RIGHT,7.337e-05,7.336999988183379e-05,5e-05,2026-08-22T08:00Z,0,1,nan,4.0
AZTECUSDT,2026-08-22T08:00Z,PANEL_RIGHT,0.00012354,0.00012353999773040414,5e-05,2026-08-22T08:00Z,0,1,nan,4.0
BDXNUSDT,2026-08-22T08:00Z,PANEL_RIGHT,5e-05,4.999999873689376e-05,0.0046011,2026-08-22T08:00Z,0,1,nan,4.0
BNTUSDT,2026-08-22T08:00Z,PANEL_RIGHT,0.0001,9.999999747378752e-05,-0.00013565,2026-08-22T08:00Z,0,1,nan,8.0
BTWUSDT,2026-08-22T08:00Z,PANEL_RIGHT,0.00063718,0.0006371799972839653,0.00079561,2026-08-22T08:00Z,0,1,nan,4.0
CAPUSDT,2026-08-22T08:00Z,PANEL_RIGHT,5e-05,4.999999873689376e-05,-0.00094881,2026-08-22T08:00Z,0,1,nan,4.0
CLANKERUSDT,2026-08-22T08:00Z,PANEL_RIGHT,0.0002222,0.00022220000391826034,5e-05,2026-08-22T08:00Z,0,1,nan,4.0
CTRUSDT,2026-08-22T08:00Z,PANEL_RIGHT,0.00021036,0.00021035999816376716,0.00020821,2026-08-22T08:00Z,0,1,nan,4.0
CYBERUSDT,2026-08-22T08:00Z,PANEL_RIGHT,5e-05,4.999999873689376e-05,2.675e-05,2026-08-22T08:00Z,0,1,nan,4.0
DATAIPUSDT,2026-08-22T08:00Z,PANEL_RIGHT,5e-05,4.999999873689376e-05,-0.00056876,2026-08-22T08:00Z,0,1,nan,4.0
FRAXUSDT,2026-08-22T08:00Z,PANEL_RIGHT,0.00011202,0.00011202000314369798,5e-05,2026-08-22T08:00Z,0,1,nan,4.0
GOATUSDT,2026-08-22T08:00Z,PANEL_RIGHT,0.00021679,0.0002167899947380647,5e-05,2026-08-22T08:00Z,0,1,nan,4.0
GRVTUSDT,2026-08-22T08:00Z,PANEL_RIGHT,-0.00061782,-0.0006178200128488243,5e-05,2026-08-22T08:00Z,0,1,nan,4.0
KNCUSDT,2026-08-22T08:00Z,PANEL_RIGHT,0.0001,9.999999747378752e-05,-0.00051301,2026-08-22T08:00Z,0,1,nan,8.0
MAVIAUSDT,2026-08-22T08:00Z,PANEL_RIGHT,5e-05,4.999999873689376e-05,0.00055831,2026-08-22T08:00Z,0,1,nan,4.0
MOCAUSDT,2026-08-22T08:00Z,PANEL_RIGHT,0.00015801,0.00015801000699866563,5e-05,2026-08-22T08:00Z,0,1,nan,4.0
MTLUSDT,2026-08-22T08:00Z,PANEL_RIGHT,0.00018973,0.00018972999532707036,-2.079e-05,2026-08-22T08:00Z,0,1,nan,8.0
NMRUSDT,2026-08-22T08:00Z,PANEL_RIGHT,5e-05,4.999999873689376e-05,-0.00021259,2026-08-22T08:00Z,0,1,nan,4.0
OGUSDT,2026-08-22T08:00Z,PANEL_RIGHT,5e-05,4.999999873689376e-05,3.615e-05,2026-08-22T08:00Z,0,1,nan,4.0
OUSDT,2026-08-22T08:00Z,PANEL_RIGHT,5e-05,4.999999873689376e-05,0.00012714,2026-08-22T08:00Z,0,1,nan,4.0
PUMPBTCUSDT,2026-08-22T08:00Z,PANEL_RIGHT,0.00065034,0.0006503399927169085,0.00029844,2026-08-22T08:00Z,0,1,nan,4.0
REUSDT,2026-08-22T08:00Z,PANEL_RIGHT,5e-05,4.999999873689376e-05,-7.359e-05,2026-08-22T08:00Z,0,1,nan,4.0
RPLUSDT,2026-08-22T08:00Z,PANEL_RIGHT,5e-05,4.999999873689376e-05,-4.192e-05,2026-08-22T08:00Z,0,1,nan,4.0
SONICUSDT,2026-08-22T08:00Z,PANEL_RIGHT,0.00022534,0.0002253400016343221,8.526e-05,2026-08-22T08:00Z,0,1,nan,4.0
SPORTFUNUSDT,2026-08-22T08:00Z,PANEL_RIGHT,0.00051143,0.0005114299710839987,5e-05,2026-08-22T08:00Z,0,1,nan,4.0
STEEMUSDT,2026-08-22T08:00Z,PANEL_RIGHT,5e-05,4.999999873689376e-05,-0.00033742,2026-08-22T08:00Z,0,1,nan,4.0
SUPERUSDT,2026-08-22T08:00Z,PANEL_RIGHT,5e-05,4.999999873689376e-05,2.397e-05,2026-08-22T08:00Z,0,1,nan,4.0
SXPUSDT,2026-08-22T08:00Z,PANEL_RIGHT,0.0001,9.999999747378752e-05,-0.01080766,2026-08-22T08:00Z,0,1,nan,8.0
XVSUSDT,2026-08-22T08:00Z,PANEL_RIGHT,0.00022219,0.00022219000675249845,-0.00059901,2026-08-22T08:00Z,0,1,nan,8.0
ZESTUSDT,2026-08-22T08:00Z,PANEL_RIGHT,5e-05,4.999999873689376e-05,0.00033801,2026-08-22T08:00Z,0,1,nan,4.0
ZRXUSDT,2026-08-22T08:00Z,PANEL_RIGHT,5e-05,4.999999873689376e-05,-0.00023526,2026-08-22T08:00Z,0,1,nan,4.0
1000000MOGUSDT,2026-08-22T12:00Z,PANEL_RIGHT,0.00033093,0.0003309299936518073,5e-05,2026-08-22T12:00Z,0,1,nan,4.0
ALLUSDT,2026-08-22T12:00Z,PANEL_RIGHT,0.0001,9.999999747378752e-05,-0.00043968,2026-08-22T08:00Z,14400,1,nan,8.0
ALPINEUSDT,2026-08-22T12:00Z,PANEL_RIGHT,0.00012767,0.0001276700058951974,5e-05,2026-08-22T12:00Z,0,1,nan,4.0
ANIMEUSDT,2026-08-22T12:00Z,PANEL_RIGHT,5e-05,4.999999873689376e-05,-2.539e-05,2026-08-22T12:00Z,0,1,nan,4.0
ARXUSDT,2026-08-22T12:00Z,PANEL_RIGHT,5.063e-05,5.062999844085425e-05,5e-05,2026-08-22T12:00Z,0,1,nan,4.0
ASRUSDT,2026-08-22T12:00Z,PANEL_RIGHT,0.00030103,0.0003010299988090992,5e-05,2026-08-22T12:00Z,0,1,nan,4.0
AZTECUSDT,2026-08-22T12:00Z,PANEL_RIGHT,0.00022118,0.0002211800019722432,5e-05,2026-08-22T12:00Z,0,1,nan,4.0
BDXNUSDT,2026-08-22T12:00Z,PANEL_RIGHT,5e-05,4.999999873689376e-05,0.0046011,2026-08-22T12:00Z,0,1,nan,4.0
BNTUSDT,2026-08-22T12:00Z,PANEL_RIGHT,0.0001,9.999999747378752e-05,-0.00013565,2026-08-22T08:00Z,14400,1,nan,8.0
BTWUSDT,2026-08-22T12:00Z,PANEL_RIGHT,0.00040943,0.0004094300093129277,0.00079561,2026-08-22T12:00Z,0,1,nan,4.0
CAPUSDT,2026-08-22T12:00Z,PANEL_RIGHT,5e-05,4.999999873689376e-05,-0.00094881,2026-08-22T12:00Z,0,1,nan,4.0
COWUSDT,2026-08-22T12:00Z,PANEL_RIGHT,-5.215e-05,-5.2150000556139275e-05,5e-05,2026-08-22T12:00Z,0,1,nan,4.0
CTRUSDT,2026-08-22T12:00Z,PANEL_RIGHT,5e-05,4.999999873689376e-05,0.00020821,2026-08-22T12:00Z,0,1,nan,4.0
CYBERUSDT,2026-08-22T12:00Z,PANEL_RIGHT,5e-05,4.999999873689376e-05,2.675e-05,2026-08-22T12:00Z,0,1,nan,4.0
DATAIPUSDT,2026-08-22T12:00Z,PANEL_RIGHT,-0.00016227,-0.00016226999287027866,-0.00056876,2026-08-22T12:00Z,0,1,nan,4.0
HIVEUSDT,2026-08-22T12:00Z,PANEL_RIGHT,0.00012374,0.0001237399992533028,5e-05,2026-08-22T12:00Z,0,1,nan,4.0
ICXUSDT,2026-08-22T12:00Z,PANEL_RIGHT,0.00015737,0.00015736999921500683,5e-05,2026-08-22T12:00Z,0,1,nan,4.0
KNCUSDT,2026-08-22T12:00Z,PANEL_RIGHT,0.0001,9.999999747378752e-05,-0.00051301,2026-08-22T08:00Z,14400,1,nan,8.0
MAVIAUSDT,2026-08-22T12:00Z,PANEL_RIGHT,5e-05,4.999999873689376e-05,0.00055831,2026-08-22T12:00Z,0,1,nan,4.0
MTLUSDT,2026-08-22T12:00Z,PANEL_RIGHT,0.00018973,0.00018972999532707036,-2.079e-05,2026-08-22T08:00Z,14400,1,nan,8.0
NMRUSDT,2026-08-22T12:00Z,PANEL_RIGHT,5e-05,4.999999873689376e-05,-0.00021259,2026-08-22T12:00Z,0,1,nan,4.0
OGUSDT,2026-08-22T12:00Z,PANEL_RIGHT,5e-05,4.999999873689376e-05,3.615e-05,2026-08-22T12:00Z,0,1,nan,4.0
OUSDT,2026-08-22T12:00Z,PANEL_RIGHT,5e-05,4.999999873689376e-05,0.00012714,2026-08-22T12:00Z,0,1,nan,4.0
PUMPBTCUSDT,2026-08-22T12:00Z,PANEL_RIGHT,6.013e-05,6.013000165694393e-05,0.00029844,2026-08-22T12:00Z,0,1,nan,4.0
REUSDT,2026-08-22T12:00Z,PANEL_RIGHT,5e-05,4.999999873689376e-05,-7.359e-05,2026-08-22T12:00Z,0,1,nan,4.0
RPLUSDT,2026-08-22T12:00Z,PANEL_RIGHT,5e-05,4.999999873689376e-05,-4.192e-05,2026-08-22T12:00Z,0,1,nan,4.0
SONICUSDT,2026-08-22T12:00Z,PANEL_RIGHT,0.0006442,0.0006442000158131123,8.526e-05,2026-08-22T12:00Z,0,1,nan,4.0
STEEMUSDT,2026-08-22T12:00Z,PANEL_RIGHT,5e-05,4.999999873689376e-05,-0.00033742,2026-08-22T12:00Z,0,1,nan,4.0
SUNUSDT,2026-08-22T12:00Z,PANEL_RIGHT,-2.568e-05,-2.567999945313204e-05,5e-05,2026-08-22T12:00Z,0,1,nan,4.0
SUPERUSDT,2026-08-22T12:00Z,PANEL_RIGHT,5e-05,4.999999873689376e-05,2.397e-05,2026-08-22T12:00Z,0,1,nan,4.0
SXPUSDT,2026-08-22T12:00Z,PANEL_RIGHT,0.0001,9.999999747378752e-05,-0.01080766,2026-08-22T08:00Z,14400,1,nan,8.0
XVSUSDT,2026-08-22T12:00Z,PANEL_RIGHT,0.00022219,0.00022219000675249845,-0.00059901,2026-08-22T08:00Z,14400,1,nan,8.0
ZESTUSDT,2026-08-22T12:00Z,PANEL_RIGHT,5e-05,4.999999873689376e-05,0.00033801,2026-08-22T12:00Z,0,1,nan,4.0
ZRXUSDT,2026-08-22T12:00Z,PANEL_RIGHT,5e-05,4.999999873689376e-05,-0.00023526,2026-08-22T12:00Z,0,1,nan,4.0
1000000MOGUSDT,2026-08-22T16:00Z,PANEL_RIGHT,0.00021948,0.0002194800035795197,5e-05,2026-08-22T16:00Z,0,1,nan,4.0
ALLUSDT,2026-08-22T16:00Z,PANEL_RIGHT,-0.00038508,-0.0003850799985229969,-0.00043968,2026-08-22T16:00Z,0,1,nan,8.0
ANIMEUSDT,2026-08-22T16:00Z,PANEL_RIGHT,5e-05,4.999999873689376e-05,-2.539e-05,2026-08-22T16:00Z,0,1,nan,4.0
BDXNUSDT,2026-08-22T16:00Z,PANEL_RIGHT,5e-05,4.999999873689376e-05,0.0046011,2026-08-22T16:00Z,0,1,nan,4.0
BNTUSDT,2026-08-22T16:00Z,PANEL_RIGHT,0.0001,9.999999747378752e-05,-0.00013565,2026-08-22T16:00Z,0,1,nan,8.0
BTWUSDT,2026-08-22T16:00Z,PANEL_RIGHT,0.00035503,0.0003550300025381148,0.00079561,2026-08-22T16:00Z,0,1,nan,4.0
CAPUSDT,2026-08-22T16:00Z,PANEL_RIGHT,5e-05,4.999999873689376e-05,-0.00094881,2026-08-22T16:00Z,0,1,nan,4.0
COWUSDT,2026-08-22T16:00Z,PANEL_RIGHT,-2.12e-06,-2.1200000901444582e-06,5e-05,2026-08-22T16:00Z,0,1,nan,4.0
CTRUSDT,2026-08-22T16:00Z,PANEL_RIGHT,5e-05,4.999999873689376e-05,0.00020821,2026-08-22T16:00Z,0,1,nan,4.0
CYBERUSDT,2026-08-22T16:00Z,PANEL_RIGHT,5e-05,4.999999873689376e-05,2.675e-05,2026-08-22T16:00Z,0,1,nan,4.0
DATAIPUSDT,2026-08-22T16:00Z,PANEL_RIGHT,-2.582e-05,-2.581999979156535e-05,-0.00056876,2026-08-22T16:00Z,0,1,nan,4.0
GRVTUSDT,2026-08-22T16:00Z,PANEL_RIGHT,-0.00022131,-0.0002213099942309782,5e-05,2026-08-22T16:00Z,0,1,nan,4.0
KNCUSDT,2026-08-22T16:00Z,PANEL_RIGHT,0.0001,9.999999747378752e-05,-0.00051301,2026-08-22T16:00Z,0,1,nan,8.0
MAVIAUSDT,2026-08-22T16:00Z,PANEL_RIGHT,5e-05,4.999999873689376e-05,0.00055831,2026-08-22T16:00Z,0,1,nan,4.0
MTLUSDT,2026-08-22T16:00Z,PANEL_RIGHT,0.0001,9.999999747378752e-05,-2.079e-05,2026-08-22T16:00Z,0,1,nan,8.0
NMRUSDT,2026-08-22T16:00Z,PANEL_RIGHT,5e-05,4.999999873689376e-05,-0.00021259,2026-08-22T16:00Z,0,1,nan,4.0
OGUSDT,2026-08-22T16:00Z,PANEL_RIGHT,5e-05,4.999999873689376e-05,3.615e-05,2026-08-22T16:00Z,0,1,nan,4.0
OUSDT,2026-08-22T16:00Z,PANEL_RIGHT,5e-05,4.999999873689376e-05,0.00012714,2026-08-22T16:00Z,0,1,nan,4.0
PUMPBTCUSDT,2026-08-22T16:00Z,PANEL_RIGHT,5e-05,4.999999873689376e-05,0.00029844,2026-08-22T16:00Z,0,1,nan,4.0
REUSDT,2026-08-22T16:00Z,PANEL_RIGHT,5e-05,4.999999873689376e-05,-7.359e-05,2026-08-22T16:00Z,0,1,nan,4.0
RPLUSDT,2026-08-22T16:00Z,PANEL_RIGHT,5e-05,4.999999873689376e-05,-4.192e-05,2026-08-22T16:00Z,0,1,nan,4.0
SONICUSDT,2026-08-22T16:00Z,PANEL_RIGHT,5e-05,4.999999873689376e-05,8.526e-05,2026-08-22T16:00Z,0,1,nan,4.0
STEEMUSDT,2026-08-22T16:00Z,PANEL_RIGHT,-1.533e-05,-1.5330000678659417e-05,-0.00033742,2026-08-22T16:00Z,0,1,nan,4.0
SUPERUSDT,2026-08-22T16:00Z,PANEL_RIGHT,5e-05,4.999999873689376e-05,2.397e-05,2026-08-22T16:00Z,0,1,nan,4.0
SXPUSDT,2026-08-22T16:00Z,PANEL_RIGHT,0.0001,9.999999747378752e-05,-0.01080766,2026-08-22T16:00Z,0,1,nan,8.0
XVSUSDT,2026-08-22T16:00Z,PANEL_RIGHT,0.0001,9.999999747378752e-05,-0.00059901,2026-08-22T16:00Z,0,1,nan,8.0
ZESTUSDT,2026-08-22T16:00Z,PANEL_RIGHT,8.505e-05,8.505000005243346e-05,0.00033801,2026-08-22T16:00Z,0,1,nan,4.0
ZRXUSDT,2026-08-22T16:00Z,PANEL_RIGHT,5e-05,4.999999873689376e-05,-0.00023526,2026-08-22T16:00Z,0,1,nan,4.0
1000000MOGUSDT,2026-08-22T20:00Z,PANEL_RIGHT,0.00010766,0.00010766000195872039,5e-05,2026-08-22T20:00Z,0,1,nan,4.0
ALLUSDT,2026-08-22T20:00Z,PANEL_RIGHT,-0.00038508,-0.0003850799985229969,-0.00043968,2026-08-22T16:00Z,14400,1,nan,8.0
ALPINEUSDT,2026-08-22T20:00Z,PANEL_RIGHT,0.00018272,0.0001827200030675158,5e-05,2026-08-22T20:00Z,0,1,nan,4.0
ANIMEUSDT,2026-08-22T20:00Z,PANEL_RIGHT,5e-05,4.999999873689376e-05,-2.539e-05,2026-08-22T20:00Z,0,1,nan,4.0
ARXUSDT,2026-08-22T20:00Z,PANEL_RIGHT,8.394e-05,8.394000178668648e-05,5e-05,2026-08-22T20:00Z,0,1,nan,4.0
BDXNUSDT,2026-08-22T20:00Z,PANEL_RIGHT,5e-05,4.999999873689376e-05,0.0046011,2026-08-22T20:00Z,0,1,nan,4.0
BEAMXUSDT,2026-08-22T20:00Z,PANEL_RIGHT,0.00022958,0.00022957999317441136,5e-05,2026-08-22T20:00Z,0,1,nan,4.0
BNTUSDT,2026-08-22T20:00Z,PANEL_RIGHT,0.0001,9.999999747378752e-05,-0.00013565,2026-08-22T16:00Z,14400,1,nan,8.0
BTWUSDT,2026-08-22T20:00Z,PANEL_RIGHT,0.00044048,0.0004404800129123032,0.00079561,2026-08-22T20:00Z,0,1,nan,4.0
CAPUSDT,2026-08-22T20:00Z,PANEL_RIGHT,5e-05,4.999999873689376e-05,-0.00094881,2026-08-22T20:00Z,0,1,nan,4.0
CLANKERUSDT,2026-08-22T20:00Z,PANEL_RIGHT,0.00014105,0.00014104999718256295,5e-05,2026-08-22T20:00Z,0,1,nan,4.0
COWUSDT,2026-08-22T20:00Z,PANEL_RIGHT,-0.00072858,-0.0007285799947567284,5e-05,2026-08-22T20:00Z,0,1,nan,4.0
CTRUSDT,2026-08-22T20:00Z,PANEL_RIGHT,0.00024914,0.00024913999368436635,0.00020821,2026-08-22T20:00Z,0,1,nan,4.0
CYBERUSDT,2026-08-22T20:00Z,PANEL_RIGHT,5e-05,4.999999873689376e-05,2.675e-05,2026-08-22T20:00Z,0,1,nan,4.0
DATAIPUSDT,2026-08-22T20:00Z,PANEL_RIGHT,-0.00035746,-0.0003574599977582693,-0.00056876,2026-08-22T20:00Z,0,1,nan,4.0
KNCUSDT,2026-08-22T20:00Z,PANEL_RIGHT,0.0001,9.999999747378752e-05,-0.00051301,2026-08-22T16:00Z,14400,1,nan,8.0
MAVIAUSDT,2026-08-22T20:00Z,PANEL_RIGHT,5e-05,4.999999873689376e-05,0.00055831,2026-08-22T20:00Z,0,1,nan,4.0
MTLUSDT,2026-08-22T20:00Z,PANEL_RIGHT,0.0001,9.999999747378752e-05,-2.079e-05,2026-08-22T16:00Z,14400,1,nan,8.0
NMRUSDT,2026-08-22T20:00Z,PANEL_RIGHT,5e-05,4.999999873689376e-05,-0.00021259,2026-08-22T20:00Z,0,1,nan,4.0
OGUSDT,2026-08-22T20:00Z,PANEL_RIGHT,5e-05,4.999999873689376e-05,3.615e-05,2026-08-22T20:00Z,0,1,nan,4.0
OUSDT,2026-08-22T20:00Z,PANEL_RIGHT,3.577e-05,3.577000097720884e-05,0.00012714,2026-08-22T20:00Z,0,1,nan,4.0
PUMPBTCUSDT,2026-08-22T20:00Z,PANEL_RIGHT,5e-05,4.999999873689376e-05,0.00029844,2026-08-22T20:00Z,0,1,nan,4.0
REUSDT,2026-08-22T20:00Z,PANEL_RIGHT,5e-05,4.999999873689376e-05,-7.359e-05,2026-08-22T20:00Z,0,1,nan,4.0
RPLUSDT,2026-08-22T20:00Z,PANEL_RIGHT,5e-05,4.999999873689376e-05,-4.192e-05,2026-08-22T20:00Z,0,1,nan,4.0
SANTOSUSDT,2026-08-22T20:00Z,PANEL_RIGHT,7.611e-05,7.611000182805583e-05,5e-05,2026-08-22T20:00Z,0,1,nan,4.0
SONICUSDT,2026-08-22T20:00Z,PANEL_RIGHT,8.208e-05,8.207999781006947e-05,8.526e-05,2026-08-22T20:00Z,0,1,nan,4.0
SPORTFUNUSDT,2026-08-22T20:00Z,PANEL_RIGHT,0.00024143,0.00024142999609466642,5e-05,2026-08-22T20:00Z,0,1,nan,4.0
STEEMUSDT,2026-08-22T20:00Z,PANEL_RIGHT,5e-05,4.999999873689376e-05,-0.00033742,2026-08-22T20:00Z,0,1,nan,4.0
SUNUSDT,2026-08-22T20:00Z,PANEL_RIGHT,4.372e-05,4.371999966679141e-05,5e-05,2026-08-22T20:00Z,0,1,nan,4.0
SUPERUSDT,2026-08-22T20:00Z,PANEL_RIGHT,5e-05,4.999999873689376e-05,2.397e-05,2026-08-22T20:00Z,0,1,nan,4.0
SXPUSDT,2026-08-22T20:00Z,PANEL_RIGHT,0.0001,9.999999747378752e-05,-0.01080766,2026-08-22T16:00Z,14400,1,nan,8.0
XVSUSDT,2026-08-22T20:00Z,PANEL_RIGHT,0.0001,9.999999747378752e-05,-0.00059901,2026-08-22T16:00Z,14400,1,nan,8.0
ZESTUSDT,2026-08-22T20:00Z,PANEL_RIGHT,5.718e-05,5.718000102206133e-05,0.00033801,2026-08-22T20:00Z,0,1,nan,4.0
ZRXUSDT,2026-08-22T20:00Z,PANEL_RIGHT,5e-05,4.999999873689376e-05,-0.00023526,2026-08-22T20:00Z,0,1,nan,4.0
ALLUSDT,2026-08-23T00:00Z,PANEL_RIGHT,-0.00023351,-0.00023350999981630594,-0.00043968,2026-08-23T00:00Z,0,1,nan,8.0
ANIMEUSDT,2026-08-23T00:00Z,PANEL_RIGHT,5e-05,4.999999873689376e-05,-2.539e-05,2026-08-23T00:00Z,0,1,nan,4.0
ARXUSDT,2026-08-23T00:00Z,PANEL_RIGHT,0.00015329,0.00015329000598285347,5e-05,2026-08-23T00:00Z,0,1,nan,4.0
BDXNUSDT,2026-08-23T00:00Z,PANEL_RIGHT,5e-05,4.999999873689376e-05,0.0046011,2026-08-23T00:00Z,0,1,nan,4.0
BNTUSDT,2026-08-23T00:00Z,PANEL_RIGHT,0.0001,9.999999747378752e-05,-0.00013565,2026-08-23T00:00Z,0,1,nan,8.0
BTWUSDT,2026-08-23T00:00Z,PANEL_RIGHT,0.00034494,0.0003449399955570698,0.00079561,2026-08-23T00:00Z,0,1,nan,4.0
CAPUSDT,2026-08-23T00:00Z,PANEL_RIGHT,5e-05,4.999999873689376e-05,-0.00094881,2026-08-23T00:00Z,0,1,nan,4.0
CLANKERUSDT,2026-08-23T00:00Z,PANEL_RIGHT,0.00025117,0.0002511699858587235,5e-05,2026-08-23T00:00Z,0,1,nan,4.0
CTRUSDT,2026-08-23T00:00Z,PANEL_RIGHT,0.00012925,0.00012924999464303255,0.00020821,2026-08-23T00:00Z,0,1,nan,4.0
CYBERUSDT,2026-08-23T00:00Z,PANEL_RIGHT,5e-05,4.999999873689376e-05,2.675e-05,2026-08-23T00:00Z,0,1,nan,4.0
DATAIPUSDT,2026-08-23T00:00Z,PANEL_RIGHT,-1.832e-05,-1.832000089052599e-05,-0.00056876,2026-08-23T00:00Z,0,1,nan,4.0
KNCUSDT,2026-08-23T00:00Z,PANEL_RIGHT,0.0001,9.999999747378752e-05,-0.00051301,2026-08-23T00:00Z,0,1,nan,8.0
MAVIAUSDT,2026-08-23T00:00Z,PANEL_RIGHT,5e-05,4.999999873689376e-05,0.00055831,2026-08-23T00:00Z,0,1,nan,4.0
MTLUSDT,2026-08-23T00:00Z,PANEL_RIGHT,0.00038248,0.0003824800078291446,-2.079e-05,2026-08-23T00:00Z,0,1,nan,8.0
NMRUSDT,2026-08-23T00:00Z,PANEL_RIGHT,5e-05,4.999999873689376e-05,-0.00021259,2026-08-23T00:00Z,0,1,nan,4.0
OGUSDT,2026-08-23T00:00Z,PANEL_RIGHT,5e-05,4.999999873689376e-05,3.615e-05,2026-08-23T00:00Z,0,1,nan,4.0
OUSDT,2026-08-23T00:00Z,PANEL_RIGHT,5e-05,4.999999873689376e-05,0.00012714,2026-08-23T00:00Z,0,1,nan,4.0
PUMPBTCUSDT,2026-08-23T00:00Z,PANEL_RIGHT,0.0002738,0.00027379998937249184,0.00029844,2026-08-23T00:00Z,0,1,nan,4.0
REUSDT,2026-08-23T00:00Z,PANEL_RIGHT,-4.581e-05,-4.581000030157156e-05,-7.359e-05,2026-08-23T00:00Z,0,1,nan,4.0
RPLUSDT,2026-08-23T00:00Z,PANEL_RIGHT,5e-05,4.999999873689376e-05,-4.192e-05,2026-08-23T00:00Z,0,1,nan,4.0
SONICUSDT,2026-08-23T00:00Z,PANEL_RIGHT,5e-05,4.999999873689376e-05,8.526e-05,2026-08-23T00:00Z,0,1,nan,4.0
SPORTFUNUSDT,2026-08-23T00:00Z,PANEL_RIGHT,0.000137,0.00013699999544769526,5e-05,2026-08-23T00:00Z,0,1,nan,4.0
STEEMUSDT,2026-08-23T00:00Z,PANEL_RIGHT,3.36e-05,3.360000118846074e-05,-0.00033742,2026-08-23T00:00Z,0,1,nan,4.0
SUNUSDT,2026-08-23T00:00Z,PANEL_RIGHT,3.902e-05,3.902000025846064e-05,5e-05,2026-08-23T00:00Z,0,1,nan,4.0
SUPERUSDT,2026-08-23T00:00Z,PANEL_RIGHT,5e-05,4.999999873689376e-05,2.397e-05,2026-08-23T00:00Z,0,1,nan,4.0
SXPUSDT,2026-08-23T00:00Z,PANEL_RIGHT,0.0001,9.999999747378752e-05,-0.01080766,2026-08-23T00:00Z,0,1,nan,8.0
XVSUSDT,2026-08-23T00:00Z,PANEL_RIGHT,0.0001,9.999999747378752e-05,-0.00059901,2026-08-23T00:00Z,0,1,nan,8.0
ZESTUSDT,2026-08-23T00:00Z,PANEL_RIGHT,0.00023043,0.00023042999964673072,0.00033801,2026-08-23T00:00Z,0,1,nan,4.0
ZRXUSDT,2026-08-23T00:00Z,PANEL_RIGHT,5e-05,4.999999873689376e-05,-0.00023526,2026-08-23T00:00Z,0,1,nan,4.0
ALLUSDT,2026-08-23T04:00Z,PANEL_RIGHT,-0.00023351,-0.00023350999981630594,-0.00043968,2026-08-23T00:00Z,14400,1,nan,8.0
ANIMEUSDT,2026-08-23T04:00Z,PANEL_RIGHT,5e-05,4.999999873689376e-05,-2.539e-05,2026-08-23T04:00Z,0,1,nan,4.0
ARKUSDT,2026-08-23T04:00Z,PANEL_RIGHT,2.582e-05,2.581999979156535e-05,5e-05,2026-08-23T04:00Z,0,1,nan,4.0
ARXUSDT,2026-08-23T04:00Z,PANEL_RIGHT,0.00014223,0.000142229997436516,5e-05,2026-08-23T04:00Z,0,1,nan,4.0
BDXNUSDT,2026-08-23T04:00Z,PANEL_RIGHT,5e-05,4.999999873689376e-05,0.0046011,2026-08-23T04:00Z,0,1,nan,4.0
BNTUSDT,2026-08-23T04:00Z,PANEL_RIGHT,0.0001,9.999999747378752e-05,-0.00013565,2026-08-23T00:00Z,14400,1,nan,8.0
BTWUSDT,2026-08-23T04:00Z,PANEL_RIGHT,0.00035494,0.00035494001349434257,0.00079561,2026-08-23T04:00Z,0,1,nan,4.0
CAPUSDT,2026-08-23T04:00Z,PANEL_RIGHT,5e-05,4.999999873689376e-05,-0.00094881,2026-08-23T04:00Z,0,1,nan,4.0
CTRUSDT,2026-08-23T04:00Z,PANEL_RIGHT,5e-05,4.999999873689376e-05,0.00020821,2026-08-23T04:00Z,0,1,nan,4.0
CYBERUSDT,2026-08-23T04:00Z,PANEL_RIGHT,5e-05,4.999999873689376e-05,2.675e-05,2026-08-23T04:00Z,0,1,nan,4.0
DATAIPUSDT,2026-08-23T04:00Z,PANEL_RIGHT,-0.00023049,-0.00023048999719321728,-0.00056876,2026-08-23T04:00Z,0,1,nan,4.0
FRAXUSDT,2026-08-23T04:00Z,PANEL_RIGHT,-0.00010662,-0.00010661999840522185,5e-05,2026-08-23T04:00Z,0,1,nan,4.0
GRVTUSDT,2026-08-23T04:00Z,PANEL_RIGHT,-3.581e-05,-3.581000055419281e-05,5e-05,2026-08-23T04:00Z,0,1,nan,4.0
KNCUSDT,2026-08-23T04:00Z,PANEL_RIGHT,0.0001,9.999999747378752e-05,-0.00051301,2026-08-23T00:00Z,14400,1,nan,8.0
MAVIAUSDT,2026-08-23T04:00Z,PANEL_RIGHT,5e-05,4.999999873689376e-05,0.00055831,2026-08-23T04:00Z,0,1,nan,4.0
MTLUSDT,2026-08-23T04:00Z,PANEL_RIGHT,0.00038248,0.0003824800078291446,-2.079e-05,2026-08-23T00:00Z,14400,1,nan,8.0
NMRUSDT,2026-08-23T04:00Z,PANEL_RIGHT,5e-05,4.999999873689376e-05,-0.00021259,2026-08-23T04:00Z,0,1,nan,4.0
OGUSDT,2026-08-23T04:00Z,PANEL_RIGHT,5e-05,4.999999873689376e-05,3.615e-05,2026-08-23T04:00Z,0,1,nan,4.0
OUSDT,2026-08-23T04:00Z,PANEL_RIGHT,5e-05,4.999999873689376e-05,0.00012714,2026-08-23T04:00Z,0,1,nan,4.0
PUMPBTCUSDT,2026-08-23T04:00Z,PANEL_RIGHT,5e-05,4.999999873689376e-05,0.00029844,2026-08-23T04:00Z,0,1,nan,4.0
REUSDT,2026-08-23T04:00Z,PANEL_RIGHT,1.7e-07,1.700000069604357e-07,-7.359e-05,2026-08-23T04:00Z,0,1,nan,4.0
RPLUSDT,2026-08-23T04:00Z,PANEL_RIGHT,5e-05,4.999999873689376e-05,-4.192e-05,2026-08-23T04:00Z,0,1,nan,4.0
SONICUSDT,2026-08-23T04:00Z,PANEL_RIGHT,5e-05,4.999999873689376e-05,8.526e-05,2026-08-23T04:00Z,0,1,nan,4.0
STEEMUSDT,2026-08-23T04:00Z,PANEL_RIGHT,5e-05,4.999999873689376e-05,-0.00033742,2026-08-23T04:00Z,0,1,nan,4.0
SUNUSDT,2026-08-23T04:00Z,PANEL_RIGHT,-0.00046961,-0.0004696100077126175,5e-05,2026-08-23T04:00Z,0,1,nan,4.0
SUPERUSDT,2026-08-23T04:00Z,PANEL_RIGHT,5e-05,4.999999873689376e-05,2.397e-05,2026-08-23T04:00Z,0,1,nan,4.0
SXPUSDT,2026-08-23T04:00Z,PANEL_RIGHT,0.0001,9.999999747378752e-05,-0.01080766,2026-08-23T00:00Z,14400,1,nan,8.0
XVSUSDT,2026-08-23T04:00Z,PANEL_RIGHT,0.0001,9.999999747378752e-05,-0.00059901,2026-08-23T00:00Z,14400,1,nan,8.0
ZESTUSDT,2026-08-23T04:00Z,PANEL_RIGHT,5e-05,4.999999873689376e-05,0.00033801,2026-08-23T04:00Z,0,1,nan,4.0
ZRXUSDT,2026-08-23T04:00Z,PANEL_RIGHT,5e-05,4.999999873689376e-05,-0.00023526,2026-08-23T04:00Z,0,1,nan,4.0
ALLUSDT,2026-08-23T08:00Z,PANEL_RIGHT,0.0001,9.999999747378752e-05,-0.00043968,2026-08-23T08:00Z,0,1,nan,8.0
ANIMEUSDT,2026-08-23T08:00Z,PANEL_RIGHT,5e-05,4.999999873689376e-05,-2.539e-05,2026-08-23T08:00Z,0,1,nan,4.0
BDXNUSDT,2026-08-23T08:00Z,PANEL_RIGHT,5e-05,4.999999873689376e-05,0.0046011,2026-08-23T08:00Z,0,1,nan,4.0
BNTUSDT,2026-08-23T08:00Z,PANEL_RIGHT,0.0001,9.999999747378752e-05,-0.00013565,2026-08-23T08:00Z,0,1,nan,8.0
BTWUSDT,2026-08-23T08:00Z,PANEL_RIGHT,0.00029907,0.00029907000134699047,0.00079561,2026-08-23T08:00Z,0,1,nan,4.0
CAPUSDT,2026-08-23T08:00Z,PANEL_RIGHT,5e-05,4.999999873689376e-05,-0.00094881,2026-08-23T08:00Z,0,1,nan,4.0
CLANKERUSDT,2026-08-23T08:00Z,PANEL_RIGHT,0.00038771,0.0003877099952660501,5e-05,2026-08-23T08:00Z,0,1,nan,4.0
CTRUSDT,2026-08-23T08:00Z,PANEL_RIGHT,0.00026931,0.00026930999592877924,0.00020821,2026-08-23T08:00Z,0,1,nan,4.0
CYBERUSDT,2026-08-23T08:00Z,PANEL_RIGHT,5e-05,4.999999873689376e-05,2.675e-05,2026-08-23T08:00Z,0,1,nan,4.0
DATAIPUSDT,2026-08-23T08:00Z,PANEL_RIGHT,5e-05,4.999999873689376e-05,-0.00056876,2026-08-23T08:00Z,0,1,nan,4.0
FRAXUSDT,2026-08-23T08:00Z,PANEL_RIGHT,-8.481e-05,-8.481000259052962e-05,5e-05,2026-08-23T08:00Z,0,1,nan,4.0
GRVTUSDT,2026-08-23T08:00Z,PANEL_RIGHT,-0.0003514,-0.0003513999981805682,5e-05,2026-08-23T08:00Z,0,1,nan,4.0
ICXUSDT,2026-08-23T08:00Z,PANEL_RIGHT,8.771e-05,8.771000284468755e-05,5e-05,2026-08-23T08:00Z,0,1,nan,4.0
KNCUSDT,2026-08-23T08:00Z,PANEL_RIGHT,0.0001,9.999999747378752e-05,-0.00051301,2026-08-23T08:00Z,0,1,nan,8.0
MAVIAUSDT,2026-08-23T08:00Z,PANEL_RIGHT,5e-05,4.999999873689376e-05,0.00055831,2026-08-23T08:00Z,0,1,nan,4.0
MTLUSDT,2026-08-23T08:00Z,PANEL_RIGHT,0.0001,9.999999747378752e-05,-2.079e-05,2026-08-23T08:00Z,0,1,nan,8.0
NMRUSDT,2026-08-23T08:00Z,PANEL_RIGHT,5e-05,4.999999873689376e-05,-0.00021259,2026-08-23T08:00Z,0,1,nan,4.0
OGUSDT,2026-08-23T08:00Z,PANEL_RIGHT,5e-05,4.999999873689376e-05,3.615e-05,2026-08-23T08:00Z,0,1,nan,4.0
OUSDT,2026-08-23T08:00Z,PANEL_RIGHT,5e-05,4.999999873689376e-05,0.00012714,2026-08-23T08:00Z,0,1,nan,4.0
PUMPBTCUSDT,2026-08-23T08:00Z,PANEL_RIGHT,0.00096438,0.0009643799858167768,0.00029844,2026-08-23T08:00Z,0,1,nan,4.0
REUSDT,2026-08-23T08:00Z,PANEL_RIGHT,5e-05,4.999999873689376e-05,-7.359e-05,2026-08-23T08:00Z,0,1,nan,4.0
RPLUSDT,2026-08-23T08:00Z,PANEL_RIGHT,5e-05,4.999999873689376e-05,-4.192e-05,2026-08-23T08:00Z,0,1,nan,4.0
SONICUSDT,2026-08-23T08:00Z,PANEL_RIGHT,5e-05,4.999999873689376e-05,8.526e-05,2026-08-23T08:00Z,0,1,nan,4.0
SPORTFUNUSDT,2026-08-23T08:00Z,PANEL_RIGHT,0.00020779,0.00020778999896720052,5e-05,2026-08-23T08:00Z,0,1,nan,4.0
STEEMUSDT,2026-08-23T08:00Z,PANEL_RIGHT,5e-05,4.999999873689376e-05,-0.00033742,2026-08-23T08:00Z,0,1,nan,4.0
SUNUSDT,2026-08-23T08:00Z,PANEL_RIGHT,-0.0004013,-0.00040129999979399145,5e-05,2026-08-23T08:00Z,0,1,nan,4.0
SUPERUSDT,2026-08-23T08:00Z,PANEL_RIGHT,5e-05,4.999999873689376e-05,2.397e-05,2026-08-23T08:00Z,0,1,nan,4.0
SXPUSDT,2026-08-23T08:00Z,PANEL_RIGHT,0.0001,9.999999747378752e-05,-0.01080766,2026-08-23T08:00Z,0,1,nan,8.0
XVSUSDT,2026-08-23T08:00Z,PANEL_RIGHT,0.0001,9.999999747378752e-05,-0.00059901,2026-08-23T08:00Z,0,1,nan,8.0
ZESTUSDT,2026-08-23T08:00Z,PANEL_RIGHT,5e-05,4.999999873689376e-05,0.00033801,2026-08-23T08:00Z,0,1,nan,4.0
ZRXUSDT,2026-08-23T08:00Z,PANEL_RIGHT,5e-05,4.999999873689376e-05,-0.00023526,2026-08-23T08:00Z,0,1,nan,4.0
ALLUSDT,2026-08-23T12:00Z,PANEL_RIGHT,0.0001,9.999999747378752e-05,-0.00043968,2026-08-23T08:00Z,14400,1,nan,8.0
ALPINEUSDT,2026-08-23T12:00Z,PANEL_RIGHT,9.111e-05,9.110999963013455e-05,5e-05,2026-08-23T12:00Z,0,1,nan,4.0
ANIMEUSDT,2026-08-23T12:00Z,PANEL_RIGHT,5e-05,4.999999873689376e-05,-2.539e-05,2026-08-23T12:00Z,0,1,nan,4.0
BDXNUSDT,2026-08-23T12:00Z,PANEL_RIGHT,5e-05,4.999999873689376e-05,0.0046011,2026-08-23T12:00Z,0,1,nan,4.0
BNTUSDT,2026-08-23T12:00Z,PANEL_RIGHT,0.0001,9.999999747378752e-05,-0.00013565,2026-08-23T08:00Z,14400,1,nan,8.0
BTWUSDT,2026-08-23T12:00Z,PANEL_RIGHT,0.00019502,0.00019501999486237764,0.00079561,2026-08-23T12:00Z,0,1,nan,4.0
CAPUSDT,2026-08-23T12:00Z,PANEL_RIGHT,5e-05,4.999999873689376e-05,-0.00094881,2026-08-23T12:00Z,0,1,nan,4.0
CLANKERUSDT,2026-08-23T12:00Z,PANEL_RIGHT,0.00059631,0.0005963100120425224,5e-05,2026-08-23T12:00Z,0,1,nan,4.0
CTRUSDT,2026-08-23T12:00Z,PANEL_RIGHT,5e-05,4.999999873689376e-05,0.00020821,2026-08-23T12:00Z,0,1,nan,4.0
CYBERUSDT,2026-08-23T12:00Z,PANEL_RIGHT,5e-05,4.999999873689376e-05,2.675e-05,2026-08-23T12:00Z,0,1,nan,4.0
DATAIPUSDT,2026-08-23T12:00Z,PANEL_RIGHT,5e-05,4.999999873689376e-05,-0.00056876,2026-08-23T12:00Z,0,1,nan,4.0
ETHWUSDT,2026-08-23T12:00Z,PANEL_RIGHT,7.769e-05,7.76899978518486e-05,5e-05,2026-08-23T12:00Z,0,1,nan,4.0
GRVTUSDT,2026-08-23T12:00Z,PANEL_RIGHT,-0.00044613,-0.00044612999772652984,5e-05,2026-08-23T12:00Z,0,1,nan,4.0
KNCUSDT,2026-08-23T12:00Z,PANEL_RIGHT,0.0001,9.999999747378752e-05,-0.00051301,2026-08-23T08:00Z,14400,1,nan,8.0
MASKUSDT,2026-08-23T12:00Z,PANEL_RIGHT,6.703e-05,6.702999962726608e-05,5e-05,2026-08-23T12:00Z,0,1,nan,4.0
MAVIAUSDT,2026-08-23T12:00Z,PANEL_RIGHT,5e-05,4.999999873689376e-05,0.00055831,2026-08-23T12:00Z,0,1,nan,4.0
MTLUSDT,2026-08-23T12:00Z,PANEL_RIGHT,0.0001,9.999999747378752e-05,-2.079e-05,2026-08-23T08:00Z,14400,1,nan,8.0
NMRUSDT,2026-08-23T12:00Z,PANEL_RIGHT,5e-05,4.999999873689376e-05,-0.00021259,2026-08-23T12:00Z,0,1,nan,4.0
OGUSDT,2026-08-23T12:00Z,PANEL_RIGHT,5e-05,4.999999873689376e-05,3.615e-05,2026-08-23T12:00Z,0,1,nan,4.0
OUSDT,2026-08-23T12:00Z,PANEL_RIGHT,5e-05,4.999999873689376e-05,0.00012714,2026-08-23T12:00Z,0,1,nan,4.0
PUMPBTCUSDT,2026-08-23T12:00Z,PANEL_RIGHT,5e-05,4.999999873689376e-05,0.00029844,2026-08-23T12:00Z,0,1,nan,4.0
REUSDT,2026-08-23T12:00Z,PANEL_RIGHT,5e-05,4.999999873689376e-05,-7.359e-05,2026-08-23T12:00Z,0,1,nan,4.0
RPLUSDT,2026-08-23T12:00Z,PANEL_RIGHT,5e-05,4.999999873689376e-05,-4.192e-05,2026-08-23T12:00Z,0,1,nan,4.0
SONICUSDT,2026-08-23T12:00Z,PANEL_RIGHT,0.00028939,0.0002893900091294199,8.526e-05,2026-08-23T12:00Z,0,1,nan,4.0
STEEMUSDT,2026-08-23T12:00Z,PANEL_RIGHT,5e-05,4.999999873689376e-05,-0.00033742,2026-08-23T12:00Z,0,1,nan,4.0
SUNUSDT,2026-08-23T12:00Z,PANEL_RIGHT,-6.253e-05,-6.253000174183398e-05,5e-05,2026-08-23T12:00Z,0,1,nan,4.0
SUPERUSDT,2026-08-23T12:00Z,PANEL_RIGHT,5e-05,4.999999873689376e-05,2.397e-05,2026-08-23T12:00Z,0,1,nan,4.0
SXPUSDT,2026-08-23T12:00Z,PANEL_RIGHT,0.0001,9.999999747378752e-05,-0.01080766,2026-08-23T08:00Z,14400,1,nan,8.0
XVSUSDT,2026-08-23T12:00Z,PANEL_RIGHT,0.0001,9.999999747378752e-05,-0.00059901,2026-08-23T08:00Z,14400,1,nan,8.0
ZESTUSDT,2026-08-23T12:00Z,PANEL_RIGHT,5e-05,4.999999873689376e-05,0.00033801,2026-08-23T12:00Z,0,1,nan,4.0
ZRXUSDT,2026-08-23T12:00Z,PANEL_RIGHT,5e-05,4.999999873689376e-05,-0.00023526,2026-08-23T12:00Z,0,1,nan,4.0
ALLUSDT,2026-08-23T16:00Z,PANEL_RIGHT,-0.0003395,-0.0003394999948795885,-0.00043968,2026-08-23T16:00Z,0,1,nan,8.0
ALPINEUSDT,2026-08-23T16:00Z,PANEL_RIGHT,0.00016708,0.00016707999748177826,5e-05,2026-08-23T16:00Z,0,1,nan,4.0
ANIMEUSDT,2026-08-23T16:00Z,PANEL_RIGHT,5e-05,4.999999873689376e-05,-2.539e-05,2026-08-23T16:00Z,0,1,nan,4.0
BDXNUSDT,2026-08-23T16:00Z,PANEL_RIGHT,5e-05,4.999999873689376e-05,0.0046011,2026-08-23T16:00Z,0,1,nan,4.0
BNTUSDT,2026-08-23T16:00Z,PANEL_RIGHT,0.00015353,0.0001535299961687997,-0.00013565,2026-08-23T16:00Z,0,1,nan,8.0
BTWUSDT,2026-08-23T16:00Z,PANEL_RIGHT,0.00022546,0.00022545999672729522,0.00079561,2026-08-23T16:00Z,0,1,nan,4.0
CAPUSDT,2026-08-23T16:00Z,PANEL_RIGHT,2.944e-05,2.9439999707392417e-05,-0.00094881,2026-08-23T16:00Z,0,1,nan,4.0
CLANKERUSDT,2026-08-23T16:00Z,PANEL_RIGHT,0.00011237,0.00011236999853281304,5e-05,2026-08-23T16:00Z,0,1,nan,4.0
CTRUSDT,2026-08-23T16:00Z,PANEL_RIGHT,0.00012188,0.00012188000255264342,0.00020821,2026-08-23T16:00Z,0,1,nan,4.0
CYBERUSDT,2026-08-23T16:00Z,PANEL_RIGHT,5e-05,4.999999873689376e-05,2.675e-05,2026-08-23T16:00Z,0,1,nan,4.0
DATAIPUSDT,2026-08-23T16:00Z,PANEL_RIGHT,5e-05,4.999999873689376e-05,-0.00056876,2026-08-23T16:00Z,0,1,nan,4.0
FRAXUSDT,2026-08-23T16:00Z,PANEL_RIGHT,0.00016769,0.00016768999921623617,5e-05,2026-08-23T16:00Z,0,1,nan,4.0
GRVTUSDT,2026-08-23T16:00Z,PANEL_RIGHT,-0.00065176,-0.0006517600268125534,5e-05,2026-08-23T16:00Z,0,1,nan,4.0
KNCUSDT,2026-08-23T16:00Z,PANEL_RIGHT,0.0001,9.999999747378752e-05,-0.00051301,2026-08-23T16:00Z,0,1,nan,8.0
MAVIAUSDT,2026-08-23T16:00Z,PANEL_RIGHT,5e-05,4.999999873689376e-05,0.00055831,2026-08-23T16:00Z,0,1,nan,4.0
MTLUSDT,2026-08-23T16:00Z,PANEL_RIGHT,0.0001,9.999999747378752e-05,-2.079e-05,2026-08-23T16:00Z,0,1,nan,8.0
NMRUSDT,2026-08-23T16:00Z,PANEL_RIGHT,5e-05,4.999999873689376e-05,-0.00021259,2026-08-23T16:00Z,0,1,nan,4.0
OGUSDT,2026-08-23T16:00Z,PANEL_RIGHT,5e-05,4.999999873689376e-05,3.615e-05,2026-08-23T16:00Z,0,1,nan,4.0
OUSDT,2026-08-23T16:00Z,PANEL_RIGHT,5e-05,4.999999873689376e-05,0.00012714,2026-08-23T16:00Z,0,1,nan,4.0
PUMPBTCUSDT,2026-08-23T16:00Z,PANEL_RIGHT,0.00024994,0.00024993999977596104,0.00029844,2026-08-23T16:00Z,0,1,nan,4.0
REUSDT,2026-08-23T16:00Z,PANEL_RIGHT,5e-05,4.999999873689376e-05,-7.359e-05,2026-08-23T16:00Z,0,1,nan,4.0
RPLUSDT,2026-08-23T16:00Z,PANEL_RIGHT,5e-05,4.999999873689376e-05,-4.192e-05,2026-08-23T16:00Z,0,1,nan,4.0
SONICUSDT,2026-08-23T16:00Z,PANEL_RIGHT,0.00036681,0.0003668100107461214,8.526e-05,2026-08-23T16:00Z,0,1,nan,4.0
SPORTFUNUSDT,2026-08-23T16:00Z,PANEL_RIGHT,7.976e-05,7.976000051712617e-05,5e-05,2026-08-23T16:00Z,0,1,nan,4.0
STEEMUSDT,2026-08-23T16:00Z,PANEL_RIGHT,5e-05,4.999999873689376e-05,-0.00033742,2026-08-23T16:00Z,0,1,nan,4.0
SUNUSDT,2026-08-23T16:00Z,PANEL_RIGHT,-4.802e-05,-4.801999966730364e-05,5e-05,2026-08-23T16:00Z,0,1,nan,4.0
SUPERUSDT,2026-08-23T16:00Z,PANEL_RIGHT,5e-05,4.999999873689376e-05,2.397e-05,2026-08-23T16:00Z,0,1,nan,4.0
SXPUSDT,2026-08-23T16:00Z,PANEL_RIGHT,0.0001,9.999999747378752e-05,-0.01080766,2026-08-23T16:00Z,0,1,nan,8.0
XVSUSDT,2026-08-23T16:00Z,PANEL_RIGHT,0.0001,9.999999747378752e-05,-0.00059901,2026-08-23T16:00Z,0,1,nan,8.0
ZESTUSDT,2026-08-23T16:00Z,PANEL_RIGHT,9.429e-05,9.42900005611591e-05,0.00033801,2026-08-23T16:00Z,0,1,nan,4.0
ZRXUSDT,2026-08-23T16:00Z,PANEL_RIGHT,5e-05,4.999999873689376e-05,-0.00023526,2026-08-23T16:00Z,0,1,nan,4.0
ALLUSDT,2026-08-23T20:00Z,PANEL_RIGHT,-0.0003395,-0.0003394999948795885,-0.00043968,2026-08-23T16:00Z,14400,1,nan,8.0
ANIMEUSDT,2026-08-23T20:00Z,PANEL_RIGHT,5e-05,4.999999873689376e-05,-2.539e-05,2026-08-23T20:00Z,0,1,nan,4.0
BDXNUSDT,2026-08-23T20:00Z,PANEL_RIGHT,5e-05,4.999999873689376e-05,0.0046011,2026-08-23T20:00Z,0,1,nan,4.0
BNTUSDT,2026-08-23T20:00Z,PANEL_RIGHT,0.00015353,0.0001535299961687997,-0.00013565,2026-08-23T16:00Z,14400,1,nan,8.0
BTWUSDT,2026-08-23T20:00Z,PANEL_RIGHT,0.00026736,0.00026736001018434763,0.00079561,2026-08-23T20:00Z,0,1,nan,4.0
CAPUSDT,2026-08-23T20:00Z,PANEL_RIGHT,5e-05,4.999999873689376e-05,-0.00094881,2026-08-23T20:00Z,0,1,nan,4.0
CLANKERUSDT,2026-08-23T20:00Z,PANEL_RIGHT,0.00011019,0.00011018999794032425,5e-05,2026-08-23T20:00Z,0,1,nan,4.0
CTRUSDT,2026-08-23T20:00Z,PANEL_RIGHT,5e-05,4.999999873689376e-05,0.00020821,2026-08-23T20:00Z,0,1,nan,4.0
CYBERUSDT,2026-08-23T20:00Z,PANEL_RIGHT,5e-05,4.999999873689376e-05,2.675e-05,2026-08-23T20:00Z,0,1,nan,4.0
DATAIPUSDT,2026-08-23T20:00Z,PANEL_RIGHT,5e-05,4.999999873689376e-05,-0.00056876,2026-08-23T20:00Z,0,1,nan,4.0
GRVTUSDT,2026-08-23T20:00Z,PANEL_RIGHT,-0.00069167,-0.0006916699931025505,5e-05,2026-08-23T20:00Z,0,1,nan,4.0
ICXUSDT,2026-08-23T20:00Z,PANEL_RIGHT,0.00033861,0.00033860999974422157,5e-05,2026-08-23T20:00Z,0,1,nan,4.0
KNCUSDT,2026-08-23T20:00Z,PANEL_RIGHT,0.0001,9.999999747378752e-05,-0.00051301,2026-08-23T16:00Z,14400,1,nan,8.0
MAVIAUSDT,2026-08-23T20:00Z,PANEL_RIGHT,5e-05,4.999999873689376e-05,0.00055831,2026-08-23T20:00Z,0,1,nan,4.0
MTLUSDT,2026-08-23T20:00Z,PANEL_RIGHT,0.0001,9.999999747378752e-05,-2.079e-05,2026-08-23T16:00Z,14400,1,nan,8.0
NMRUSDT,2026-08-23T20:00Z,PANEL_RIGHT,5e-05,4.999999873689376e-05,-0.00021259,2026-08-23T20:00Z,0,1,nan,4.0
OGUSDT,2026-08-23T20:00Z,PANEL_RIGHT,5e-05,4.999999873689376e-05,3.615e-05,2026-08-23T20:00Z,0,1,nan,4.0
OUSDT,2026-08-23T20:00Z,PANEL_RIGHT,5e-05,4.999999873689376e-05,0.00012714,2026-08-23T20:00Z,0,1,nan,4.0
PUMPBTCUSDT,2026-08-23T20:00Z,PANEL_RIGHT,6.62e-05,6.620000203838572e-05,0.00029844,2026-08-23T20:00Z,0,1,nan,4.0
REUSDT,2026-08-23T20:00Z,PANEL_RIGHT,5e-05,4.999999873689376e-05,-7.359e-05,2026-08-23T20:00Z,0,1,nan,4.0
RPLUSDT,2026-08-23T20:00Z,PANEL_RIGHT,5e-05,4.999999873689376e-05,-4.192e-05,2026-08-23T20:00Z,0,1,nan,4.0
SONICUSDT,2026-08-23T20:00Z,PANEL_RIGHT,8.397e-05,8.397000055992976e-05,8.526e-05,2026-08-23T20:00Z,0,1,nan,4.0
SPORTFUNUSDT,2026-08-23T20:00Z,PANEL_RIGHT,0.00031133,0.00031132998992688954,5e-05,2026-08-23T20:00Z,0,1,nan,4.0
STEEMUSDT,2026-08-23T20:00Z,PANEL_RIGHT,5e-05,4.999999873689376e-05,-0.00033742,2026-08-23T20:00Z,0,1,nan,4.0
SUNUSDT,2026-08-23T20:00Z,PANEL_RIGHT,-0.00022529,-0.00022529000125359744,5e-05,2026-08-23T20:00Z,0,1,nan,4.0
SUPERUSDT,2026-08-23T20:00Z,PANEL_RIGHT,5e-05,4.999999873689376e-05,2.397e-05,2026-08-23T20:00Z,0,1,nan,4.0
SXPUSDT,2026-08-23T20:00Z,PANEL_RIGHT,0.0001,9.999999747378752e-05,-0.01080766,2026-08-23T16:00Z,14400,1,nan,8.0
XVSUSDT,2026-08-23T20:00Z,PANEL_RIGHT,0.0001,9.999999747378752e-05,-0.00059901,2026-08-23T16:00Z,14400,1,nan,8.0
ZESTUSDT,2026-08-23T20:00Z,PANEL_RIGHT,5e-05,4.999999873689376e-05,0.00033801,2026-08-23T20:00Z,0,1,nan,4.0
ZRXUSDT,2026-08-23T20:00Z,PANEL_RIGHT,5e-05,4.999999873689376e-05,-0.00023526,2026-08-23T20:00Z,0,1,nan,4.0
1000000BOBUSDT,2026-08-24T00:00Z,PANEL_RIGHT,4.79e-05,4.7900000936351717e-05,5e-05,2026-08-24T00:00Z,0,1,nan,4.0
ALLUSDT,2026-08-24T00:00Z,PANEL_RIGHT,-0.00027148,-0.00027148000663146377,-0.00043968,2026-08-24T00:00Z,0,1,nan,8.0
ANIMEUSDT,2026-08-24T00:00Z,PANEL_RIGHT,5e-05,4.999999873689376e-05,-2.539e-05,2026-08-24T00:00Z,0,1,nan,4.0
ARXUSDT,2026-08-24T00:00Z,PANEL_RIGHT,0.00032932,0.00032931999885477126,5e-05,2026-08-24T00:00Z,0,1,nan,4.0
ASRUSDT,2026-08-24T00:00Z,PANEL_RIGHT,0.00012537,0.00012537000293377787,5e-05,2026-08-24T00:00Z,0,1,nan,4.0
BDXNUSDT,2026-08-24T00:00Z,PANEL_RIGHT,5e-05,4.999999873689376e-05,0.0046011,2026-08-24T00:00Z,0,1,nan,4.0
BNTUSDT,2026-08-24T00:00Z,PANEL_RIGHT,0.0001,9.999999747378752e-05,-0.00013565,2026-08-24T00:00Z,0,1,nan,8.0
BTWUSDT,2026-08-24T00:00Z,PANEL_RIGHT,0.00033265,0.0003326500009279698,0.00079561,2026-08-24T00:00Z,0,1,nan,4.0
CAPUSDT,2026-08-24T00:00Z,PANEL_RIGHT,5e-05,4.999999873689376e-05,-0.00094881,2026-08-24T00:00Z,0,1,nan,4.0
CLANKERUSDT,2026-08-24T00:00Z,PANEL_RIGHT,0.00017394,0.00017394000315107405,5e-05,2026-08-24T00:00Z,0,1,nan,4.0
CTRUSDT,2026-08-24T00:00Z,PANEL_RIGHT,5e-05,4.999999873689376e-05,0.00020821,2026-08-24T00:00Z,0,1,nan,4.0
CYBERUSDT,2026-08-24T00:00Z,PANEL_RIGHT,5e-05,4.999999873689376e-05,2.675e-05,2026-08-24T00:00Z,0,1,nan,4.0
DATAIPUSDT,2026-08-24T00:00Z,PANEL_RIGHT,-0.00034095,-0.00034095000592060387,-0.00056876,2026-08-24T00:00Z,0,1,nan,4.0
GRVTUSDT,2026-08-24T00:00Z,PANEL_RIGHT,-0.00018176,-0.0001817599986679852,5e-05,2026-08-24T00:00Z,0,1,nan,4.0
ICXUSDT,2026-08-24T00:00Z,PANEL_RIGHT,0.00026765,0.0002676500007510185,5e-05,2026-08-24T00:00Z,0,1,nan,4.0
KNCUSDT,2026-08-24T00:00Z,PANEL_RIGHT,0.0001,9.999999747378752e-05,-0.00051301,2026-08-24T00:00Z,0,1,nan,8.0
MAVIAUSDT,2026-08-24T00:00Z,PANEL_RIGHT,5e-05,4.999999873689376e-05,0.00055831,2026-08-24T00:00Z,0,1,nan,4.0
MTLUSDT,2026-08-24T00:00Z,PANEL_RIGHT,0.0001,9.999999747378752e-05,-2.079e-05,2026-08-24T00:00Z,0,1,nan,8.0
NMRUSDT,2026-08-24T00:00Z,PANEL_RIGHT,5e-05,4.999999873689376e-05,-0.00021259,2026-08-24T00:00Z,0,1,nan,4.0
OGUSDT,2026-08-24T00:00Z,PANEL_RIGHT,5e-05,4.999999873689376e-05,3.615e-05,2026-08-24T00:00Z,0,1,nan,4.0
OUSDT,2026-08-24T00:00Z,PANEL_RIGHT,5e-05,4.999999873689376e-05,0.00012714,2026-08-24T00:00Z,0,1,nan,4.0
PUMPBTCUSDT,2026-08-24T00:00Z,PANEL_RIGHT,5e-05,4.999999873689376e-05,0.00029844,2026-08-24T00:00Z,0,1,nan,4.0
REUSDT,2026-08-24T00:00Z,PANEL_RIGHT,5e-05,4.999999873689376e-05,-7.359e-05,2026-08-24T00:00Z,0,1,nan,4.0
RPLUSDT,2026-08-24T00:00Z,PANEL_RIGHT,5e-05,4.999999873689376e-05,-4.192e-05,2026-08-24T00:00Z,0,1,nan,4.0
SONICUSDT,2026-08-24T00:00Z,PANEL_RIGHT,5.83e-05,5.830000009154901e-05,8.526e-05,2026-08-24T00:00Z,0,1,nan,4.0
SPORTFUNUSDT,2026-08-24T00:00Z,PANEL_RIGHT,6.928e-05,6.928000220796093e-05,5e-05,2026-08-24T00:00Z,0,1,nan,4.0
STEEMUSDT,2026-08-24T00:00Z,PANEL_RIGHT,5e-05,4.999999873689376e-05,-0.00033742,2026-08-24T00:00Z,0,1,nan,4.0
SUNUSDT,2026-08-24T00:00Z,PANEL_RIGHT,1.936e-05,1.936000080604572e-05,5e-05,2026-08-24T00:00Z,0,1,nan,4.0
SUPERUSDT,2026-08-24T00:00Z,PANEL_RIGHT,5e-05,4.999999873689376e-05,2.397e-05,2026-08-24T00:00Z,0,1,nan,4.0
SXPUSDT,2026-08-24T00:00Z,PANEL_RIGHT,0.0001,9.999999747378752e-05,-0.01080766,2026-08-24T00:00Z,0,1,nan,8.0
XVSUSDT,2026-08-24T00:00Z,PANEL_RIGHT,0.0001,9.999999747378752e-05,-0.00059901,2026-08-24T00:00Z,0,1,nan,8.0
ZESTUSDT,2026-08-24T00:00Z,PANEL_RIGHT,5e-05,4.999999873689376e-05,0.00033801,2026-08-24T00:00Z,0,1,nan,4.0
ZRXUSDT,2026-08-24T00:00Z,PANEL_RIGHT,5e-05,4.999999873689376e-05,-0.00023526,2026-08-24T00:00Z,0,1,nan,4.0
1000000BOBUSDT,2026-08-24T04:00Z,PANEL_RIGHT,-0.00011202,-0.00011202000314369798,5e-05,2026-08-24T04:00Z,0,1,nan,4.0
1000CHEEMSUSDT,2026-08-24T04:00Z,PANEL_RIGHT,-3.377e-05,-3.3770000300137326e-05,5e-05,2026-08-24T04:00Z,0,1,nan,4.0
ALLUSDT,2026-08-24T04:00Z,PANEL_RIGHT,-0.00027148,-0.00027148000663146377,-0.00043968,2026-08-24T00:00Z,14400,1,nan,8.0
ANIMEUSDT,2026-08-24T04:00Z,PANEL_RIGHT,5e-05,4.999999873689376e-05,-2.539e-05,2026-08-24T04:00Z,0,1,nan,4.0
ARKUSDT,2026-08-24T04:00Z,PANEL_RIGHT,-9.62e-06,-9.620000128052197e-06,5e-05,2026-08-24T04:00Z,0,1,nan,4.0
ARXUSDT,2026-08-24T04:00Z,PANEL_RIGHT,0.00016664,0.00016664000577293336,5e-05,2026-08-24T04:00Z,0,1,nan,4.0
BDXNUSDT,2026-08-24T04:00Z,PANEL_RIGHT,5e-05,4.999999873689376e-05,0.0046011,2026-08-24T04:00Z,0,1,nan,4.0
BNTUSDT,2026-08-24T04:00Z,PANEL_RIGHT,0.0001,9.999999747378752e-05,-0.00013565,2026-08-24T00:00Z,14400,1,nan,8.0
BTWUSDT,2026-08-24T04:00Z,PANEL_RIGHT,0.00027679,0.00027679000049829483,0.00079561,2026-08-24T04:00Z,0,1,nan,4.0
CAPUSDT,2026-08-24T04:00Z,PANEL_RIGHT,5e-05,4.999999873689376e-05,-0.00094881,2026-08-24T04:00Z,0,1,nan,4.0
CTRUSDT,2026-08-24T04:00Z,PANEL_RIGHT,5e-05,4.999999873689376e-05,0.00020821,2026-08-24T04:00Z,0,1,nan,4.0
CYBERUSDT,2026-08-24T04:00Z,PANEL_RIGHT,5e-05,4.999999873689376e-05,2.675e-05,2026-08-24T04:00Z,0,1,nan,4.0
DATAIPUSDT,2026-08-24T04:00Z,PANEL_RIGHT,-0.00042043,-0.0004204300057608634,-0.00056876,2026-08-24T04:00Z,0,1,nan,4.0
GRVTUSDT,2026-08-24T04:00Z,PANEL_RIGHT,-0.00079434,-0.0007943399832583964,5e-05,2026-08-24T04:00Z,0,1,nan,4.0
KNCUSDT,2026-08-24T04:00Z,PANEL_RIGHT,0.0001,9.999999747378752e-05,-0.00051301,2026-08-24T00:00Z,14400,1,nan,8.0
MAVIAUSDT,2026-08-24T04:00Z,PANEL_RIGHT,5e-05,4.999999873689376e-05,0.00055831,2026-08-24T04:00Z,0,1,nan,4.0
MTLUSDT,2026-08-24T04:00Z,PANEL_RIGHT,0.0001,9.999999747378752e-05,-2.079e-05,2026-08-24T00:00Z,14400,1,nan,8.0
NMRUSDT,2026-08-24T04:00Z,PANEL_RIGHT,5e-05,4.999999873689376e-05,-0.00021259,2026-08-24T04:00Z,0,1,nan,4.0
OGUSDT,2026-08-24T04:00Z,PANEL_RIGHT,5e-05,4.999999873689376e-05,3.615e-05,2026-08-24T04:00Z,0,1,nan,4.0
OUSDT,2026-08-24T04:00Z,PANEL_RIGHT,5e-05,4.999999873689376e-05,0.00012714,2026-08-24T04:00Z,0,1,nan,4.0
PUMPBTCUSDT,2026-08-24T04:00Z,PANEL_RIGHT,0.00013821,0.0001382100017508492,0.00029844,2026-08-24T04:00Z,0,1,nan,4.0
REUSDT,2026-08-24T04:00Z,PANEL_RIGHT,5e-05,4.999999873689376e-05,-7.359e-05,2026-08-24T04:00Z,0,1,nan,4.0
RPLUSDT,2026-08-24T04:00Z,PANEL_RIGHT,5e-05,4.999999873689376e-05,-4.192e-05,2026-08-24T04:00Z,0,1,nan,4.0
SONICUSDT,2026-08-24T04:00Z,PANEL_RIGHT,9.472e-05,9.472000238019973e-05,8.526e-05,2026-08-24T04:00Z,0,1,nan,4.0
SPORTFUNUSDT,2026-08-24T04:00Z,PANEL_RIGHT,5.445e-05,5.444999987957999e-05,5e-05,2026-08-24T04:00Z,0,1,nan,4.0
STEEMUSDT,2026-08-24T04:00Z,PANEL_RIGHT,5e-05,4.999999873689376e-05,-0.00033742,2026-08-24T04:00Z,0,1,nan,4.0
SUNUSDT,2026-08-24T04:00Z,PANEL_RIGHT,-0.00041234,-0.00041234001400880516,5e-05,2026-08-24T04:00Z,0,1,nan,4.0
SUPERUSDT,2026-08-24T04:00Z,PANEL_RIGHT,5e-05,4.999999873689376e-05,2.397e-05,2026-08-24T04:00Z,0,1,nan,4.0
SXPUSDT,2026-08-24T04:00Z,PANEL_RIGHT,0.0001,9.999999747378752e-05,-0.01080766,2026-08-24T00:00Z,14400,1,nan,8.0
XVSUSDT,2026-08-24T04:00Z,PANEL_RIGHT,0.0001,9.999999747378752e-05,-0.00059901,2026-08-24T00:00Z,14400,1,nan,8.0
ZESTUSDT,2026-08-24T04:00Z,PANEL_RIGHT,5e-05,4.999999873689376e-05,0.00033801,2026-08-24T04:00Z,0,1,nan,4.0
ZRXUSDT,2026-08-24T04:00Z,PANEL_RIGHT,5e-05,4.999999873689376e-05,-0.00023526,2026-08-24T04:00Z,0,1,nan,4.0
BDXNUSDT,2026-08-24T08:00Z,PANEL_RIGHT,5e-05,4.999999873689376e-05,0.0046011,2026-08-24T08:00Z,0,1,nan,4.0
SXPUSDT,2026-08-24T08:00Z,PANEL_RIGHT,0.0001,9.999999747378752e-05,-0.01080766,2026-08-24T08:00Z,0,1,nan,8.0
BDXNUSDT,2026-08-24T12:00Z,PANEL_RIGHT,5e-05,4.999999873689376e-05,0.0046011,2026-08-24T12:00Z,0,1,nan,4.0
SXPUSDT,2026-08-24T12:00Z,PANEL_RIGHT,0.0001,9.999999747378752e-05,-0.01080766,2026-08-24T08:00Z,14400,1,nan,8.0
BDXNUSDT,2026-08-24T16:00Z,PANEL_RIGHT,5e-05,4.999999873689376e-05,0.0046011,2026-08-24T16:00Z,0,1,nan,4.0
SXPUSDT,2026-08-24T16:00Z,PANEL_RIGHT,0.0001,9.999999747378752e-05,-0.01080766,2026-08-24T16:00Z,0,1,nan,8.0
BDXNUSDT,2026-08-24T20:00Z,PANEL_RIGHT,5e-05,4.999999873689376e-05,0.0046011,2026-08-24T20:00Z,0,1,nan,4.0
SXPUSDT,2026-08-24T20:00Z,PANEL_RIGHT,0.0001,9.999999747378752e-05,-0.01080766,2026-08-24T16:00Z,14400,1,nan,8.0
BDXNUSDT,2026-08-25T00:00Z,PANEL_RIGHT,5e-05,4.999999873689376e-05,0.0046011,2026-08-25T00:00Z,0,1,nan,4.0
SXPUSDT,2026-08-25T00:00Z,PANEL_RIGHT,0.0001,9.999999747378752e-05,-0.01080766,2026-08-25T00:00Z,0,1,nan,8.0
BDXNUSDT,2026-08-25T04:00Z,PANEL_RIGHT,5e-05,4.999999873689376e-05,0.0046011,2026-08-25T04:00Z,0,1,nan,4.0
SXPUSDT,2026-08-25T04:00Z,PANEL_RIGHT,0.0001,9.999999747378752e-05,-0.01080766,2026-08-25T00:00Z,14400,1,nan,8.0
BDXNUSDT,2026-08-25T08:00Z,PANEL_RIGHT,5e-05,4.999999873689376e-05,0.0046011,2026-08-25T08:00Z,0,1,nan,4.0
SXPUSDT,2026-08-25T08:00Z,PANEL_RIGHT,0.0001,9.999999747378752e-05,-0.01080766,2026-08-25T08:00Z,0,1,nan,8.0
BDXNUSDT,2026-08-25T12:00Z,PANEL_RIGHT,5e-05,4.999999873689376e-05,0.0046011,2026-08-25T12:00Z,0,1,nan,4.0
SXPUSDT,2026-08-25T12:00Z,PANEL_RIGHT,0.0001,9.999999747378752e-05,-0.01080766,2026-08-25T08:00Z,14400,1,nan,8.0
BDXNUSDT,2026-08-25T16:00Z,PANEL_RIGHT,5e-05,4.999999873689376e-05,0.0046011,2026-08-25T16:00Z,0,1,nan,4.0
SXPUSDT,2026-08-25T16:00Z,PANEL_RIGHT,0.0001,9.999999747378752e-05,-0.01080766,2026-08-25T16:00Z,0,1,nan,8.0
BDXNUSDT,2026-08-25T20:00Z,PANEL_RIGHT,5e-05,4.999999873689376e-05,0.0046011,2026-08-25T20:00Z,0,1,nan,4.0
SXPUSDT,2026-08-25T20:00Z,PANEL_RIGHT,0.0001,9.999999747378752e-05,-0.01080766,2026-08-25T16:00Z,14400,1,nan,8.0
BDXNUSDT,2026-08-26T00:00Z,PANEL_RIGHT,5e-05,4.999999873689376e-05,0.0046011,2026-08-26T00:00Z,0,1,nan,4.0
SXPUSDT,2026-08-26T00:00Z,PANEL_RIGHT,0.0001,9.999999747378752e-05,-0.01080766,2026-08-26T00:00Z,0,1,nan,8.0
BDXNUSDT,2026-08-26T04:00Z,PANEL_RIGHT,5e-05,4.999999873689376e-05,0.0046011,2026-08-26T04:00Z,0,1,nan,4.0
SXPUSDT,2026-08-26T04:00Z,PANEL_RIGHT,0.0001,9.999999747378752e-05,-0.01080766,2026-08-26T00:00Z,14400,1,nan,8.0
BDXNUSDT,2026-08-26T08:00Z,PANEL_RIGHT,5e-05,4.999999873689376e-05,0.0046011,2026-08-26T08:00Z,0,1,nan,4.0
SXPUSDT,2026-08-26T08:00Z,PANEL_RIGHT,0.0001,9.999999747378752e-05,-0.01080766,2026-08-26T08:00Z,0,1,nan,8.0
BDXNUSDT,2026-08-26T12:00Z,PANEL_RIGHT,5e-05,4.999999873689376e-05,0.0046011,2026-08-26T12:00Z,0,1,nan,4.0
SXPUSDT,2026-08-26T12:00Z,PANEL_RIGHT,0.0001,9.999999747378752e-05,-0.01080766,2026-08-26T08:00Z,14400,1,nan,8.0
BDXNUSDT,2026-08-26T16:00Z,PANEL_RIGHT,5e-05,4.999999873689376e-05,0.0046011,2026-08-26T16:00Z,0,1,nan,4.0
SXPUSDT,2026-08-26T16:00Z,PANEL_RIGHT,0.0001,9.999999747378752e-05,-0.01080766,2026-08-26T16:00Z,0,1,nan,8.0
BDXNUSDT,2026-08-26T20:00Z,PANEL_RIGHT,5e-05,4.999999873689376e-05,0.0046011,2026-08-26T20:00Z,0,1,nan,4.0
SXPUSDT,2026-08-26T20:00Z,PANEL_RIGHT,0.0001,9.999999747378752e-05,-0.01080766,2026-08-26T16:00Z,14400,1,nan,8.0
BDXNUSDT,2026-08-27T00:00Z,PANEL_RIGHT,5e-05,4.999999873689376e-05,0.0046011,2026-08-27T00:00Z,0,1,nan,4.0
SXPUSDT,2026-08-27T00:00Z,PANEL_RIGHT,0.0001,9.999999747378752e-05,-0.01080766,2026-08-27T00:00Z,0,1,nan,8.0
BDXNUSDT,2026-08-27T04:00Z,PANEL_RIGHT,5e-05,4.999999873689376e-05,0.0046011,2026-08-27T04:00Z,0,1,nan,4.0
SXPUSDT,2026-08-27T04:00Z,PANEL_RIGHT,0.0001,9.999999747378752e-05,-0.01080766,2026-08-27T00:00Z,14400,1,nan,8.0
BDXNUSDT,2026-08-27T08:00Z,PANEL_RIGHT,5e-05,4.999999873689376e-05,0.0046011,2026-08-27T08:00Z,0,1,nan,4.0
SXPUSDT,2026-08-27T08:00Z,PANEL_RIGHT,0.0001,9.999999747378752e-05,-0.01080766,2026-08-27T08:00Z,0,1,nan,8.0
BDXNUSDT,2026-08-27T12:00Z,PANEL_RIGHT,5e-05,4.999999873689376e-05,0.0046011,2026-08-27T12:00Z,0,1,nan,4.0
SXPUSDT,2026-08-27T12:00Z,PANEL_RIGHT,0.0001,9.999999747378752e-05,-0.01080766,2026-08-27T08:00Z,14400,1,nan,8.0
BDXNUSDT,2026-08-27T16:00Z,PANEL_RIGHT,5e-05,4.999999873689376e-05,0.0046011,2026-08-27T16:00Z,0,1,nan,4.0
SXPUSDT,2026-08-27T16:00Z,PANEL_RIGHT,0.0001,9.999999747378752e-05,-0.01080766,2026-08-27T16:00Z,0,1,nan,8.0
BDXNUSDT,2026-08-27T20:00Z,PANEL_RIGHT,5e-05,4.999999873689376e-05,0.0046011,2026-08-27T20:00Z,0,1,nan,4.0
SXPUSDT,2026-08-27T20:00Z,PANEL_RIGHT,0.0001,9.999999747378752e-05,-0.01080766,2026-08-27T16:00Z,14400,1,nan,8.0
BDXNUSDT,2026-08-28T00:00Z,PANEL_RIGHT,5e-05,4.999999873689376e-05,0.0046011,2026-08-28T00:00Z,0,1,nan,4.0
SXPUSDT,2026-08-28T00:00Z,PANEL_RIGHT,0.0001,9.999999747378752e-05,-0.01080766,2026-08-28T00:00Z,0,1,nan,8.0
BDXNUSDT,2026-08-28T04:00Z,PANEL_RIGHT,5e-05,4.999999873689376e-05,0.0046011,2026-08-28T04:00Z,0,1,nan,4.0
SXPUSDT,2026-08-28T04:00Z,PANEL_RIGHT,0.0001,9.999999747378752e-05,-0.01080766,2026-08-28T00:00Z,14400,1,nan,8.0
BDXNUSDT,2026-08-28T08:00Z,PANEL_RIGHT,5e-05,4.999999873689376e-05,0.0046011,2026-08-28T08:00Z,0,1,nan,4.0
SXPUSDT,2026-08-28T08:00Z,PANEL_RIGHT,0.0001,9.999999747378752e-05,-0.01080766,2026-08-28T08:00Z,0,1,nan,8.0
BDXNUSDT,2026-08-28T12:00Z,PANEL_RIGHT,5e-05,4.999999873689376e-05,0.0046011,2026-08-28T12:00Z,0,1,nan,4.0
SXPUSDT,2026-08-28T12:00Z,PANEL_RIGHT,0.0001,9.999999747378752e-05,-0.01080766,2026-08-28T08:00Z,14400,1,nan,8.0
BDXNUSDT,2026-08-28T16:00Z,PANEL_RIGHT,5e-05,4.999999873689376e-05,0.0046011,2026-08-28T16:00Z,0,1,nan,4.0
SXPUSDT,2026-08-28T16:00Z,PANEL_RIGHT,0.0001,9.999999747378752e-05,-0.01080766,2026-08-28T16:00Z,0,1,nan,8.0
BDXNUSDT,2026-08-28T20:00Z,PANEL_RIGHT,5e-05,4.999999873689376e-05,0.0046011,2026-08-28T20:00Z,0,1,nan,4.0
SXPUSDT,2026-08-28T20:00Z,PANEL_RIGHT,0.0001,9.999999747378752e-05,-0.01080766,2026-08-28T16:00Z,14400,1,nan,8.0
BDXNUSDT,2026-08-29T00:00Z,PANEL_RIGHT,5e-05,4.999999873689376e-05,0.0046011,2026-08-29T00:00Z,0,1,nan,4.0
SXPUSDT,2026-08-29T00:00Z,PANEL_RIGHT,0.0001,9.999999747378752e-05,-0.01080766,2026-08-29T00:00Z,0,1,nan,8.0
BDXNUSDT,2026-08-29T04:00Z,PANEL_RIGHT,5e-05,4.999999873689376e-05,0.0046011,2026-08-29T04:00Z,0,1,nan,4.0
SXPUSDT,2026-08-29T04:00Z,PANEL_RIGHT,0.0001,9.999999747378752e-05,-0.01080766,2026-08-29T00:00Z,14400,1,nan,8.0
BDXNUSDT,2026-08-29T08:00Z,PANEL_RIGHT,5e-05,4.999999873689376e-05,0.0046011,2026-08-29T08:00Z,0,1,nan,4.0
SXPUSDT,2026-08-29T08:00Z,PANEL_RIGHT,0.0001,9.999999747378752e-05,-0.01080766,2026-08-29T08:00Z,0,1,nan,8.0
BDXNUSDT,2026-08-29T12:00Z,PANEL_RIGHT,5e-05,4.999999873689376e-05,0.0046011,2026-08-29T12:00Z,0,1,nan,4.0
SXPUSDT,2026-08-29T12:00Z,PANEL_RIGHT,0.0001,9.999999747378752e-05,-0.01080766,2026-08-29T08:00Z,14400,1,nan,8.0
BDXNUSDT,2026-08-29T16:00Z,PANEL_RIGHT,5e-05,4.999999873689376e-05,0.0046011,2026-08-29T16:00Z,0,1,nan,4.0
SXPUSDT,2026-08-29T16:00Z,PANEL_RIGHT,0.0001,9.999999747378752e-05,-0.01080766,2026-08-29T16:00Z,0,1,nan,8.0
BDXNUSDT,2026-08-29T20:00Z,PANEL_RIGHT,5e-05,4.999999873689376e-05,0.0046011,2026-08-29T20:00Z,0,1,nan,4.0
SXPUSDT,2026-08-29T20:00Z,PANEL_RIGHT,0.0001,9.999999747378752e-05,-0.01080766,2026-08-29T16:00Z,14400,1,nan,8.0
BDXNUSDT,2026-08-30T00:00Z,PANEL_RIGHT,5e-05,4.999999873689376e-05,0.0046011,2026-08-30T00:00Z,0,1,nan,4.0
SXPUSDT,2026-08-30T00:00Z,PANEL_RIGHT,0.0001,9.999999747378752e-05,-0.01080766,2026-08-30T00:00Z,0,1,nan,8.0
BDXNUSDT,2026-08-30T04:00Z,PANEL_RIGHT,5e-05,4.999999873689376e-05,0.0046011,2026-08-30T04:00Z,0,1,nan,4.0
SXPUSDT,2026-08-30T04:00Z,PANEL_RIGHT,0.0001,9.999999747378752e-05,-0.01080766,2026-08-30T00:00Z,14400,1,nan,8.0
BDXNUSDT,2026-08-30T08:00Z,PANEL_RIGHT,5e-05,4.999999873689376e-05,0.0046011,2026-08-30T08:00Z,0,1,nan,4.0
SXPUSDT,2026-08-30T08:00Z,PANEL_RIGHT,0.0001,9.999999747378752e-05,-0.01080766,2026-08-30T08:00Z,0,1,nan,8.0
BDXNUSDT,2026-08-30T12:00Z,PANEL_RIGHT,5e-05,4.999999873689376e-05,0.0046011,2026-08-30T12:00Z,0,1,nan,4.0
SXPUSDT,2026-08-30T12:00Z,PANEL_RIGHT,0.0001,9.999999747378752e-05,-0.01080766,2026-08-30T08:00Z,14400,1,nan,8.0
BDXNUSDT,2026-08-30T16:00Z,PANEL_RIGHT,5e-05,4.999999873689376e-05,0.0046011,2026-08-30T16:00Z,0,1,nan,4.0
SXPUSDT,2026-08-30T16:00Z,PANEL_RIGHT,0.0001,9.999999747378752e-05,-0.01080766,2026-08-30T16:00Z,0,1,nan,8.0
BDXNUSDT,2026-08-30T20:00Z,PANEL_RIGHT,5e-05,4.999999873689376e-05,0.0046011,2026-08-30T20:00Z,0,1,nan,4.0
SXPUSDT,2026-08-30T20:00Z,PANEL_RIGHT,0.0001,9.999999747378752e-05,-0.01080766,2026-08-30T16:00Z,14400,1,nan,8.0
BDXNUSDT,2026-08-31T00:00Z,PANEL_RIGHT,5e-05,4.999999873689376e-05,0.0046011,2026-08-31T00:00Z,0,1,nan,4.0
SXPUSDT,2026-08-31T00:00Z,PANEL_RIGHT,0.0001,9.999999747378752e-05,-0.01080766,2026-08-31T00:00Z,0,1,nan,8.0
