anchor,symbol,class,beta_prod,n_obs_prod,beta_res,n_obs_res,est_res,abs_diff,rel_diff
A08,0GUSDT,both_estimated,0.6950447752922783,180,0.6950546253257555,180,True,9.850033477198927e-06,1.4171596185814105e-05
A08,1000BONKUSDT,both_estimated,1.7866653776916015,180,1.786683431617772,180,True,1.8053926170491508e-05,1.0104714607525288e-05
A08,1000CATUSDT,both_estimated,1.244430140655358,180,1.244484818547272,180,True,5.467789191415662e-05,4.3936166274799485e-05
A08,1000FLOKIUSDT,both_estimated,1.7227876864844507,180,1.722741409052997,180,True,4.6277431453578544e-05,2.6862668541193055e-05
A08,1000LUNCUSDT,both_estimated,0.8736185082163596,180,0.8736387755930826,180,True,2.0267376723004382e-05,2.319880629067268e-05
A08,1000PEPEUSDT,both_estimated,1.8978404734200447,180,1.89776545566443,180,True,7.50177556148035e-05,3.952951898818229e-05
A08,1000RATSUSDT,both_estimated,0.4205401392544476,180,0.42061755004915,180,True,7.741079470241496e-05,0.00018404081021671434
A08,1000SATSUSDT,both_estimated,1.2541967731952341,180,1.2541952847999183,180,True,1.4883953158850716e-06,1.1867333053500637e-06
A08,1000SHIBUSDT,both_estimated,1.34879910267657,180,1.3487792440157111,180,True,1.985866085885135e-05,1.4723433020607804e-05
A08,1000XECUSDT,both_estimated,1.2285132939254872,180,1.2284463496439542,180,True,6.694428153308785e-05,5.449507953887493e-05
A08,1INCHUSDT,both_estimated,1.0051807268190944,180,1.005162009034373,180,True,1.871778472151142e-05,1.8621659546696358e-05
A08,1MBABYDOGEUSDT,both_estimated,1.1211432426363475,180,1.121195549407248,180,True,5.230677090062308e-05,4.665267439589511e-05
A08,2ZUSDT,both_estimated,0.9514939352147337,180,0.9514967791084668,180,True,2.8438937330621528e-06,2.9888632263441013e-06
A08,4USDT,both_estimated,1.4553431935626728,180,1.4551105196908036,180,True,0.00023267387186920452,0.00015990116813851732
A08,AAVEUSDT,both_estimated,1.3993007502974844,180,1.399253591434819,180,True,4.715886266537517e-05,3.370287055473458e-05
A08,ACEUSDT,both_estimated,0.4150895310201241,180,0.4149577121530217,180,True,0.00013181886710239565,0.00031766819423224873
A08,ACHUSDT,both_estimated,1.1463889941114496,180,1.1463553139394247,180,True,3.368017202487472e-05,2.9380220613392155e-05
A08,ACTUSDT,both_estimated,1.185051511296462,180,1.185088009987848,180,True,3.649869138611095e-05,3.079829605776301e-05
A08,ACUUSDT,both_estimated,0.41059322853373104,180,0.4106211801330894,180,True,2.7951599358366774e-05,6.807149925706994e-05
A08,ADAUSDT,both_estimated,1.664012819709643,180,1.6640112587836664,180,True,1.5609259766957706e-06,9.380501294424849e-07
A08,AEROUSDT,both_estimated,1.7391485214116906,180,1.7391799402785082,180,True,3.141886681756745e-05,1.8065334178438205e-05
A08,AEVOUSDT,both_estimated,0.9336275869910139,180,0.9335455659043246,180,True,8.202108668931007e-05,8.785975712910846e-05
A08,AGLDUSDT,both_estimated,0.7827895010333066,180,0.7828029870666717,180,True,1.3486033365150973e-05,1.7227876730115698e-05
A08,AGTUSDT,both_estimated,-0.03632638175653263,180,-0.03614055462627311,180,True,0.0001858271302595249,0.005141789664855728
A08,AIAUSDT,both_estimated,0.21264192339602428,180,0.212542782607433,180,True,9.914078859127318e-05,0.00046645097695171536
A08,AIGENSYNUSDT,both_estimated,0.5009084867333217,180,0.5009389508926714,180,True,3.046415934970792e-05,6.081411576285074e-05
A08,AINUSDT,both_estimated,0.08617787854276848,180,-0.013207312020247733,180,True,0.09938519056301622,7.5250126907467445
A08,AIOTUSDT,both_estimated,0.3790542452337531,180,0.3790413509298856,180,True,1.2894303867472257e-05,3.401819837291953e-05
A08,AIOUSDT,both_estimated,0.3750197833385435,180,0.37502881510702557,180,True,9.031768482048452e-06,2.408286541787721e-05
A08,AIXBTUSDT,both_estimated,1.3419762946291143,180,1.3420284215654874,180,True,5.212693637313137e-05,3.8841901956386935e-05
A08,AKEUSDT,both_estimated,1.230384264916612,180,1.2276353396655502,180,True,0.00274892525106174,0.0022392034199753825
A08,AKTUSDT,both_estimated,1.4818907987923116,180,1.4818258394288608,180,True,6.495936345074504e-05,4.3837380697708906e-05
A08,ALGOUSDT,both_estimated,1.1446211135546607,180,1.1445644841797749,180,True,5.662937488581932e-05,4.947678848029382e-05
A08,ALICEUSDT,both_estimated,0.6786905230612343,180,0.6787282887650984,180,True,3.776570386404554e-05,5.564185917866745e-05
A08,ALLOUSDT,both_estimated,0.5979834873698938,180,0.5978911579978735,180,True,9.232937202030556e-05,0.00015442505008684865
A08,ALTUSDT,both_estimated,0.8031331911938348,180,0.8031465897662566,180,True,1.3398572421885468e-05,1.6682598908606354e-05
A08,ANKRUSDT,both_estimated,0.6841648779951454,180,0.6841080765203793,180,True,5.6801474766055016e-05,8.302997247886303e-05
A08,APEUSDT,both_estimated,1.1109711819178123,180,1.1109799180080604,180,True,8.736090248095962e-06,7.863409685891893e-06
A08,API3USDT,both_estimated,0.7692442883879368,180,0.7692142698307449,180,True,3.0018557191868744e-05,3.902496140441326e-05
A08,APRUSDT,both_estimated,0.8595004599882049,180,0.8596718050732904,180,True,0.00017134508508553914,0.00019931453384228564
A08,APTUSDT,both_estimated,0.9821766336659236,180,0.9822000634301987,180,True,2.3429764275162412e-05,2.3854370558007482e-05
A08,ARBUSDT,both_estimated,1.6195440934087784,180,1.6195476472257586,180,True,3.5538169802507014e-06,2.194326907478328e-06
A08,ARCUSDT,both_estimated,0.4423797927734872,180,0.44251726953264253,180,True,0.00013747675915531943,0.0003106698170232165
A08,ARIAUSDT,both_estimated,0.7684534605720241,180,0.7683994817658679,180,True,5.3978806156207426e-05,7.024836356234662e-05
A08,ARKMUSDT,both_estimated,1.3903258000465595,180,1.3904073243794146,180,True,8.152433285513183e-05,5.863341729123793e-05
A08,ARPAUSDT,both_estimated,0.6644380913441414,180,0.6643631272053293,180,True,7.496413881213915e-05,0.00011283609180340707
A08,ARUSDT,both_estimated,0.9588556572420035,180,0.958838226221436,180,True,1.743102056750434e-05,1.817931335111246e-05
A08,ASTERUSDT,both_estimated,0.8038579248312173,180,0.8038675884292698,180,True,9.663598052433997e-06,1.2021380375984984e-05
A08,ATHUSDT,both_estimated,1.2310666549356946,180,1.2311179874212494,180,True,5.133248555488912e-05,4.169582938383693e-05
A08,ATOMUSDT,both_estimated,0.9096589182221301,180,0.9096327013170795,180,True,2.6216905050557848e-05,2.8821418812887607e-05
A08,ATUSDT,both_estimated,0.4369839768876981,180,0.43693948801004356,180,True,4.4488877654513814e-05,0.00010181931108385239
A08,AUCTIONUSDT,both_estimated,0.7931086654326641,180,0.7931088331745076,180,True,1.6774184352641441e-07,2.1149914930969657e-07
A08,AUSDT,both_estimated,1.1862192985296238,180,1.1862182277429152,180,True,1.0707867086345857e-06,9.026894744924232e-07
A08,AVAAIUSDT,both_estimated,0.7079757229235858,180,0.7082205302028353,180,True,0.00024480727924947043,0.0003456653243013971
A08,AVAXUSDT,both_estimated,1.2465893703442081,180,1.2466016635442865,180,True,1.2293200078339339e-05,9.861369864843448e-06
A08,AVNTUSDT,both_estimated,1.1211473461432044,180,1.1210551489290512,180,True,9.219721415321125e-05,8.224146175260658e-05
A08,AWEUSDT,both_estimated,0.3509265846027651,180,0.35095643741042964,180,True,2.9852807664543235e-05,8.506129103889768e-05
A08,AXSUSDT,both_estimated,1.159561344884861,180,1.1595007889977824,180,True,6.055588707853943e-05,5.222582653943778e-05
A08,B2USDT,both_estimated,0.7160983043230311,180,0.7474096886688361,180,True,0.03131138434580494,0.04189320103887288
A08,BABYUSDT,both_estimated,0.9345266453333679,180,0.9345351933991848,180,True,8.548065816849082e-06,9.146863464560605e-06
A08,BANANAS31USDT,both_estimated,0.8771982758540824,180,0.8772664092845566,180,True,6.813343047418208e-05,7.766560961766156e-05
A08,BANANAUSDT,both_estimated,0.6403304759395388,180,0.6403189312928299,180,True,1.1544646708938622e-05,1.8029525826496355e-05
A08,BANKUSDT,both_estimated,0.6741237522076857,180,0.6741423181820456,180,True,1.8565974359896487e-05,2.7540140796921347e-05
A08,BANUSDT,both_estimated,0.7416167865704586,180,0.74155822076646,180,True,5.856580399854483e-05,7.897667689262802e-05
A08,BARDUSDT,both_estimated,0.7310039686364858,180,0.7310220035997674,180,True,1.8034963281676752e-05,2.4670889785625174e-05
A08,BASEDUSDT,both_estimated,0.8850117442729056,180,0.8850314327679905,180,True,1.9688495084824176e-05,2.2246096981264487e-05
A08,BASUSDT,both_estimated,0.7670736759241716,180,0.766975817888341,180,True,9.785803583062247e-05,0.00012758946703176108
A08,BATUSDT,both_estimated,1.096949224468747,180,1.096942096852528,180,True,7.12761621901592e-06,6.497714181511761e-06
A08,BBUSDT,both_estimated,1.1278407050585297,180,1.1278857940158877,180,True,4.508895735799712e-05,3.997652740837871e-05
A08,BCHUSDT,both_estimated,1.3087316359914472,180,1.3084194088682852,180,True,0.00031222712316192336,0.00023862923543146121
A08,BEATUSDT,both_estimated,0.22277153604780583,180,0.22277893180082295,180,True,7.395753017114259e-06,3.319772187311897e-05
A08,BELUSDT,both_estimated,0.7837385741988814,180,0.783761066952045,180,True,2.2492753163572132e-05,2.8698482371730733e-05
A08,BERAUSDT,both_estimated,1.0421082585382175,180,1.0422247847713924,180,True,0.00011652623317481847,0.00011180527931925743
A08,BICOUSDT,both_estimated,0.8122040525916724,180,0.8122475427064765,180,True,4.349011480409004e-05,5.3542931824918e-05
A08,BIGTIMEUSDT,both_estimated,0.7423812694257722,180,0.7423665924257724,180,True,1.4676999999796436e-05,1.9770555611665616e-05
A08,BILLUSDT,both_estimated,0.8918561851467904,180,0.8917890160540051,180,True,6.716909278536853e-05,7.531948877614445e-05
A08,BIOUSDT,both_estimated,1.2211761348722925,180,1.221237634011785,180,True,6.149913949249353e-05,5.035804480612662e-05
A08,BIRBUSDT,both_estimated,0.8598302348935336,180,0.8597213891967658,180,True,0.00010884569676783418,0.00012660577965790555
A08,BLESSUSDT,both_estimated,0.872504126307524,180,0.8726018472773949,180,True,9.772096987081813e-05,0.00011198803919074586
A08,BLUAIUSDT,both_estimated,0.435596167402294,180,0.4354783697149251,180,True,0.0001177976873689146,0.00027050181033337633
A08,BLURUSDT,both_estimated,1.2750439712316797,180,1.275080887825036,180,True,3.691659335625097e-05,2.8952354088862e-05
A08,BMTUSDT,both_estimated,0.0654129515391606,180,0.06531616920022866,180,True,9.678233893194166e-05,0.001481751610925811
A08,BNBUSDT,both_estimated,0.7859793753852652,180,0.7860217883628258,180,True,4.241297756057971e-05,5.395903547269352e-05
A08,BOMEUSDT,both_estimated,1.3432245539037264,180,1.3432392220222447,180,True,1.4668118518246231e-05,1.0919959957812578e-05
A08,BRETTUSDT,both_estimated,1.6469055215504815,180,1.6468825730620098,180,True,2.2948488471730144e-05,1.3934501977917321e-05
A08,BREVUSDT,both_estimated,0.7898733352189151,180,0.7898331039899402,180,True,4.023122897489628e-05,5.09363671535964e-05
A08,BROCCOLI714USDT,both_estimated,1.587868573793063,180,1.5878474065729413,180,True,2.1167220121576236e-05,1.3330764677987256e-05
A08,BROCCOLIF3BUSDT,both_estimated,1.0438805372991975,180,1.0438607035799699,180,True,1.983371922764654e-05,1.9000350487019826e-05
A08,BRUSDT,both_estimated,2.862357612483958,180,2.8629182891130407,180,True,0.000560676629082657,0.0001958409470555864
A08,BSBUSDT,both_estimated,0.8112903538171026,180,0.8112559676787483,180,True,3.4386138354269846e-05,4.238629942243644e-05
A08,BSVUSDT,both_estimated,1.098984311364429,180,1.0989436510896224,180,True,4.066027480664758e-05,3.699941736442281e-05
A08,BTCDOMUSDT,both_estimated,-0.13812082404511603,180,-0.13808924004623616,180,True,3.15839988798694e-05,0.00022872165035664032
A08,BTCUSDT,BTC,1.0,180,,,,,
A08,BTRUSDT,both_estimated,0.07039834588951752,180,0.07012008992893534,180,True,0.0002782559605821744,0.003968277292059646
A08,BULLAUSDT,both_estimated,1.941204398120307,180,1.9184939959304734,180,True,0.022710402189833667,0.01183761963186081
A08,BUSDT,both_estimated,0.652128941099047,180,0.6522819140590312,180,True,0.00015297295998428773,0.0002345197018147643
A08,C98USDT,both_estimated,1.1028314981205605,180,1.1027842856627224,180,True,4.721245783811945e-05,4.281205168764891e-05
A08,CAKEUSDT,both_estimated,0.9898782271158298,180,0.9898632123648778,180,True,1.5014750952002665e-05,1.5168510926000563e-05
A08,CARVUSDT,both_estimated,0.6806387368991177,180,0.6805318177695722,180,True,0.00010691912954552407,0.00015711113977881172
A08,CATIUSDT,both_estimated,0.2547084682126549,180,0.2546220802527506,180,True,8.638795990428827e-05,0.0003392791380014461
A08,CCUSDT,both_estimated,1.168034666262821,180,1.168108963878704,180,True,7.429761588317874e-05,6.360503872555999e-05
A08,CELOUSDT,both_estimated,0.8992972281485304,180,0.8993245116376929,180,True,2.728348916247736e-05,3.033775773863144e-05
A08,CETUSUSDT,both_estimated,1.3480918863484277,180,1.3480705791577359,180,True,2.130719069182163e-05,1.580569372349495e-05
A08,CFGUSDT,both_estimated,0.8353668333892479,180,0.8355010625994076,180,True,0.00013422921015970868,0.0001606571387738219
A08,CFXUSDT,both_estimated,1.0499998871199165,180,1.050028237073397,180,True,2.8349953480555357e-05,2.6999229620311335e-05
A08,CGPTUSDT,both_estimated,0.86189109311243,180,0.8618677251091683,180,True,2.3368003261636794e-05,2.7113213061409034e-05
A08,CHILLGUYUSDT,both_estimated,1.5831297356499707,180,1.583170289098081,180,True,4.055344811026984e-05,2.5615341817318216e-05
A08,CHIPUSDT,both_estimated,2.1530901470434833,180,2.152943583009139,180,True,0.0001465640343445429,6.80761147208941e-05
A08,CHRUSDT,both_estimated,1.1720566982870342,180,1.171969137619536,180,True,8.756066749815439e-05,7.471243455779445e-05
A08,CHZUSDT,both_estimated,0.9815400097091328,180,0.981574462110873,180,True,3.445240174015929e-05,3.5099121941365e-05
A08,CLOUSDT,both_estimated,-0.15204043983389232,180,-0.1521250725209195,180,True,8.463268702718629e-05,0.0005563362148310432
A08,COAIUSDT,both_estimated,0.6236223422330756,180,0.6236192170605571,180,True,3.125172518436692e-06,5.011347362204875e-06
A08,COLLECTUSDT,both_estimated,0.8625080815727099,180,0.8624568571734954,180,True,5.122439921445565e-05,5.939357869138159e-05
A08,COMPUSDT,both_estimated,0.7607420372140958,180,0.7608182584813203,180,True,7.622126722450773e-05,0.00010018327816771121
A08,COOKIEUSDT,both_estimated,0.9063827402028835,180,0.9064107075753108,180,True,2.796737242738434e-05,3.085507727749412e-05
A08,COTIUSDT,both_estimated,0.06892419175541535,180,0.0688920005595953,180,True,3.2191195820055474e-05,0.0004672704458946341
A08,CROSSUSDT,both_estimated,-0.07484414681156884,180,-0.07481830353334064,180,True,2.5843278228201982e-05,0.00034541384938894886
A08,CRVUSDT,both_estimated,1.1428963622545478,180,1.1428867967508771,180,True,9.565503670705411e-06,8.369598544579625e-06
A08,CTSIUSDT,both_estimated,0.7356935654755803,180,0.7356073880179435,180,True,8.617745763683793e-05,0.00011715143028815777
A08,CUSDT,both_estimated,0.8855773496215849,180,0.8855431734549031,180,True,3.4176166681776365e-05,3.859345055807921e-05
A08,CVXUSDT,both_estimated,1.3227506928345445,180,1.322760218206825,180,True,9.525372280494437e-06,7.201133016690908e-06
A08,CYSUSDT,both_estimated,0.28735421589438326,180,0.2874170312945985,180,True,6.281540021524368e-05,0.00021855141962989226
A08,DASHUSDT,both_estimated,1.5028777514317482,180,1.5028929820851835,180,True,1.5230653435338581e-05,1.0134223538795733e-05
A08,DEEPUSDT,both_estimated,1.2401430020706397,180,1.2401945847930897,180,True,5.158272245009421e-05,4.1592442897741015e-05
A08,DEXEUSDT,both_estimated,0.26480979629300305,180,0.26479785328224537,180,True,1.1943010757686778e-05,4.5102370014143744e-05
A08,DIAUSDT,both_estimated,0.8447480440403359,180,0.8447643433124227,180,True,1.6299272086794936e-05,1.9294460302246574e-05
A08,DODOXUSDT,both_estimated,0.14707786959305108,180,0.14701268415835578,180,True,6.518543469530291e-05,0.00044340007169101103
A08,DOGEUSDT,both_estimated,1.5332046220216462,180,1.5331961936248288,180,True,8.428396817361516e-06,5.497272203262418e-06
A08,DOGSUSDT,both_estimated,0.9521806402164237,180,0.9521174680722911,180,True,6.317214413253947e-05,6.634910738529063e-05
A08,DOLOUSDT,both_estimated,0.7853258475305119,180,0.7852462314420641,180,True,7.961608844786472e-05,0.00010138996566930846
A08,DOODUSDT,both_estimated,1.3251699701425192,180,1.325156789917815,180,True,1.3180224704312238e-05,9.946162450052167e-06
A08,DOTUSDT,both_estimated,0.9770461754010106,180,0.977009879253857,180,True,3.6296147153613845e-05,3.715023555476556e-05
A08,DRIFTUSDT,both_estimated,0.6225398446877808,180,0.6225677047195493,180,True,2.7860031768467408e-05,4.475020396539463e-05
A08,DUSKUSDT,both_estimated,1.238445636789849,180,1.2384330124516278,180,True,1.2624338221245424e-05,1.0193799821480873e-05
A08,DYDXUSDT,both_estimated,1.2681772263462816,180,1.2681887197017603,180,True,1.1493355478675582e-05,9.062811630573778e-06
A08,DYMUSDT,both_estimated,0.8498883824571589,180,0.8500193786702268,180,True,0.000130996213067891,0.00015410967838500565
A08,EDENUSDT,both_estimated,1.0661263746749206,180,1.066109849768772,180,True,1.6524906148562835e-05,1.550019085945685e-05
A08,EDGEUSDT,both_estimated,1.9663363292662042,180,1.9663323495383926,180,True,3.9797278115205614e-06,2.023934464819655e-06
A08,EDUUSDT,both_estimated,0.42433321227112575,180,0.4243470747848096,180,True,1.3862513683848832e-05,3.2667866724140006e-05
A08,EGLDUSDT,both_estimated,0.5256967450353651,180,0.5256750618501138,180,True,2.1683185251308856e-05,4.1248266895132645e-05
A08,EIGENUSDT,both_estimated,1.4788199730779037,180,1.4788225009181848,180,True,2.5278402810968714e-06,1.7093601696805147e-06
A08,ELSAUSDT,both_estimated,0.7458133534540691,180,0.745794822723745,180,True,1.853073032409558e-05,2.4846954898961097e-05
A08,ENAUSDT,both_estimated,1.8441796697902841,180,1.8442638146693204,180,True,8.414487903629642e-05,4.562518570662502e-05
A08,ENJUSDT,both_estimated,0.9045491996875035,180,0.9046025155103274,180,True,5.3315822823973846e-05,5.893839770487037e-05
A08,ENSOUSDT,both_estimated,0.36011595150167613,180,0.3601216989160564,180,True,5.7474143802527244e-06,1.595964474662893e-05
A08,ENSUSDT,both_estimated,1.664090930936018,180,1.6641263371424206,180,True,3.5406206402743834e-05,2.1276152905278893e-05
A08,EPICUSDT,both_estimated,0.3937023988054494,180,0.3934570450680987,180,True,0.0002453537373506842,0.0006235845575168667
A08,ERAUSDT,both_estimated,0.7542431289689338,180,0.7542394690725999,180,True,3.659896333885193e-06,4.852432793507001e-06
A08,ESPORTSUSDT,both_estimated,0.5267177920604786,180,0.5267887702035362,180,True,7.097814305756511e-05,0.00013473738825172976
A08,ESPUSDT,both_estimated,0.5042066555380071,180,0.5042765582392333,180,True,6.99027012261988e-05,0.00013861977140138313
A08,ETCUSDT,both_estimated,1.2654989828581305,180,1.2654048648289913,180,True,9.411802913916745e-05,7.437779935505994e-05
A08,ETHFIUSDT,both_estimated,1.7574538721202648,180,1.7574118041324218,180,True,4.206798784300858e-05,2.393746744165987e-05
A08,ETHUSDT,both_estimated,1.0955700369971402,180,1.0955876160421585,180,True,1.75790450183122e-05,1.6045311904690016e-05
A08,EULUSDT,both_estimated,0.7215311285927548,180,0.7215990215832279,180,True,6.789299047305075e-05,9.408686603273076e-05
A08,EVAAUSDT,both_estimated,2.1978732897800013,180,2.1975719179104707,180,True,0.0003013718695306089,0.00013713856965243894
A08,FARTCOINUSDT,both_estimated,2.1904867073052565,180,2.190330263767003,180,True,0.00015644353825372548,7.142463437667554e-05
A08,FETUSDT,both_estimated,1.591622561691467,180,1.5917420300392948,180,True,0.00011946834782783355,7.505509408762943e-05
A08,FFUSDT,both_estimated,-0.23190572930894485,180,-0.2318386223269171,180,True,6.710698202774812e-05,0.00028945557627201626
A08,FHEUSDT,both_estimated,0.7370742294960156,180,0.7370513465857147,180,True,2.288291030094758e-05,3.104656196199817e-05
A08,FIDAUSDT,both_estimated,1.0082727744918722,180,1.0082252234820257,180,True,4.755100984654703e-05,4.716308294918864e-05
A08,FIGHTUSDT,both_estimated,0.8258939056109469,180,0.8257693219885373,180,True,0.00012458362240963528,0.00015086976361585477
A08,FILUSDT,both_estimated,1.0857779134294498,180,1.0857286588944943,180,True,4.92545349555229e-05,4.536541846990999e-05
A08,FLOCKUSDT,both_estimated,0.4569624199920424,180,0.45685626282721836,180,True,0.00010615716482403892,0.00023236447316513472
A08,FLOWUSDT,both_estimated,0.9134486406296253,180,0.9135397089609163,180,True,9.10683312910221e-05,9.968732655814773e-05
A08,FLUIDUSDT,both_estimated,1.413350476862271,180,1.413314224538691,180,True,3.625232358017705e-05,2.5650575753604894e-05
A08,FOGOUSDT,both_estimated,1.0028757479166832,180,1.0029397964642572,180,True,6.40485475740249e-05,6.386080979119614e-05
A08,FOLKSUSDT,both_estimated,0.1986264850418184,180,0.1986478335810769,180,True,2.134853925850333e-05,0.000107469278036652
A08,FORMUSDT,both_estimated,1.1880878228828005,180,1.1878209376514606,180,True,0.0002668852313398862,0.00022468473393604858
A08,FUSDT,both_estimated,2.031433294009775,180,2.0316154451954467,180,True,0.000182151185671664,8.965829931172855e-05
A08,GALAUSDT,both_estimated,1.461348780437297,180,1.461349541337841,180,True,7.609005439057626e-07,5.206834657840799e-07
A08,GASUSDT,both_estimated,0.9348013728796103,180,0.9348091630024629,180,True,7.79012285256897e-06,8.333383069918032e-06
A08,GENIUSUSDT,both_estimated,0.32824586593719973,180,0.3283499864335464,180,True,0.00010412049634667131,0.00031710217952984107
A08,GIGGLEUSDT,both_estimated,1.0919908374890268,180,1.0921260939228263,180,True,0.00013525643379952434,0.00012384690243385217
A08,GMTUSDT,both_estimated,0.8447085639916369,180,0.8446552241506141,180,True,5.3339841022737033e-05,6.314983853485973e-05
A08,GMXUSDT,both_estimated,0.8602134960444012,180,0.860185563641396,180,True,2.7932403005248574e-05,3.247253172560026e-05
A08,GPSUSDT,both_estimated,-0.14455775628813344,180,-0.1445076197525683,180,True,5.013653556515396e-05,0.00034694734887336554
A08,GRASSUSDT,both_estimated,0.8755514712812665,180,0.8756687621226688,180,True,0.0001172908414022178,0.00013394430231575055
A08,GRIFFAINUSDT,both_estimated,1.0442050124513276,180,1.0442601865175463,180,True,5.517406621868837e-05,5.283555471236124e-05
A08,GRTUSDT,both_estimated,1.2987062597865424,180,1.298711287895707,180,True,5.0281091645842935e-06,3.871614277512983e-06
A08,GTCUSDT,both_estimated,0.8788996076141464,180,0.8787783519456719,180,True,0.00012125566847454028,0.00013798208411264616
A08,GUAUSDT,both_estimated,0.7761836432688859,180,0.7762509506655135,180,True,6.730739662763607e-05,8.67082952619002e-05
A08,GUNUSDT,both_estimated,0.9350496057088883,180,0.9349483593141654,180,True,0.00010124639472286479,0.00010829089512188077
A08,GUSDT,both_estimated,0.7283279829335453,180,0.7284771131591832,180,True,0.00014913022563789458,0.00020471504587311226
A08,GWEIUSDT,both_estimated,1.0019138770869855,180,1.0019248872330784,180,True,1.1010146092838013e-05,1.0988993519507931e-05
A08,HAEDALUSDT,both_estimated,0.8300211487129395,180,0.829996254995496,180,True,2.4893717443519314e-05,2.9992565982908442e-05
A08,HANAUSDT,both_estimated,0.6322517878305425,180,0.6322408682932247,180,True,1.0919537317799488e-05,1.727116652119862e-05
A08,HBARUSDT,both_estimated,1.1418787556809382,180,1.1418366249299423,180,True,4.2130750995905686e-05,3.689735473189138e-05
A08,HEIUSDT,both_estimated,0.861744252201829,180,0.8618710531812822,180,True,0.0001268009794531677,0.00014712291239522225
A08,HEMIUSDT,both_estimated,0.6706910801901057,180,0.6704909589987963,180,True,0.0002001211913094103,0.0002984696342635838
A08,HMSTRUSDT,both_estimated,0.5939142036759485,180,0.5938768958629145,180,True,3.7307813034015425e-05,6.282078540840767e-05
A08,HOLOUSDT,both_estimated,0.7372297691333405,180,0.7372008837285285,180,True,2.888540481194024e-05,3.918254230223791e-05
A08,HOMEUSDT,both_estimated,0.7244966023071898,180,0.7245338624160091,180,True,3.7260108819325843e-05,5.142631801235541e-05
A08,HOTUSDT,both_estimated,0.8244825144728379,180,0.8245266961214743,180,True,4.418164863639884e-05,5.358425487522326e-05
A08,HUMAUSDT,both_estimated,0.7749126243544239,180,0.7750592890947351,180,True,0.0001466647403112198,0.00018923034969689013
A08,HUSDT,both_estimated,0.17832506905602233,180,0.17828819659529044,180,True,3.687246073189043e-05,0.0002068138072852347
A08,HYPERUSDT,both_estimated,0.9506081973452403,180,0.950623304599603,180,True,1.5107254362711764e-05,1.589194614692815e-05
A08,HYPEUSDT,both_estimated,1.0387133072768313,180,1.038707927007393,180,True,5.380269438415297e-06,5.179771231665014e-06
A08,ICNTUSDT,both_estimated,0.648913047254195,180,0.6488813385600497,180,True,3.170869414526045e-05,4.886670683984545e-05
A08,ICPUSDT,both_estimated,1.0936107041838368,180,1.0935734689906236,180,True,3.723519321319202e-05,3.404910074085866e-05
A08,IDOLUSDT,both_estimated,0.828490497644779,180,0.8283560186301162,180,True,0.00013447901466279166,0.00016234446498642542
A08,IDUSDT,both_estimated,0.9575565011991729,180,0.9575045792289125,180,True,5.1921970260382366e-05,5.4226341457495293e-05
A08,IMXUSDT,both_estimated,1.102547988825137,180,1.1025724668770622,180,True,2.447805192518082e-05,2.2200855418159237e-05
A08,INJUSDT,both_estimated,1.1570076915935068,180,1.1570635707386303,180,True,5.5879145123505225e-05,4.829392829975095e-05
A08,INUSDT,both_estimated,0.6008904390856048,180,0.6008808755619095,180,True,9.563523695299558e-06,1.591583970176501e-05
A08,INXUSDT,both_estimated,0.7164086924205011,180,0.7163692333067506,180,True,3.945911375047295e-05,5.5082088838922105e-05
A08,IOSTUSDT,both_estimated,0.658350707687706,180,0.658348367371799,180,True,2.3403159069568247e-06,3.554829058511423e-06
A08,IOTAUSDT,both_estimated,1.2383464374547688,180,1.2384450004877658,180,True,9.85630329970455e-05,7.95861204641515e-05
A08,IOTXUSDT,both_estimated,1.0048618009974974,180,1.0051101750927236,180,True,0.00024837409522615594,0.00024711131314857386
A08,IOUSDT,both_estimated,1.3030994844895278,180,1.3030903433818037,180,True,9.141107724097708e-06,7.0149454874897925e-06
A08,IRYSUSDT,both_estimated,0.6674354144185407,180,0.6673823737231555,180,True,5.304069538525358e-05,7.947572107628961e-05
A08,JASMYUSDT,both_estimated,1.2667535541458235,180,1.2667103039361158,180,True,4.3250209707634824e-05,3.41437261331507e-05
A08,JCTUSDT,both_estimated,0.9457765180014625,180,0.9458893434446837,180,True,0.00011282544322122057,0.00011927974873925481
A08,JELLYJELLYUSDT,both_estimated,0.7419456121973234,180,0.7419363719188322,180,True,9.240278491140508e-06,1.2454273494158059e-05
A08,JOEUSDT,both_estimated,1.0706069158162999,180,1.0706159983159846,180,True,9.082499684787138e-06,8.483433555143365e-06
A08,JSTUSDT,both_estimated,-0.17133059900568393,180,-0.1713717408082876,180,True,4.1141802603672506e-05,0.00024007343573464402
A08,JTOUSDT,both_estimated,1.2357650709527406,180,1.2356604535781508,180,True,0.00010461737458977716,8.466514752238973e-05
A08,JUPUSDT,both_estimated,1.5087215060412715,180,1.5088345465914175,180,True,0.0001130405501459375,7.491911581777173e-05
A08,KAIAUSDT,both_estimated,1.137758382949167,180,1.137696497939258,180,True,6.188500990900181e-05,5.439500782598512e-05
A08,KAITOUSDT,both_estimated,1.0090134127807997,180,1.0090225962950297,180,True,9.18351422996011e-06,9.101396008058207e-06
A08,KASUSDT,both_estimated,1.280179789574659,180,1.2801370894429813,180,True,4.270013167761988e-05,3.335590541806717e-05
A08,KATUSDT,both_estimated,0.8086649964686401,180,0.8085493274040487,180,True,0.00011566906459137272,0.00014305752372924862
A08,KAVAUSDT,both_estimated,0.16024128285769484,180,0.16018957685863933,180,True,5.170599905551798e-05,0.0003227800464267809
A08,KERNELUSDT,both_estimated,0.5064809776527912,180,0.5066055650539735,180,True,0.0001245874011822634,0.0002459258440419815
A08,KGENUSDT,both_estimated,0.2626332929994954,180,0.2626909980795339,180,True,5.770508003849484e-05,0.0002196690425646931
A08,KITEUSDT,both_estimated,0.6953482912386167,180,0.6953812467291102,180,True,3.295549049342483e-05,4.7391974759800844e-05
A08,KMNOUSDT,both_estimated,0.8134028090290429,180,0.8134015222486864,180,True,1.2867803564908797e-06,1.5819743648051154e-06
A08,KOMAUSDT,both_estimated,1.2742926789210673,180,1.274417942417556,180,True,0.00012526349648855906,9.829075087481558e-05
A08,KSMUSDT,both_estimated,1.0525674210062366,180,1.052542510327003,180,True,2.4910679233602906e-05,2.3667147872121268e-05
A08,LABUSDT,both_estimated,1.1155644599700092,180,1.115537626679691,180,True,2.6833290318162284e-05,2.4054132891984503e-05
A08,LAUSDT,both_estimated,0.5534368082144285,180,0.5533786365422629,180,True,5.817167216559671e-05,0.00010512092141662212
A08,LAYERUSDT,both_estimated,0.6374751891383145,180,0.6374980163152307,180,True,2.282717691626246e-05,3.580744775992346e-05
A08,LDOUSDT,both_estimated,1.2655472286869662,180,1.2655722861372574,180,True,2.505745029113271e-05,1.9799303892480395e-05
A08,LIGHTUSDT,both_estimated,0.6022059479523442,180,0.6022926595561782,180,True,8.67116038339999e-05,0.0001439692190469274
A08,LINEAUSDT,both_estimated,1.0128436240593859,180,1.0128364013805977,180,True,7.222678788165737e-06,7.131140605057738e-06
A08,LINKUSDT,both_estimated,1.4011630468752378,180,1.4011957036045173,180,True,3.2656729279434416e-05,2.330632986914415e-05
A08,LISTAUSDT,both_estimated,1.2332022327365353,180,1.233221124430085,180,True,1.889169354973852e-05,1.5318983088672793e-05
A08,LITUSDT,both_estimated,1.480533618999871,180,1.4807070005626586,180,True,0.00017338156278756678,0.00011709376853198031
A08,LPTUSDT,both_estimated,0.9627490596706443,180,0.9626783038906919,180,True,7.075577995241389e-05,7.349888292532654e-05
A08,LQTYUSDT,both_estimated,0.8360699608165914,180,0.8360769801210441,180,True,7.019304452793307e-06,8.395524120012344e-06
A08,LSKUSDT,both_estimated,0.47691800292116493,180,0.46026535287650927,180,True,0.01665265004465566,0.036180542247166755
A08,LTCUSDT,both_estimated,0.854813007078921,180,0.8548197926200446,180,True,6.785541123544014e-06,7.937978486373317e-06
A08,LUMIAUSDT,both_estimated,1.0344016412571848,180,1.0344868495984934,180,True,8.520834130854027e-05,8.236773753248913e-05
A08,LUNA2USDT,both_estimated,0.9734077272285324,180,0.9733712281508524,180,True,3.6499077679996716e-05,3.749759251599752e-05
A08,LYNUSDT,both_estimated,0.6397251202214348,180,0.6397357708738556,180,True,1.0650652420785e-05,1.6648517881431892e-05
A08,MAGICUSDT,both_estimated,0.7696359350494558,180,0.7696737240874987,180,True,3.778903804285694e-05,4.909747709999903e-05
A08,MAGMAUSDT,both_estimated,-0.15652543718892484,180,-0.15643007377946114,180,True,9.536340946370014e-05,0.0006096232467303299
A08,MANAUSDT,both_estimated,0.7960182857937672,180,0.7960177614231215,180,True,5.243706456825592e-07,6.587423938193147e-07
A08,MANTAUSDT,both_estimated,0.7253528766626964,180,0.725360747281834,180,True,7.870619137539947e-06,1.0850627314799916e-05
A08,MANTRAUSDT,both_estimated,0.8420434957301999,180,0.8420548778734509,180,True,1.1382143251026378e-05,1.351710387305298e-05
A08,MAVUSDT,both_estimated,0.9303882473314117,180,0.930362935249334,180,True,2.5312082077677545e-05,2.7206675071265598e-05
A08,MEGAUSDT,both_estimated,0.9840673772619907,180,0.9840806926470671,180,True,1.3315385076428932e-05,1.3530785814537255e-05
A08,MEMEUSDT,both_estimated,1.181761295339715,180,1.1818261267163324,180,True,6.483137661739136e-05,5.485694989458673e-05
A08,MERLUSDT,both_estimated,0.946033147133795,180,0.9459840087881953,180,True,4.9138345599719635e-05,5.194416094059117e-05
A08,METUSDT,both_estimated,1.6280322145392625,180,1.6280273556436289,180,True,4.858895633619298e-06,2.984529477822176e-06
A08,MEUSDT,both_estimated,0.8882577455003384,180,0.8882767582300912,180,True,1.9012729752798663e-05,2.1404060813976376e-05
A08,MINAUSDT,both_estimated,0.7080746348606244,180,0.7078393130980678,180,True,0.000235321762556584,0.0003324508235161859
A08,MIRAUSDT,both_estimated,0.6106525066113581,180,0.6106660267926891,180,True,1.3520181331050374e-05,2.2140058129744705e-05
A08,MITOUSDT,both_estimated,0.7427530653867888,180,0.742715931272309,180,True,3.7134114479808744e-05,4.999773522589744e-05
A08,MMTUSDT,both_estimated,0.6925349036666506,180,0.692465538050421,180,True,6.93656162296108e-05,0.00010017193985552538
A08,MONUSDT,both_estimated,1.8925361161291376,180,1.8925836972371535,180,True,4.758110801583726e-05,2.514082102963134e-05
A08,MOODENGUSDT,both_estimated,1.587598529569621,180,1.5876401270486356,180,True,4.159747901444355e-05,2.6200823666363064e-05
A08,MORPHOUSDT,both_estimated,0.9782883458712897,180,0.978253509143575,180,True,3.483672771464885e-05,3.5611145157196655e-05
A08,MOVEUSDT,both_estimated,1.221418142849165,180,1.2214138611989942,180,True,4.281650170856466e-06,3.5054868025268743e-06
A08,MOVRUSDT,both_estimated,0.8574498932155377,180,0.8575614528883614,180,True,0.00011155967282372448,0.00013008942093651623
A08,MUBARAKUSDT,both_estimated,2.6262907833891864,180,2.626582486233029,180,True,0.00029170284384250067,0.00011105794140158633
A08,MUSDT,both_estimated,0.17586375931719114,180,0.1760132262016755,180,True,0.00014946688448436163,0.0008491798469343597
A08,MYXUSDT,both_estimated,2.232367952521943,180,2.232278992003469,180,True,8.896051847395725e-05,3.985188177312695e-05
A08,NAORISUSDT,both_estimated,0.9868380746326482,180,0.9867550585187558,180,True,8.301611389238683e-05,8.413041633351697e-05
A08,NEARUSDT,both_estimated,1.5423033759837568,180,1.5422681350970322,180,True,3.5240886724574594e-05,2.285003879844629e-05
A08,NEIROUSDT,both_estimated,1.5398839194885965,180,1.5397971369769936,180,True,8.678251160287864e-05,5.635970448240629e-05
A08,NEOUSDT,both_estimated,0.9750465594657747,180,0.9750046026083907,180,True,4.1956857383951274e-05,4.303247109983458e-05
A08,NEWTUSDT,both_estimated,0.740529865072882,180,0.7404097413690524,180,True,0.00012012370382963322,0.00016223949675151338
A08,NIGHTUSDT,both_estimated,1.3929979392362413,180,1.3930160410886652,180,True,1.8101852423901832e-05,1.2994719292503577e-05
A08,NILUSDT,both_estimated,0.4687275965916206,180,0.4687748250228127,180,True,4.72284311920923e-05,0.00010074865088967598
A08,NOMUSDT,both_estimated,0.5650591547224175,180,0.565099836265827,180,True,4.0681543409526455e-05,7.199001096576068e-05
A08,NOTUSDT,both_estimated,1.1160505064124608,180,1.116003677425444,180,True,4.682898701680038e-05,4.196131963008594e-05
A08,NXPCUSDT,both_estimated,0.5447422798779894,180,0.5448031546337615,180,True,6.087475577210011e-05,0.00011173715727292834
A08,OGNUSDT,both_estimated,0.9119508043834719,180,0.9119774976893497,180,True,2.669330587778962e-05,2.926969793160649e-05
A08,ONDOUSDT,both_estimated,1.514807990951874,180,1.5148702842770654,180,True,6.22933251914759e-05,4.112122723511199e-05
A08,ONEUSDT,both_estimated,0.36814137298070065,180,0.36795532817403925,180,True,0.00018604480666140066,0.0005056179172201123
A08,ONGUSDT,both_estimated,0.8195102598713314,180,0.8194981098502668,180,True,1.2150021064583072e-05,1.4826173384100961e-05
A08,ONTUSDT,both_estimated,0.7846284108098385,180,0.7846656620903832,180,True,3.7251280544770005e-05,4.7474080164959665e-05
A08,ONUSDT,both_estimated,0.33054184086580884,180,0.3306527649635355,180,True,0.00011092409772667233,0.0003354700443497125
A08,OPENUSDT,both_estimated,0.8708013159177157,180,0.8709069475643954,180,True,0.0001056316466796492,0.0001212892456249911
A08,OPGUSDT,both_estimated,0.40781919884917966,180,0.4078270068945276,180,True,7.808045347945658e-06,1.9145483785886152e-05
A08,OPNUSDT,both_estimated,1.2195427449870813,180,1.2194305680417592,180,True,0.00011217694532206224,9.199125252551547e-05
A08,OPUSDT,both_estimated,1.39979325557603,180,1.3998304973910152,180,True,3.724181498521162e-05,2.6604517514529367e-05
A08,ORCAUSDT,both_estimated,0.7903763268591756,180,0.790381751652369,180,True,5.424793193431476e-06,6.8635101735211175e-06
A08,ORDERUSDT,both_estimated,1.1083464694646563,180,1.1082906925794809,180,True,5.577688517544033e-05,5.032694540240425e-05
A08,ORDIUSDT,both_estimated,1.302484477267205,180,1.302527965676812,180,True,4.3488409606995404e-05,3.338769742605734e-05
A08,PARTIUSDT,both_estimated,0.7791282371719905,180,0.7790862285997543,180,True,4.200857223624066e-05,5.392031163449307e-05
A08,PAXGUSDT,both_estimated,0.20856074772217784,180,0.20859309493192252,180,True,3.234720974468197e-05,0.00015507325280944207
A08,PENDLEUSDT,both_estimated,1.1199380901148739,180,1.1199534240021756,180,True,1.5333887301682836e-05,1.369154017752532e-05
A08,PENGUUSDT,both_estimated,1.7880828853634012,180,1.7880027982293925,180,True,8.0087134008755e-05,4.479139187481305e-05
A08,PEOPLEUSDT,both_estimated,1.511076580183231,180,1.5110197479755332,180,True,5.683220769792108e-05,3.761182325648951e-05
A08,PHAROSUSDT,both_estimated,0.2742729686485577,180,0.27422619404148707,180,True,4.677460707064318e-05,0.00017056943533106379
A08,PHAUSDT,both_estimated,1.910451116721481,180,1.9107762854488624,180,True,0.00032516872738130864,0.0001701762419062695
A08,PIEVERSEUSDT,both_estimated,1.87909774282102,180,1.8789358202737605,180,True,0.00016192254725955202,8.617779570350623e-05
A08,PIPPINUSDT,both_estimated,1.1797069728647451,180,1.1797312468198093,180,True,2.427395506421348e-05,2.057583464848334e-05
A08,PIXELUSDT,both_estimated,1.0693161479071038,180,1.0693238727960659,180,True,7.724888962057364e-06,7.22408725605119e-06
A08,PLAYUSDT,both_estimated,0.40702983276197974,180,0.40701801311696045,180,True,1.181964501928423e-05,2.903961161023049e-05
A08,PLUMEUSDT,both_estimated,1.1184512720103912,180,1.1184653528469262,180,True,1.4080836534979824e-05,1.2589425769102867e-05
A08,PNUTUSDT,both_estimated,1.3638317885254307,180,1.3638445380145006,180,True,1.2749489069818765e-05,9.348198210611018e-06
A08,POLUSDT,both_estimated,1.1360965459802028,180,1.1360869060896617,180,True,9.639890541146556e-06,8.485170007219292e-06
A08,POPCATUSDT,both_estimated,1.3483661065582877,180,1.3481537262835124,180,True,0.00021238027477532562,0.00015753416738371477
A08,PORTALUSDT,both_estimated,0.5534915461183222,180,0.5536687761862906,180,True,0.00017723006796843688,0.0003201012511292582
A08,POWERUSDT,both_estimated,0.2834253192928353,180,0.28352979965423686,180,True,0.00010448036140153771,0.00036849869583003615
A08,POWRUSDT,both_estimated,0.5498279223369179,180,0.5498153079661938,180,True,1.2614370724084445e-05,2.294292381699212e-05
A08,PRLUSDT,both_estimated,0.6128957653928602,180,0.6129081471753431,180,True,1.2381782482973058e-05,2.020169341855857e-05
A08,PROMPTUSDT,both_estimated,0.8227656788137764,180,0.8227975550906622,180,True,3.187627688583383e-05,3.8741336418192756e-05
A08,PROMUSDT,both_estimated,0.3025613739564397,180,0.30245392088811873,180,True,0.0001074530683209951,0.00035527087235461317
A08,PROVEUSDT,both_estimated,0.6659868192562616,180,0.6660556465500235,180,True,6.882729376189722e-05,0.0001033356508850316
A08,PTBUSDT,both_estimated,1.3515932491634415,180,1.3519689576809162,180,True,0.00037570851747470435,0.00027789729589588466
A08,PUMPUSDT,both_estimated,1.2074154042208654,180,1.207517702031475,180,True,0.0001022978106095529,8.471744177120678e-05
A08,PYTHUSDT,both_estimated,1.3775315961826513,180,1.3774731742379072,180,True,5.842194474414697e-05,4.241240108103677e-05
A08,QNTUSDT,both_estimated,0.8177779379413052,180,0.81783261372538,180,True,5.467578407480911e-05,6.685449217505612e-05
A08,QTUMUSDT,both_estimated,0.9769276271814903,180,0.9768945994715934,180,True,3.302770989688231e-05,3.380887755418767e-05
A08,QUSDT,both_estimated,-0.2766235492108557,180,-0.2767499259786529,180,True,0.0001263767677971983,0.0004566460762376008
A08,RAREUSDT,both_estimated,0.8674087553502926,180,0.8673804732211823,180,True,2.8282129110324128e-05,3.260637054151457e-05
A08,RAVEUSDT,both_estimated,1.102968215054793,180,1.1027882913037046,180,True,0.00017992375108843994,0.00016315348331794128
A08,RECALLUSDT,both_estimated,0.7063031235444183,180,0.7062502825797364,180,True,5.284096468183286e-05,7.481903510016232e-05
A08,RENDERUSDT,both_estimated,1.2158780713658943,180,1.2159474106684425,180,True,6.933930254815479e-05,5.702491895602369e-05
A08,RESOLVUSDT,both_estimated,0.8329960304167494,180,0.8330038188357716,180,True,7.788419022158877e-06,9.349799900130326e-06
A08,REZUSDT,both_estimated,1.1936080167597067,180,1.1936218825668516,180,True,1.386580714490826e-05,1.161658256054272e-05
A08,RIFUSDT,both_estimated,0.48045866815693905,180,0.4804530962737846,180,True,5.571883154475987e-06,1.1597142775620429e-05
A08,RIVERUSDT,both_estimated,1.3309651377502023,180,1.3308172837502992,180,True,0.00014785399990313586,0.00011110015004199303
A08,RLCUSDT,both_estimated,0.9977210003929484,180,0.9977670262762632,180,True,4.6025883314815275e-05,4.612888790942221e-05
A08,ROBOUSDT,both_estimated,0.397451782700235,180,0.39737268569245915,180,True,7.909700777586348e-05,0.00019904993630357238
A08,RONINUSDT,both_estimated,1.2593454425366477,180,1.2593062102186052,180,True,3.9232318042481396e-05,3.1153914531773e-05
A08,ROSEUSDT,both_estimated,1.0307536031273679,180,1.0307640467458836,180,True,1.0443618515765252e-05,1.0131919665548771e-05
A08,RSRUSDT,both_estimated,1.3090056048280705,180,1.3090483140401106,180,True,4.270921204008182e-05,3.26261541167022e-05
A08,RUNEUSDT,both_estimated,1.2290690588027315,180,1.229089015453932,180,True,1.9956651200470077e-05,1.6236945371364828e-05
A08,RVNUSDT,both_estimated,0.9354090212963644,180,0.9353875242356395,180,True,2.1497060724851025e-05,2.2981983582064068e-05
A08,SAFEUSDT,both_estimated,0.6998632129834912,180,0.6999527121747243,180,True,8.949919123313332e-05,0.00012786462524741566
A08,SAGAUSDT,both_estimated,0.10374595498690473,180,0.1035670939324259,180,True,0.0001788610544788266,0.0017270065972453327
A08,SAHARAUSDT,both_estimated,1.1019281978664803,180,1.1018910386772296,180,True,3.7159189250735025e-05,3.372310686485204e-05
A08,SANDUSDT,both_estimated,1.0530069458468636,180,1.0530508058638703,180,True,4.386001700673603e-05,4.165042822483333e-05
A08,SAPIENUSDT,both_estimated,0.8299409703865057,180,0.8299154542753894,180,True,2.5516111116341555e-05,3.074543435104486e-05
A08,SCRTUSDT,both_estimated,0.10018948618677959,179,0.10075058949633892,180,True,0.0005611033095593299,0.005569231032436979
A08,SCRUSDT,both_estimated,0.9023990640421874,180,0.9024016748842272,180,True,2.6108420397852328e-06,2.8932149756040606e-06
A08,SEIUSDT,both_estimated,1.351028548103779,180,1.3510874152234056,180,True,5.8867119626659914e-05,4.357017833440932e-05
A08,SENTUSDT,both_estimated,0.7194763294213187,180,0.7194869579114983,180,True,1.0628490179631633e-05,1.4772318056304516e-05
A08,SHELLUSDT,both_estimated,0.9667049030234376,180,0.9666726070689362,180,True,3.229595450138234e-05,3.340940279595533e-05
A08,SIGNUSDT,both_estimated,0.7762499258832825,180,0.7762988839400777,180,True,4.895805679527854e-05,6.30659888969486e-05
A08,SIRENUSDT,both_estimated,0.48234689231746647,180,0.48241634577432113,180,True,6.945345685466231e-05,0.0001439699493249619
A08,SKLUSDT,both_estimated,0.9699292327987995,180,0.9700232781128594,180,True,9.404531405987626e-05,9.6951605370582e-05
A08,SKRUSDT,both_estimated,0.698127676348168,180,0.6981945094712217,180,True,6.683312305377775e-05,9.57227851940484e-05
A08,SKYAIUSDT,both_estimated,0.8173263285694149,180,0.8172976494029472,180,True,2.8679166467648898e-05,3.509023485947821e-05
A08,SKYUSDT,both_estimated,1.0046091829326735,180,1.004638983774261,180,True,2.9800841587546145e-05,2.9663234324821195e-05
A08,SNXUSDT,both_estimated,1.0523541599087693,180,1.05237493277346,180,True,2.0772864690599135e-05,1.9739034106270202e-05
A08,SOLUSDT,both_estimated,1.357472859793953,180,1.3574158963622196,180,True,5.6963431733336733e-05,4.1964612235641836e-05
A08,SOLVUSDT,both_estimated,0.013235175439845122,180,0.01305807997609093,180,True,0.00017709546375419168,0.013562136552881415
A08,SOONUSDT,both_estimated,0.771028871308035,180,0.7710105783093395,180,True,1.8292998695490503e-05,2.3726002223734878e-05
A08,SOPHUSDT,both_estimated,0.3820813691061665,180,0.38205341618105265,180,True,2.795292511387215e-05,7.316496576129408e-05
A08,SPACEUSDT,both_estimated,0.8447792204967213,180,0.8447324954762186,180,True,4.672502050262484e-05,5.53133930005659e-05
A08,SPELLUSDT,both_estimated,0.7375707179941453,180,0.7376340885050443,180,True,6.337051089899681e-05,8.591049666295819e-05
A08,SPKUSDT,both_estimated,0.9161987409694635,180,0.9162819097360252,180,True,8.316876656166983e-05,9.076766187125773e-05
A08,SPXUSDT,both_estimated,2.1572346260755495,180,2.157144036751922,180,True,9.058932362737693e-05,4.1995027723684155e-05
A08,SQDUSDT,both_estimated,0.6830995544132374,180,0.6830028887739144,180,True,9.666563932309025e-05,0.0001415303520847746
A08,SSVUSDT,both_estimated,1.059940494903993,180,1.0599498949256732,180,True,9.400021680150417e-06,8.868364179430929e-06
A08,STABLEUSDT,both_estimated,0.5095585857418758,180,0.5096417834294092,180,True,8.31976875333984e-05,0.00016324738323760725
A08,STARUSDT,both_estimated,0.7177342361073064,180,0.7177593880170589,180,True,2.5151909752496593e-05,3.504225813330471e-05
A08,STBLUSDT,both_estimated,0.959129079226607,180,0.9590228557633287,180,True,0.00010622346327826548,0.00011076218115126937
A08,STGUSDT,both_estimated,0.28768833262611365,180,0.28777061377560853,180,True,8.22811494948783e-05,0.0002859261702066553
A08,STORJUSDT,both_estimated,0.06355508467858059,179,0.06410417866461425,180,True,0.000549093986033658,0.008565650437648615
A08,STOUSDT,both_estimated,0.8989251109860507,180,0.898808518243084,180,True,0.0001165927429666036,0.00012971922339422124
A08,STRKUSDT,both_estimated,1.4622015789137577,180,1.462142958431166,180,True,5.862048259164254e-05,4.009216900004121e-05
A08,STXUSDT,both_estimated,1.0646909634705168,180,1.0646527030002872,180,True,3.826047022958967e-05,3.593704324590378e-05
A08,SUIUSDT,both_estimated,1.5344915016694132,180,1.5345445612842061,180,True,5.305961479296073e-05,3.457678332166321e-05
A08,SUSDT,both_estimated,1.4240100592519935,180,1.4240149273976237,180,True,4.868145630165799e-06,3.4186057579201766e-06
A08,SUSHIUSDT,both_estimated,1.0820603538895797,180,1.0820422991843308,180,True,1.805470524884889e-05,1.6685766593837373e-05
A08,SWARMSUSDT,both_estimated,1.1292286987006397,180,1.1292183328381455,180,True,1.036586249414384e-05,9.179679600215641e-06
A08,SXTUSDT,both_estimated,0.9764277912375905,180,0.9764406139624283,180,True,1.2822724837824317e-05,1.3132109269594262e-05
A08,SYNUSDT,both_estimated,0.25730860440135755,180,0.2569647494729464,180,True,0.00034385492841115806,0.001338140461352889
A08,SYRUPUSDT,both_estimated,0.9161404694404297,180,0.9161090097739486,180,True,3.145966648110399e-05,3.4340527323125785e-05
A08,TACUSDT,both_estimated,0.026717829736988254,180,0.027266020510194545,180,True,0.0005481907732062911,0.020105272531476568
A08,TAGUSDT,both_estimated,0.9007728028874621,180,0.9006433811236622,180,True,0.00012942176379993064,0.00014369923380601682
A08,TAIKOUSDT,both_estimated,0.6501070345756033,180,0.6500846961032705,180,True,2.2338472332794623e-05,3.436240303255193e-05
A08,TAKEUSDT,both_estimated,1.3059014780452514,180,1.2883920050421804,180,True,0.01750947300307093,0.01359017514432472
A08,TAOUSDT,both_estimated,1.4357747961441318,180,1.4356975310067348,180,True,7.726513739703122e-05,5.3817141652985663e-05
A08,TAUSDT,both_estimated,0.3677954647082679,180,0.36776097341057196,180,True,3.449129769594883e-05,9.378726996527282e-05
A08,THETAUSDT,both_estimated,1.027850519122365,180,1.027804864743292,180,True,4.5654379073001294e-05,4.4419306270168395e-05
A08,THEUSDT,both_estimated,0.8055144314332152,180,0.8055671438283605,180,True,5.271239514526016e-05,6.543513541869506e-05
A08,TIAUSDT,both_estimated,1.2057502434952108,180,1.20574570193983,180,True,4.541555380654927e-06,3.7665947084433916e-06
A08,TLMUSDT,both_estimated,0.6679699378191828,180,0.6680368607615582,180,True,6.692294237542473e-05,0.0001001785175433777
A08,TNSRUSDT,both_estimated,1.1361289289096015,180,1.136188534887195,180,True,5.960597759346875e-05,5.24613440139903e-05
A08,TOSHIUSDT,both_estimated,1.2947713448438993,180,1.2946756092120064,180,True,9.573563189291256e-05,7.394565187736971e-05
A08,TOWNSUSDT,both_estimated,0.7801692705590318,180,0.7800882355646631,180,True,8.103499436873385e-05,0.0001038792673370815
A08,TRADOORUSDT,both_estimated,1.3220107332814401,180,1.3219233306565579,180,True,8.740262488227124e-05,6.611777162512224e-05
A08,TRBUSDT,both_estimated,1.4100265314913105,180,1.4099412641901188,180,True,8.52673011917382e-05,6.047578247219851e-05
A08,TREEUSDT,both_estimated,0.6272795736689997,180,0.6272123029896391,180,True,6.727067936052045e-05,0.00010725344359457134
A08,TRIAUSDT,both_estimated,0.4037969084802599,180,0.4037450417348433,180,True,5.186674541657332e-05,0.00012846410495521686
A08,TRUMPUSDT,both_estimated,1.5708483861916311,180,1.5707952216989447,180,True,5.3164492686441633e-05,3.384559104333144e-05
A08,TRUSTUSDT,both_estimated,0.7116036986007271,180,0.7115750173820231,180,True,2.8681218704029732e-05,4.030666901369255e-05
A08,TRUTHUSDT,both_estimated,0.12724165653689443,180,0.12722850647027975,180,True,1.3150066614675548e-05,0.00010335786357554523
A08,TRXUSDT,both_estimated,0.18312359499102734,180,0.18313381954431268,180,True,1.0224553285337334e-05,5.583104917911304e-05
A08,TSTUSDT,both_estimated,1.140328853330068,180,1.140375699527335,180,True,4.684619726713635e-05,4.1079617258201174e-05
A08,TURBOUSDT,both_estimated,1.390304518256398,180,1.3903637389201995,180,True,5.922066380148472e-05,4.259364808195973e-05
A08,TURTLEUSDT,both_estimated,0.7950329779856228,180,0.7950302496227099,180,True,2.7283629129293274e-06,3.431772456738723e-06
A08,TUSDT,both_estimated,0.25202207482183847,180,0.25214885759617706,180,True,0.0001267827743385852,0.0005028092355731831
A08,TUTUSDT,both_estimated,0.8738925110312148,180,0.8738838147859024,180,True,8.696245312411754e-06,9.951260299451015e-06
A08,TWTUSDT,both_estimated,0.8946638172827682,180,0.8946398968249742,180,True,2.392045779398e-05,2.6737526326371465e-05
A08,UAIUSDT,both_estimated,-0.1283474002044199,180,-0.12794678892100142,180,True,0.0004006112834184783,0.0031310772767093745
A08,UBUSDT,both_estimated,-0.04074655119697885,180,-0.040838887165073744,180,True,9.233596809489486e-05,0.0022609814934884532
A08,UMAUSDT,both_estimated,0.8310424994092275,180,0.8310686047851799,180,True,2.610537595237883e-05,3.141181823265568e-05
A08,UNIUSDT,both_estimated,1.3092982385416825,180,1.3092194196561888,180,True,7.88188854936589e-05,6.020296087141554e-05
A08,USDCUSDT,both_estimated,-0.0030026369190082457,180,-0.0030017174123606657,180,True,9.195066475800595e-07,0.0003063268526856178
A08,USELESSUSDT,both_estimated,3.0063318457111676,180,3.006502804093211,180,True,0.00017095838204328473,5.686287131032541e-05
A08,USUALUSDT,both_estimated,1.0722840197191479,180,1.072322435962796,180,True,3.841624364819829e-05,3.582527266036904e-05
A08,USUSDT,both_estimated,0.7321216908084096,180,0.7322222164824275,180,True,0.0001005256740178595,0.00013728847849056217
A08,VANAUSDT,both_estimated,0.5251488680691117,180,0.5251534203735695,180,True,4.552304457838829e-06,8.668522913933482e-06
A08,VELODROMEUSDT,both_estimated,1.6748458676090634,180,1.6749229802042982,180,True,7.711259523479619e-05,4.6039487275642014e-05
A08,VELVETUSDT,both_estimated,0.9004873905640136,180,0.9004591043611366,180,True,2.828620287698147e-05,3.141308998930067e-05
A08,VETUSDT,both_estimated,1.4118805119164415,180,1.411912234506246,180,True,3.172258980455034e-05,2.246781990358198e-05
A08,VIRTUALUSDT,both_estimated,1.5850900680123208,180,1.5850642017700145,180,True,2.586624230627166e-05,1.6318734772627672e-05
A08,VVVUSDT,both_estimated,1.1163137416933047,180,1.1164167804771195,180,True,0.00010303878381479059,9.229419121661288e-05
A08,WALUSDT,both_estimated,0.9904551958999982,180,0.9903687468894629,180,True,8.644901053533882e-05,8.728971992185409e-05
A08,WAXPUSDT,both_estimated,0.5779641664578214,180,0.5780291859975714,180,True,6.501953974991093e-05,0.00011248487329874051
A08,WETUSDT,both_estimated,0.682255316979123,180,0.6821988321358765,180,True,5.648484324649594e-05,8.279821158539539e-05
A08,WIFUSDT,both_estimated,2.047641919985497,180,2.047633029948571,180,True,8.890036926167966e-06,4.341616293614511e-06
A08,WLDUSDT,both_estimated,1.2235436808949964,180,1.2236408309925733,180,True,9.71500975768258e-05,7.939429211267913e-05
A08,WLFIUSDT,both_estimated,0.44893932740648274,180,0.4489755178433512,180,True,3.619043686847734e-05,8.060670444196533e-05
A08,WOOUSDT,both_estimated,0.9783895683838123,180,0.9785491832794914,180,True,0.00015961489567906106,0.00016311382034383873
A08,WUSDT,both_estimated,1.191809812431829,180,1.1917891484328373,180,True,2.0663998991699017e-05,1.7338636636246842e-05
A08,XAIUSDT,both_estimated,0.8902979149692084,180,0.890305180250589,180,True,7.265281380619548e-06,8.16043929855e-06
A08,XANUSDT,both_estimated,0.8785423458426693,180,0.8786661619934639,180,True,0.00012381615079459785,0.00014091375786418287
A08,XAUTUSDT,both_estimated,0.20636442269579627,180,0.20635452889723263,180,True,9.893798563642697e-06,4.7945633258041764e-05
A08,XLMUSDT,both_estimated,1.5526498982834087,180,1.5525898877169255,180,True,6.001056648319292e-05,3.86519112084635e-05
A08,XMRUSDT,both_estimated,0.8510608521498165,180,0.8508867804527379,180,True,0.00017407169707861492,0.00020457680278684697
A08,XNYUSDT,both_estimated,0.29569886962307446,180,0.2957798578299115,180,True,8.098820683705155e-05,0.00027381244764687087
A08,XPINUSDT,both_estimated,0.3082233420781314,180,0.3081690541415494,180,True,5.428793658202036e-05,0.00017616284261003253
A08,XPLUSDT,both_estimated,1.8621288792300748,180,1.8621522336533414,180,True,2.3354423266619406e-05,1.254162943531236e-05
A08,XRPUSDT,both_estimated,1.5726960372588705,180,1.5727121513312858,180,True,1.611407241530749e-05,1.0246040511397512e-05
A08,XTZUSDT,both_estimated,0.9876755294074063,180,0.9876398784955543,180,True,3.565091185198099e-05,3.6097076098513846e-05
A08,XVGUSDT,both_estimated,1.2820536205713249,180,1.281966005126366,180,True,8.761544495894391e-05,6.834459307702741e-05
A08,YBUSDT,both_estimated,0.4406653844763287,180,0.44070489922030304,180,True,3.9514743974344846e-05,8.966259291479286e-05
A08,YFIUSDT,both_estimated,0.9641357430225307,180,0.9641441566006714,180,True,8.413578140742395e-06,8.72647319712702e-06
A08,YGGUSDT,both_estimated,1.0369688900768594,180,1.0369523410363224,180,True,1.654904053705053e-05,1.5959306789848745e-05
A08,ZAMAUSDT,both_estimated,1.434503943119608,180,1.4346842982746417,180,True,0.0001803551550336735,0.00012571069136991982
A08,ZBTUSDT,both_estimated,0.4639466768028251,180,0.4639638677363078,180,True,1.7190933482735815e-05,3.705231091940595e-05
A08,ZECUSDT,both_estimated,1.806138873716623,180,1.806064000882245,180,True,7.487283437801473e-05,4.145635721737439e-05
A08,ZENUSDT,both_estimated,1.5421475058917231,180,1.542210582806998,180,True,6.307691527496218e-05,4.090032579088845e-05
A08,ZEREBROUSDT,both_estimated,1.039761717826904,180,1.0398158530458972,180,True,5.413521899311213e-05,5.206231356690291e-05
A08,ZETAUSDT,both_estimated,0.9042898131250573,180,0.904394125653222,180,True,0.00010431252816467396,0.00011533967902470788
A08,ZILUSDT,both_estimated,0.9045318057358723,180,0.904544621598457,180,True,1.2815862584725224e-05,1.4168303341495525e-05
A08,ZKCUSDT,both_estimated,0.740220938151767,180,0.7401124918797773,180,True,0.00010844627198969281,0.00014652674178523207
A08,ZKPUSDT,both_estimated,0.5604711434134492,180,0.56040924128015,180,True,6.190213329915206e-05,0.00011045880178161985
A08,ZKUSDT,both_estimated,1.1335706867586397,180,1.1334284612915362,180,True,0.00014222546710351835,0.0001254825266532068
A08,ZORAUSDT,both_estimated,0.62126863509484,180,0.6212527747660538,180,True,1.586032878619914e-05,2.5529590257639802e-05
A08,ZROUSDT,both_estimated,1.4966092687477897,180,1.4966506886461046,180,True,4.1419898314964954e-05,2.7675060472817534e-05
A12,0GUSDT,both_estimated,0.7033129515726385,180,0.7033284944791297,180,True,1.554290649119494e-05,2.2099071220917462e-05
A12,1000BONKUSDT,both_estimated,1.7882825464735652,180,1.788286963270707,180,True,4.416797141804096e-06,2.4698480906699376e-06
A12,1000CATUSDT,both_estimated,1.1961181907615313,180,1.1961821636791614,180,True,6.397291763016177e-05,5.34809158442865e-05
A12,1000FLOKIUSDT,both_estimated,1.7383037228994784,180,1.73825820352808,180,True,4.5519371398405895e-05,2.6186772083696696e-05
A12,1000LUNCUSDT,both_estimated,0.8947284409461124,180,0.8947405960221977,180,True,1.2155076085318406e-05,1.3585028039810602e-05
A12,1000PEPEUSDT,both_estimated,1.9115376917880937,180,1.9114666955766495,180,True,7.099621144424084e-05,3.7142269655304025e-05
A12,1000RATSUSDT,both_estimated,0.41276275922601124,180,0.4128420570966403,180,True,7.929787062904703e-05,0.0001920779854327791
A12,1000SATSUSDT,both_estimated,1.2634437156028437,180,1.2634490479296958,180,True,5.3323268520699685e-06,4.220452625935007e-06
A12,1000SHIBUSDT,both_estimated,1.363192209210342,180,1.3631659374400757,180,True,2.6271770266150796e-05,1.927261351283999e-05
A12,1000XECUSDT,both_estimated,1.237622166303983,180,1.2375520146314096,180,True,7.015167257340416e-05,5.66858376407702e-05
A12,1INCHUSDT,both_estimated,1.031047235163382,180,1.0310353686466442,180,True,1.1866516737679689e-05,1.1509320726073534e-05
A12,1MBABYDOGEUSDT,both_estimated,1.1213442975890853,180,1.1213867488026066,180,True,4.245121352131065e-05,3.7855997109506754e-05
A12,2ZUSDT,both_estimated,0.9644630409387094,180,0.9644568235875195,180,True,6.217351189885534e-06,6.446479549762179e-06
A12,4USDT,both_estimated,1.3697323335758183,180,1.3694886353140296,180,True,0.0002436982617886052,0.00017794836372097688
A12,AAVEUSDT,both_estimated,1.4054446103830114,180,1.4053954697567184,180,True,4.914062629302052e-05,3.496569282490076e-05
A12,ACEUSDT,both_estimated,0.5470720732160118,180,0.5469640204960395,180,True,0.00010805271997227361,0.00019754995927205783
A12,ACHUSDT,both_estimated,1.1677483976656051,180,1.1677231110900612,180,True,2.5286575543903567e-05,2.1654598854602378e-05
A12,ACTUSDT,both_estimated,1.2165019338092793,180,1.216545216418995,180,True,4.328260971564468e-05,3.5578299212791083e-05
A12,ACUUSDT,both_estimated,0.41427759058804925,180,0.41428577598008626,180,True,8.185392037007855e-06,1.9757839905662866e-05
A12,ADAUSDT,both_estimated,1.6723053684060845,180,1.672293810716104,180,True,1.155768998040152e-05,6.911279528955695e-06
A12,AEROUSDT,both_estimated,1.7314254507579645,180,1.7314605974449395,180,True,3.5146686975018326e-05,2.029886618666527e-05
A12,AEVOUSDT,both_estimated,0.9429545356877357,180,0.9428710512369172,180,True,8.348445081851619e-05,8.854280838190553e-05
A12,AGLDUSDT,both_estimated,0.8003590706866035,180,0.8003824528043653,180,True,2.3382117761761023e-05,2.9213681134356694e-05
A12,AGTUSDT,both_estimated,-0.18932835808539483,180,-0.18914267962273804,180,True,0.00018567846265679644,0.0009816846363134366
A12,AIAUSDT,both_estimated,0.22166777773196528,180,0.22156958032448898,180,True,9.819740747629702e-05,0.0004431899330787501
A12,AIGENSYNUSDT,both_estimated,0.515388670458931,180,0.5154113887265601,180,True,2.2718267629118216e-05,4.40779310004166e-05
A12,AINUSDT,both_estimated,0.040379564529651926,180,-0.05927901385800502,180,True,0.09965857838765695,1.6811780746956384
A12,AIOTUSDT,both_estimated,0.3709613345889499,180,0.37095125195097145,180,True,1.00826379784702e-05,2.7180493192681875e-05
A12,AIOUSDT,both_estimated,0.34002554599967516,180,0.3400300455327751,180,True,4.4995330999442196e-06,1.3232751514337913e-05
A12,AIXBTUSDT,both_estimated,1.3501933283129752,180,1.350246106997634,180,True,5.2778684658694175e-05,3.908819613340804e-05
A12,AKEUSDT,both_estimated,1.394862311260514,180,1.3923388838270936,180,True,0.0025234274334204887,0.001812365841916585
A12,AKTUSDT,both_estimated,1.501940776608431,180,1.5018842483084487,180,True,5.652829998226139e-05,3.7638253444583647e-05
A12,ALGOUSDT,both_estimated,1.1233283969766592,180,1.1232801186515131,180,True,4.827832514608943e-05,4.297977356177824e-05
A12,ALICEUSDT,both_estimated,0.7339817197442354,180,0.7340230938085265,180,True,4.137406429105539e-05,5.636616155546738e-05
A12,ALLOUSDT,both_estimated,0.6232574544137552,180,0.6231579712656411,180,True,9.948314811414338e-05,0.0001596435457803612
A12,ALTUSDT,both_estimated,0.8255001946392602,180,0.8255159318224968,180,True,1.5737183236663732e-05,1.9063451872964645e-05
A12,ANKRUSDT,both_estimated,0.7089058953594496,180,0.7088450407792017,180,True,6.0854580247848844e-05,8.585032940479363e-05
A12,APEUSDT,both_estimated,1.124556306513506,180,1.1245671725301833,180,True,1.0866016677324453e-05,9.66239895912737e-06
A12,API3USDT,both_estimated,0.7981741975390934,180,0.7981539510812734,180,True,2.024645781995016e-05,2.5366607272346295e-05
A12,APRUSDT,both_estimated,0.8574207829213383,180,0.857596642790993,180,True,0.00017585986965473754,0.00020506128508434096
A12,APTUSDT,both_estimated,0.9759920500333643,180,0.9760176998084292,180,True,2.5649775064917613e-05,2.6280030648985258e-05
A12,ARBUSDT,both_estimated,1.61418237753458,180,1.6141871317746739,180,True,4.754240093829409e-06,2.9452843479197423e-06
A12,ARCUSDT,both_estimated,0.48911324401336803,180,0.4892534195220324,180,True,0.00014017550866435302,0.0002865090014113648
A12,ARIAUSDT,both_estimated,0.7607132528916029,180,0.7606404688922463,180,True,7.278399935650715e-05,9.568778198523363e-05
A12,ARKMUSDT,both_estimated,1.3959589462481992,180,1.3960363715416224,180,True,7.742529342325e-05,5.5460799590594034e-05
A12,ARPAUSDT,both_estimated,0.6898478986630052,180,0.6897632888601903,180,True,8.46098028148834e-05,0.00012266498403343287
A12,ARUSDT,both_estimated,0.9412924116313115,180,0.941283898298272,180,True,8.51333303952817e-06,9.044384010944256e-06
A12,ASTERUSDT,both_estimated,0.8251586501621372,180,0.8251823914462215,180,True,2.374128408433318e-05,2.8770953343689277e-05
A12,ATHUSDT,both_estimated,1.2726921900508674,180,1.2727521603672902,180,True,5.9970316422797154e-05,4.711861294777999e-05
A12,ATOMUSDT,both_estimated,0.9171909336306134,180,0.9171733047722139,180,True,1.7628858399509895e-05,1.9220858596498443e-05
A12,ATUSDT,both_estimated,0.46331696198483935,180,0.4632679733341143,180,True,4.898865072505698e-05,0.0001057458178524372
A12,AUCTIONUSDT,both_estimated,0.8041136562588325,180,0.8041193827671104,180,True,5.7265082779034415e-06,7.121465295610163e-06
A12,AUSDT,both_estimated,1.1952919948059797,180,1.1952867467607249,180,True,5.2480452548131495e-06,4.3906161170410056e-06
A12,AVAAIUSDT,both_estimated,0.7169562117294411,180,0.7171951443115144,180,True,0.00023893258207330348,0.00033314863321149714
A12,AVAXUSDT,both_estimated,1.2525419959333417,180,1.2525566192853568,180,True,1.4623352015075142e-05,1.1674803190468516e-05
A12,AVNTUSDT,both_estimated,1.1528998834671,180,1.1528073038617703,180,True,9.257960532971232e-05,8.030796215428321e-05
A12,AWEUSDT,both_estimated,0.3547180940123475,180,0.35474598180611555,180,True,2.7887793768055502e-05,7.861341691897562e-05
A12,AXSUSDT,both_estimated,1.1796479626836278,180,1.1795964015684146,180,True,5.156111521320561e-05,4.3710810871115696e-05
A12,B2USDT,both_estimated,0.6978401752395116,180,0.7298535751998211,180,True,0.032013399960309497,0.04386277062703268
A12,BABYUSDT,both_estimated,0.9335238617679656,180,0.9335287965494552,180,True,4.934781489551732e-06,5.286158828513763e-06
A12,BANANAS31USDT,both_estimated,0.8843037451269123,180,0.8843779841841968,180,True,7.423905728443092e-05,8.394494052553047e-05
A12,BANANAUSDT,both_estimated,0.6533823929449069,180,0.653372064773905,180,True,1.0328171001883213e-05,1.5807487890467443e-05
A12,BANKUSDT,both_estimated,0.6778910725659526,180,0.6779083421088361,180,True,1.7269542883502353e-05,2.547474608408017e-05
A12,BANUSDT,both_estimated,0.7677295474044138,180,0.7676776234816334,180,True,5.192392278041691e-05,6.763766611423081e-05
A12,BARDUSDT,both_estimated,0.755831056362071,180,0.7558589503357412,180,True,2.7893973670201078e-05,3.6903675821806424e-05
A12,BASEDUSDT,both_estimated,0.9045254728563811,180,0.90454913275921,180,True,2.3659902828931934e-05,2.6156570132083886e-05
A12,BASUSDT,both_estimated,0.7161276784202895,180,0.7160267867267642,180,True,0.00010089169352522909,0.0001409049150052669
A12,BATUSDT,both_estimated,1.1281124114138281,180,1.1281071959717406,180,True,5.215442087536104e-06,4.6231795224420784e-06
A12,BBUSDT,both_estimated,1.1065745999913374,180,1.106614454135737,180,True,3.9854144399553704e-05,3.6014480247033904e-05
A12,BCHUSDT,both_estimated,1.3247260406674566,180,1.3244196686286582,180,True,0.0003063720387983526,0.00023132549754080513
A12,BEATUSDT,both_estimated,0.24498630978166136,180,0.24500114730630546,180,True,1.4837524644095712e-05,6.0561041477677384e-05
A12,BELUSDT,both_estimated,0.7984600155792019,180,0.798485945573466,180,True,2.592999426409559e-05,3.2473951993573144e-05
A12,BERAUSDT,both_estimated,1.0695698277395305,180,1.069683685896803,180,True,0.00011385815727260606,0.00010644095892436602
A12,BICOUSDT,both_estimated,0.8242018448117191,180,0.8242598367071634,180,True,5.799189544430927e-05,7.035632801906394e-05
A12,BIGTIMEUSDT,both_estimated,0.7569343336791996,180,0.7569313326083023,180,True,3.0010708973460254e-06,3.964786194019297e-06
A12,BILLUSDT,both_estimated,0.8489313373969675,180,0.8488576812405986,180,True,7.365615636889533e-05,8.677091342478925e-05
A12,BIOUSDT,both_estimated,1.2644206599156875,180,1.2644920219069207,180,True,7.136199123314313e-05,5.6435303660932145e-05
A12,BIRBUSDT,both_estimated,0.871560826339547,180,0.8714569620788337,180,True,0.00010386426071329335,0.00011918461293318303
A12,BLESSUSDT,both_estimated,0.9453923279976016,180,0.9454968258020525,180,True,0.00010449780445087598,0.00011052158145769751
A12,BLUAIUSDT,both_estimated,0.4500675947437896,180,0.4499374259545589,180,True,0.0001301687892307224,0.0002893042048115124
A12,BLURUSDT,both_estimated,1.2873630479494236,180,1.2874008523192901,180,True,3.780436986655644e-05,2.936487869994087e-05
A12,BMTUSDT,both_estimated,0.1108990829714365,180,0.11080367744765161,180,True,9.540552378488332e-05,0.0008610321063572728
A12,BNBUSDT,both_estimated,0.7772108090097517,180,0.7772518530460074,180,True,4.1044036255710736e-05,5.2806611003706725e-05
A12,BOMEUSDT,both_estimated,1.4448369223230961,180,1.4448606729590476,180,True,2.375063595150273e-05,1.643801121866088e-05
A12,BRETTUSDT,both_estimated,1.6966852112494348,180,1.6966738524631615,180,True,1.1358786273341082e-05,6.694737622584836e-06
A12,BREVUSDT,both_estimated,0.8209070197737723,180,0.8208713540287097,180,True,3.566574506264075e-05,4.344864135847693e-05
A12,BROCCOLI714USDT,both_estimated,1.4050103398005296,180,1.4049892725160218,180,True,2.106728450779194e-05,1.4994623033715511e-05
A12,BROCCOLIF3BUSDT,both_estimated,1.0191556858595427,180,1.019142904970337,180,True,1.2780889205643575e-05,1.2540821452331626e-05
A12,BRUSDT,both_estimated,2.78190927356284,180,2.7824762499974116,180,True,0.0005669764345714867,0.00020376685499903698
A12,BSBUSDT,both_estimated,0.8197310359356214,180,0.8197017580159693,180,True,2.9277919652015427e-05,3.57177709645037e-05
A12,BSVUSDT,both_estimated,1.095515547444696,180,1.0954638408229025,180,True,5.170662179354579e-05,4.720066502122448e-05
A12,BTCDOMUSDT,both_estimated,-0.14395609070818735,180,-0.1439240202913537,180,True,3.207041683364609e-05,0.0002228288007013985
A12,BTCUSDT,BTC,1.0,180,,,,,
A12,BTRUSDT,both_estimated,0.0019185597917030692,180,0.001637200368437659,180,True,0.00028135942326541026,0.1718539945931632
A12,BULLAUSDT,both_estimated,1.9163486053480114,180,1.8943897356666328,180,True,0.021958869681378612,0.011591526953481576
A12,BUSDT,both_estimated,0.6683897474738898,180,0.6685375057989937,180,True,0.0001477583251039416,0.00022101725605858148
A12,C98USDT,both_estimated,1.103254529132832,180,1.1032176926351998,180,True,3.683649763219776e-05,3.339005336671886e-05
A12,CAKEUSDT,both_estimated,0.9663996190078084,180,0.9663873280540652,180,True,1.22909537431104e-05,1.271845499863878e-05
A12,CARVUSDT,both_estimated,0.682265195364532,180,0.6821423049094246,180,True,0.00012289045510738283,0.000180153692598937
A12,CATIUSDT,both_estimated,0.2559131283317382,180,0.25582488541702764,180,True,8.824291471054568e-05,0.0003449348352749121
A12,CCUSDT,both_estimated,1.1498526973083696,180,1.14992785029875,180,True,7.515299038041157e-05,6.535452668694553e-05
A12,CELOUSDT,both_estimated,0.9175206362923815,180,0.9175483577352759,180,True,2.772144289442391e-05,3.021251431678971e-05
A12,CETUSUSDT,both_estimated,1.3667999882446353,180,1.366785763750681,180,True,1.4224493954273498e-05,1.040725937563118e-05
A12,CFGUSDT,both_estimated,0.8502297654092521,180,0.8503637111518096,180,True,0.00013394574255753966,0.0001575158262293571
A12,CFXUSDT,both_estimated,1.0585680259843293,180,1.0585897439355962,180,True,2.171795126693077e-05,2.051592828227143e-05
A12,CGPTUSDT,both_estimated,0.8741101151840651,180,0.874092249490426,180,True,1.7865693639151914e-05,2.043913974705435e-05
A12,CHILLGUYUSDT,both_estimated,1.612399209092965,180,1.612441867551795,180,True,4.2658458830002743e-05,2.645581195108261e-05
A12,CHIPUSDT,both_estimated,2.1596520591096957,180,2.1595003400285275,180,True,0.0001517190811681779,7.025656739010917e-05
A12,CHRUSDT,both_estimated,1.1840574995585849,180,1.1839813290139076,180,True,7.617054467723428e-05,6.433424481505446e-05
A12,CHZUSDT,both_estimated,0.9919027855036969,180,0.9919354246627768,180,True,3.263915907991688e-05,3.290452006088304e-05
A12,CLOUSDT,both_estimated,-0.1036570829480651,180,-0.10373362998440006,180,True,7.654703633495907e-05,0.0007379191911675179
A12,COAIUSDT,both_estimated,0.6648559756298846,180,0.664857014125843,180,True,1.0384959583387143e-06,1.5619839097345368e-06
A12,COLLECTUSDT,both_estimated,0.8533650481581664,180,0.8533098295127766,180,True,5.5218645389820686e-05,6.471113243984247e-05
A12,COMPUSDT,both_estimated,0.7368523056292129,180,0.7369283111402319,180,True,7.600551101905051e-05,0.00010313826985619396
A12,COOKIEUSDT,both_estimated,0.9248487341789341,180,0.9248675533441932,180,True,1.8819165259142956e-05,2.0347957057305616e-05
A12,COTIUSDT,both_estimated,0.13373863519915732,180,0.13372144464850688,180,True,1.719055065044217e-05,0.00012855492771281633
A12,CROSSUSDT,both_estimated,-0.07141288428573259,180,-0.07138812897647345,180,True,2.4755309259133496e-05,0.00034677066921437054
A12,CRVUSDT,both_estimated,1.1578379869843312,180,1.157829675826404,180,True,8.311157927209933e-06,7.178221547377271e-06
A12,CTSIUSDT,both_estimated,0.7574780056943354,180,0.757391779164069,180,True,8.622653026646443e-05,0.0001138466677861653
A12,CUSDT,both_estimated,0.8995263759730399,180,0.8994889521669152,180,True,3.742380612470342e-05,4.160563176962601e-05
A12,CVXUSDT,both_estimated,1.3115517095051932,180,1.3115639185099062,180,True,1.2209004712993021e-05,9.30873786682384e-06
A12,CYSUSDT,both_estimated,0.2568018654006424,180,0.25685854876537,180,True,5.6683364727583285e-05,0.00022067929994948804
A12,DASHUSDT,both_estimated,1.5071694728701996,180,1.507197894329956,180,True,2.8421459756344802e-05,1.8857151979355654e-05
A12,DEEPUSDT,both_estimated,1.257954308575454,180,1.2580058126271103,180,True,5.1504051656214855e-05,4.094102836350037e-05
A12,DEXEUSDT,both_estimated,0.2955325182222329,180,0.29552872916709944,180,True,3.789055133485153e-06,1.2821275089443927e-05
A12,DIAUSDT,both_estimated,0.8818626495168167,180,0.8818818756332929,180,True,1.9226116476200872e-05,2.1801237793207058e-05
A12,DODOXUSDT,both_estimated,0.18392237506962153,180,0.1838702617357679,180,True,5.2113333853631705e-05,0.0002834244829026325
A12,DOGEUSDT,both_estimated,1.538450234427465,180,1.5384403486220293,180,True,9.885805435816408e-06,6.425862039221123e-06
A12,DOGSUSDT,both_estimated,0.9717139276153323,180,0.9716557680119017,180,True,5.815960343058535e-05,5.985618090816805e-05
A12,DOLOUSDT,both_estimated,0.8124353481508958,180,0.8123461038398583,180,True,8.92443110375174e-05,0.00010985996069368798
A12,DOODUSDT,both_estimated,1.327168359997428,180,1.3271524320267558,180,True,1.5927970672180436e-05,1.2001613596002756e-05
A12,DOTUSDT,both_estimated,0.9881352827711799,180,0.9881023323043078,180,True,3.2950466872128104e-05,3.3347221026475914e-05
A12,DRIFTUSDT,both_estimated,0.6474450858461748,180,0.647481823463917,180,True,3.6737617742255146e-05,5.673922635498117e-05
A12,DUSKUSDT,both_estimated,1.2514684138966243,180,1.2514535790606247,180,True,1.4834835999621987e-05,1.1854084120928737e-05
A12,DYDXUSDT,both_estimated,1.2661135640881318,180,1.2661263443056001,180,True,1.278021746831115e-05,1.0093951149338408e-05
A12,DYMUSDT,both_estimated,0.8560365025249225,180,0.8561555448259313,180,True,0.0001190423010087871,0.00013904284300697965
A12,EDENUSDT,both_estimated,1.1009307819462377,180,1.1009169421352725,180,True,1.3839810965254884e-05,1.2571167211226685e-05
A12,EDGEUSDT,both_estimated,1.9730119744682761,180,1.9730055023727384,180,True,6.4720955377239875e-06,3.2803231060129527e-06
A12,EDUUSDT,both_estimated,0.44369971733287183,180,0.44370208423285984,180,True,2.366899988004434e-06,5.3344351359013635e-06
A12,EGLDUSDT,both_estimated,0.5734265833100624,180,0.5734143315144135,180,True,1.2251795648898778e-05,2.1366392459255817e-05
A12,EIGENUSDT,both_estimated,1.5028775286452625,180,1.5028750132903261,180,True,2.5153549363388095e-06,1.6736953599566513e-06
A12,ELSAUSDT,both_estimated,0.7682192872397664,180,0.7682100365651187,180,True,9.250674647742763e-06,1.2041856012588834e-05
A12,ENAUSDT,both_estimated,1.8270095756311222,180,1.8270756141349476,180,True,6.60385038253608e-05,3.6144373727317016e-05
A12,ENJUSDT,both_estimated,0.9360664973797902,180,0.9361249471425773,180,True,5.844976278712721e-05,6.243799288282931e-05
A12,ENSOUSDT,both_estimated,0.37425199308952467,180,0.3742707998424683,180,True,1.880675294363421e-05,5.0249052161028934e-05
A12,ENSUSDT,both_estimated,1.6549084058395316,180,1.6549587444265903,180,True,5.0338587058718076e-05,3.0416822913709175e-05
A12,EPICUSDT,both_estimated,0.38936863079284006,180,0.38913767849064806,180,True,0.00023095230219200014,0.0005934976615160912
A12,ERAUSDT,both_estimated,0.7548719786384528,180,0.7548710038026898,180,True,9.748357630012805e-07,1.2913938382723807e-06
A12,ESPORTSUSDT,both_estimated,0.4944787632926886,180,0.49456613098062113,180,True,8.736768793254912e-05,0.000176655218502968
A12,ESPUSDT,both_estimated,0.5032607571271603,180,0.5033384971432192,180,True,7.774001605886927e-05,0.00015444877850610586
A12,ETCUSDT,both_estimated,1.2577445990234941,180,1.2576599096466536,180,True,8.46893768404744e-05,6.733885384345942e-05
A12,ETHFIUSDT,both_estimated,1.7869922133953329,180,1.7869517945492484,180,True,4.0418846084522286e-05,2.261887881240679e-05
A12,ETHUSDT,both_estimated,1.106060926205377,180,1.1060735230723548,180,True,1.2596866977743204e-05,1.1388815223379295e-05
A12,EULUSDT,both_estimated,0.7454087830928837,180,0.7454724911946373,180,True,6.37081017536012e-05,8.546003039160769e-05
A12,EVAAUSDT,both_estimated,2.170309986029888,180,2.1700021693652998,180,True,0.0003078166645882341,0.00014185085569673272
A12,FARTCOINUSDT,both_estimated,2.1942692178067706,180,2.194125150249578,180,True,0.0001440675571924288,6.566059241244346e-05
A12,FETUSDT,both_estimated,1.5952195996485552,180,1.59534270151389,180,True,0.00012310186533470713,7.716327358246629e-05
A12,FFUSDT,both_estimated,-0.17386003042933026,180,-0.17378985512968664,180,True,7.017529964362113e-05,0.00040379399356340126
A12,FHEUSDT,both_estimated,0.8774987257770162,180,0.8775037029244147,180,True,4.977147398554926e-06,5.671938912585582e-06
A12,FIDAUSDT,both_estimated,1.0261302752281247,180,1.0260728981852814,180,True,5.737704284336509e-05,5.591907060876714e-05
A12,FIGHTUSDT,both_estimated,0.8434404577886511,180,0.8433240109420737,180,True,0.00011644684657741156,0.00013808079109158683
A12,FILUSDT,both_estimated,1.1166449858685372,180,1.1165991332193597,180,True,4.5852649177557936e-05,4.1064557380907466e-05
A12,FLOCKUSDT,both_estimated,0.49680025280335705,180,0.49669286955026476,180,True,0.0001073832530922858,0.00021619648614951324
A12,FLOWUSDT,both_estimated,0.9610852490579525,180,0.9611720991628256,180,True,8.685010487319289e-05,9.035853719520026e-05
A12,FLUIDUSDT,both_estimated,1.4278996234604213,180,1.427869791883563,180,True,2.9831576858319053e-05,2.0892364995667404e-05
A12,FOGOUSDT,both_estimated,1.0265629713469195,180,1.0266159203694603,180,True,5.294902254071587e-05,5.157627257685668e-05
A12,FOLKSUSDT,both_estimated,0.16932935159435397,180,0.16935587088222276,180,True,2.651928786878699e-05,0.0001565891263800924
A12,FORMUSDT,both_estimated,1.1894477608253773,180,1.189187390229763,180,True,0.0002603705956143454,0.000218948332074089
A12,FUSDT,both_estimated,2.0292924595361086,180,2.029483585605018,180,True,0.00019112606890958617,9.417473009647858e-05
A12,GALAUSDT,both_estimated,1.4960502104447169,180,1.4960408752007968,180,True,9.33524392010554e-06,6.23996581567504e-06
A12,GASUSDT,both_estimated,0.945665841971474,180,0.9456749942622642,180,True,9.152290790237494e-06,9.67805096440912e-06
A12,GENIUSUSDT,both_estimated,0.3402872245687402,180,0.3403988499209699,180,True,0.00011162535222969394,0.0003279251744111647
A12,GIGGLEUSDT,both_estimated,1.0639028654737204,180,1.0640275887112045,180,True,0.00012472323748413672,0.00011721804848613634
A12,GMTUSDT,both_estimated,0.8955445932353981,180,0.8954835144038601,180,True,6.107883153805282e-05,6.820765603788265e-05
A12,GMXUSDT,both_estimated,0.8782164076562345,180,0.8781983259661382,180,True,1.808169009631655e-05,2.0589529223281333e-05
A12,GPSUSDT,both_estimated,-0.12986335046725794,180,-0.12980321141775308,180,True,6.0139049504859265e-05,0.00046330941159314104
A12,GRASSUSDT,both_estimated,0.920469150829343,180,0.9205825818064278,180,True,0.00011343097708482741,0.00012321651454913005
A12,GRIFFAINUSDT,both_estimated,1.0617342589836425,180,1.0617919809765135,180,True,5.77219928710182e-05,5.4362807315546105e-05
A12,GRTUSDT,both_estimated,1.3349813416549643,180,1.334978924336461,180,True,2.4173185033671274e-06,1.8107540570864319e-06
A12,GTCUSDT,both_estimated,0.8914234581626523,180,0.8913049704436434,180,True,0.00011848771900890842,0.0001329373479763404
A12,GUAUSDT,both_estimated,0.763274764305422,180,0.7633356026261293,180,True,6.083832070735706e-05,7.970061988207144e-05
A12,GUNUSDT,both_estimated,0.9515469879000024,180,0.9514487520139561,180,True,9.823588604629396e-05,0.00010324874128885612
A12,GUSDT,both_estimated,0.7630809071567061,180,0.7632293935752084,180,True,0.0001484864185022916,0.0001945501834078142
A12,GWEIUSDT,both_estimated,0.9735879082006609,180,0.9735874454936265,180,True,4.6270703435435934e-07,4.752598613468752e-07
A12,HAEDALUSDT,both_estimated,0.8410967076262629,180,0.8410744787154023,180,True,2.2228910860566664e-05,2.6429182460175858e-05
A12,HANAUSDT,both_estimated,0.7068335684647105,180,0.7068265057546192,180,True,7.062710091210178e-06,9.992140976193183e-06
A12,HBARUSDT,both_estimated,1.1589228048139604,180,1.1588839567079223,180,True,3.884810603804745e-05,3.352199830982601e-05
A12,HEIUSDT,both_estimated,0.9022276439065959,180,0.9023539689331095,180,True,0.00012632502651355182,0.00013999498075340782
A12,HEMIUSDT,both_estimated,0.7036596247795875,180,0.7034672134444856,180,True,0.00019241133510194963,0.00027351855413391464
A12,HMSTRUSDT,both_estimated,0.6006994442627086,180,0.600669710537757,180,True,2.9733724951630514e-05,4.950095606620655e-05
A12,HOLOUSDT,both_estimated,0.7762418093529896,180,0.7762296862614482,180,True,1.2123091541416109e-05,1.5617917938444877e-05
A12,HOMEUSDT,both_estimated,0.7188275071064285,180,0.7188626639177614,180,True,3.515681133292592e-05,4.890615843271545e-05
A12,HOTUSDT,both_estimated,0.8415760769845501,180,0.8416227594294107,180,True,4.6682444860612904e-05,5.546718448092099e-05
A12,HUMAUSDT,both_estimated,0.7935450567776873,180,0.7936912668648505,180,True,0.00014621008716320105,0.00018421531553540157
A12,HUSDT,both_estimated,0.1263827482883283,180,0.12625633078553586,180,True,0.00012641750279243635,0.0010012765459434605
A12,HYPERUSDT,both_estimated,0.962120585749608,180,0.96214213186212,180,True,2.154611251203864e-05,2.2393897739763784e-05
A12,HYPEUSDT,both_estimated,1.0572752785252448,180,1.0572671226119152,180,True,8.155913329588316e-06,7.714146363919478e-06
A12,ICNTUSDT,both_estimated,0.6706592437412171,180,0.670605202590949,180,True,5.404115026808043e-05,8.058564123762706e-05
A12,ICPUSDT,both_estimated,1.1097511920604173,180,1.1097117103783374,180,True,3.948168207990044e-05,3.557832337052641e-05
A12,IDOLUSDT,both_estimated,0.8185018389113529,180,0.8183661339989953,180,True,0.00013570491235759263,0.0001658242035193495
A12,IDUSDT,both_estimated,0.9731098483241322,180,0.9730696593913113,180,True,4.018893282087266e-05,4.130118787796983e-05
A12,IMXUSDT,both_estimated,1.1081143596024148,180,1.1081366056491502,180,True,2.2246046735396874e-05,2.007518443302851e-05
A12,INJUSDT,both_estimated,1.1437956629614614,180,1.1438595060328551,180,True,6.384307139373213e-05,5.581373504089965e-05
A12,INUSDT,both_estimated,0.6276227099941811,180,0.6276068360259032,180,True,1.5873968277957395e-05,2.529285432656159e-05
A12,INXUSDT,both_estimated,0.7438130099677613,180,0.7437776231066551,180,True,3.5386861106267986e-05,4.757720588374522e-05
A12,IOSTUSDT,both_estimated,0.68611408473654,180,0.6861125994652169,180,True,1.4852713231539028e-06,2.164763224449721e-06
A12,IOTAUSDT,both_estimated,1.2549176598328984,180,1.2550146529910393,180,True,9.699315814093445e-05,7.728448262318972e-05
A12,IOTXUSDT,both_estimated,1.0057885313636605,180,1.0060453307311685,180,True,0.00025679936750799826,0.00025525625900113557
A12,IOUSDT,both_estimated,1.3132307968567811,180,1.3132156208241763,180,True,1.5176032604813372e-05,1.1556390560819607e-05
A12,IRYSUSDT,both_estimated,0.6575841937673621,180,0.6575321443271293,180,True,5.204944023284863e-05,7.915877677145695e-05
A12,JASMYUSDT,both_estimated,1.272264101290268,180,1.272200038709586,180,True,6.406258068203385e-05,5.0355744955811836e-05
A12,JCTUSDT,both_estimated,0.933005015974587,180,0.9331219837501413,180,True,0.00011696777555436633,0.00012535100189611047
A12,JELLYJELLYUSDT,both_estimated,0.7552652448073257,180,0.7552580795611304,180,True,7.165246195262043e-06,9.487149345592785e-06
A12,JOEUSDT,both_estimated,1.0854350690519736,180,1.085436414509475,180,True,1.3454575014115733e-06,1.2395544164782841e-06
A12,JSTUSDT,both_estimated,-0.2110007666920802,180,-0.21104581366862618,180,True,4.5046976545976e-05,0.0002134464349845222
A12,JTOUSDT,both_estimated,1.2413476566625565,180,1.241240942883377,180,True,0.00010671377917947922,8.597346050444107e-05
A12,JUPUSDT,both_estimated,1.4916012415108808,180,1.4917123685333462,180,True,0.00011112702246540707,7.449628012045466e-05
A12,KAIAUSDT,both_estimated,1.1661546915184426,180,1.166102818515325,180,True,5.187300311759735e-05,4.448407318287914e-05
A12,KAITOUSDT,both_estimated,1.031335747253452,180,1.0313462542250174,180,True,1.0506971565460432e-05,1.0187627600737899e-05
A12,KASUSDT,both_estimated,1.27705067908608,180,1.2770013206314939,180,True,4.935845458620136e-05,3.86518430237746e-05
A12,KATUSDT,both_estimated,0.829733595600516,180,0.8296224408133231,180,True,0.00011115478719281313,0.00013398237767512915
A12,KAVAUSDT,both_estimated,0.16590922679316503,180,0.16586443773141585,180,True,4.478906174917863e-05,0.0002700341457263161
A12,KERNELUSDT,both_estimated,0.5126795126831796,180,0.5128104627840935,180,True,0.0001309501009139069,0.0002553577011728021
A12,KGENUSDT,both_estimated,0.30723226633619527,180,0.3072897465061285,180,True,5.7480169933232794e-05,0.00018705528116957988
A12,KITEUSDT,both_estimated,0.6724020723972599,180,0.6724337627885998,180,True,3.1690391339878055e-05,4.7127900313121104e-05
A12,KMNOUSDT,both_estimated,0.8320683733742056,180,0.832066503863356,180,True,1.869510849572542e-06,2.2468286379661277e-06
A12,KOMAUSDT,both_estimated,1.2525204308697866,180,1.252625124008595,180,True,0.00010469313880845377,8.357898688269916e-05
A12,KSMUSDT,both_estimated,1.0599471023487481,180,1.0599166022835438,180,True,3.0500065204330795e-05,2.8775910424102936e-05
A12,LABUSDT,both_estimated,1.1350101967098243,180,1.1349885473323325,180,True,2.1649377491828048e-05,1.9074533873238248e-05
A12,LAUSDT,both_estimated,0.5667823741618396,180,0.5667203017057449,180,True,6.207245609468615e-05,0.00010952926145023774
A12,LAYERUSDT,both_estimated,0.6503561171070745,180,0.6503728088963803,180,True,1.6691789305744997e-05,2.5664955664535466e-05
A12,LDOUSDT,both_estimated,1.2879569627862886,180,1.287990763740156,180,True,3.380095386740223e-05,2.6243164795102023e-05
A12,LIGHTUSDT,both_estimated,0.635996345684172,180,0.636090555767236,180,True,9.421008306409462e-05,0.00014810797332222745
A12,LINEAUSDT,both_estimated,1.0370590773527903,180,1.037052657468371,180,True,6.41988441940633e-06,6.190509588084374e-06
A12,LINKUSDT,both_estimated,1.4129060599628809,180,1.4129369839475432,180,True,3.0923984662312165e-05,2.188631553539988e-05
A12,LISTAUSDT,both_estimated,1.2318515545692934,180,1.2318688328978273,180,True,1.727832853393174e-05,1.4026110631670496e-05
A12,LITUSDT,both_estimated,1.602407913253548,180,1.602571751269925,180,True,0.00016383801637687156,0.00010223443427543354
A12,LPTUSDT,both_estimated,0.9816614524547964,180,0.9816066630956065,180,True,5.478935918989958e-05,5.581600171408291e-05
A12,LQTYUSDT,both_estimated,0.8546803810222792,180,0.8546815646580183,180,True,1.1836357390881957e-06,1.3848850706892234e-06
A12,LSKUSDT,both_estimated,0.5771698650022419,180,0.5610287758854946,180,True,0.016141089116747276,0.02877051910799252
A12,LTCUSDT,both_estimated,0.887465345341719,180,0.8874726904617942,180,True,7.345120075274991e-06,8.276446311213224e-06
A12,LUMIAUSDT,both_estimated,1.0266835748180139,180,1.0267665620651973,180,True,8.298724718347472e-05,8.082387004944676e-05
A12,LUNA2USDT,both_estimated,0.9857509745985391,180,0.9857115288409262,180,True,3.9445757612943666e-05,4.001754718170635e-05
A12,LYNUSDT,both_estimated,0.6401053949863025,180,0.6401249459924419,180,True,1.9551006139373328e-05,3.054248434118075e-05
A12,MAGICUSDT,both_estimated,0.8011767216586753,180,0.8012090599454218,180,True,3.233828674653605e-05,4.0361858550050506e-05
A12,MAGMAUSDT,both_estimated,-0.17389050846458218,180,-0.17381589259919378,180,True,7.461586538839993e-05,0.00042928102990247524
A12,MANAUSDT,both_estimated,0.8073692730869944,180,0.8073603102952196,180,True,8.962791774758117e-06,1.1101352965295978e-05
A12,MANTAUSDT,both_estimated,0.7412745256624975,180,0.7412903059383793,180,True,1.5780275881782657e-05,2.1287578908517943e-05
A12,MANTRAUSDT,both_estimated,0.8503045898352656,180,0.8503213389190724,180,True,1.674908380677742e-05,1.9697357975361218e-05
A12,MAVUSDT,both_estimated,0.9396161400084825,180,0.9396021709995018,180,True,1.396900898065212e-05,1.4866939872853408e-05
A12,MEGAUSDT,both_estimated,1.0052629401450088,180,1.0052758563764697,180,True,1.2916231460824434e-05,1.2848444910813997e-05
A12,MEMEUSDT,both_estimated,1.1960148379573254,180,1.1960759874170543,180,True,6.114945972890418e-05,5.112506259820284e-05
A12,MERLUSDT,both_estimated,0.9739552287390867,180,0.9739012451448386,180,True,5.398359424813037e-05,5.543025488185092e-05
A12,METUSDT,both_estimated,1.6600742972456546,180,1.6600389182192756,180,True,3.5379026378956624e-05,2.1312166835767754e-05
A12,MEUSDT,both_estimated,0.9208361276872113,180,0.9208660796261562,180,True,2.995193894483883e-05,3.2525835849006854e-05
A12,MINAUSDT,both_estimated,0.669917962290079,180,0.6696834664057354,180,True,0.0002344958843436551,0.00035015928585219554
A12,MIRAUSDT,both_estimated,0.6316516184395796,180,0.6316604497352666,180,True,8.831295686961838e-06,1.3981080643347383e-05
A12,MITOUSDT,both_estimated,0.7374538654131755,180,0.7374357448437443,180,True,1.8120569431179234e-05,2.457240452185948e-05
A12,MMTUSDT,both_estimated,0.7234533995515315,180,0.7233731700118952,180,True,8.022953963637836e-05,0.00011091030599746885
A12,MONUSDT,both_estimated,1.8913545289739833,180,1.8913834868060335,180,True,2.8957832050258148e-05,1.531039699366258e-05
A12,MOODENGUSDT,both_estimated,1.5978930042297372,180,1.597920529137618,180,True,2.7524907880716043e-05,1.722545482006603e-05
A12,MORPHOUSDT,both_estimated,0.9944035334516003,180,0.9943727444303329,180,True,3.078902126740779e-05,3.096325944155533e-05
A12,MOVEUSDT,both_estimated,1.2591666645399722,180,1.2591677286577676,180,True,1.0641177954351377e-06,8.45096146618571e-07
A12,MOVRUSDT,both_estimated,0.8646503301693731,180,0.8647502245726963,180,True,9.989440332325294e-05,0.00011551821610987647
A12,MUBARAKUSDT,both_estimated,2.5699449152317366,180,2.570201847746957,180,True,0.0002569325152204094,9.996589001196029e-05
A12,MUSDT,both_estimated,0.22418497752330802,180,0.2243459559074314,180,True,0.00016097838412337806,0.0007175452905859388
A12,MYXUSDT,both_estimated,2.2237975211624135,180,2.2237079946164067,180,True,8.952654600680177e-05,4.026002794591079e-05
A12,NAORISUSDT,both_estimated,1.0160307350291522,180,1.0159631566214462,180,True,6.757840770599266e-05,6.651659291535979e-05
A12,NEARUSDT,both_estimated,1.5341855752314992,180,1.5341558973976308,180,True,2.9677833868424486e-05,1.9344731470098064e-05
A12,NEIROUSDT,both_estimated,1.5535279780805868,180,1.5534363473594264,180,True,9.163072116047388e-05,5.8985822828357464e-05
A12,NEOUSDT,both_estimated,0.9858263998274395,180,0.9857776296055557,180,True,4.87702218837649e-05,4.947385740867296e-05
A12,NEWTUSDT,both_estimated,0.7573352939123003,180,0.757216017935389,180,True,0.00011927597691130387,0.00015751908845842898
A12,NIGHTUSDT,both_estimated,1.3864325055357474,180,1.3864499830089778,180,True,1.7477473230442797e-05,1.260591687015775e-05
A12,NILUSDT,both_estimated,0.4469683962515299,180,0.4470066507831793,180,True,3.825453164940651e-05,8.557933440673096e-05
A12,NOMUSDT,both_estimated,0.6708447204643757,180,0.670890289152403,180,True,4.556868802729763e-05,6.792271219914171e-05
A12,NOTUSDT,both_estimated,1.1155714041352451,180,1.1155297025503779,180,True,4.1701584867270824e-05,3.738276513115756e-05
A12,NXPCUSDT,both_estimated,0.5703431390228111,180,0.5704065315384049,180,True,6.339251559384085e-05,0.00011113567620424888
A12,OGNUSDT,both_estimated,0.928369089673013,180,0.9283925921339216,180,True,2.3502460908542133e-05,2.5315218052872915e-05
A12,ONDOUSDT,both_estimated,1.5226908723903463,180,1.5227427346326543,180,True,5.186224230802061e-05,3.405844016095853e-05
A12,ONEUSDT,both_estimated,0.25566765816886566,180,0.25546729074768487,180,True,0.00020036742118079154,0.0007843173213853301
A12,ONGUSDT,both_estimated,0.8491031193498891,180,0.8490848601903566,180,True,1.8259159532574287e-05,2.15045166727867e-05
A12,ONTUSDT,both_estimated,0.8050176636112846,180,0.8050533920700629,180,True,3.572845877830577e-05,4.438023506296383e-05
A12,ONUSDT,both_estimated,0.34345248791818556,180,0.343566470907728,180,True,0.00011398298954246044,0.0003317640084066089
A12,OPENUSDT,both_estimated,0.8848871664191318,180,0.884998022638087,180,True,0.00011085621895523534,0.00012526154422897408
A12,OPGUSDT,both_estimated,0.4382125145665849,180,0.43821630560403124,180,True,3.7910374463545615e-06,8.651064321143981e-06
A12,OPNUSDT,both_estimated,1.2198653832238886,180,1.2197528946516707,180,True,0.00011248857221790587,9.222242694495072e-05
A12,OPUSDT,both_estimated,1.403989605341788,180,1.40403118898832,180,True,4.158364653195079e-05,2.9617323929900764e-05
A12,ORCAUSDT,both_estimated,0.8050090946556476,180,0.8050134156345801,180,True,4.320978932437214e-06,5.3675862395796854e-06
A12,ORDERUSDT,both_estimated,1.1328510484850975,180,1.132797789495581,180,True,5.325898951658026e-05,4.7015442659272616e-05
A12,ORDIUSDT,both_estimated,1.3096040767321435,180,1.3096492645364344,180,True,4.5187804290858224e-05,3.4503745021269474e-05
A12,PARTIUSDT,both_estimated,0.7858262865653992,180,0.7857877483743293,180,True,3.853819106991452e-05,4.9044021301736945e-05
A12,PAXGUSDT,both_estimated,0.21139031353707954,180,0.21142221735706493,180,True,3.190381998538494e-05,0.0001509009809101732
A12,PENDLEUSDT,both_estimated,1.108525655025937,180,1.108547006544537,180,True,2.1351518600054575e-05,1.9260814808935894e-05
A12,PENGUUSDT,both_estimated,1.7820495167502493,180,1.781976986548624,180,True,7.253020162534263e-05,4.0702097823283834e-05
A12,PEOPLEUSDT,both_estimated,1.4843819309033355,180,1.484326917386072,180,True,5.501351726344694e-05,3.70629385070553e-05
A12,PHAROSUSDT,both_estimated,0.2556529284433182,180,0.25561360757227974,180,True,3.9320871038472927e-05,0.00015382933409503318
A12,PHAUSDT,both_estimated,1.7943971990326653,180,1.79474173776189,180,True,0.000344538729224686,0.00019197120230476095
A12,PIEVERSEUSDT,both_estimated,1.899096854250884,180,1.8989472786659347,180,True,0.00014957558494921308,7.87676343780825e-05
A12,PIPPINUSDT,both_estimated,1.1873874427821733,180,1.1874118967300455,180,True,2.4453947872205006e-05,2.0594326147099853e-05
A12,PIXELUSDT,both_estimated,1.080278305611226,180,1.0802953071741739,180,True,1.7001562947926985e-05,1.5737884664517808e-05
A12,PLAYUSDT,both_estimated,0.36407708311873743,180,0.36404999047617354,180,True,2.7092642563897318e-05,7.442011611773544e-05
A12,PLUMEUSDT,both_estimated,1.088666575745319,180,1.0886725526195318,180,True,5.976874212665351e-06,5.490056857118307e-06
A12,PNUTUSDT,both_estimated,1.382055086212906,180,1.3820684307349769,180,True,1.3344522070912745e-05,9.655471302398679e-06
A12,POLUSDT,both_estimated,1.1425851805280538,180,1.1425856170544066,180,True,4.3652635284274766e-07,3.820513284318382e-07
A12,POPCATUSDT,both_estimated,1.4482491721034896,180,1.4480587663156417,180,True,0.00019040578784790263,0.0001314903733723185
A12,PORTALUSDT,both_estimated,0.5501521253835928,180,0.5503159266911382,180,True,0.0001638013075453415,0.0002976495856302449
A12,POWERUSDT,both_estimated,0.3268346134161696,180,0.3269325407654919,180,True,9.792734932229097e-05,0.0002995338093081841
A12,POWRUSDT,both_estimated,0.5650937541863063,180,0.5650733165897549,180,True,2.0437596551348136e-05,3.616804395346436e-05
A12,PRLUSDT,both_estimated,0.6293063201138058,180,0.6293132311872577,180,True,6.911073451854044e-06,1.0981929362609562e-05
A12,PROMPTUSDT,both_estimated,0.828518248584168,180,0.8285501693155408,180,True,3.192073137281426e-05,3.852600911201761e-05
A12,PROMUSDT,both_estimated,0.2669587202126833,180,0.26684702172150704,180,True,0.00011169849117625974,0.00041858623887072293
A12,PROVEUSDT,both_estimated,0.6986868570210085,180,0.6987606174117852,180,True,7.376039077666707e-05,0.00010555888374172565
A12,PTBUSDT,both_estimated,1.3328646835594617,180,1.3332361679064586,180,True,0.0003714843469968532,0.00027863356540963337
A12,PUMPUSDT,both_estimated,1.2464415107262634,180,1.246534396803657,180,True,9.288607739366128e-05,7.451545471335426e-05
A12,PYTHUSDT,both_estimated,1.4029535468880696,180,1.4028945089465403,180,True,5.903794152928299e-05,4.208295146412376e-05
A12,QNTUSDT,both_estimated,0.7974568045039824,180,0.7975141957753501,180,True,5.739127136772382e-05,7.196269567581494e-05
A12,QTUMUSDT,both_estimated,0.9764060562037989,180,0.9763752163759244,180,True,3.083982787455142e-05,3.158604126497764e-05
A12,QUSDT,both_estimated,-0.2892405571959203,180,-0.28934619054550853,180,True,0.00010563334958824111,0.0003650759990621927
A12,RAREUSDT,both_estimated,0.8844165904480913,180,0.8843857239552264,180,True,3.08664928648783e-05,3.490161818401421e-05
A12,RAVEUSDT,both_estimated,1.1087502010918464,180,1.1085665303381729,180,True,0.00018367075367353713,0.00016568311296346607
A12,RECALLUSDT,both_estimated,0.6799936507866667,180,0.6799389900382893,180,True,5.466074837745527e-05,8.039066618959029e-05
A12,RENDERUSDT,both_estimated,1.2048471225753985,180,1.2049252779435389,180,True,7.815536814037571e-05,6.48632488429195e-05
A12,RESOLVUSDT,both_estimated,0.8425822496937935,180,0.8425890726106213,180,True,6.822916827853298e-06,8.097561491883144e-06
A12,REZUSDT,both_estimated,1.2123994893527898,180,1.2124165385427328,180,True,1.7049189942941467e-05,1.4062155538915516e-05
A12,RIFUSDT,both_estimated,0.5189319105796301,180,0.5189242974689894,180,True,7.613110640680709e-06,1.4670946567376071e-05
A12,RIVERUSDT,both_estimated,1.316100496589001,180,1.315945408306311,180,True,0.0001550882826901745,0.00011785312803346535
A12,RLCUSDT,both_estimated,0.9983800713187816,180,0.9984219099653625,180,True,4.183864658091618e-05,4.190477609046827e-05
A12,ROBOUSDT,both_estimated,0.4389238056909889,180,0.43884857739799926,180,True,7.522829298961531e-05,0.00017142198212343637
A12,RONINUSDT,both_estimated,1.2706287055044991,180,1.2705967985676923,180,True,3.190693680688028e-05,2.511177176178003e-05
A12,ROSEUSDT,both_estimated,1.037081804773823,180,1.0370758187991238,180,True,5.985974699251884e-06,5.771974035787769e-06
A12,RSRUSDT,both_estimated,1.3098933128218553,180,1.3099384150329936,180,True,4.51022111382926e-05,3.44307874482455e-05
A12,RUNEUSDT,both_estimated,1.2294856750906613,180,1.2295062705668185,180,True,2.059547615718138e-05,1.6751013516740013e-05
A12,RVNUSDT,both_estimated,0.9271714580022159,180,0.9271430278585943,180,True,2.8430143621638315e-05,3.0664247874788976e-05
A12,SAFEUSDT,both_estimated,0.6861891376955462,180,0.6862693319392241,180,True,8.019424367788908e-05,0.00011685535101981078
A12,SAGAUSDT,both_estimated,0.1064678950923842,180,0.1062738720193431,180,True,0.00019402307304110245,0.0018256893190622427
A12,SAHARAUSDT,both_estimated,1.1058123951843233,180,1.1057703128657244,180,True,4.208231859892386e-05,3.8057016099358776e-05
A12,SANDUSDT,both_estimated,1.0611141011234952,180,1.061156308792684,180,True,4.220766918883179e-05,3.977516680540021e-05
A12,SAPIENUSDT,both_estimated,0.8424846001264956,180,0.8424549107595295,180,True,2.9689366966123565e-05,3.5241490775282694e-05
A12,SCRTUSDT,both_estimated,0.11207896846930245,178,0.1089315431424623,180,True,0.0031474253268401475,0.02889360818770278
A12,SCRUSDT,both_estimated,0.9210811599226402,180,0.9210805831671494,180,True,5.767554908109318e-07,6.261726730008242e-07
A12,SEIUSDT,both_estimated,1.3560404042684193,180,1.3560979505486523,180,True,5.7546280233022884e-05,4.2435194456079456e-05
A12,SENTUSDT,both_estimated,0.7054073726554114,180,0.7054234903553115,180,True,1.6117699900064508e-05,2.284826082548833e-05
A12,SHELLUSDT,both_estimated,0.9659458255189487,180,0.9659169756732302,180,True,2.8849845718492695e-05,2.9867831754778683e-05
A12,SIGNUSDT,both_estimated,0.7849410516030328,180,0.784979630164274,180,True,3.857856124112047e-05,4.9145939281312395e-05
A12,SIRENUSDT,both_estimated,0.4796721040860216,180,0.4797390851427747,180,True,6.69810567530682e-05,0.00013961976171512905
A12,SKLUSDT,both_estimated,0.9916963845392095,180,0.9917912822513916,180,True,9.489771218207377e-05,9.568314813844052e-05
A12,SKRUSDT,both_estimated,0.7239562202218838,180,0.7240272039694755,180,True,7.09837475917352e-05,9.80401664503311e-05
A12,SKYAIUSDT,both_estimated,0.8063238545106325,180,0.8063011863439677,180,True,2.266816666474103e-05,2.8113770695942893e-05
A12,SKYUSDT,both_estimated,1.02411708842173,180,1.0241366710900328,180,True,1.958266830270894e-05,1.9121147455706532e-05
A12,SNXUSDT,both_estimated,1.0558207346317887,180,1.055843837369261,180,True,2.3102737472191492e-05,2.188082806805431e-05
A12,SOLUSDT,both_estimated,1.3556251999907765,180,1.3555729814271047,180,True,5.221856367176869e-05,3.852139603490372e-05
A12,SOLVUSDT,both_estimated,0.10097569568858142,180,0.10083243684993072,180,True,0.00014325883865069777,0.0014207614446917554
A12,SOONUSDT,both_estimated,0.7947236023583343,180,0.7947113664894901,180,True,1.2235868844134856e-05,1.539661990514222e-05
A12,SOPHUSDT,both_estimated,0.38848590565886176,180,0.3884580778571064,180,True,2.782780175536459e-05,7.163656348420948e-05
A12,SPACEUSDT,both_estimated,0.8608872317256833,180,0.8608427400663523,180,True,4.4491659330958555e-05,5.168384103178847e-05
A12,SPELLUSDT,both_estimated,0.7501176360067145,180,0.7501774570246257,180,True,5.982101791113248e-05,7.974248939497094e-05
A12,SPKUSDT,both_estimated,0.9367974077722155,180,0.9368866863416417,180,True,8.927856942619883e-05,9.529281473175169e-05
A12,SPXUSDT,both_estimated,2.143723282967469,180,2.1436433083236737,180,True,7.997464379538854e-05,3.7307813051196756e-05
A12,SQDUSDT,both_estimated,0.7284911691086047,180,0.7284046047883269,180,True,8.656432027775995e-05,0.00011884098440442368
A12,SSVUSDT,both_estimated,1.0766928629107515,180,1.0767118216124447,180,True,1.8958701693216895e-05,1.760796279251864e-05
A12,STABLEUSDT,both_estimated,0.4641328371123994,180,0.4642140296534303,180,True,8.119254103089446e-05,0.0001749032468740995
A12,STARUSDT,both_estimated,0.6907087005993194,180,0.690740809561934,180,True,3.210896261451879e-05,4.648482060135148e-05
A12,STBLUSDT,both_estimated,0.9934176383249611,180,0.993315875333367,180,True,0.00010176299159414537,0.0001024477652287523
A12,STGUSDT,both_estimated,0.2837249063439789,179,0.3223713378324609,180,True,0.038646431488482014,0.11988172319639312
A12,STORJUSDT,both_estimated,0.03422056000341725,178,0.03294690098628546,180,True,0.0012736590171317924,0.03865793076143848
A12,STOUSDT,both_estimated,0.9183950765311445,180,0.9182787413165026,180,True,0.0001163352146419383,0.0001266883457142357
A12,STRKUSDT,both_estimated,1.4677056987334778,180,1.4676537347200174,180,True,5.1964013460414904e-05,3.5406180784412356e-05
A12,STXUSDT,both_estimated,1.0502578390095758,180,1.0502021532496668,180,True,5.56857599089966e-05,5.3023848538766335e-05
A12,SUIUSDT,both_estimated,1.5400740471332695,180,1.540139875041288,180,True,6.582790801856753e-05,4.274151269332132e-05
A12,SUSDT,both_estimated,1.4162429549868718,180,1.4162485465877648,180,True,5.591600892973503e-06,3.948177674353568e-06
A12,SUSHIUSDT,both_estimated,1.1089324337065916,180,1.108930297504402,180,True,2.136202189584324e-06,1.926362905217534e-06
A12,SWARMSUSDT,both_estimated,1.1554499749652007,180,1.1554405390167897,180,True,9.43594841107398e-06,8.1665374309122e-06
A12,SXTUSDT,both_estimated,1.0103879381827034,180,1.0104034383742984,180,True,1.550019159490823e-05,1.53405966431067e-05
A12,SYNUSDT,both_estimated,0.33131727609233436,180,0.3309655959184174,180,True,0.00035168017391695727,0.001062588312060224
A12,SYRUPUSDT,both_estimated,0.929406295913609,180,0.9293734594923883,180,True,3.2836421220761025e-05,3.533178281064305e-05
A12,TACUSDT,both_estimated,-0.012360576867300398,180,-0.01181820668102394,180,True,0.0005423701862764582,0.04589276536746662
A12,TAGUSDT,both_estimated,0.9139507610992113,180,0.9138269975468737,180,True,0.00012376355233756353,0.00013543433567819846
A12,TAIKOUSDT,both_estimated,0.6710519383827037,180,0.6710269858489262,180,True,2.4952533777544694e-05,3.7185589110066675e-05
A12,TAKEUSDT,both_estimated,1.3256896344123452,180,1.3084159990648883,180,True,0.01727363534745696,0.013201944457880564
A12,TAOUSDT,both_estimated,1.4717456860111326,180,1.4716547905025092,180,True,9.08955086234009e-05,6.176415094763075e-05
A12,TAUSDT,both_estimated,0.40906625776667765,180,0.40904159903191556,180,True,2.4658734762095236e-05,6.0284173591281195e-05
A12,THETAUSDT,both_estimated,1.053151649115955,180,1.0531123690653863,180,True,3.928005056863526e-05,3.7299011693781004e-05
A12,THEUSDT,both_estimated,0.78622114533276,180,0.7862735004356753,180,True,5.235510291534684e-05,6.65863759701132e-05
A12,TIAUSDT,both_estimated,1.228154831624992,180,1.2281408891138268,180,True,1.394251116515477e-05,1.1352533971257224e-05
A12,TLMUSDT,both_estimated,0.693844332597082,180,0.6939192988408002,180,True,7.49662437181664e-05,0.00010803308661885948
A12,TNSRUSDT,both_estimated,1.1322527465649346,180,1.1323082332521148,180,True,5.548668718025063e-05,4.9003164995883416e-05
A12,TOSHIUSDT,both_estimated,1.3128618747969147,180,1.3127718728138824,180,True,9.000198303232843e-05,6.855873811449982e-05
A12,TOWNSUSDT,both_estimated,0.8198276179180248,180,0.8197430405278614,180,True,8.457739016343169e-05,0.00010317549034508341
A12,TRADOORUSDT,both_estimated,1.3282729179200492,180,1.3281902273935111,180,True,8.269052653808728e-05,6.22580446931628e-05
A12,TRBUSDT,both_estimated,1.3823909281195774,180,1.3823030496860886,180,True,8.78784334887861e-05,6.35739272287236e-05
A12,TREEUSDT,both_estimated,0.6456920277146591,180,0.6456277835772567,180,True,6.424413740235835e-05,9.950646337801354e-05
A12,TRIAUSDT,both_estimated,0.5424912469882951,180,0.5424362189836416,180,True,5.502800465351232e-05,0.0001014460368384284
A12,TRUMPUSDT,both_estimated,1.5688428782696657,180,1.5687879007435863,180,True,5.497752607941386e-05,3.504458827949603e-05
A12,TRUSTUSDT,both_estimated,0.7580840435854539,180,0.7580537971252086,180,True,3.0246460245297868e-05,3.990015004212429e-05
A12,TRUTHUSDT,both_estimated,0.13526774283521953,180,0.13525594871784877,180,True,1.1794117370761414e-05,8.719851128592194e-05
A12,TRXUSDT,both_estimated,0.19206968702518784,180,0.19207889640327455,180,True,9.209378086710851e-06,4.7945809035551344e-05
A12,TSTUSDT,both_estimated,1.008533862382393,180,1.0086027939180542,180,True,6.893153566123189e-05,6.834358984219942e-05
A12,TURBOUSDT,both_estimated,1.401314781627376,180,1.4013765979767396,180,True,6.181634936353042e-05,4.411116144852054e-05
A12,TURTLEUSDT,both_estimated,0.818258658229003,180,0.8182505810013405,180,True,8.07722766249519e-06,9.871337521826895e-06
A12,TUSDT,both_estimated,0.3110045533067261,180,0.3111105380902887,180,True,0.0001059847835626071,0.0003406660031935299
A12,TUTUSDT,both_estimated,0.7900991908938694,180,0.7900361665383722,180,True,6.302435549720986e-05,7.977401309785323e-05
A12,TWTUSDT,both_estimated,0.961874684867184,180,0.9618670947297409,180,True,7.590137443114209e-06,7.891045950840886e-06
A12,UAIUSDT,both_estimated,-0.07501173934869552,180,-0.07461193288957076,180,True,0.00039980645912476853,0.005358478780016346
A12,UBUSDT,both_estimated,0.01207263650902174,180,0.011975865911856816,180,True,9.677059716492464e-05,0.008080467656966335
A12,UMAUSDT,both_estimated,0.8362327888737521,180,0.8362591581251246,180,True,2.6369251372559965e-05,3.153239174286506e-05
A12,UNIUSDT,both_estimated,1.3433279088822832,180,1.3432616235167485,180,True,6.628536553465736e-05,4.934657878568573e-05
A12,USDCUSDT,both_estimated,-0.0032566441915430934,180,-0.003255905891882606,180,True,7.382996604875236e-07,0.0002267570639336352
A12,USELESSUSDT,both_estimated,3.0674445329938997,180,3.067605234006189,180,True,0.00016070101228926603,5.238647088869252e-05
A12,USUALUSDT,both_estimated,1.0597453998370703,180,1.0597689722718624,180,True,2.3572434792118457e-05,2.2242993906101475e-05
A12,USUSDT,both_estimated,0.7366787130410499,180,0.7367787688706864,180,True,0.00010005582963645843,0.00013580172755224906
A12,VANAUSDT,both_estimated,0.5426054908635946,180,0.542614584030109,180,True,9.09316651442893e-06,1.675805771177791e-05
A12,VELODROMEUSDT,both_estimated,1.6704554355624157,180,1.6705270304395765,180,True,7.15948771607966e-05,4.285765860487596e-05
A12,VELVETUSDT,both_estimated,0.9173127136459115,180,0.9173000695947519,180,True,1.2644051159638181e-05,1.378398582834962e-05
A12,VETUSDT,both_estimated,1.4068208414952315,180,1.40685975709269,180,True,3.891559745849982e-05,2.7661319660546586e-05
A12,VIRTUALUSDT,both_estimated,1.6048125213678983,180,1.6047821443074042,180,True,3.0377060494135577e-05,1.892908679342627e-05
A12,VVVUSDT,both_estimated,1.2253305454655323,180,1.2254464049517402,180,True,0.0001158594862078477,9.454471916494006e-05
A12,WALUSDT,both_estimated,1.0265386249383184,180,1.0264612503197919,180,True,7.737461852652672e-05,7.537997026426552e-05
A12,WAXPUSDT,both_estimated,0.5945241571937856,180,0.5945930389242081,180,True,6.888173042252088e-05,0.00011584684971614868
A12,WETUSDT,both_estimated,0.6802746298536079,180,0.6802092676108471,180,True,6.536224276076918e-05,9.609137345385806e-05
A12,WIFUSDT,both_estimated,2.047245639910951,180,2.047225301975365,180,True,2.0337935586312028e-05,9.934390497561741e-06
A12,WLDUSDT,both_estimated,1.2313483786307584,180,1.2314420005364268,180,True,9.362190566841733e-05,7.602624047875158e-05
A12,WLFIUSDT,both_estimated,0.4508598258347801,180,0.45089362455980053,180,True,3.379872502040637e-05,7.495942097962345e-05
A12,WOOUSDT,both_estimated,0.9965071630391045,180,0.9966657776554465,180,True,0.00015861461634203433,0.00015914524196381947
A12,WUSDT,both_estimated,1.1922587324524283,180,1.192251525590138,180,True,7.206862290276561e-06,6.0447499001599716e-06
A12,XAIUSDT,both_estimated,0.9003830757120589,180,0.9003965238595623,180,True,1.3448147503369867e-05,1.493580566673469e-05
A12,XANUSDT,both_estimated,0.87165754273145,180,0.8717806755005549,180,True,0.00012313276910491666,0.00014124282926346912
A12,XAUTUSDT,both_estimated,0.20879888191197116,180,0.2087905700433757,180,True,8.311868595456406e-06,3.9809597692700574e-05
A12,XLMUSDT,both_estimated,1.5579689271269967,180,1.5579177768877388,180,True,5.1150239257946595e-05,3.283243828190324e-05
A12,XMRUSDT,both_estimated,0.8809965296472367,180,0.8808327678934719,180,True,0.00016376175376486835,0.00018591696373479344
A12,XNYUSDT,both_estimated,0.3229115663316269,180,0.3230104909820051,180,True,9.892465037825149e-05,0.0003062583202096757
A12,XPINUSDT,both_estimated,0.3386215936145804,180,0.3385580202954713,180,True,6.357331910911146e-05,0.00018777673337535715
A12,XPLUSDT,both_estimated,1.8754953429165317,180,1.87551379242046,180,True,1.844950392815292e-05,9.837039856871839e-06
A12,XRPUSDT,both_estimated,1.5852995516212043,180,1.585308041096639,180,True,8.489475434636518e-06,5.355095170503211e-06
A12,XTZUSDT,both_estimated,0.9944152286128576,180,0.9943882883161203,180,True,2.6940296737332226e-05,2.709233108824366e-05
A12,XVGUSDT,both_estimated,1.3081651719920193,180,1.3080871493445416,180,True,7.80226474776935e-05,5.964636799374507e-05
A12,YBUSDT,both_estimated,0.49597863971110595,180,0.4960272364294756,180,True,4.85967183696534e-05,9.797187493062754e-05
A12,YFIUSDT,both_estimated,0.9772639811390251,180,0.977264051503458,180,True,7.03644328359232e-08,7.200145419006464e-08
A12,YGGUSDT,both_estimated,1.0603532441363381,180,1.0603404003711685,180,True,1.284376516963448e-05,1.2112869758747817e-05
A12,ZAMAUSDT,both_estimated,1.4265441504144796,180,1.426720461238729,180,True,0.0001763108242494038,0.00012357769376653122
A12,ZBTUSDT,both_estimated,0.499228761880666,180,0.4992490442997831,180,True,2.0282419117112482e-05,4.0625854668503956e-05
A12,ZECUSDT,both_estimated,1.8090162949429522,180,1.8089306281859052,180,True,8.566675704702043e-05,4.735767956614884e-05
A12,ZENUSDT,both_estimated,1.5466776326611187,180,1.5467471642037538,180,True,6.953154263511507e-05,4.4953399136121284e-05
A12,ZEREBROUSDT,both_estimated,1.1145362450785903,180,1.1145831757293945,180,True,4.69306508041889e-05,4.2106010413693e-05
A12,ZETAUSDT,both_estimated,0.877226873083675,180,0.8773280064745888,180,True,0.00010113339091377682,0.00011527432176725579
A12,ZILUSDT,both_estimated,0.9234753856582205,180,0.923490099416816,180,True,1.4713758595519266e-05,1.5932773513014382e-05
A12,ZKCUSDT,both_estimated,0.7552592333275757,180,0.7551514899039075,180,True,0.00010774342366826062,0.00014267789325552534
A12,ZKPUSDT,both_estimated,0.5607745053175553,180,0.5606981562491753,180,True,7.634906838005495e-05,0.00013616786060221194
A12,ZKUSDT,both_estimated,1.1520179340005696,180,1.1518831403730796,180,True,0.00013479362749002632,0.00011702022780398407
A12,ZORAUSDT,both_estimated,0.647115573051195,180,0.6470939439137768,180,True,2.162913741821093e-05,3.342503452805138e-05
A12,ZROUSDT,both_estimated,1.5202978625708696,180,1.520339119618388,180,True,4.125704751833936e-05,2.7136740077236892e-05
