model,col_idx,booster_input_pos,name,classification,dimensions,training_source,serving_source,gain,gain_rank,split_count,measured:total_S_vs_T:kind,measured:total_S_vs_T:bitwise_equal_share,measured:total_S_vs_T:max,measured:total_S_vs_T:median,measured:total_S_vs_T:n_gt_1e-3,measured:total_S_vs_T:share_gt_1e-3,measured:total_S_vs_T:spearman_median,measured:total_S_vs_T:spearman_min,measured:universe_Trep_vs_TP:kind,measured:universe_Trep_vs_TP:bitwise_equal_share,measured:universe_Trep_vs_TP:max,measured:universe_Trep_vs_TP:median,measured:universe_Trep_vs_TP:n_gt_1e-3,measured:universe_Trep_vs_TP:share_gt_1e-3,measured:universe_Trep_vs_TP:spearman_median,measured:universe_Trep_vs_TP:spearman_min,measured:clock_TP_vs_TPE:kind,measured:clock_TP_vs_TPE:bitwise_equal_share,measured:clock_TP_vs_TPE:max,measured:clock_TP_vs_TPE:median,measured:clock_TP_vs_TPE:n_gt_1e-3,measured:clock_TP_vs_TPE:share_gt_1e-3,measured:clock_TP_vs_TPE:spearman_median,measured:clock_TP_vs_TPE:spearman_min,measured:store_TPE_vs_TPE32:kind,measured:store_TPE_vs_TPE32:bitwise_equal_share,measured:store_TPE_vs_TPE32:max,measured:store_TPE_vs_TPE32:median,measured:store_TPE_vs_TPE32:n_gt_1e-3,measured:store_TPE_vs_TPE32:share_gt_1e-3,measured:store_TPE_vs_TPE32:spearman_median,measured:store_TPE_vs_TPE32:spearman_min,measured:reduction_TPE32_vs_S:kind,measured:reduction_TPE32_vs_S:bitwise_equal_share,measured:reduction_TPE32_vs_S:max,measured:reduction_TPE32_vs_S:median,measured:reduction_TPE32_vs_S:n_gt_1e-3,measured:reduction_TPE32_vs_S:share_gt_1e-3,measured:reduction_TPE32_vs_S:spearman_median,measured:reduction_TPE32_vs_S:spearman_min,measured:P10:n_thresholds,measured:P10:n_thr_with_f16_risk,measured:P10:served_cells_in_risk_interval,measured:P10:leaf_rows_changed_single_col,measured:P10:rank_changed_single_col,measured:P10:max_abs_dpred_single_col,measured:clock_subst:spearman_median,measured:clock_subst:decile_changed_median,measured:clock_subst:max_abs_dpred,measured:total_FS_vs_T171:kind,measured:total_FS_vs_T171:bitwise_equal_share,measured:total_FS_vs_T171:max,measured:total_FS_vs_T171:median,measured:total_FS_vs_T171:n_gt_1e-3,measured:total_FS_vs_T171:share_gt_1e-3,measured:total_FS_vs_T171:spearman_median,measured:total_FS_vs_T171:spearman_min,measured:history_members_FS_vs_FH:kind,measured:history_members_FS_vs_FH:bitwise_equal_share,measured:history_members_FS_vs_FH:max,measured:history_members_FS_vs_FH:median,measured:history_members_FS_vs_FH:n_gt_1e-3,measured:history_members_FS_vs_FH:share_gt_1e-3,measured:history_members_FS_vs_FH:spearman_median,measured:history_members_FS_vs_FH:spearman_min,measured:universe_btcv_FH_vs_FD:kind,measured:universe_btcv_FH_vs_FD:bitwise_equal_share,measured:universe_btcv_FH_vs_FD:max,measured:universe_btcv_FH_vs_FD:median,measured:universe_btcv_FH_vs_FD:n_gt_1e-3,measured:universe_btcv_FH_vs_FD:share_gt_1e-3,measured:universe_btcv_FH_vs_FD:spearman_median,measured:universe_btcv_FH_vs_FD:spearman_min,measured:code_identity_FD_vs_T171:kind,measured:code_identity_FD_vs_T171:bitwise_equal_share,measured:code_identity_FD_vs_T171:max,measured:code_identity_FD_vs_T171:median,measured:code_identity_FD_vs_T171:n_gt_1e-3,measured:code_identity_FD_vs_T171:share_gt_1e-3,measured:code_identity_FD_vs_T171:spearman_median,measured:code_identity_FD_vs_T171:spearman_min,measured:phase1_truncation_FT_vs_FS:kind,measured:phase1_truncation_FT_vs_FS:bitwise_equal_share,measured:phase1_truncation_FT_vs_FS:max,measured:phase1_truncation_FT_vs_FS:median,measured:phase1_truncation_FT_vs_FS:n_gt_1e-3,measured:phase1_truncation_FT_vs_FS:share_gt_1e-3,measured:phase1_truncation_FT_vs_FS:spearman_median,measured:phase1_truncation_FT_vs_FS:spearman_min
king_lgbm_8d79186b,0,,ret5_sum_48_v,NOT_SERVED_TO_KING,keep_idx excludes ret5_sum_48/288 (value and rank),pod_export_bundle_v3.py (c210bac6) L32/L44,"shadow_loop_v3.py L420-421 X = FE_ANCH[:, keep]",,,,rel,0.002697,1.9998544254658386,0.15498249338632536,9726,0.971434,0.973421596504243,0.9498044431234998,rel,1.0,0.0,0.0,0,0.0,1.0,0.9999999999999999,rel,0.016016,2.0,0.15659578773163246,12378,0.967031,0.9719179321043857,0.943530034269152,rel,0.077813,0.0004880429477794046,0.00016602562646592648,0,0.0,0.9999995312469385,0.9999987343662889,rel,1.0,0.0,0.0,0,0.0,0.9999999999999999,0.9999999999999999,,,,,,,,,,,,,,,,,,,,,,,,,,,,,,,,,,,,,,,,,,,,,,,,,
king_lgbm_8d79186b,1,,ret5_sum_48_r,NOT_SERVED_TO_KING,keep_idx excludes ret5_sum_48/288 (value and rank),pod_export_bundle_v3.py (c210bac6) L32/L44,"shadow_loop_v3.py L420-421 X = FE_ANCH[:, keep]",,,,abs_rank_units,0.001598,0.8194650411605835,0.03264141082763672,9612,0.960048,0.9734289263426448,0.9498027017431343,abs_rank_units,0.081902,0.130340576171875,0.02001953125,9192,0.918098,0.9999999999999999,0.9999999999999999,abs_rank_units,0.049297,0.822265625,0.025146484375,12169,0.950703,0.9719037931487071,0.9435163474545014,abs_rank_units,0.0025,0.00012177228927612305,3.0606985092163086e-05,0,0.0,0.9999999999999999,0.9999999999999999,abs_rank_units,1.0,0.0,0.0,0,0.0,0.9999999999999999,0.9999999999999999,,,,,,,,,,,,,,,,,,,,,,,,,,,,,,,,,,,,,,,,,,,,,,,,,
king_lgbm_8d79186b,2,,ret5_sum_288_v,NOT_SERVED_TO_KING,keep_idx excludes ret5_sum_48/288 (value and rank),pod_export_bundle_v3.py (c210bac6) L32/L44,"shadow_loop_v3.py L420-421 X = FE_ANCH[:, keep]",,,,rel,0.000799,1.9956187092954412,0.06097854717867594,9644,0.963244,0.995117171822608,0.9703158327025808,rel,1.0,0.0,0.0,0,0.0,1.0,0.9999999999999999,rel,0.019609,1.9952651515151516,0.062020460358056265,12284,0.959688,0.9947300837179809,0.9735285746268069,rel,0.035078,0.0004873294346978557,0.00016811545768576324,0,0.0,0.9999996015599301,0.9999986406154526,rel,0.999922,1.0810124806133924e-07,0.0,0,0.0,0.9999999999999999,0.9999999999999999,,,,,,,,,,,,,,,,,,,,,,,,,,,,,,,,,,,,,,,,,,,,,,,,,
king_lgbm_8d79186b,3,,ret5_sum_288_r,NOT_SERVED_TO_KING,keep_idx excludes ret5_sum_48/288 (value and rank),pod_export_bundle_v3.py (c210bac6) L32/L44,"shadow_loop_v3.py L420-421 X = FE_ANCH[:, keep]",,,,abs_rank_units,0.002297,0.7770341336727142,0.022539258003234863,9285,0.927387,0.9951203284143191,0.9703186457627758,abs_rank_units,0.082801,0.14031982421875,0.02001953125,9183,0.917199,0.9999999999999999,0.9999999999999999,abs_rank_units,0.110078,0.777099609375,0.010009765625,11391,0.889922,0.9947344983406146,0.9735289595559972,abs_rank_units,0.0025,0.00012177228927612305,3.0606985092163086e-05,0,0.0,0.9999999999999999,0.9999999999999999,abs_rank_units,1.0,0.0,0.0,0,0.0,0.9999999999999999,0.9999999999999999,,,,,,,,,,,,,,,,,,,,,,,,,,,,,,,,,,,,,,,,,,,,,,,,,
king_lgbm_8d79186b,4,0,ret5_sum_864_v,DIFFERENT,"timestamp alignment: rows [E-w, E-1] (train) vs [E-w+1, E] (serve) | precision: float16 store, float64 vs float32 window sums","pod_fea_ext.py (02157bda) L50/L52/L56; pod_fea_ext.py (02157bda) L65 + L72; October chain builder pod_fea_ext_clamp.py (b9f9c728) L48 (same clock, same float16 store)","shadow_loop_v3.py (e9c98374) L358 (rows [E-w+1, E]) + L397 float32",943.487,8,524,rel,0.0003,1.9944623522605174,0.03623723813367742,9633,0.962145,0.9981208402241588,0.9960784919918114,rel,1.0,0.0,0.0,0,0.0,1.0,0.9999999999999999,rel,0.019922,1.9947089947089947,0.03732656659140143,12253,0.957266,0.9978519372915724,0.9945453014761038,rel,0.021484,0.0004861448711716091,0.00016840255472528475,0,0.0,0.9999994843716443,0.9999986874909355,rel,0.999531,2.382736596808801e-07,0.0,0,0.0,0.9999999999999999,0.9999999999999999,524,524,4,0,0,0.0,0.9998704366902292,6.0,0.01396599973198427,,,,,,,,,,,,,,,,,,,,,,,,,,,,,,,,,,,,,,,,
king_lgbm_8d79186b,5,1,ret5_sum_864_r,DIFFERENT,"timestamp alignment: rows [E-w, E-1] (train) vs [E-w+1, E] (serve) | universe for cross-sectional ranks: members from 829 cache names (incl. non-live450) vs live-450 members | precision: float16 store, float64 vs float32 window sums","pod_fea_ext.py (02157bda) L50/L52/L56; pod_fea_ext.py (02157bda) L75; members L37-39; pod_fea_ext.py (02157bda) L65 + L72; October chain builder pod_fea_ext_clamp.py (b9f9c728) L48 (same clock, same float16 store)","shadow_loop_v3.py (e9c98374) L358 (rows [E-w+1, E]) + L397 float32; shadow_loop_v3.py (e9c98374) L403; members L365-377",2260.456,2,618,abs_rank_units,0.002996,0.2381322681903839,0.01744474470615387,9166,0.915501,0.9981239228405545,0.9960744826895291,abs_rank_units,0.094087,0.115325927734375,0.0150146484375,9070,0.905913,0.9999999999999999,0.9999999999999999,abs_rank_units,0.163516,0.4862060546875,0.005126953125,10707,0.836484,0.9978500178126113,0.9945598409990062,abs_rank_units,0.0025,0.00012177228927612305,3.0606985092163086e-05,0,0.0,0.9999999999999999,0.9999999999999999,abs_rank_units,1.0,0.0,0.0,0,0.0,0.9999999999999999,0.9999999999999999,618,618,0,0,0,0.0,0.9985647722798268,27.0,0.025069785666046267,,,,,,,,,,,,,,,,,,,,,,,,,,,,,,,,,,,,,,,,
king_lgbm_8d79186b,6,2,ret5_sum_2016_v,DIFFERENT,"timestamp alignment: rows [E-w, E-1] (train) vs [E-w+1, E] (serve) | precision: float16 store, float64 vs float32 window sums","pod_fea_ext.py (02157bda) L50/L52/L56; pod_fea_ext.py (02157bda) L65 + L72; October chain builder pod_fea_ext_clamp.py (b9f9c728) L48 (same clock, same float16 store)","shadow_loop_v3.py (e9c98374) L358 (rows [E-w+1, E]) + L397 float32",864.096,9,510,rel,0.0003,1.985695092073026,0.021542126909333423,9524,0.951258,0.9992849623592607,0.9986167147316267,rel,1.0,0.0,0.0,0,0.0,1.0,0.9999999999999999,rel,0.023281,1.9937952430196484,0.023586199401773977,12146,0.948906,0.9991575561873669,0.9978134537516867,rel,0.015312,0.00048638132295719845,0.00016712499796680695,0,0.0,0.9999994374963262,0.9999985468648621,rel,0.994844,2.96761354311987e-07,0.0,0,0.0,0.9999999999999999,0.9999999999999999,510,510,3,0,0,0.0,0.9998858117863235,4.0,0.02419263519952966,,,,,,,,,,,,,,,,,,,,,,,,,,,,,,,,,,,,,,,,
king_lgbm_8d79186b,7,3,ret5_sum_2016_r,DIFFERENT,"timestamp alignment: rows [E-w, E-1] (train) vs [E-w+1, E] (serve) | universe for cross-sectional ranks: members from 829 cache names (incl. non-live450) vs live-450 members | precision: float16 store, float64 vs float32 window sums","pod_fea_ext.py (02157bda) L50/L52/L56; pod_fea_ext.py (02157bda) L75; members L37-39; pod_fea_ext.py (02157bda) L65 + L72; October chain builder pod_fea_ext_clamp.py (b9f9c728) L48 (same clock, same float16 store)","shadow_loop_v3.py (e9c98374) L358 (rows [E-w+1, E]) + L397 float32; shadow_loop_v3.py (e9c98374) L403; members L365-377",784.781,12,439,abs_rank_units,0.002996,0.17796551436185837,0.017533309757709503,9180,0.9169,0.9992855648316464,0.9986174007917561,abs_rank_units,0.084399,0.08522987365722656,0.017578125,9167,0.915601,0.9999999999999999,0.9999999999999999,abs_rank_units,0.225938,0.28570556640625,0.0048828125,9908,0.774062,0.9991549322183263,0.9978086738042112,abs_rank_units,0.0025,0.00012177228927612305,3.0606985092163086e-05,0,0.0,0.9999999999999999,0.9999999999999999,abs_rank_units,1.0,0.0,0.0,0,0.0,0.9999999999999999,0.9999999999999999,439,439,0,0,0,0.0,0.999829467684173,5.5,0.019541971592910407,,,,,,,,,,,,,,,,,,,,,,,,,,,,,,,,,,,,,,,,
king_lgbm_8d79186b,8,4,ret5_sum_8640_v,DIFFERENT,"timestamp alignment: rows [E-w, E-1] (train) vs [E-w+1, E] (serve) | precision: float16 store, float64 vs float32 window sums","pod_fea_ext.py (02157bda) L50/L52/L56; pod_fea_ext.py (02157bda) L65 + L72; October chain builder pod_fea_ext_clamp.py (b9f9c728) L48 (same clock, same float16 store)","shadow_loop_v3.py (e9c98374) L358 (rows [E-w+1, E]) + L397 float32",587.426,24,407,rel,0.0,1.9146058732612055,0.007240925799198972,9031,0.902018,0.9997889455676829,0.9995301977573704,rel,1.0,0.0,0.0,0,0.0,1.0,0.9999999999999999,rel,0.036406,1.9144770736733643,0.008207070707070708,11585,0.905078,0.9997671232224266,0.9990070390864805,rel,0.003984,0.0004880429477794046,0.00016804016561833084,0,0.0,0.9999992968703582,0.99999878124164,rel,0.967812,3.974757639152953e-06,0.0,0,0.0,0.9999999999999999,0.9999999999999999,407,407,0,0,0,0.0,0.9999859374121087,2.0,0.017214503856655915,,,,,,,,,,,,,,,,,,,,,,,,,,,,,,,,,,,,,,,,
king_lgbm_8d79186b,9,5,ret5_sum_8640_r,DIFFERENT,"timestamp alignment: rows [E-w, E-1] (train) vs [E-w+1, E] (serve) | universe for cross-sectional ranks: members from 829 cache names (incl. non-live450) vs live-450 members | precision: float16 store, float64 vs float32 window sums","pod_fea_ext.py (02157bda) L50/L52/L56; pod_fea_ext.py (02157bda) L75; members L37-39; pod_fea_ext.py (02157bda) L65 + L72; October chain builder pod_fea_ext_clamp.py (b9f9c728) L48 (same clock, same float16 store)","shadow_loop_v3.py (e9c98374) L358 (rows [E-w+1, E]) + L397 float32; shadow_loop_v3.py (e9c98374) L403; members L365-377",722.499,14,441,abs_rank_units,0.002897,0.10275688022375107,0.014980390667915344,9287,0.927587,0.9997841991884661,0.9995292196865221,abs_rank_units,0.067619,0.06012725830078125,0.014892578125,9335,0.932381,0.9999999999999999,0.9999999999999999,abs_rank_units,0.376641,0.22058868408203125,0.00244140625,7979,0.623359,0.9997640297751862,0.9990146813417584,abs_rank_units,0.0025,0.00012177228927612305,3.0606985092163086e-05,0,0.0,0.9999999999999999,0.9999999999999999,abs_rank_units,1.0,0.0,0.0,0,0.0,0.9999999999999999,0.9999999999999999,441,441,0,0,0,0.0,0.9999667185419909,2.0,0.012460728002841724,,,,,,,,,,,,,,,,,,,,,,,,,,,,,,,,,,,,,,,,
king_lgbm_8d79186b,10,6,range_mean_48_v,DIFFERENT,"timestamp alignment: rows [E-w, E-1] (train) vs [E-w+1, E] (serve) | precision: float16 store, float64 vs float32 window sums","pod_fea_ext.py (02157bda) L50/L52/L56; pod_fea_ext.py (02157bda) L65 + L72; October chain builder pod_fea_ext_clamp.py (b9f9c728) L48 (same clock, same float16 store)","shadow_loop_v3.py (e9c98374) L358 (rows [E-w+1, E]) + L397 float32",635.546,17,390,rel,0.0002,0.18315159792155888,0.007165026506685646,9109,0.909808,0.9992515144380387,0.9985246486452712,rel,1.0,0.0,0.0,0,0.0,1.0,0.9999999999999999,rel,0.058125,0.202888583218707,0.007287660146642585,11542,0.901719,0.9991359919233811,0.9988081405323709,rel,0.007734,0.0006100834725018302,0.00017041308433485606,0,0.0,0.9999982187371138,0.9999965312219788,rel,1.0,0.0,0.0,0,0.0,0.9999999999999999,0.9999999999999999,390,390,6,0,0,0.0,0.9998828117675734,4.0,0.020854948852674873,,,,,,,,,,,,,,,,,,,,,,,,,,,,,,,,,,,,,,,,
king_lgbm_8d79186b,11,7,range_mean_48_r,DIFFERENT,"timestamp alignment: rows [E-w, E-1] (train) vs [E-w+1, E] (serve) | universe for cross-sectional ranks: members from 829 cache names (incl. non-live450) vs live-450 members | precision: float16 store, float64 vs float32 window sums","pod_fea_ext.py (02157bda) L50/L52/L56; pod_fea_ext.py (02157bda) L75; members L37-39; pod_fea_ext.py (02157bda) L65 + L72; October chain builder pod_fea_ext_clamp.py (b9f9c728) L48 (same clock, same float16 store)","shadow_loop_v3.py (e9c98374) L358 (rows [E-w+1, E]) + L397 float32; shadow_loop_v3.py (e9c98374) L403; members L365-377",3572.666,1,387,abs_rank_units,0.002497,0.1779448539018631,0.019960477948188782,9341,0.93298,0.9992438849063583,0.9985100760400336,abs_rank_units,0.076009,0.155517578125,0.01751708984375,9251,0.923991,0.9999999999999999,0.9999999999999999,abs_rank_units,0.206328,0.145416259765625,0.0050048828125,10159,0.793672,0.999130767984235,0.9987983518083726,abs_rank_units,0.0025,0.00012177228927612305,3.0606985092163086e-05,0,0.0,0.9999999999999999,0.9999999999999999,abs_rank_units,1.0,0.0,0.0,0,0.0,0.9999999999999999,0.9999999999999999,387,387,0,0,0,0.0,0.9995478409240057,10.0,0.024723908946221368,,,,,,,,,,,,,,,,,,,,,,,,,,,,,,,,,,,,,,,,
king_lgbm_8d79186b,12,8,range_mean_288_v,DIFFERENT,"timestamp alignment: rows [E-w, E-1] (train) vs [E-w+1, E] (serve) | precision: float16 store, float64 vs float32 window sums","pod_fea_ext.py (02157bda) L50/L52/L56; pod_fea_ext.py (02157bda) L65 + L72; October chain builder pod_fea_ext_clamp.py (b9f9c728) L48 (same clock, same float16 store)","shadow_loop_v3.py (e9c98374) L358 (rows [E-w+1, E]) + L397 float32",334.267,67,229,rel,0.0,0.060464000158328056,0.0012469594517170433,5813,0.580603,0.9999525011643554,0.9998920880429795,rel,1.0,0.0,0.0,0,0.0,1.0,0.9999999999999999,rel,0.165625,0.09116279069767441,0.0012775472398695931,7267,0.567734,0.9999486010729137,0.9998283889491998,rel,0.000547,0.0004843588348953262,0.00016824361611476234,0,0.0,0.9999981718619032,0.9999970937276126,rel,0.999687,1.1826479060864029e-07,0.0,0,0.0,0.9999999999999999,0.9999999999999999,229,229,0,0,0,0.0,0.9999999999999999,0.0,0.02288259765983058,,,,,,,,,,,,,,,,,,,,,,,,,,,,,,,,,,,,,,,,
king_lgbm_8d79186b,13,9,range_mean_288_r,DIFFERENT,"timestamp alignment: rows [E-w, E-1] (train) vs [E-w+1, E] (serve) | universe for cross-sectional ranks: members from 829 cache names (incl. non-live450) vs live-450 members | precision: float16 store, float64 vs float32 window sums","pod_fea_ext.py (02157bda) L50/L52/L56; pod_fea_ext.py (02157bda) L75; members L37-39; pod_fea_ext.py (02157bda) L65 + L72; October chain builder pod_fea_ext_clamp.py (b9f9c728) L48 (same clock, same float16 store)","shadow_loop_v3.py (e9c98374) L358 (rows [E-w+1, E]) + L397 float32; shadow_loop_v3.py (e9c98374) L403; members L365-377",642.55,16,266,abs_rank_units,0.002797,0.1529807150363922,0.010034317150712013,8897,0.888634,0.9999509224148526,0.9998918927063041,abs_rank_units,0.118957,0.153076171875,0.010009765625,8821,0.881043,0.9999999999999999,0.9999999999999999,abs_rank_units,0.567109,0.06768798828125,0.0,5541,0.432891,0.9999474996718729,0.9998282489265558,abs_rank_units,0.0025,0.00012177228927612305,3.0606985092163086e-05,0,0.0,0.9999999999999999,0.9999999999999999,abs_rank_units,1.0,0.0,0.0,0,0.0,0.9999999999999999,0.9999999999999999,266,266,0,0,0,0.0,0.9999973749835936,0.0,0.013487918656984638,,,,,,,,,,,,,,,,,,,,,,,,,,,,,,,,,,,,,,,,
king_lgbm_8d79186b,14,10,range_mean_864_v,DIFFERENT,"timestamp alignment: rows [E-w, E-1] (train) vs [E-w+1, E] (serve) | precision: float16 store, float64 vs float32 window sums","pod_fea_ext.py (02157bda) L50/L52/L56; pod_fea_ext.py (02157bda) L65 + L72; October chain builder pod_fea_ext_clamp.py (b9f9c728) L48 (same clock, same float16 store)","shadow_loop_v3.py (e9c98374) L358 (rows [E-w+1, E]) + L397 float32",359.109,60,246,rel,0.0,0.02934045565801457,0.0004809939293196191,2132,0.212944,0.9999856182773593,0.9999560720839025,rel,1.0,0.0,0.0,0,0.0,1.0,0.9999999999999999,rel,0.38125,0.04169339320076972,0.0006022282991085353,2655,0.207422,0.9999872733135383,0.9999464682323012,rel,0.000156,0.0004848476524612027,0.00017137822291841574,0,0.0,0.9999980781111414,0.9999970468521823,rel,0.959531,1.8120636324265163e-07,0.0,0,0.0,0.9999999999999999,0.9999999999999999,246,246,0,0,0,0.0,0.9999999999999999,0.0,0.012666305256761,,,,,,,,,,,,,,,,,,,,,,,,,,,,,,,,,,,,,,,,
king_lgbm_8d79186b,15,11,range_mean_864_r,DIFFERENT,"timestamp alignment: rows [E-w, E-1] (train) vs [E-w+1, E] (serve) | universe for cross-sectional ranks: members from 829 cache names (incl. non-live450) vs live-450 members | precision: float16 store, float64 vs float32 window sums","pod_fea_ext.py (02157bda) L50/L52/L56; pod_fea_ext.py (02157bda) L75; members L37-39; pod_fea_ext.py (02157bda) L65 + L72; October chain builder pod_fea_ext_clamp.py (b9f9c728) L48 (same clock, same float16 store)","shadow_loop_v3.py (e9c98374) L358 (rows [E-w+1, E]) + L397 float32; shadow_loop_v3.py (e9c98374) L403; members L365-377",453.794,42,266,abs_rank_units,0.002897,0.14536646008491516,0.007628947496414185,9004,0.899321,0.9999837594488699,0.9999534307088079,abs_rank_units,0.105274,0.145263671875,0.007568359375,8958,0.894726,0.9999999999999999,0.9999999999999999,abs_rank_units,0.777656,0.050048828125,0.0,2846,0.222344,0.999985281158007,0.9999413121332008,abs_rank_units,0.0025,0.00012177228927612305,3.0606985092163086e-05,0,0.0,0.9999999999999999,0.9999999999999999,abs_rank_units,1.0,0.0,0.0,0,0.0,0.9999999999999999,0.9999999999999999,266,266,0,0,0,0.0,0.9999995312470702,0.0,0.010802305044486479,,,,,,,,,,,,,,,,,,,,,,,,,,,,,,,,,,,,,,,,
king_lgbm_8d79186b,16,12,range_mean_2016_v,DIFFERENT,"timestamp alignment: rows [E-w, E-1] (train) vs [E-w+1, E] (serve) | precision: float16 store, float64 vs float32 window sums","pod_fea_ext.py (02157bda) L50/L52/L56; pod_fea_ext.py (02157bda) L65 + L72; October chain builder pod_fea_ext_clamp.py (b9f9c728) L48 (same clock, same float16 store)","shadow_loop_v3.py (e9c98374) L358 (rows [E-w+1, E]) + L397 float32",392.978,54,257,rel,0.0001,0.009057381302838164,0.0002578471702707391,481,0.048042,0.9999936594532424,0.9999894338395404,rel,1.0,0.0,0.0,0,0.0,1.0,0.9999999999999999,rel,0.627031,0.020086083213773313,0.0,646,0.050469,0.9999956171379074,0.9999881405008635,rel,7.8e-05,0.0004839089348378509,0.00017007945982717762,0,0.0,0.9999979374849822,0.9999972812293118,rel,0.635547,1.0994034974900618e-06,0.0,0,0.0,0.9999999999999999,0.9999999999999999,257,257,1,0,0,0.0,0.9999999999999999,0.0,0.006106581780201993,,,,,,,,,,,,,,,,,,,,,,,,,,,,,,,,,,,,,,,,
king_lgbm_8d79186b,17,13,range_mean_2016_r,DIFFERENT,"timestamp alignment: rows [E-w, E-1] (train) vs [E-w+1, E] (serve) | universe for cross-sectional ranks: members from 829 cache names (incl. non-live450) vs live-450 members | precision: float16 store, float64 vs float32 window sums","pod_fea_ext.py (02157bda) L50/L52/L56; pod_fea_ext.py (02157bda) L75; members L37-39; pod_fea_ext.py (02157bda) L65 + L72; October chain builder pod_fea_ext_clamp.py (b9f9c728) L48 (same clock, same float16 store)","shadow_loop_v3.py (e9c98374) L358 (rows [E-w+1, E]) + L397 float32; shadow_loop_v3.py (e9c98374) L403; members L365-377",632.995,18,248,abs_rank_units,0.003196,0.11038950085639954,0.015032051131129265,9418,0.940671,0.99999371027042,0.9999870858268122,abs_rank_units,0.05833,0.1103515625,0.0150146484375,9428,0.94167,0.9999999999999999,0.9999999999999999,abs_rank_units,0.880859,0.022705078125,0.0,1525,0.119141,0.9999938124613278,0.9999876249226557,abs_rank_units,0.0025,0.00012177228927612305,3.0606985092163086e-05,0,0.0,0.9999999999999999,0.9999999999999999,abs_rank_units,1.0,0.0,0.0,0,0.0,0.9999999999999999,0.9999999999999999,248,248,0,0,0,0.0,0.9999996249976562,0.0,0.003913705449758831,,,,,,,,,,,,,,,,,,,,,,,,,,,,,,,,,,,,,,,,
king_lgbm_8d79186b,18,14,range_mean_8640_v,DIFFERENT,"timestamp alignment: rows [E-w, E-1] (train) vs [E-w+1, E] (serve) | precision: float16 store, float64 vs float32 window sums","pod_fea_ext.py (02157bda) L50/L52/L56; pod_fea_ext.py (02157bda) L65 + L72; October chain builder pod_fea_ext_clamp.py (b9f9c728) L48 (same clock, same float16 store)","shadow_loop_v3.py (e9c98374) L358 (rows [E-w+1, E]) + L397 float32",447.477,45,298,rel,0.0001,0.004069323636502799,0.00017722679305032279,22,0.002197,0.9999967069623307,0.9999945212455406,rel,1.0,0.0,0.0,0,0.0,1.0,0.9999999999999999,rel,0.875703,0.004375,0.0,32,0.0025,0.9999986874849351,0.9999970468417848,rel,0.000156,0.0004869721556915808,0.00016838178227368943,0,0.0,0.9999974687309747,0.9999962499695308,rel,0.036406,8.159314256509396e-06,6.466133231972065e-07,0,0.0,0.9999999999999999,0.9999998124988281,298,298,0,0,0,0.0,0.9999999999999999,0.0,0.0011738249602656348,,,,,,,,,,,,,,,,,,,,,,,,,,,,,,,,,,,,,,,,
king_lgbm_8d79186b,19,15,range_mean_8640_r,DIFFERENT,"timestamp alignment: rows [E-w, E-1] (train) vs [E-w+1, E] (serve) | universe for cross-sectional ranks: members from 829 cache names (incl. non-live450) vs live-450 members | precision: float16 store, float64 vs float32 window sums","pod_fea_ext.py (02157bda) L50/L52/L56; pod_fea_ext.py (02157bda) L75; members L37-39; pod_fea_ext.py (02157bda) L65 + L72; October chain builder pod_fea_ext_clamp.py (b9f9c728) L48 (same clock, same float16 store)","shadow_loop_v3.py (e9c98374) L358 (rows [E-w+1, E]) + L397 float32; shadow_loop_v3.py (e9c98374) L403; members L365-377",459.514,41,267,abs_rank_units,0.003196,0.1102481484413147,0.01755671203136444,9382,0.937076,0.9999984270957336,0.9999964779527669,abs_rank_units,0.063324,0.1103515625,0.017578125,9378,0.936676,0.9999999999999999,0.9999999999999999,abs_rank_units,0.963359,0.0075206756591796875,0.0,469,0.036641,0.999998499990625,0.9999969999812499,abs_rank_units,0.0025,0.00012177228927612305,3.0606985092163086e-05,0,0.0,0.9999999999999999,0.9999999999999999,abs_rank_units,0.999687,0.002506271004676819,0.0,4,0.000313,0.9999999999999999,0.9999998124988281,267,267,0,0,0,0.0,0.9999999999999999,0.0,0.0018884035868458986,,,,,,,,,,,,,,,,,,,,,,,,,,,,,,,,,,,,,,,,
king_lgbm_8d79186b,20,16,cpos_mean_48_v,DIFFERENT,"timestamp alignment: rows [E-w, E-1] (train) vs [E-w+1, E] (serve) | precision: float16 store, float64 vs float32 window sums","pod_fea_ext.py (02157bda) L50/L52/L56; pod_fea_ext.py (02157bda) L65 + L72; October chain builder pod_fea_ext_clamp.py (b9f9c728) L48 (same clock, same float16 store)","shadow_loop_v3.py (e9c98374) L358 (rows [E-w+1, E]) + L397 float32",1265.304,4,663,rel,0.000799,0.05825935149206935,0.013290441200799488,9401,0.938973,0.9787837361772211,0.9611639344329973,rel,1.0,0.0,0.0,0,0.0,1.0,0.9999999999999999,rel,0.047109,0.058001397624039136,0.013510003510003511,11923,0.931484,0.9803696028630726,0.9670077021757795,rel,0.003516,0.00048638132295719845,0.0001615327674227877,0,0.0,0.9999882576690686,0.999980124676403,rel,0.999141,1.1403909009122329e-07,0.0,0,0.0,0.9999999999999999,0.9999999999999999,663,663,39,1,21,0.0018484487182729489,0.9978422365139782,27.0,0.06256987222401636,,,,,,,,,,,,,,,,,,,,,,,,,,,,,,,,,,,,,,,,
king_lgbm_8d79186b,21,17,cpos_mean_48_r,DIFFERENT,"timestamp alignment: rows [E-w, E-1] (train) vs [E-w+1, E] (serve) | universe for cross-sectional ranks: members from 829 cache names (incl. non-live450) vs live-450 members | precision: float16 store, float64 vs float32 window sums","pod_fea_ext.py (02157bda) L50/L52/L56; pod_fea_ext.py (02157bda) L75; members L37-39; pod_fea_ext.py (02157bda) L65 + L72; October chain builder pod_fea_ext_clamp.py (b9f9c728) L48 (same clock, same float16 store)","shadow_loop_v3.py (e9c98374) L358 (rows [E-w+1, E]) + L397 float32; shadow_loop_v3.py (e9c98374) L403; members L365-377",1091.833,6,663,abs_rank_units,0.000599,0.2694328874349594,0.037581443786621094,9795,0.978326,0.9786942058024137,0.961065129905846,abs_rank_units,0.048042,0.092742919921875,0.02008056640625,9531,0.951958,0.9999999999999999,0.9999999999999999,abs_rank_units,0.037656,0.2781982421875,0.032470703125,12318,0.962344,0.980357657564626,0.9670179782702998,abs_rank_units,0.0025,0.00012177228927612305,3.0606985092163086e-05,0,0.0,0.9999999999999999,0.9999999999999999,abs_rank_units,1.0,0.0,0.0,0,0.0,0.9999999999999999,0.9999999999999999,663,663,0,0,0,0.0,0.996728479552997,46.5,0.03442856488695556,,,,,,,,,,,,,,,,,,,,,,,,,,,,,,,,,,,,,,,,
king_lgbm_8d79186b,22,18,cpos_mean_288_v,DIFFERENT,"timestamp alignment: rows [E-w, E-1] (train) vs [E-w+1, E] (serve) | precision: float16 store, float64 vs float32 window sums","pod_fea_ext.py (02157bda) L50/L52/L56; pod_fea_ext.py (02157bda) L65 + L72; October chain builder pod_fea_ext_clamp.py (b9f9c728) L48 (same clock, same float16 store)","shadow_loop_v3.py (e9c98374) L358 (rows [E-w+1, E]) + L397 float32",790.522,11,512,rel,0.0,0.009228659519277996,0.002145974109691201,7429,0.74201,0.9976740163609671,0.9966165669759093,rel,1.0,0.0,0.0,0,0.0,1.0,0.9999999999999999,rel,0.114531,0.0091683038637852,0.0020050125313283208,9025,0.705078,0.9977577589268738,0.9965149520862568,rel,0.000234,0.00048471483403392625,0.0001665534803121463,0,0.0,0.9999719681819121,0.9999556081122369,rel,0.951875,2.372574368936738e-07,0.0,0,0.0,0.9999999999999999,0.999999953124706,512,512,4,0,0,0.0,0.9998454990343689,6.0,0.03131450962721877,,,,,,,,,,,,,,,,,,,,,,,,,,,,,,,,,,,,,,,,
king_lgbm_8d79186b,23,19,cpos_mean_288_r,DIFFERENT,"timestamp alignment: rows [E-w, E-1] (train) vs [E-w+1, E] (serve) | universe for cross-sectional ranks: members from 829 cache names (incl. non-live450) vs live-450 members | precision: float16 store, float64 vs float32 window sums","pod_fea_ext.py (02157bda) L50/L52/L56; pod_fea_ext.py (02157bda) L75; members L37-39; pod_fea_ext.py (02157bda) L65 + L72; October chain builder pod_fea_ext_clamp.py (b9f9c728) L48 (same clock, same float16 store)","shadow_loop_v3.py (e9c98374) L358 (rows [E-w+1, E]) + L397 float32; shadow_loop_v3.py (e9c98374) L403; members L365-377",598.485,22,407,abs_rank_units,0.0004,0.13039924204349518,0.01757720112800598,9516,0.950459,0.9976793806337061,0.9964869462865841,abs_rank_units,0.061227,0.0802001953125,0.01513671875,9399,0.938773,0.9999999999999999,0.9999999999999999,abs_rank_units,0.106094,0.09521484375,0.010009765625,11442,0.893906,0.9977367671047943,0.9965940412127575,abs_rank_units,0.0025,0.00012177228927612305,3.0606985092163086e-05,0,0.0,0.9999999999999999,0.9999999999999999,abs_rank_units,0.999844,0.0012531280517578125,0.0,2,0.000156,0.9999999999999999,0.999999953124706,407,407,0,0,0,0.0,0.9999727185794911,1.0,0.026052063453039568,,,,,,,,,,,,,,,,,,,,,,,,,,,,,,,,,,,,,,,,
king_lgbm_8d79186b,24,20,cpos_mean_864_v,DIFFERENT,"timestamp alignment: rows [E-w, E-1] (train) vs [E-w+1, E] (serve) | precision: float16 store, float64 vs float32 window sums","pod_fea_ext.py (02157bda) L50/L52/L56; pod_fea_ext.py (02157bda) L65 + L72; October chain builder pod_fea_ext_clamp.py (b9f9c728) L48 (same clock, same float16 store)","shadow_loop_v3.py (e9c98374) L358 (rows [E-w+1, E]) + L397 float32",597.445,23,398,rel,0.0,0.0030507157488567074,0.0007578650853222503,3704,0.369956,0.99935782252627,0.999082736989433,rel,1.0,0.0,0.0,0,0.0,1.0,0.9999999999999999,rel,0.265703,0.003048780487804878,0.000945179584120983,3470,0.271094,0.9994069330648057,0.9991714320900705,rel,0.0,0.00048697122713414634,0.00017313949168395917,0,0.0,0.999948529602046,0.999926871869104,rel,0.825859,3.576230086060785e-07,0.0,0,0.0,0.9999999999999999,0.9999999999999999,398,398,0,0,0,0.0,0.9999748748429677,2.0,0.024457155825304108,,,,,,,,,,,,,,,,,,,,,,,,,,,,,,,,,,,,,,,,
king_lgbm_8d79186b,25,21,cpos_mean_864_r,DIFFERENT,"timestamp alignment: rows [E-w, E-1] (train) vs [E-w+1, E] (serve) | universe for cross-sectional ranks: members from 829 cache names (incl. non-live450) vs live-450 members | precision: float16 store, float64 vs float32 window sums","pod_fea_ext.py (02157bda) L50/L52/L56; pod_fea_ext.py (02157bda) L75; members L37-39; pod_fea_ext.py (02157bda) L65 + L72; October chain builder pod_fea_ext_clamp.py (b9f9c728) L48 (same clock, same float16 store)","shadow_loop_v3.py (e9c98374) L358 (rows [E-w+1, E]) + L397 float32; shadow_loop_v3.py (e9c98374) L403; members L365-377",508.964,31,340,abs_rank_units,0.0,0.10523486137390137,0.014938771724700928,9406,0.939473,0.9993789009164585,0.9990991385855144,abs_rank_units,0.065122,0.0802001953125,0.0126953125,9360,0.934878,0.9999999999999999,0.9999999999999999,abs_rank_units,0.186562,0.0501251220703125,0.0050048828125,10412,0.813438,0.999426152663454,0.9992501828136425,abs_rank_units,0.0025,0.00012177228927612305,3.0606985092163086e-05,0,0.0,0.9999999999999999,0.9999999999999999,abs_rank_units,0.999844,0.0012531280517578125,0.0,2,0.000156,0.9999999999999999,0.999999953124706,340,340,0,0,0,0.0,0.9999061556634729,3.5,0.02316254858023245,,,,,,,,,,,,,,,,,,,,,,,,,,,,,,,,,,,,,,,,
king_lgbm_8d79186b,26,22,cpos_mean_2016_v,DIFFERENT,"timestamp alignment: rows [E-w, E-1] (train) vs [E-w+1, E] (serve) | precision: float16 store, float64 vs float32 window sums","pod_fea_ext.py (02157bda) L50/L52/L56; pod_fea_ext.py (02157bda) L65 + L72; October chain builder pod_fea_ext_clamp.py (b9f9c728) L48 (same clock, same float16 store)","shadow_loop_v3.py (e9c98374) L358 (rows [E-w+1, E]) + L397 float32",501.617,35,345,rel,0.0001,0.001458889100609756,0.0003403711759829136,362,0.036157,0.9997103107853158,0.999591802486297,rel,1.0,0.0,0.0,0,0.0,1.0,0.9999999999999999,rel,0.531484,0.0019138755980861245,0.0,153,0.011953,0.9997017724970573,0.9996141822294307,rel,7.8e-05,0.00048613745679572504,0.0001752165211860823,0,0.0,0.999918902454666,0.999888805622979,rel,0.473125,5.602164178268333e-07,5.988169174206089e-08,0,0.0,0.9999999999999999,0.9999998124988281,345,345,2,0,0,0.0,0.9999905311908199,2.0,0.013268059367438644,,,,,,,,,,,,,,,,,,,,,,,,,,,,,,,,,,,,,,,,
king_lgbm_8d79186b,27,23,cpos_mean_2016_r,DIFFERENT,"timestamp alignment: rows [E-w, E-1] (train) vs [E-w+1, E] (serve) | universe for cross-sectional ranks: members from 829 cache names (incl. non-live450) vs live-450 members | precision: float16 store, float64 vs float32 window sums","pod_fea_ext.py (02157bda) L50/L52/L56; pod_fea_ext.py (02157bda) L75; members L37-39; pod_fea_ext.py (02157bda) L65 + L72; October chain builder pod_fea_ext_clamp.py (b9f9c728) L48 (same clock, same float16 store)","shadow_loop_v3.py (e9c98374) L358 (rows [E-w+1, E]) + L397 float32; shadow_loop_v3.py (e9c98374) L403; members L365-377",520.324,29,341,abs_rank_units,0.0001,0.07017750293016434,0.015015259385108948,9449,0.943767,0.9997538480322712,0.9996651036231019,abs_rank_units,0.051338,0.05517578125,0.0150146484375,9498,0.948662,0.9999999999999999,0.9999999999999999,abs_rank_units,0.290312,0.035083770751953125,0.00252532958984375,9084,0.709688,0.9997841861511634,0.999706935668348,abs_rank_units,0.0025,0.00012177228927612305,3.0606985092163086e-05,0,0.0,0.9999999999999999,0.9999999999999999,abs_rank_units,0.999219,0.0025062672793865204,0.0,10,0.000781,0.9999999999999999,0.9999998124988281,341,341,0,0,0,0.0,0.9999891249320307,0.0,0.01766560746296635,,,,,,,,,,,,,,,,,,,,,,,,,,,,,,,,,,,,,,,,
king_lgbm_8d79186b,28,24,cpos_mean_8640_v,DIFFERENT,"timestamp alignment: rows [E-w, E-1] (train) vs [E-w+1, E] (serve) | precision: float16 store, float64 vs float32 window sums","pod_fea_ext.py (02157bda) L50/L52/L56; pod_fea_ext.py (02157bda) L65 + L72; October chain builder pod_fea_ext_clamp.py (b9f9c728) L48 (same clock, same float16 store)","shadow_loop_v3.py (e9c98374) L358 (rows [E-w+1, E]) + L397 float32",503.165,34,348,rel,0.0,0.0007099589856528827,0.00018582595104139367,0,0.0,0.9997620340795761,0.9997280269258624,rel,1.0,0.0,0.0,0,0.0,1.0,0.9999999999999999,rel,0.878437,0.000975609756097561,0.0,0,0.0,0.9998014076646087,0.9996849282660338,rel,0.000547,0.0004863794729795521,0.00017888066297852881,0,0.0,0.9997992832894262,0.999756828289121,rel,0.025703,3.3524677425254486e-06,8.444147950878925e-07,0,0.0,0.9999997890611767,0.9999990156188026,348,348,3,0,0,0.0,0.9999995312470702,0.0,0.01788930717504794,,,,,,,,,,,,,,,,,,,,,,,,,,,,,,,,,,,,,,,,
king_lgbm_8d79186b,29,25,cpos_mean_8640_r,DIFFERENT,"timestamp alignment: rows [E-w, E-1] (train) vs [E-w+1, E] (serve) | universe for cross-sectional ranks: members from 829 cache names (incl. non-live450) vs live-450 members | precision: float16 store, float64 vs float32 window sums","pod_fea_ext.py (02157bda) L50/L52/L56; pod_fea_ext.py (02157bda) L75; members L37-39; pod_fea_ext.py (02157bda) L65 + L72; October chain builder pod_fea_ext_clamp.py (b9f9c728) L48 (same clock, same float16 store)","shadow_loop_v3.py (e9c98374) L358 (rows [E-w+1, E]) + L397 float32; shadow_loop_v3.py (e9c98374) L403; members L365-377",553.635,25,366,abs_rank_units,0.001298,0.07768482714891434,0.01512998342514038,9571,0.955953,0.9999377771655501,0.9999110994508712,abs_rank_units,0.044047,0.065155029296875,0.01513671875,9571,0.955953,0.9999999999999999,0.9999999999999999,abs_rank_units,0.510156,0.01513671875,0.0,6270,0.489844,0.9999467965399855,0.9999308120675754,abs_rank_units,0.0025,0.00012177228927612305,3.0606985092163086e-05,0,0.0,0.9999999999999999,0.9999999999999999,abs_rank_units,0.992656,0.0025062859058380127,0.0,94,0.007344,0.9999998124988281,0.9999990156188026,366,366,0,0,0,0.0,0.999982468640429,0.0,0.02126902872777029,,,,,,,,,,,,,,,,,,,,,,,,,,,,,,,,,,,,,,,,
king_lgbm_8d79186b,30,26,log_qv_mean_48_v,DIFFERENT,"timestamp alignment: rows [E-w, E-1] (train) vs [E-w+1, E] (serve) | precision: float16 store, float64 vs float32 window sums","pod_fea_ext.py (02157bda) L50/L52/L56; pod_fea_ext.py (02157bda) L65 + L72; October chain builder pod_fea_ext_clamp.py (b9f9c728) L48 (same clock, same float16 store)","shadow_loop_v3.py (e9c98374) L358 (rows [E-w+1, E]) + L397 float32",396.419,53,265,rel,0.001798,0.013675623800383877,0.0016660491666686827,6811,0.680284,0.9996996808711887,0.9995668816284592,rel,1.0,0.0,0.0,0,0.0,1.0,0.9999999999999999,rel,0.112812,0.01916376306620209,0.0018066847335140017,8532,0.666562,0.9996916968338903,0.9995850071389452,rel,0.015,0.0004880429477794046,0.00017929634655405473,0,0.0,0.9999939530680826,0.9999896405056228,rel,1.0,0.0,0.0,0,0.0,1.0,0.9999999999999999,265,265,32,0,0,0.0,0.9999892186826167,0.0,0.013340826420981534,,,,,,,,,,,,,,,,,,,,,,,,,,,,,,,,,,,,,,,,
king_lgbm_8d79186b,31,27,log_qv_mean_48_r,DIFFERENT,"timestamp alignment: rows [E-w, E-1] (train) vs [E-w+1, E] (serve) | universe for cross-sectional ranks: members from 829 cache names (incl. non-live450) vs live-450 members | precision: float16 store, float64 vs float32 window sums","pod_fea_ext.py (02157bda) L50/L52/L56; pod_fea_ext.py (02157bda) L75; members L37-39; pod_fea_ext.py (02157bda) L65 + L72; October chain builder pod_fea_ext_clamp.py (b9f9c728) L48 (same clock, same float16 store)","shadow_loop_v3.py (e9c98374) L358 (rows [E-w+1, E]) + L397 float32; shadow_loop_v3.py (e9c98374) L403; members L365-377",606.197,21,322,abs_rank_units,0.003196,0.21054956316947937,0.09523903205990791,9804,0.979225,0.9996888640912924,0.9995590591239826,abs_rank_units,0.022074,0.18310546875,0.09521484375,9791,0.977926,1.0,0.9999999999999999,abs_rank_units,0.282266,0.06015205383300781,0.0025634765625,9187,0.717734,0.9996836854784031,0.9995771848574053,abs_rank_units,0.0025,0.00012177228927612305,3.0606985092163086e-05,0,0.0,1.0,0.9999999999999999,abs_rank_units,1.0,0.0,0.0,0,0.0,1.0,0.9999999999999999,322,322,0,0,0,0.0,0.9997684360527253,4.0,0.01661877847190932,,,,,,,,,,,,,,,,,,,,,,,,,,,,,,,,,,,,,,,,
king_lgbm_8d79186b,32,28,log_qv_mean_288_v,DIFFERENT,"timestamp alignment: rows [E-w, E-1] (train) vs [E-w+1, E] (serve) | precision: float16 store, float64 vs float32 window sums","pod_fea_ext.py (02157bda) L50/L52/L56; pod_fea_ext.py (02157bda) L65 + L72; October chain builder pod_fea_ext_clamp.py (b9f9c728) L48 (same clock, same float16 store)","shadow_loop_v3.py (e9c98374) L358 (rows [E-w+1, E]) + L397 float32",338.489,63,211,rel,0.001398,0.002652497076112126,0.0003469020320146193,862,0.086097,0.9999712275215562,0.9999593003957956,rel,1.0,0.0,0.0,0,0.0,1.0,0.9999999999999999,rel,0.496172,0.0035650623885918,0.0004898359343545467,873,0.068203,0.9999752728836155,0.9999680774841886,rel,0.002656,0.00048198100973416126,0.0001802288998772265,0,0.0,0.9999932499350305,0.9999909061518145,rel,0.999766,6.111843309939642e-08,0.0,0,0.0,0.9999999999999999,0.9999999999999999,211,211,5,0,0,0.0,0.9999999999999999,0.0,0.014703758269371054,,,,,,,,,,,,,,,,,,,,,,,,,,,,,,,,,,,,,,,,
king_lgbm_8d79186b,33,29,log_qv_mean_288_r,DIFFERENT,"timestamp alignment: rows [E-w, E-1] (train) vs [E-w+1, E] (serve) | universe for cross-sectional ranks: members from 829 cache names (incl. non-live450) vs live-450 members | precision: float16 store, float64 vs float32 window sums","pod_fea_ext.py (02157bda) L50/L52/L56; pod_fea_ext.py (02157bda) L75; members L37-39; pod_fea_ext.py (02157bda) L65 + L72; October chain builder pod_fea_ext_clamp.py (b9f9c728) L48 (same clock, same float16 store)","shadow_loop_v3.py (e9c98374) L358 (rows [E-w+1, E]) + L397 float32; shadow_loop_v3.py (e9c98374) L403; members L365-377",300.023,75,206,abs_rank_units,0.003196,0.19290658831596375,0.09531335532665253,9785,0.977327,0.999969811023717,0.9999573440946226,abs_rank_units,0.023072,0.1881103515625,0.0953369140625,9781,0.976928,0.9999999999999999,0.9999999999999999,abs_rank_units,0.669063,0.017578125,0.0,4236,0.330937,0.9999735388964934,0.9999621247632797,abs_rank_units,0.0025,0.00012177228927612305,3.0606985092163086e-05,0,0.0,0.9999999999999999,0.9999999999999999,abs_rank_units,1.0,0.0,0.0,0,0.0,0.9999999999999999,0.9999999999999999,206,206,0,0,0,0.0,0.9999999999999999,0.0,0.017673002002225765,,,,,,,,,,,,,,,,,,,,,,,,,,,,,,,,,,,,,,,,
king_lgbm_8d79186b,34,30,log_qv_mean_864_v,DIFFERENT,"timestamp alignment: rows [E-w, E-1] (train) vs [E-w+1, E] (serve) | precision: float16 store, float64 vs float32 window sums","pod_fea_ext.py (02157bda) L50/L52/L56; pod_fea_ext.py (02157bda) L65 + L72; October chain builder pod_fea_ext_clamp.py (b9f9c728) L48 (same clock, same float16 store)","shadow_loop_v3.py (e9c98374) L358 (rows [E-w+1, E]) + L397 float32",247.536,78,162,rel,0.000599,0.00129420279542186,0.00021341550534831257,12,0.001199,0.9999868411566543,0.9999826831454778,rel,1.0,0.0,0.0,0,0.0,1.0,0.9999999999999999,rel,0.776641,0.0016233766233766235,0.0,13,0.001016,0.9999919842217764,0.9999876716224837,rel,0.000937,0.00048364115040204676,0.00018009775212427583,0,0.0,0.9999930858703817,0.9999911405303834,rel,0.999922,1.1471131292144937e-07,0.0,0,0.0,0.9999999999999999,0.9999999999999999,162,162,1,0,0,0.0,0.9999999999999999,0.0,0.0,,,,,,,,,,,,,,,,,,,,,,,,,,,,,,,,,,,,,,,,
king_lgbm_8d79186b,35,31,log_qv_mean_864_r,DIFFERENT,"timestamp alignment: rows [E-w, E-1] (train) vs [E-w+1, E] (serve) | universe for cross-sectional ranks: members from 829 cache names (incl. non-live450) vs live-450 members | precision: float16 store, float64 vs float32 window sums","pod_fea_ext.py (02157bda) L50/L52/L56; pod_fea_ext.py (02157bda) L75; members L37-39; pod_fea_ext.py (02157bda) L65 + L72; October chain builder pod_fea_ext_clamp.py (b9f9c728) L48 (same clock, same float16 store)","shadow_loop_v3.py (e9c98374) L358 (rows [E-w+1, E]) + L397 float32; shadow_loop_v3.py (e9c98374) L403; members L365-377",337.199,65,198,abs_rank_units,0.003196,0.20543423295021057,0.10778471641242504,9819,0.980723,0.9999903097113165,0.9999866944882307,abs_rank_units,0.019277,0.2005615234375,0.1077880859375,9819,0.980723,0.9999999999999999,0.9999999999999999,abs_rank_units,0.841484,0.010009765625,0.0,2029,0.158516,0.9999921249507808,0.9999889374308588,abs_rank_units,0.0025,0.00012177228927612305,3.0606985092163086e-05,0,0.0,0.9999999999999999,0.9999999999999999,abs_rank_units,1.0,0.0,0.0,0,0.0,0.9999999999999999,0.9999999999999999,198,198,0,0,0,0.0,0.999999906249414,0.0,0.011330617328118086,,,,,,,,,,,,,,,,,,,,,,,,,,,,,,,,,,,,,,,,
king_lgbm_8d79186b,36,32,log_qv_mean_2016_v,DIFFERENT,"timestamp alignment: rows [E-w, E-1] (train) vs [E-w+1, E] (serve) | precision: float16 store, float64 vs float32 window sums","pod_fea_ext.py (02157bda) L50/L52/L56; pod_fea_ext.py (02157bda) L65 + L72; October chain builder pod_fea_ext_clamp.py (b9f9c728) L48 (same clock, same float16 store)","shadow_loop_v3.py (e9c98374) L358 (rows [E-w+1, E]) + L397 float32",284.484,76,190,rel,0.0002,0.0007332815302910452,0.0001974860424653726,0,0.0,0.9999876226138826,0.9999849333511124,rel,1.0,0.0,0.0,0,0.0,1.0,0.9999999999999999,rel,0.900312,0.000975609756097561,0.0,0,0.0,0.9999956405299916,0.9999932967220874,rel,0.000234,0.00048378205322502425,0.00018024039215653296,0,0.0,0.9999925936762827,0.9999903436430255,rel,0.998672,1.1716108841245203e-07,0.0,0,0.0,0.9999999999999999,0.9999999999999999,190,190,0,0,0,0.0,0.9999999999999999,0.0,0.00019182792360192963,,,,,,,,,,,,,,,,,,,,,,,,,,,,,,,,,,,,,,,,
king_lgbm_8d79186b,37,33,log_qv_mean_2016_r,DIFFERENT,"timestamp alignment: rows [E-w, E-1] (train) vs [E-w+1, E] (serve) | universe for cross-sectional ranks: members from 829 cache names (incl. non-live450) vs live-450 members | precision: float16 store, float64 vs float32 window sums","pod_fea_ext.py (02157bda) L50/L52/L56; pod_fea_ext.py (02157bda) L75; members L37-39; pod_fea_ext.py (02157bda) L65 + L72; October chain builder pod_fea_ext_clamp.py (b9f9c728) L48 (same clock, same float16 store)","shadow_loop_v3.py (e9c98374) L358 (rows [E-w+1, E]) + L397 float32; shadow_loop_v3.py (e9c98374) L403; members L365-377",320.618,70,210,abs_rank_units,0.003196,0.22315308451652527,0.13032767176628113,9855,0.984319,0.9999960677393342,0.9999917818897894,abs_rank_units,0.015681,0.220703125,0.1303253173828125,9855,0.984319,0.9999999999999999,0.9999999999999999,abs_rank_units,0.923359,0.007568359375,0.0,981,0.076641,0.9999964374777341,0.9999938124613278,abs_rank_units,0.0025,0.00012177228927612305,3.0606985092163086e-05,0,0.0,0.9999999999999999,0.9999999999999999,abs_rank_units,1.0,0.0,0.0,0,0.0,0.9999999999999999,0.9999999999999999,210,210,0,0,0,0.0,0.9999999999999999,0.0,0.0007210643531781794,,,,,,,,,,,,,,,,,,,,,,,,,,,,,,,,,,,,,,,,
king_lgbm_8d79186b,38,34,log_qv_mean_8640_v,DIFFERENT,"timestamp alignment: rows [E-w, E-1] (train) vs [E-w+1, E] (serve) | precision: float16 store, float64 vs float32 window sums","pod_fea_ext.py (02157bda) L50/L52/L56; pod_fea_ext.py (02157bda) L65 + L72; October chain builder pod_fea_ext_clamp.py (b9f9c728) L48 (same clock, same float16 store)","shadow_loop_v3.py (e9c98374) L358 (rows [E-w+1, E]) + L397 float32",312.614,73,193,rel,0.0001,0.0005416985910956464,0.00019979760088910837,0,0.0,0.9999892877994563,0.9999828787904939,rel,1.0,0.0,0.0,0,0.0,1.0,0.9999999999999999,rel,0.971875,0.0009746588693957114,0.0,0,0.0,0.9999984062085648,0.9999970467995484,rel,0.000156,0.0004816508547526673,0.0001927365318727946,0,0.0,0.9999897811339187,0.9999871092113468,rel,0.262109,2.87510912974317e-06,1.9041385307179342e-07,0,0.0,0.9999999999999999,0.9999998124988281,193,193,1,0,0,0.0,0.9999999999999999,0.0,0.00012239031570622505,,,,,,,,,,,,,,,,,,,,,,,,,,,,,,,,,,,,,,,,
king_lgbm_8d79186b,39,35,log_qv_mean_8640_r,DIFFERENT,"timestamp alignment: rows [E-w, E-1] (train) vs [E-w+1, E] (serve) | universe for cross-sectional ranks: members from 829 cache names (incl. non-live450) vs live-450 members | precision: float16 store, float64 vs float32 window sums","pod_fea_ext.py (02157bda) L50/L52/L56; pod_fea_ext.py (02157bda) L75; members L37-39; pod_fea_ext.py (02157bda) L65 + L72; October chain builder pod_fea_ext_clamp.py (b9f9c728) L48 (same clock, same float16 store)","shadow_loop_v3.py (e9c98374) L358 (rows [E-w+1, E]) + L397 float32; shadow_loop_v3.py (e9c98374) L403; members L365-377",338.023,64,203,abs_rank_units,0.003196,0.1830497905611992,0.1152903214097023,9916,0.990412,0.999999017878576,0.9999964439780348,abs_rank_units,0.009588,0.18304443359375,0.1152496337890625,9916,0.990412,0.9999999999999999,0.9999999999999999,abs_rank_units,0.971719,0.00506591796875,0.0,362,0.028281,0.9999990624941405,0.9999973749835936,abs_rank_units,0.0025,0.00012177228927612305,3.0606985092163086e-05,0,0.0,0.9999999999999999,0.9999999999999999,abs_rank_units,0.999375,0.002506271004676819,0.0,8,0.000625,0.9999999999999999,0.9999998124988281,203,203,0,0,0,0.0,0.9999999999999999,0.0,0.009312610979826295,,,,,,,,,,,,,,,,,,,,,,,,,,,,,,,,,,,,,,,,
king_lgbm_8d79186b,40,36,log_cnt_mean_48_v,DIFFERENT,"timestamp alignment: rows [E-w, E-1] (train) vs [E-w+1, E] (serve) | precision: float16 store, float64 vs float32 window sums","pod_fea_ext.py (02157bda) L50/L52/L56; pod_fea_ext.py (02157bda) L65 + L72; October chain builder pod_fea_ext_clamp.py (b9f9c728) L48 (same clock, same float16 store)","shadow_loop_v3.py (e9c98374) L358 (rows [E-w+1, E]) + L397 float32",431.6,48,269,rel,0.001698,0.017331710414902626,0.0018720771417728788,7084,0.707551,0.9997758091916126,0.999588113185866,rel,1.0,0.0,0.0,0,0.0,1.0,0.9999999999999999,rel,0.104766,0.023741007194244605,0.0019673743881689822,9007,0.703672,0.9997561760900042,0.9996412604067775,rel,0.016563,0.00048520135856380397,0.0001781377609440599,0,0.0,0.9999954062100969,0.999994140570663,rel,1.0,0.0,0.0,0,0.0,1.0,0.9999999999999999,269,269,28,0,0,0.0,0.9999957812236324,0.0,0.018024350781678133,,,,,,,,,,,,,,,,,,,,,,,,,,,,,,,,,,,,,,,,
king_lgbm_8d79186b,41,37,log_cnt_mean_48_r,DIFFERENT,"timestamp alignment: rows [E-w, E-1] (train) vs [E-w+1, E] (serve) | universe for cross-sectional ranks: members from 829 cache names (incl. non-live450) vs live-450 members | precision: float16 store, float64 vs float32 window sums","pod_fea_ext.py (02157bda) L50/L52/L56; pod_fea_ext.py (02157bda) L75; members L37-39; pod_fea_ext.py (02157bda) L65 + L72; October chain builder pod_fea_ext_clamp.py (b9f9c728) L48 (same clock, same float16 store)","shadow_loop_v3.py (e9c98374) L358 (rows [E-w+1, E]) + L397 float32; shadow_loop_v3.py (e9c98374) L403; members L365-377",739.782,13,293,abs_rank_units,0.002996,0.180329367518425,0.04510390758514404,9543,0.953156,0.9997777685704492,0.9995780391332798,abs_rank_units,0.049541,0.1579437255859375,0.045166015625,9516,0.950459,1.0,0.9999999999999999,abs_rank_units,0.297891,0.052734375,0.002506256103515625,8987,0.702109,0.9997480921514761,0.9996340445363171,abs_rank_units,0.0025,0.00012177228927612305,3.0606985092163086e-05,0,0.0,1.0,0.9999999999999999,abs_rank_units,1.0,0.0,0.0,0,0.0,1.0,0.9999999999999999,293,293,0,0,0,0.0,0.9999588434927718,2.0,0.01034172989437637,,,,,,,,,,,,,,,,,,,,,,,,,,,,,,,,,,,,,,,,
king_lgbm_8d79186b,42,38,log_cnt_mean_288_v,DIFFERENT,"timestamp alignment: rows [E-w, E-1] (train) vs [E-w+1, E] (serve) | precision: float16 store, float64 vs float32 window sums","pod_fea_ext.py (02157bda) L50/L52/L56; pod_fea_ext.py (02157bda) L65 + L72; October chain builder pod_fea_ext_clamp.py (b9f9c728) L48 (same clock, same float16 store)","shadow_loop_v3.py (e9c98374) L358 (rows [E-w+1, E]) + L397 float32",314.449,72,214,rel,0.001398,0.0038324986480449555,0.0004004458038855877,1266,0.126448,0.9999761133319923,0.9999592042696361,rel,1.0,0.0,0.0,0,0.0,1.0,0.9999999999999999,rel,0.436484,0.004750593824228029,0.0005894489165119356,1493,0.116641,0.9999789527861116,0.9999699057687736,rel,0.002344,0.00048284013141957363,0.00017865834768984365,0,0.0,0.9999950780821243,0.9999936249398353,rel,1.0,0.0,0.0,0,0.0,0.9999999999999999,0.9999999999999999,214,214,5,0,0,0.0,0.9999999999999999,0.0,0.005456957134472733,,,,,,,,,,,,,,,,,,,,,,,,,,,,,,,,,,,,,,,,
king_lgbm_8d79186b,43,39,log_cnt_mean_288_r,DIFFERENT,"timestamp alignment: rows [E-w, E-1] (train) vs [E-w+1, E] (serve) | universe for cross-sectional ranks: members from 829 cache names (incl. non-live450) vs live-450 members | precision: float16 store, float64 vs float32 window sums","pod_fea_ext.py (02157bda) L50/L52/L56; pod_fea_ext.py (02157bda) L75; members L37-39; pod_fea_ext.py (02157bda) L65 + L72; October chain builder pod_fea_ext_clamp.py (b9f9c728) L48 (same clock, same float16 store)","shadow_loop_v3.py (e9c98374) L358 (rows [E-w+1, E]) + L397 float32; shadow_loop_v3.py (e9c98374) L403; members L365-377",274.926,77,181,abs_rank_units,0.003196,0.15539643168449402,0.050078511238098145,9509,0.94976,0.9999748335317398,0.9999584142945825,abs_rank_units,0.04994,0.153076171875,0.050048828125,9512,0.95006,0.9999999999999999,0.9999999999999999,abs_rank_units,0.678984,0.017578125,0.0,4109,0.321016,0.9999753201576747,0.9999641872761704,abs_rank_units,0.0025,0.00012177228927612305,3.0606985092163086e-05,0,0.0,0.9999999999999999,0.9999999999999999,abs_rank_units,1.0,0.0,0.0,0,0.0,0.9999999999999999,0.9999999999999999,181,181,0,0,0,0.0,0.9999999999999999,0.0,0.006643122492887124,,,,,,,,,,,,,,,,,,,,,,,,,,,,,,,,,,,,,,,,
king_lgbm_8d79186b,44,40,log_cnt_mean_864_v,DIFFERENT,"timestamp alignment: rows [E-w, E-1] (train) vs [E-w+1, E] (serve) | precision: float16 store, float64 vs float32 window sums","pod_fea_ext.py (02157bda) L50/L52/L56; pod_fea_ext.py (02157bda) L65 + L72; October chain builder pod_fea_ext_clamp.py (b9f9c728) L48 (same clock, same float16 store)","shadow_loop_v3.py (e9c98374) L358 (rows [E-w+1, E]) + L397 float32",310.652,74,201,rel,0.000899,0.0015867184208802892,0.00021151407542139753,34,0.003396,0.999991194846148,0.9999862697240448,rel,1.0,0.0,0.0,0,0.0,1.0,0.9999999999999999,rel,0.740781,0.0018674136321195146,0.0,33,0.002578,0.9999933670735814,0.9999891716779795,rel,0.000703,0.0004760509228888359,0.00018116197531545014,0,0.0,0.9999951952709275,0.9999931561838074,rel,1.0,0.0,0.0,0,0.0,0.9999999999999999,0.9999999999999999,201,201,1,0,0,0.0,0.9999999999999999,0.0,0.007729333828708385,,,,,,,,,,,,,,,,,,,,,,,,,,,,,,,,,,,,,,,,
king_lgbm_8d79186b,45,41,log_cnt_mean_864_r,DIFFERENT,"timestamp alignment: rows [E-w, E-1] (train) vs [E-w+1, E] (serve) | universe for cross-sectional ranks: members from 829 cache names (incl. non-live450) vs live-450 members | precision: float16 store, float64 vs float32 window sums","pod_fea_ext.py (02157bda) L50/L52/L56; pod_fea_ext.py (02157bda) L75; members L37-39; pod_fea_ext.py (02157bda) L65 + L72; October chain builder pod_fea_ext_clamp.py (b9f9c728) L48 (same clock, same float16 store)","shadow_loop_v3.py (e9c98374) L358 (rows [E-w+1, E]) + L397 float32; shadow_loop_v3.py (e9c98374) L403; members L365-377",328.091,69,198,abs_rank_units,0.003196,0.15034595131874084,0.057603269815444946,9348,0.93368,0.9999917818897894,0.9999893319341047,abs_rank_units,0.067319,0.14794921875,0.0576171875,9338,0.932681,0.9999999999999999,0.9999999999999999,abs_rank_units,0.85625,0.010009765625,0.0,1840,0.14375,0.9999929687060543,0.9999908124425777,abs_rank_units,0.0025,0.00012177228927612305,3.0606985092163086e-05,0,0.0,0.9999999999999999,0.9999999999999999,abs_rank_units,1.0,0.0,0.0,0,0.0,0.9999999999999999,0.9999999999999999,198,198,0,0,0,0.0,0.9999999999999999,0.0,0.004677771526131674,,,,,,,,,,,,,,,,,,,,,,,,,,,,,,,,,,,,,,,,
king_lgbm_8d79186b,46,42,log_cnt_mean_2016_v,DIFFERENT,"timestamp alignment: rows [E-w, E-1] (train) vs [E-w+1, E] (serve) | precision: float16 store, float64 vs float32 window sums","pod_fea_ext.py (02157bda) L50/L52/L56; pod_fea_ext.py (02157bda) L65 + L72; October chain builder pod_fea_ext_clamp.py (b9f9c728) L48 (same clock, same float16 store)","shadow_loop_v3.py (e9c98374) L358 (rows [E-w+1, E]) + L397 float32",317.83,71,196,rel,0.0,0.0008158463230163477,0.00017801937185385897,0,0.0,0.9999933818266213,0.9999910848983528,rel,1.0,0.0,0.0,0,0.0,1.0,0.9999999999999999,rel,0.878125,0.0009746588693957114,0.0,0,0.0,0.9999965780643844,0.9999932967570692,rel,0.0,0.00047722717106864654,0.00018311999663152528,0,0.0,0.9999945155756829,0.9999918436657601,rel,1.0,0.0,0.0,0,0.0,0.9999999999999999,0.9999999999999999,196,196,0,0,0,0.0,0.9999999999999999,0.0,0.008837393495123441,,,,,,,,,,,,,,,,,,,,,,,,,,,,,,,,,,,,,,,,
king_lgbm_8d79186b,47,43,log_cnt_mean_2016_r,DIFFERENT,"timestamp alignment: rows [E-w, E-1] (train) vs [E-w+1, E] (serve) | universe for cross-sectional ranks: members from 829 cache names (incl. non-live450) vs live-450 members | precision: float16 store, float64 vs float32 window sums","pod_fea_ext.py (02157bda) L50/L52/L56; pod_fea_ext.py (02157bda) L75; members L37-39; pod_fea_ext.py (02157bda) L65 + L72; October chain builder pod_fea_ext_clamp.py (b9f9c728) L48 (same clock, same float16 store)","shadow_loop_v3.py (e9c98374) L358 (rows [E-w+1, E]) + L397 float32; shadow_loop_v3.py (e9c98374) L403; members L365-377",361.372,58,208,abs_rank_units,0.003196,0.14798471331596375,0.06767506152391434,9490,0.947863,0.9999964779527669,0.9999885417070012,abs_rank_units,0.052237,0.14794921875,0.067657470703125,9489,0.947763,0.9999999999999999,0.9999999999999999,abs_rank_units,0.927344,0.010009765625,0.0,930,0.072656,0.9999968124800779,0.9999926874542965,abs_rank_units,0.0025,0.00012177228927612305,3.0606985092163086e-05,0,0.0,0.9999999999999999,0.9999999999999999,abs_rank_units,1.0,0.0,0.0,0,0.0,0.9999999999999999,0.9999999999999999,208,208,0,0,0,0.0,0.9999999999999999,0.0,0.0008767647407658952,,,,,,,,,,,,,,,,,,,,,,,,,,,,,,,,,,,,,,,,
king_lgbm_8d79186b,48,44,log_cnt_mean_8640_v,DIFFERENT,"timestamp alignment: rows [E-w, E-1] (train) vs [E-w+1, E] (serve) | precision: float16 store, float64 vs float32 window sums","pod_fea_ext.py (02157bda) L50/L52/L56; pod_fea_ext.py (02157bda) L65 + L72; October chain builder pod_fea_ext_clamp.py (b9f9c728) L48 (same clock, same float16 store)","shadow_loop_v3.py (e9c98374) L358 (rows [E-w+1, E]) + L397 float32",331.876,68,210,rel,0.0002,0.0005389455709258128,0.00017172008680734125,0,0.0,0.9999937083631423,0.9999918013606814,rel,1.0,0.0,0.0,0,0.0,1.0,0.9999999999999999,rel,0.960547,0.000966183574879227,0.0,0,0.0,0.999998968731721,0.9999958749153753,rel,0.000156,0.00048132025473275635,0.00017738800266213286,0,0.0,0.9999941171334279,0.9999920780441093,rel,0.305859,2.8568452429351315e-06,1.5744267309168123e-07,0,0.0,0.9999999999999999,0.9999999999999999,210,210,0,0,0,0.0,0.9999999999999999,0.0,0.0005616107986405397,,,,,,,,,,,,,,,,,,,,,,,,,,,,,,,,,,,,,,,,
king_lgbm_8d79186b,49,45,log_cnt_mean_8640_r,DIFFERENT,"timestamp alignment: rows [E-w, E-1] (train) vs [E-w+1, E] (serve) | universe for cross-sectional ranks: members from 829 cache names (incl. non-live450) vs live-450 members | precision: float16 store, float64 vs float32 window sums","pod_fea_ext.py (02157bda) L50/L52/L56; pod_fea_ext.py (02157bda) L75; members L37-39; pod_fea_ext.py (02157bda) L65 + L72; October chain builder pod_fea_ext_clamp.py (b9f9c728) L48 (same clock, same float16 store)","shadow_loop_v3.py (e9c98374) L358 (rows [E-w+1, E]) + L397 float32; shadow_loop_v3.py (e9c98374) L403; members L365-377",369.679,55,234,abs_rank_units,0.003196,0.09272571094334126,0.05256366729736328,9859,0.984718,0.999998814659345,0.9999968692913483,abs_rank_units,0.015481,0.0927276611328125,0.052490234375,9857,0.984519,0.9999999999999999,0.9999999999999999,abs_rank_units,0.971172,0.00506591796875,0.0,369,0.028828,0.9999988749929687,0.9999979374871092,abs_rank_units,0.0025,0.00012177228927612305,3.0606985092163086e-05,0,0.0,0.9999999999999999,0.9999999999999999,abs_rank_units,1.0,0.0,0.0,0,0.0,0.9999999999999999,0.9999999999999999,234,234,0,0,0,0.0,0.9999999999999999,0.0,0.0005740382787391349,,,,,,,,,,,,,,,,,,,,,,,,,,,,,,,,,,,,,,,,
king_lgbm_8d79186b,50,46,log_avgsz_mean_48_v,DIFFERENT,"timestamp alignment: rows [E-w, E-1] (train) vs [E-w+1, E] (serve) | precision: float16 store, float64 vs float32 window sums","pod_fea_ext.py (02157bda) L50/L52/L56; pod_fea_ext.py (02157bda) L65 + L72; October chain builder pod_fea_ext_clamp.py (b9f9c728) L48 (same clock, same float16 store)","shadow_loop_v3.py (e9c98374) L358 (rows [E-w+1, E]) + L397 float32",504.293,33,323,rel,0.002297,0.030849697766920356,0.0019482865379556588,7234,0.722533,0.9994376397182423,0.9991367986170505,rel,1.0,0.0,0.0,0,0.0,1.0,0.9999999999999999,rel,0.090391,0.08256107834877843,0.0020958869659661343,9366,0.731719,0.9994902014730823,0.9992082204817536,rel,0.017891,0.00048638132295719845,0.0001571772554217301,0,0.0,0.999994234322342,0.9999920311662026,rel,0.999766,1.0212025129342958e-07,0.0,0,0.0,1.0,0.9999999999999999,323,323,33,1,3,0.0001546788569376349,0.9999740310876942,2.0,0.029486555860923806,,,,,,,,,,,,,,,,,,,,,,,,,,,,,,,,,,,,,,,,
king_lgbm_8d79186b,51,47,log_avgsz_mean_48_r,DIFFERENT,"timestamp alignment: rows [E-w, E-1] (train) vs [E-w+1, E] (serve) | universe for cross-sectional ranks: members from 829 cache names (incl. non-live450) vs live-450 members | precision: float16 store, float64 vs float32 window sums","pod_fea_ext.py (02157bda) L50/L52/L56; pod_fea_ext.py (02157bda) L75; members L37-39; pod_fea_ext.py (02157bda) L65 + L72; October chain builder pod_fea_ext_clamp.py (b9f9c728) L48 (same clock, same float16 store)","shadow_loop_v3.py (e9c98374) L358 (rows [E-w+1, E]) + L397 float32; shadow_loop_v3.py (e9c98374) L403; members L365-377",529.877,28,352,abs_rank_units,0.002797,0.21803134679794312,0.13782166689634323,9942,0.993008,0.9994320574957547,0.9991277063019599,abs_rank_units,0.006792,0.1829833984375,0.13787841796875,9944,0.993208,1.0,0.9999999999999999,abs_rank_units,0.241797,0.085205078125,0.0048828125,9705,0.758203,0.9994826841940385,0.9992060731257427,abs_rank_units,0.002656,0.00012177228927612305,3.0606985092163086e-05,0,0.0,1.0,0.9999999999999999,abs_rank_units,1.0,0.0,0.0,0,0.0,1.0,0.9999999999999999,352,352,0,0,0,0.0,0.9999514371964824,2.0,0.020840056168945787,,,,,,,,,,,,,,,,,,,,,,,,,,,,,,,,,,,,,,,,
king_lgbm_8d79186b,52,48,log_avgsz_mean_288_v,DIFFERENT,"timestamp alignment: rows [E-w, E-1] (train) vs [E-w+1, E] (serve) | precision: float16 store, float64 vs float32 window sums","pod_fea_ext.py (02157bda) L50/L52/L56; pod_fea_ext.py (02157bda) L65 + L72; October chain builder pod_fea_ext_clamp.py (b9f9c728) L48 (same clock, same float16 store)","shadow_loop_v3.py (e9c98374) L358 (rows [E-w+1, E]) + L397 float32",493.735,37,301,rel,0.000999,0.00428869960476417,0.00038203553666500077,1117,0.111566,0.9999541393758686,0.9999123393920933,rel,1.0,0.0,0.0,0,0.0,1.0,0.9999999999999999,rel,0.403359,0.009478672985781991,0.0005213764337851929,2269,0.177266,0.9999635540354532,0.9999464676566003,rel,0.002109,0.00048637564356600804,0.00015335633738243064,0,0.0,0.9999941874467787,0.9999918436657601,rel,0.9975,1.2206680337741756e-07,0.0,0,0.0,0.9999999999999999,0.9999999999999999,301,301,4,0,0,0.0,0.9999999999999999,0.0,0.0032238883213418293,,,,,,,,,,,,,,,,,,,,,,,,,,,,,,,,,,,,,,,,
king_lgbm_8d79186b,53,49,log_avgsz_mean_288_r,DIFFERENT,"timestamp alignment: rows [E-w, E-1] (train) vs [E-w+1, E] (serve) | universe for cross-sectional ranks: members from 829 cache names (incl. non-live450) vs live-450 members | precision: float16 store, float64 vs float32 window sums","pod_fea_ext.py (02157bda) L50/L52/L56; pod_fea_ext.py (02157bda) L75; members L37-39; pod_fea_ext.py (02157bda) L65 + L72; October chain builder pod_fea_ext_clamp.py (b9f9c728) L48 (same clock, same float16 store)","shadow_loop_v3.py (e9c98374) L358 (rows [E-w+1, E]) + L397 float32; shadow_loop_v3.py (e9c98374) L403; members L365-377",369.514,56,248,abs_rank_units,0.003196,0.19299132749438286,0.14784030243754387,9942,0.993008,0.9999514869113229,0.9999036328648961,abs_rank_units,0.006992,0.18798828125,0.1478271484375,9942,0.993008,1.0,0.9999999999999999,abs_rank_units,0.593516,0.017578125,0.0,5203,0.406484,0.9999580700475215,0.9999319370682302,abs_rank_units,0.0025,0.00012177228927612305,3.0606985092163086e-05,0,0.0,0.9999999999999999,0.9999999999999999,abs_rank_units,1.0,0.0,0.0,0,0.0,0.9999999999999999,0.9999999999999999,248,248,0,0,0,0.0,0.9999999999999999,0.0,0.015374709215882187,,,,,,,,,,,,,,,,,,,,,,,,,,,,,,,,,,,,,,,,
king_lgbm_8d79186b,54,50,log_avgsz_mean_864_v,DIFFERENT,"timestamp alignment: rows [E-w, E-1] (train) vs [E-w+1, E] (serve) | precision: float16 store, float64 vs float32 window sums","pod_fea_ext.py (02157bda) L50/L52/L56; pod_fea_ext.py (02157bda) L65 + L72; October chain builder pod_fea_ext_clamp.py (b9f9c728) L48 (same clock, same float16 store)","shadow_loop_v3.py (e9c98374) L358 (rows [E-w+1, E]) + L397 float32",419.508,52,249,rel,0.000899,0.0018785068579720088,0.00019798580052307656,32,0.003196,0.9999856671501184,0.9999764905375806,rel,1.0,0.0,0.0,0,0.0,1.0,0.9999999999999999,rel,0.698281,0.002779708130646282,0.0,140,0.010937,0.9999889841590368,0.9999859371989682,rel,0.000781,0.0004855517207532829,0.00015077515120717167,0,0.0,0.9999941640089954,0.9999923124224034,rel,0.984531,2.2446404439539656e-07,0.0,0,0.0,0.9999999999999999,0.9999999999999999,249,249,1,0,0,0.0,0.9999999999999999,0.0,0.001971692214064097,,,,,,,,,,,,,,,,,,,,,,,,,,,,,,,,,,,,,,,,
king_lgbm_8d79186b,55,51,log_avgsz_mean_864_r,DIFFERENT,"timestamp alignment: rows [E-w, E-1] (train) vs [E-w+1, E] (serve) | universe for cross-sectional ranks: members from 829 cache names (incl. non-live450) vs live-450 members | precision: float16 store, float64 vs float32 window sums","pod_fea_ext.py (02157bda) L50/L52/L56; pod_fea_ext.py (02157bda) L75; members L37-39; pod_fea_ext.py (02157bda) L65 + L72; October chain builder pod_fea_ext_clamp.py (b9f9c728) L48 (same clock, same float16 store)","shadow_loop_v3.py (e9c98374) L358 (rows [E-w+1, E]) + L397 float32; shadow_loop_v3.py (e9c98374) L403; members L365-377",334.81,66,222,abs_rank_units,0.003196,0.19301029667258263,0.16536641120910645,9948,0.993608,0.9999874167658699,0.9999780850394389,abs_rank_units,0.006392,0.18798828125,0.16534423828125,9948,0.993608,0.9999999999999999,0.9999999999999999,abs_rank_units,0.802422,0.0125732421875,0.0,2529,0.197578,0.9999884452400141,0.9999810623816399,abs_rank_units,0.0025,0.00012177228927612305,3.0606985092163086e-05,0,0.0,0.9999999999999999,0.9999999999999999,abs_rank_units,1.0,0.0,0.0,0,0.0,0.9999999999999999,0.9999999999999999,222,222,0,0,0,0.0,0.9999999999999999,0.0,0.0029886582052973468,,,,,,,,,,,,,,,,,,,,,,,,,,,,,,,,,,,,,,,,
king_lgbm_8d79186b,56,52,log_avgsz_mean_2016_v,DIFFERENT,"timestamp alignment: rows [E-w, E-1] (train) vs [E-w+1, E] (serve) | precision: float16 store, float64 vs float32 window sums","pod_fea_ext.py (02157bda) L50/L52/L56; pod_fea_ext.py (02157bda) L65 + L72; October chain builder pod_fea_ext_clamp.py (b9f9c728) L48 (same clock, same float16 store)","shadow_loop_v3.py (e9c98374) L358 (rows [E-w+1, E]) + L397 float32",350.965,62,226,rel,0.0001,0.0007502728797263662,0.00015836291247065237,0,0.0,0.9999895295945826,0.9999853807020492,rel,1.0,0.0,0.0,0,0.0,1.0,0.9999999999999999,rel,0.86375,0.0011926058437686344,0.0,3,0.000234,0.9999954061691596,0.9999912341967809,rel,7.8e-05,0.00048470846036585366,0.0001499284236204971,0,0.0,0.9999939765067118,0.9999916092873561,rel,0.93875,5.538115108061087e-07,0.0,0,0.0,0.9999999999999999,0.9999999999999999,226,226,0,0,0,0.0,0.9999999999999999,0.0,0.0009115882354131222,,,,,,,,,,,,,,,,,,,,,,,,,,,,,,,,,,,,,,,,
king_lgbm_8d79186b,57,53,log_avgsz_mean_2016_r,DIFFERENT,"timestamp alignment: rows [E-w, E-1] (train) vs [E-w+1, E] (serve) | universe for cross-sectional ranks: members from 829 cache names (incl. non-live450) vs live-450 members | precision: float16 store, float64 vs float32 window sums","pod_fea_ext.py (02157bda) L50/L52/L56; pod_fea_ext.py (02157bda) L75; members L37-39; pod_fea_ext.py (02157bda) L65 + L72; October chain builder pod_fea_ext_clamp.py (b9f9c728) L48 (same clock, same float16 store)","shadow_loop_v3.py (e9c98374) L358 (rows [E-w+1, E]) + L397 float32; shadow_loop_v3.py (e9c98374) L403; members L365-377",362.527,57,234,abs_rank_units,0.003196,0.19544038362801075,0.1678176149725914,9948,0.993608,0.9999940732967249,0.9999902165354637,abs_rank_units,0.006392,0.1905364990234375,0.16552734375,9948,0.993608,0.9999999999999999,0.9999999999999999,abs_rank_units,0.896797,0.007568359375,0.0,1321,0.103203,0.9999954062212887,0.9999934374589841,abs_rank_units,0.0025,0.00012177228927612305,3.0606985092163086e-05,0,0.0,0.9999999999999999,0.9999999999999999,abs_rank_units,1.0,0.0,0.0,0,0.0,0.9999999999999999,0.9999999999999999,234,234,0,0,0,0.0,0.9999999999999999,0.0,0.0010433788588668867,,,,,,,,,,,,,,,,,,,,,,,,,,,,,,,,,,,,,,,,
king_lgbm_8d79186b,58,54,log_avgsz_mean_8640_v,DIFFERENT,"timestamp alignment: rows [E-w, E-1] (train) vs [E-w+1, E] (serve) | precision: float16 store, float64 vs float32 window sums","pod_fea_ext.py (02157bda) L50/L52/L56; pod_fea_ext.py (02157bda) L65 + L72; October chain builder pod_fea_ext_clamp.py (b9f9c728) L48 (same clock, same float16 store)","shadow_loop_v3.py (e9c98374) L358 (rows [E-w+1, E]) + L397 float32",448.118,44,264,rel,0.0,0.0005095108695652174,0.00015124936391198486,0,0.0,0.999991635102806,0.9999881619378415,rel,1.0,0.0,0.0,0,0.0,1.0,0.9999999999999999,rel,0.967187,0.0009746588693957114,0.0,0,0.0,0.9999986171590924,0.9999970468132413,rel,0.000234,0.0004849628337378641,0.00015062206491658317,0,0.0,0.9999934843127447,0.9999916561630414,rel,0.306406,1.659942122560878e-06,7.250355578120001e-08,0,0.0,0.9999999999999999,0.9999999999999999,264,264,1,0,0,0.0,0.9999999999999999,0.0,0.0,,,,,,,,,,,,,,,,,,,,,,,,,,,,,,,,,,,,,,,,
king_lgbm_8d79186b,59,55,log_avgsz_mean_8640_r,DIFFERENT,"timestamp alignment: rows [E-w, E-1] (train) vs [E-w+1, E] (serve) | universe for cross-sectional ranks: members from 829 cache names (incl. non-live450) vs live-450 members | precision: float16 store, float64 vs float32 window sums","pod_fea_ext.py (02157bda) L50/L52/L56; pod_fea_ext.py (02157bda) L75; members L37-39; pod_fea_ext.py (02157bda) L65 + L72; October chain builder pod_fea_ext_clamp.py (b9f9c728) L48 (same clock, same float16 store)","shadow_loop_v3.py (e9c98374) L358 (rows [E-w+1, E]) + L397 float32; shadow_loop_v3.py (e9c98374) L403; members L365-377",424.545,51,285,abs_rank_units,0.003196,0.1879982277750969,0.15793940424919128,9939,0.992709,0.9999985827173228,0.9999972606299298,abs_rank_units,0.007291,0.18798828125,0.157958984375,9939,0.992709,0.9999999999999999,0.9999999999999999,abs_rank_units,0.970859,0.0050048828125,0.0,373,0.029141,0.9999988749929687,0.9999979374871092,abs_rank_units,0.0025,0.00012177228927612305,3.0606985092163086e-05,0,0.0,0.9999999999999999,0.9999999999999999,abs_rank_units,1.0,0.0,0.0,0,0.0,0.9999999999999999,0.9999999999999999,285,285,0,0,0,0.0,0.9999999999999999,0.0,0.0,,,,,,,,,,,,,,,,,,,,,,,,,,,,,,,,,,,,,,,,
king_lgbm_8d79186b,60,56,tbf_mean_48_v,DIFFERENT,"timestamp alignment: rows [E-w, E-1] (train) vs [E-w+1, E] (serve) | precision: float16 store, float64 vs float32 window sums","pod_fea_ext.py (02157bda) L50/L52/L56; pod_fea_ext.py (02157bda) L65 + L72; October chain builder pod_fea_ext_clamp.py (b9f9c728) L48 (same clock, same float16 store)","shadow_loop_v3.py (e9c98374) L358 (rows [E-w+1, E]) + L397 float32",620.531,20,434,rel,0.0002,0.05200981636075815,0.007378693875515797,9240,0.922893,0.9832013546613556,0.9772129960328895,rel,1.0,0.0,0.0,0,0.0,1.0,0.9999999999999999,rel,0.026562,0.05186170212765957,0.00787953097175823,11748,0.917813,0.9852565101963083,0.9773931154133041,rel,0.006172,0.0004880429477794046,0.00015821425826895519,0,0.0,0.9999865467004218,0.999980171550772,rel,0.999766,1.1695015970129059e-07,0.0,0,0.0,1.0,0.9999999999999999,434,434,73,1,0,0.0007909851767169823,0.9994042150263438,8.0,0.047284812245755856,,,,,,,,,,,,,,,,,,,,,,,,,,,,,,,,,,,,,,,,
king_lgbm_8d79186b,61,57,tbf_mean_48_r,DIFFERENT,"timestamp alignment: rows [E-w, E-1] (train) vs [E-w+1, E] (serve) | universe for cross-sectional ranks: members from 829 cache names (incl. non-live450) vs live-450 members | precision: float16 store, float64 vs float32 window sums","pod_fea_ext.py (02157bda) L50/L52/L56; pod_fea_ext.py (02157bda) L75; members L37-39; pod_fea_ext.py (02157bda) L65 + L72; October chain builder pod_fea_ext_clamp.py (b9f9c728) L48 (same clock, same float16 store)","shadow_loop_v3.py (e9c98374) L358 (rows [E-w+1, E]) + L397 float32; shadow_loop_v3.py (e9c98374) L403; members L365-377",632.46,19,436,abs_rank_units,0.000799,0.2631857357919216,0.030064165592193604,9707,0.969537,0.9831454867268701,0.9773416873701124,abs_rank_units,0.051538,0.07763671875,0.015106201171875,9496,0.948462,1.0,0.9999999999999999,abs_rank_units,0.041406,0.26568603515625,0.02508544921875,12270,0.958594,0.9852336488589839,0.9774303880740244,abs_rank_units,0.0025,0.00012177228927612305,3.0606985092163086e-05,0,0.0,1.0,0.9999999999999999,abs_rank_units,1.0,0.0,0.0,0,0.0,1.0,0.9999999999999999,436,436,0,0,0,0.0,0.9994713404458777,7.5,0.027039576591983062,,,,,,,,,,,,,,,,,,,,,,,,,,,,,,,,,,,,,,,,
king_lgbm_8d79186b,62,58,tbf_mean_288_v,DIFFERENT,"timestamp alignment: rows [E-w, E-1] (train) vs [E-w+1, E] (serve) | precision: float16 store, float64 vs float32 window sums","pod_fea_ext.py (02157bda) L50/L52/L56; pod_fea_ext.py (02157bda) L65 + L72; October chain builder pod_fea_ext_clamp.py (b9f9c728) L48 (same clock, same float16 store)","shadow_loop_v3.py (e9c98374) L358 (rows [E-w+1, E]) + L397 float32",507.751,32,332,rel,0.0,0.007934360449498567,0.0012408353187497308,5846,0.583899,0.9982132323856063,0.997501999918503,rel,1.0,0.0,0.0,0,0.0,1.0,0.9999999999999999,rel,0.138359,0.008022922636103151,0.0014634146341463415,7292,0.569688,0.9984085510212259,0.9977427094883019,rel,0.000391,0.0004861448711716091,0.00015313274359714756,0,0.0,0.999970632197621,0.9999611396270631,rel,0.946094,1.3391954381646594e-07,0.0,0,0.0,0.9999999999999999,0.9999999999999999,332,332,12,0,0,0.0,0.9998809367558545,4.0,0.01583209214468702,,,,,,,,,,,,,,,,,,,,,,,,,,,,,,,,,,,,,,,,
king_lgbm_8d79186b,63,59,tbf_mean_288_r,DIFFERENT,"timestamp alignment: rows [E-w, E-1] (train) vs [E-w+1, E] (serve) | universe for cross-sectional ranks: members from 829 cache names (incl. non-live450) vs live-450 members | precision: float16 store, float64 vs float32 window sums","pod_fea_ext.py (02157bda) L50/L52/L56; pod_fea_ext.py (02157bda) L75; members L37-39; pod_fea_ext.py (02157bda) L65 + L72; October chain builder pod_fea_ext_clamp.py (b9f9c728) L48 (same clock, same float16 store)","shadow_loop_v3.py (e9c98374) L358 (rows [E-w+1, E]) + L397 float32; shadow_loop_v3.py (e9c98374) L403; members L365-377",553.132,26,387,abs_rank_units,0.0001,0.13282619416713715,0.01758486032485962,9651,0.963943,0.9982303859499262,0.9974959220070007,abs_rank_units,0.039053,0.050140380859375,0.017578125,9621,0.960947,0.9999999999999999,0.9999999999999999,abs_rank_units,0.123594,0.0902099609375,0.007568359375,11218,0.876406,0.9984101306137924,0.9977623610147563,abs_rank_units,0.0025,0.00012177228927612305,3.0606985092163086e-05,0,0.0,0.9999999999999999,0.9999999999999999,abs_rank_units,1.0,0.0,0.0,0,0.0,0.9999999999999999,0.9999999999999999,387,387,0,0,0,0.0,0.9998733429583935,3.0,0.0384825253331305,,,,,,,,,,,,,,,,,,,,,,,,,,,,,,,,,,,,,,,,
king_lgbm_8d79186b,64,60,tbf_mean_864_v,DIFFERENT,"timestamp alignment: rows [E-w, E-1] (train) vs [E-w+1, E] (serve) | precision: float16 store, float64 vs float32 window sums","pod_fea_ext.py (02157bda) L50/L52/L56; pod_fea_ext.py (02157bda) L65 + L72; October chain builder pod_fea_ext_clamp.py (b9f9c728) L48 (same clock, same float16 store)","shadow_loop_v3.py (e9c98374) L358 (rows [E-w+1, E]) + L397 float32",453.712,43,320,rel,0.0,0.002479413656722576,0.00044135416043015275,1424,0.142229,0.9994656252685478,0.9991869398850233,rel,1.0,0.0,0.0,0,0.0,1.0,0.9999999999999999,rel,0.354687,0.002898550724637681,0.0004987531172069825,1713,0.133828,0.9995485519230438,0.9992951537850234,rel,0.000313,0.00048566572593707085,0.00014755758802467597,0,0.0,0.9999509438026508,0.9999390602623124,rel,0.823906,2.699831942211177e-07,0.0,0,0.0,0.9999999999999999,0.999999953124706,320,320,2,1,6,0.0055725817163018165,0.9999715935724598,2.0,0.017884939637107574,,,,,,,,,,,,,,,,,,,,,,,,,,,,,,,,,,,,,,,,
king_lgbm_8d79186b,65,61,tbf_mean_864_r,DIFFERENT,"timestamp alignment: rows [E-w, E-1] (train) vs [E-w+1, E] (serve) | universe for cross-sectional ranks: members from 829 cache names (incl. non-live450) vs live-450 members | precision: float16 store, float64 vs float32 window sums","pod_fea_ext.py (02157bda) L50/L52/L56; pod_fea_ext.py (02157bda) L75; members L37-39; pod_fea_ext.py (02157bda) L65 + L72; October chain builder pod_fea_ext_clamp.py (b9f9c728) L48 (same clock, same float16 store)","shadow_loop_v3.py (e9c98374) L358 (rows [E-w+1, E]) + L397 float32; shadow_loop_v3.py (e9c98374) L403; members L365-377",490.593,38,341,abs_rank_units,0.0,0.07766853272914886,0.015125691890716553,9555,0.954355,0.9994880668484614,0.9991331850421001,abs_rank_units,0.035757,0.0501708984375,0.017333984375,9654,0.964243,0.9999999999999999,0.9999999999999999,abs_rank_units,0.230625,0.050140380859375,0.0048828125,9848,0.769375,0.9995650910318189,0.9993376052039838,abs_rank_units,0.0025,0.00012177228927612305,3.0606985092163086e-05,0,0.0,0.9999999999999999,0.9999999999999999,abs_rank_units,0.999687,0.0012531429529190063,0.0,4,0.000313,0.9999999999999999,0.999999953124706,341,341,0,0,0,0.0,0.9999725310783192,2.0,0.01983846828296859,,,,,,,,,,,,,,,,,,,,,,,,,,,,,,,,,,,,,,,,
king_lgbm_8d79186b,66,62,tbf_mean_2016_v,DIFFERENT,"timestamp alignment: rows [E-w, E-1] (train) vs [E-w+1, E] (serve) | precision: float16 store, float64 vs float32 window sums","pod_fea_ext.py (02157bda) L50/L52/L56; pod_fea_ext.py (02157bda) L65 + L72; October chain builder pod_fea_ext_clamp.py (b9f9c728) L48 (same clock, same float16 store)","shadow_loop_v3.py (e9c98374) L358 (rows [E-w+1, E]) + L397 float32",513.957,30,337,rel,0.0001,0.0012856665766090298,0.00023062437300991296,30,0.002996,0.9997816178813606,0.9996863994173032,rel,1.0,0.0,0.0,0,0.0,1.0,0.9999999999999999,rel,0.604375,0.0010432968179447052,0.0,77,0.006016,0.9997718268172222,0.9997106405122357,rel,7.8e-05,0.00048744759908536585,0.0001451432008453729,0,0.0,0.9999306690382657,0.9999151521201419,rel,0.585703,4.7335009387124047e-07,0.0,0,0.0,0.9999999999999999,0.9999999999999999,337,337,1,0,0,0.0,0.9999937187107418,0.0,0.018299608347595545,,,,,,,,,,,,,,,,,,,,,,,,,,,,,,,,,,,,,,,,
king_lgbm_8d79186b,67,63,tbf_mean_2016_r,DIFFERENT,"timestamp alignment: rows [E-w, E-1] (train) vs [E-w+1, E] (serve) | universe for cross-sectional ranks: members from 829 cache names (incl. non-live450) vs live-450 members | precision: float16 store, float64 vs float32 window sums","pod_fea_ext.py (02157bda) L50/L52/L56; pod_fea_ext.py (02157bda) L75; members L37-39; pod_fea_ext.py (02157bda) L65 + L72; October chain builder pod_fea_ext_clamp.py (b9f9c728) L48 (same clock, same float16 store)","shadow_loop_v3.py (e9c98374) L358 (rows [E-w+1, E]) + L397 float32; shadow_loop_v3.py (e9c98374) L403; members L365-377",473.429,39,319,abs_rank_units,0.000999,0.047665536403656006,0.007504872977733612,9014,0.90032,0.9998007825419571,0.9997162683473502,abs_rank_units,0.101378,0.027587890625,0.0074462890625,8997,0.898622,0.9999999999999999,0.9999999999999999,abs_rank_units,0.327422,0.0325927734375,0.00250244140625,8609,0.672578,0.9998285301783136,0.9997508109425682,abs_rank_units,0.0025,0.00012177228927612305,3.0606985092163086e-05,0,0.0,0.9999999999999999,0.9999999999999999,abs_rank_units,1.0,0.0,0.0,0,0.0,0.9999999999999999,0.9999999999999999,319,319,0,0,0,0.0,0.9999977499859374,0.0,0.016897502923874742,,,,,,,,,,,,,,,,,,,,,,,,,,,,,,,,,,,,,,,,
king_lgbm_8d79186b,68,64,tbf_mean_8640_v,DIFFERENT,"timestamp alignment: rows [E-w, E-1] (train) vs [E-w+1, E] (serve) | precision: float16 store, float64 vs float32 window sums","pod_fea_ext.py (02157bda) L50/L52/L56; pod_fea_ext.py (02157bda) L65 + L72; October chain builder pod_fea_ext_clamp.py (b9f9c728) L48 (same clock, same float16 store)","shadow_loop_v3.py (e9c98374) L358 (rows [E-w+1, E]) + L397 float32",433.764,47,293,rel,0.0002,0.0006258714910432971,0.00013479527764495794,0,0.0,0.999827657877489,0.9997966789663464,rel,1.0,0.0,0.0,0,0.0,1.0,0.9999999999999999,rel,0.899766,0.000975609756097561,0.0,0,0.0,0.9998810024653392,0.9998359825804582,rel,0.0,0.0004866171951071081,0.00013599977693371824,0,0.0,0.9998695844246626,0.9998483938103148,rel,0.041563,2.6954329521600496e-06,4.7515568339968953e-07,0,0.0,0.9999998124988281,0.9999994374964843,293,293,11,0,0,0.0,0.9999996249976562,0.0,0.013913447068570128,,,,,,,,,,,,,,,,,,,,,,,,,,,,,,,,,,,,,,,,
king_lgbm_8d79186b,69,65,tbf_mean_8640_r,DIFFERENT,"timestamp alignment: rows [E-w, E-1] (train) vs [E-w+1, E] (serve) | universe for cross-sectional ranks: members from 829 cache names (incl. non-live450) vs live-450 members | precision: float16 store, float64 vs float32 window sums","pod_fea_ext.py (02157bda) L50/L52/L56; pod_fea_ext.py (02157bda) L75; members L37-39; pod_fea_ext.py (02157bda) L65 + L72; October chain builder pod_fea_ext_clamp.py (b9f9c728) L48 (same clock, same float16 store)","shadow_loop_v3.py (e9c98374) L358 (rows [E-w+1, E]) + L397 float32; shadow_loop_v3.py (e9c98374) L403; members L365-377",472.86,40,323,abs_rank_units,0.002297,0.07771044969558716,0.04010617733001709,9781,0.976928,0.9999485856867472,0.9999249284251801,abs_rank_units,0.023771,0.07275390625,0.04010009765625,9774,0.976229,0.9999999999999999,0.9999999999999999,abs_rank_units,0.552734,0.0174560546875,0.0,5725,0.447266,0.99995507003065,0.9999270620441376,abs_rank_units,0.0025,0.00012177228927612305,3.0606985092163086e-05,0,0.0,0.9999999999999999,0.9999999999999999,abs_rank_units,0.994062,0.0025062859058380127,0.0,76,0.005938,0.9999998124988281,0.9999994374964843,323,323,0,0,0,0.0,0.9999984062400389,0.0,0.03204388251511272,,,,,,,,,,,,,,,,,,,,,,,,,,,,,,,,,,,,,,,,
king_lgbm_8d79186b,70,66,vol_48_v,DIFFERENT,"timestamp alignment: rows [E-w, E-1] (train) vs [E-w+1, E] (serve) | precision: float16 store, float64 vs float32 window sums","pod_fea_ext.py (02157bda) L50/L52/L56; pod_fea_ext.py (02157bda) L65 + L72; October chain builder pod_fea_ext_clamp.py (b9f9c728) L48 (same clock, same float16 store)","shadow_loop_v3.py (e9c98374) L358 (rows [E-w+1, E]) + L397 float32",669.354,15,435,rel,0.0,0.5908629380441981,0.003786080743669426,7645,0.763584,0.9986520599114013,0.9916854947304486,rel,1.0,0.0,0.0,0,0.0,1.0,0.9999999999999999,rel,0.120469,0.5908476104598738,0.0038729666924864447,9734,0.760469,0.9983340936508849,0.9940596055100496,rel,0.000156,0.00048437783884447676,0.00017077661573336288,0,0.0,0.9999983124880281,0.9999963437204641,rel,0.504609,2.7463078865632037e-07,0.0,0,0.0,0.9999999999999999,0.9999999999999999,435,435,0,0,0,0.0,0.9999551872199199,2.0,0.02679263554376507,,,,,,,,,,,,,,,,,,,,,,,,,,,,,,,,,,,,,,,,
king_lgbm_8d79186b,71,67,vol_48_r,DIFFERENT,"timestamp alignment: rows [E-w, E-1] (train) vs [E-w+1, E] (serve) | universe for cross-sectional ranks: members from 829 cache names (incl. non-live450) vs live-450 members | precision: float16 store, float64 vs float32 window sums","pod_fea_ext.py (02157bda) L50/L52/L56; pod_fea_ext.py (02157bda) L75; members L37-39; pod_fea_ext.py (02157bda) L65 + L72; October chain builder pod_fea_ext_clamp.py (b9f9c728) L48 (same clock, same float16 store)","shadow_loop_v3.py (e9c98374) L358 (rows [E-w+1, E]) + L397 float32; shadow_loop_v3.py (e9c98374) L403; members L365-377",1420.513,3,472,abs_rank_units,0.001998,0.4636417031288147,0.02255075052380562,9406,0.939473,0.9986641657522386,0.9916690307627509,abs_rank_units,0.076908,0.157958984375,0.020049095153808594,9242,0.923092,0.9999999999999999,0.9999999999999999,abs_rank_units,0.234063,0.46124267578125,0.0048828125,9804,0.765938,0.9983223332645829,0.9940453377833611,abs_rank_units,0.0025,0.00012177228927612305,3.0606985092163086e-05,0,0.0,0.9999999999999999,0.9999999999999999,abs_rank_units,1.0,0.0,0.0,0,0.0,0.9999999999999999,0.9999999999999999,472,472,0,0,0,0.0,0.9998567491046818,6.0,0.017935800728826792,,,,,,,,,,,,,,,,,,,,,,,,,,,,,,,,,,,,,,,,
king_lgbm_8d79186b,72,68,vol_288_v,DIFFERENT,"timestamp alignment: rows [E-w, E-1] (train) vs [E-w+1, E] (serve) | precision: float16 store, float64 vs float32 window sums","pod_fea_ext.py (02157bda) L50/L52/L56; pod_fea_ext.py (02157bda) L65 + L72; October chain builder pod_fea_ext_clamp.py (b9f9c728) L48 (same clock, same float16 store)","shadow_loop_v3.py (e9c98374) L358 (rows [E-w+1, E]) + L397 float32",426.406,50,282,rel,0.0002,0.4798675728242432,0.0005445378255820422,3459,0.345485,0.9999244966225647,0.9984680032449494,rel,1.0,0.0,0.0,0,0.0,1.0,0.9999999999999999,rel,0.384609,0.47990605427974947,0.0006657789613848203,4315,0.337109,0.9999157413736146,0.9984982026768752,rel,0.000391,0.0004854280031309036,0.00017068019846096575,0,0.0,0.9999981484242133,0.9999970937276126,rel,0.244766,6.853087787197918e-07,9.747575826831213e-08,0,0.0,0.9999999999999999,0.9999999999999999,282,282,0,0,0,0.0,0.9999988749929687,0.0,0.007000200545727659,,,,,,,,,,,,,,,,,,,,,,,,,,,,,,,,,,,,,,,,
king_lgbm_8d79186b,73,69,vol_288_r,DIFFERENT,"timestamp alignment: rows [E-w, E-1] (train) vs [E-w+1, E] (serve) | universe for cross-sectional ranks: members from 829 cache names (incl. non-live450) vs live-450 members | precision: float16 store, float64 vs float32 window sums","pod_fea_ext.py (02157bda) L50/L52/L56; pod_fea_ext.py (02157bda) L75; members L37-39; pod_fea_ext.py (02157bda) L65 + L72; October chain builder pod_fea_ext_clamp.py (b9f9c728) L48 (same clock, same float16 store)","shadow_loop_v3.py (e9c98374) L358 (rows [E-w+1, E]) + L397 float32; shadow_loop_v3.py (e9c98374) L403; members L365-377",1167.971,5,273,abs_rank_units,0.002297,0.24556171894073486,0.01508532464504242,9208,0.919696,0.9999229258034682,0.9984647787449927,abs_rank_units,0.081103,0.1552734375,0.015045166015625,9200,0.918897,0.9999999999999999,0.9999999999999999,abs_rank_units,0.605703,0.255706787109375,0.0,5047,0.394297,0.9999144760260673,0.9984962406015037,abs_rank_units,0.0025,0.00012177228927612305,3.0606985092163086e-05,0,0.0,0.9999999999999999,0.9999999999999999,abs_rank_units,0.999844,0.0012531578540802002,0.0,2,0.000156,0.9999999999999999,0.999999953124706,273,273,0,0,0,0.0,0.9999781561134757,2.0,0.00584008507895202,,,,,,,,,,,,,,,,,,,,,,,,,,,,,,,,,,,,,,,,
king_lgbm_8d79186b,74,70,vol_864_v,DIFFERENT,"timestamp alignment: rows [E-w, E-1] (train) vs [E-w+1, E] (serve) | precision: float16 store, float64 vs float32 window sums","pod_fea_ext.py (02157bda) L50/L52/L56; pod_fea_ext.py (02157bda) L65 + L72; October chain builder pod_fea_ext_clamp.py (b9f9c728) L48 (same clock, same float16 store)","shadow_loop_v3.py (e9c98374) L358 (rows [E-w+1, E]) + L397 float32",360.974,59,245,rel,0.0,0.3479530426393072,0.0002726544498200831,1379,0.137735,0.9999826044269409,0.9977381544205922,rel,1.0,0.0,0.0,0,0.0,1.0,0.9999999999999999,rel,0.603672,0.3487903225806452,0.0,1700,0.132812,0.9999816482511129,0.9983578108564437,rel,7.8e-05,0.0004793002783155857,0.00016716502855424544,0,0.0,0.9999980546734493,0.9999965312223039,rel,0.088594,1.9321287748965938e-06,2.5351965572819494e-07,0,0.0,0.9999999999999999,0.9999998124988281,245,245,1,0,0,0.0,0.9999999999999999,0.0,0.0035195371601300547,,,,,,,,,,,,,,,,,,,,,,,,,,,,,,,,,,,,,,,,
king_lgbm_8d79186b,75,71,vol_864_r,DIFFERENT,"timestamp alignment: rows [E-w, E-1] (train) vs [E-w+1, E] (serve) | universe for cross-sectional ranks: members from 829 cache names (incl. non-live450) vs live-450 members | precision: float16 store, float64 vs float32 window sums","pod_fea_ext.py (02157bda) L50/L52/L56; pod_fea_ext.py (02157bda) L75; members L37-39; pod_fea_ext.py (02157bda) L65 + L72; October chain builder pod_fea_ext_clamp.py (b9f9c728) L48 (same clock, same float16 store)","shadow_loop_v3.py (e9c98374) L358 (rows [E-w+1, E]) + L397 float32; shadow_loop_v3.py (e9c98374) L403; members L365-377",358.413,61,233,abs_rank_units,0.002897,0.3232556488364935,0.007563456892967224,8908,0.889732,0.9999827811024162,0.997717713393015,abs_rank_units,0.112665,0.13525390625,0.007568359375,8884,0.887335,0.9999999999999999,0.9999999999999999,abs_rank_units,0.777891,0.3232574462890625,0.0,2843,0.222109,0.9999789998687492,0.9983441771511071,abs_rank_units,0.0025,0.00012177228927612305,3.0606985092163086e-05,0,0.0,0.9999999999999999,0.9999999999999999,abs_rank_units,0.999687,0.002506256103515625,0.0,4,0.000313,0.9999999999999999,0.9999998124988281,233,233,0,0,0,0.0,0.9999999999999999,0.0,0.025200161045527043,,,,,,,,,,,,,,,,,,,,,,,,,,,,,,,,,,,,,,,,
king_lgbm_8d79186b,76,72,vol_2016_v,DIFFERENT,"timestamp alignment: rows [E-w, E-1] (train) vs [E-w+1, E] (serve) | precision: float16 store, float64 vs float32 window sums","pod_fea_ext.py (02157bda) L50/L52/L56; pod_fea_ext.py (02157bda) L65 + L72; October chain builder pod_fea_ext_clamp.py (b9f9c728) L48 (same clock, same float16 store)","shadow_loop_v3.py (e9c98374) L358 (rows [E-w+1, E]) + L397 float32",498.911,36,304,rel,0.0,0.11212057457337517,0.00020170843857572835,443,0.044247,0.9999930872675684,0.9996583604862724,rel,1.0,0.0,0.0,0,0.0,1.0,0.9999999999999999,rel,0.772734,0.28458049886621317,0.0,617,0.048203,0.999993695240476,0.9981680130160144,rel,0.000156,0.00048494989644249514,0.0001677054307013257,0,0.0,0.9999977499834061,0.9999966249732106,rel,0.035312,2.959867161161807e-06,5.066674094605227e-07,0,0.0,0.9999999999999999,0.9999998124988281,304,304,0,0,0,0.0,0.9999999999999999,0.0,0.005221654109463816,,,,,,,,,,,,,,,,,,,,,,,,,,,,,,,,,,,,,,,,
king_lgbm_8d79186b,77,73,vol_2016_r,DIFFERENT,"timestamp alignment: rows [E-w, E-1] (train) vs [E-w+1, E] (serve) | universe for cross-sectional ranks: members from 829 cache names (incl. non-live450) vs live-450 members | precision: float16 store, float64 vs float32 window sums","pod_fea_ext.py (02157bda) L50/L52/L56; pod_fea_ext.py (02157bda) L75; members L37-39; pod_fea_ext.py (02157bda) L65 + L72; October chain builder pod_fea_ext_clamp.py (b9f9c728) L48 (same clock, same float16 store)","shadow_loop_v3.py (e9c98374) L358 (rows [E-w+1, E]) + L397 float32; shadow_loop_v3.py (e9c98374) L403; members L365-377",430.868,49,225,abs_rank_units,0.003196,0.12280525267124176,0.015070632100105286,9491,0.947962,0.9999931213750628,0.9996587527569802,abs_rank_units,0.052737,0.085205078125,0.01513671875,9484,0.947263,0.9999999999999999,0.9999999999999999,abs_rank_units,0.875313,0.3458251953125,0.0,1596,0.124688,0.9999918436990229,0.998167551047194,abs_rank_units,0.0025,0.00012177228927612305,3.0606985092163086e-05,0,0.0,0.9999999999999999,0.9999999999999999,abs_rank_units,0.999687,0.002506271004676819,0.0,4,0.000313,0.9999999999999999,0.9999998124988281,225,225,0,0,0,0.0,0.9999999999999999,0.0,0.0025080589453519136,,,,,,,,,,,,,,,,,,,,,,,,,,,,,,,,,,,,,,,,
king_lgbm_8d79186b,78,74,vol_8640_v,DIFFERENT,"timestamp alignment: rows [E-w, E-1] (train) vs [E-w+1, E] (serve) | precision: float16 store, float64 vs float32 window sums","pod_fea_ext.py (02157bda) L50/L52/L56; pod_fea_ext.py (02157bda) L65 + L72; October chain builder pod_fea_ext_clamp.py (b9f9c728) L48 (same clock, same float16 store)","shadow_loop_v3.py (e9c98374) L358 (rows [E-w+1, E]) + L397 float32",442.881,46,283,rel,0.0,0.05195795824079949,0.00017576148567719746,76,0.007591,0.9999968692865722,0.9999834659074849,rel,1.0,0.0,0.0,0,0.0,1.0,0.9999999999999999,rel,0.923672,0.0626830697129467,0.0,109,0.008516,0.9999988749874122,0.9999055928236339,rel,0.0,0.00048005378859296283,0.00017079353572963858,0,0.0,0.9999976093572008,0.9999971874784664,rel,0.012812,1.057875602865124e-05,1.4043250732603843e-06,0,0.0,0.9999999999999999,0.9999999999999999,283,283,0,0,0,0.0,0.9999999999999999,0.0,0.0002754444056434352,,,,,,,,,,,,,,,,,,,,,,,,,,,,,,,,,,,,,,,,
king_lgbm_8d79186b,79,75,vol_8640_r,DIFFERENT,"timestamp alignment: rows [E-w, E-1] (train) vs [E-w+1, E] (serve) | universe for cross-sectional ranks: members from 829 cache names (incl. non-live450) vs live-450 members | precision: float16 store, float64 vs float32 window sums","pod_fea_ext.py (02157bda) L50/L52/L56; pod_fea_ext.py (02157bda) L75; members L37-39; pod_fea_ext.py (02157bda) L65 + L72; October chain builder pod_fea_ext_clamp.py (b9f9c728) L48 (same clock, same float16 store)","shadow_loop_v3.py (e9c98374) L358 (rows [E-w+1, E]) + L397 float32; shadow_loop_v3.py (e9c98374) L403; members L365-377",542.244,27,304,abs_rank_units,0.003196,0.08781781792640686,0.017601072788238525,9552,0.954055,0.999998814659345,0.9999839551181605,abs_rank_units,0.045745,0.087890625,0.017578125,9554,0.954255,0.9999999999999999,0.9999999999999999,abs_rank_units,0.965078,0.07769775390625,0.0,447,0.034922,0.9999986874917968,0.9999053119081993,abs_rank_units,0.0025,0.00012177228927612305,3.0606985092163086e-05,0,0.0,0.9999999999999999,0.9999999999999999,abs_rank_units,1.0,0.0,0.0,0,0.0,0.9999999999999999,0.9999999999999999,304,304,0,0,0,0.0,0.9999999999999999,0.0,0.015216491230242372,,,,,,,,,,,,,,,,,,,,,,,,,,,,,,,,,,,,,,,,
king_lgbm_8d79186b,80,76,fund_ema,DIFFERENT,unit: v0 raw per-settlement EMA vs v1 rate*8/iv EMA (T4) | state: panel full-history recursion vs producer state seeded 08-16 (D17 residue) | precision: float16 store,"pod_fea_ext.py (02157bda) L61/L80; panel v0 pod_panel_ext.py (db7f0474) L124-133, stale L160",shadow_loop_v3.py (e9c98374) L344 v1 EMA; L410 fresh<=12h; L418/L419,986.115,7,494,rel,0.0,0.8690153919277528,0.49984254295152397,6370,0.636237,0.8462193828996579,0.8336712611038514,,,,,,,,,,,,,,,,,,,,,,,,,,,,,,,,,494,494,0,0,0,0.0,,,,,,,,,,,,,,,,,,,,,,,,,,,,,,,,,,,,,,,,,,,
king_lgbm_8d79186b,81,77,fund_now,EQUIVALENT_FORMULA,same rule: last settled raw rate if <=12h old else 0 | precision: float16 store (relative step ~1e-3 at |rate| ~2e-5),"pod_fea_ext.py (02157bda) L61/L80; panel v0 pod_panel_ext.py (db7f0474) L124-133, stale L160",shadow_loop_v3.py (e9c98374) L344 v1 EMA; L410 fresh<=12h; L418/L419,804.006,10,484,rel,0.001099,1.0,0.00016593705769517284,280,0.027966,0.9999999999999998,0.9999997765539639,,,,,,,,,,,,,,,,,,,,,,,,,,,,,,,,,484,484,1,0,0,0.0,,,,,,,,,,,,,,,,,,,,,,,,,,,,,,,,,,,,,,,,,,,
v2main_f10_351ae26b,0,0,ret5_sum_48_v,IDENTICAL_CODE,per-name window statistic; same builder statement; float16 on both sides,pod_dlw_features_ext.py (e86725cc) L44 (differs from serving only at L16 default PANEL path),"dlw_features.py (29ae6a98) L44 (rows [E-w+1, E], float16 X)",,,,,,,,,,,,,,,,,,,,,,,,,,,,,,,,,,,,,,,,,,,,,,,,,,,,,rel,1.0,0.0,0.0,0,0.0,1.0,0.9999999999999999,rel,1.0,0.0,0.0,0,0.0,1.0,0.9999999999999999,rel,1.0,0.0,0.0,0,0.0,1.0,0.9999999999999999,rel,1.0,0.0,0.0,0,0.0,1.0,0.9999999999999999,rel,1.0,0.0,0.0,0,0.0,1.0,1.0
v2main_f10_351ae26b,1,1,ret5_sum_48_r,DIFFERENT,"identical code; universe for cross-sectional ranks: training members D (829 names, forward-finite) vs served members","pod_dlw_features_ext.py (e86725cc) L44 (differs from serving only at L16 default PANEL path); pod_dlw_targets_ext.py (c21683ee) L100 (own members per anchor, 829 names, forward-finite)","dlw_features.py (29ae6a98) L44 (rows [E-w+1, E], float16 X); members = producer pm",,,,,,,,,,,,,,,,,,,,,,,,,,,,,,,,,,,,,,,,,,,,,,,,,,,,,abs,0.092875,0.1253662109375,0.02001953125,4825,0.907125,0.9999999999999999,0.9999999999999999,abs,1.0,0.0,0.0,0,0.0,0.9999999999999999,0.9999999999999999,abs,0.092875,0.1253662109375,0.02001953125,4825,0.907125,0.9999999999999999,0.9999999999999999,abs,1.0,0.0,0.0,0,0.0,0.9999999999999999,0.9999999999999999,abs,1.0,0.0,0.0,0,0.0,0.9999999999999999,0.9999999999999999
v2main_f10_351ae26b,2,2,ret5_sum_288_v,IDENTICAL_CODE,per-name window statistic; same builder statement; float16 on both sides,pod_dlw_features_ext.py (e86725cc) L44 (differs from serving only at L16 default PANEL path),"dlw_features.py (29ae6a98) L44 (rows [E-w+1, E], float16 X)",,,,,,,,,,,,,,,,,,,,,,,,,,,,,,,,,,,,,,,,,,,,,,,,,,,,,rel,1.0,0.0,0.0,0,0.0,1.0,0.9999999999999999,rel,1.0,0.0,0.0,0,0.0,1.0,0.9999999999999999,rel,1.0,0.0,0.0,0,0.0,1.0,0.9999999999999999,rel,1.0,0.0,0.0,0,0.0,1.0,0.9999999999999999,rel,1.0,0.0,0.0,0,0.0,1.0,0.9999999999999999
v2main_f10_351ae26b,3,3,ret5_sum_288_r,DIFFERENT,"identical code; universe for cross-sectional ranks: training members D (829 names, forward-finite) vs served members","pod_dlw_features_ext.py (e86725cc) L44 (differs from serving only at L16 default PANEL path); pod_dlw_targets_ext.py (c21683ee) L100 (own members per anchor, 829 names, forward-finite)","dlw_features.py (29ae6a98) L44 (rows [E-w+1, E], float16 X); members = producer pm",,,,,,,,,,,,,,,,,,,,,,,,,,,,,,,,,,,,,,,,,,,,,,,,,,,,,abs,0.075954,0.140380859375,0.022705078125,4915,0.924046,0.9999999999999999,0.9999999999999999,abs,1.0,0.0,0.0,0,0.0,0.9999999999999999,0.9999999999999999,abs,0.075954,0.140380859375,0.022705078125,4915,0.924046,0.9999999999999999,0.9999999999999999,abs,1.0,0.0,0.0,0,0.0,0.9999999999999999,0.9999999999999999,abs,1.0,0.0,0.0,0,0.0,0.9999999999999999,0.9999999999999999
v2main_f10_351ae26b,4,4,ret5_sum_864_v,IDENTICAL_CODE,per-name window statistic; same builder statement; float16 on both sides,pod_dlw_features_ext.py (e86725cc) L44 (differs from serving only at L16 default PANEL path),"dlw_features.py (29ae6a98) L44 (rows [E-w+1, E], float16 X)",,,,,,,,,,,,,,,,,,,,,,,,,,,,,,,,,,,,,,,,,,,,,,,,,,,,,rel,1.0,0.0,0.0,0,0.0,1.0,0.9999999999999999,rel,1.0,0.0,0.0,0,0.0,1.0,0.9999999999999999,rel,1.0,0.0,0.0,0,0.0,1.0,0.9999999999999999,rel,1.0,0.0,0.0,0,0.0,1.0,0.9999999999999999,rel,1.0,0.0,0.0,0,0.0,1.0,1.0
v2main_f10_351ae26b,5,5,ret5_sum_864_r,DIFFERENT,"identical code; universe for cross-sectional ranks: training members D (829 names, forward-finite) vs served members","pod_dlw_features_ext.py (e86725cc) L44 (differs from serving only at L16 default PANEL path); pod_dlw_targets_ext.py (c21683ee) L100 (own members per anchor, 829 names, forward-finite)","dlw_features.py (29ae6a98) L44 (rows [E-w+1, E], float16 X); members = producer pm",,,,,,,,,,,,,,,,,,,,,,,,,,,,,,,,,,,,,,,,,,,,,,,,,,,,,abs,0.090055,0.11029815673828125,0.015045166015625,4840,0.909945,0.9999999999999999,0.9999999999999999,abs,1.0,0.0,0.0,0,0.0,0.9999999999999999,0.9999999999999999,abs,0.090055,0.11029815673828125,0.015045166015625,4840,0.909945,0.9999999999999999,0.9999999999999999,abs,1.0,0.0,0.0,0,0.0,0.9999999999999999,0.9999999999999999,abs,1.0,0.0,0.0,0,0.0,0.9999999999999999,0.9999999999999999
v2main_f10_351ae26b,6,6,ret5_sum_2016_v,IDENTICAL_CODE,per-name window statistic; same builder statement; float16 on both sides,pod_dlw_features_ext.py (e86725cc) L44 (differs from serving only at L16 default PANEL path),"dlw_features.py (29ae6a98) L44 (rows [E-w+1, E], float16 X)",,,,,,,,,,,,,,,,,,,,,,,,,,,,,,,,,,,,,,,,,,,,,,,,,,,,,rel,1.0,0.0,0.0,0,0.0,1.0,0.9999999999999999,rel,1.0,0.0,0.0,0,0.0,1.0,0.9999999999999999,rel,1.0,0.0,0.0,0,0.0,1.0,0.9999999999999999,rel,1.0,0.0,0.0,0,0.0,1.0,0.9999999999999999,rel,1.0,0.0,0.0,0,0.0,1.0,0.9999999999999999
v2main_f10_351ae26b,7,7,ret5_sum_2016_r,DIFFERENT,"identical code; universe for cross-sectional ranks: training members D (829 names, forward-finite) vs served members","pod_dlw_features_ext.py (e86725cc) L44 (differs from serving only at L16 default PANEL path); pod_dlw_targets_ext.py (c21683ee) L100 (own members per anchor, 829 names, forward-finite)","dlw_features.py (29ae6a98) L44 (rows [E-w+1, E], float16 X); members = producer pm",,,,,,,,,,,,,,,,,,,,,,,,,,,,,,,,,,,,,,,,,,,,,,,,,,,,,abs,0.084414,0.087738037109375,0.017578125,4870,0.915586,0.9999999999999999,0.9999999999999999,abs,1.0,0.0,0.0,0,0.0,0.9999999999999999,0.9999999999999999,abs,0.084414,0.087738037109375,0.017578125,4870,0.915586,0.9999999999999999,0.9999999999999999,abs,1.0,0.0,0.0,0,0.0,0.9999999999999999,0.9999999999999999,abs,1.0,0.0,0.0,0,0.0,0.9999999999999999,0.9999999999999999
v2main_f10_351ae26b,8,8,ret5_sum_8640_v,IDENTICAL_CODE,per-name window statistic; same builder statement; float16 on both sides,pod_dlw_features_ext.py (e86725cc) L44 (differs from serving only at L16 default PANEL path),"dlw_features.py (29ae6a98) L44 (rows [E-w+1, E], float16 X)",,,,,,,,,,,,,,,,,,,,,,,,,,,,,,,,,,,,,,,,,,,,,,,,,,,,,rel,1.0,0.0,0.0,0,0.0,1.0,0.9999999999999999,rel,1.0,0.0,0.0,0,0.0,1.0,0.9999999999999999,rel,1.0,0.0,0.0,0,0.0,1.0,0.9999999999999999,rel,1.0,0.0,0.0,0,0.0,1.0,0.9999999999999999,rel,1.0,0.0,0.0,0,0.0,1.0,0.9999999999999999
v2main_f10_351ae26b,9,9,ret5_sum_8640_r,DIFFERENT,"identical code; universe for cross-sectional ranks: training members D (829 names, forward-finite) vs served members","pod_dlw_features_ext.py (e86725cc) L44 (differs from serving only at L16 default PANEL path); pod_dlw_targets_ext.py (c21683ee) L100 (own members per anchor, 829 names, forward-finite)","dlw_features.py (29ae6a98) L44 (rows [E-w+1, E], float16 X); members = producer pm",,,,,,,,,,,,,,,,,,,,,,,,,,,,,,,,,,,,,,,,,,,,,,,,,,,,,abs,0.068434,0.0601348876953125,0.014892578125,4955,0.931566,0.9999999999999999,0.9999999999999999,abs,1.0,0.0,0.0,0,0.0,0.9999999999999999,0.9999999999999999,abs,0.068434,0.0601348876953125,0.014892578125,4955,0.931566,0.9999999999999999,0.9999999999999999,abs,1.0,0.0,0.0,0,0.0,0.9999999999999999,0.9999999999999999,abs,1.0,0.0,0.0,0,0.0,0.9999999999999999,0.9999999999999999
v2main_f10_351ae26b,10,10,range_mean_48_v,IDENTICAL_CODE,per-name window statistic; same builder statement; float16 on both sides,pod_dlw_features_ext.py (e86725cc) L44 (differs from serving only at L16 default PANEL path),"dlw_features.py (29ae6a98) L44 (rows [E-w+1, E], float16 X)",,,,,,,,,,,,,,,,,,,,,,,,,,,,,,,,,,,,,,,,,,,,,,,,,,,,,rel,1.0,0.0,0.0,0,0.0,1.0,0.9999999999999999,rel,1.0,0.0,0.0,0,0.0,1.0,0.9999999999999999,rel,1.0,0.0,0.0,0,0.0,1.0,0.9999999999999999,rel,1.0,0.0,0.0,0,0.0,1.0,0.9999999999999999,rel,1.0,0.0,0.0,0,0.0,1.0,0.9999999999999999
v2main_f10_351ae26b,11,11,range_mean_48_r,DIFFERENT,"identical code; universe for cross-sectional ranks: training members D (829 names, forward-finite) vs served members","pod_dlw_features_ext.py (e86725cc) L44 (differs from serving only at L16 default PANEL path); pod_dlw_targets_ext.py (c21683ee) L100 (own members per anchor, 829 names, forward-finite)","dlw_features.py (29ae6a98) L44 (rows [E-w+1, E], float16 X); members = producer pm",,,,,,,,,,,,,,,,,,,,,,,,,,,,,,,,,,,,,,,,,,,,,,,,,,,,,abs,0.066178,0.155517578125,0.02001953125,4967,0.933822,1.0,0.9999999999999999,abs,1.0,0.0,0.0,0,0.0,0.9999999999999999,0.9999999999999999,abs,0.066178,0.155517578125,0.02001953125,4967,0.933822,1.0,0.9999999999999999,abs,1.0,0.0,0.0,0,0.0,0.9999999999999999,0.9999999999999999,abs,1.0,0.0,0.0,0,0.0,1.0,0.9999999999999999
v2main_f10_351ae26b,12,12,range_mean_288_v,IDENTICAL_CODE,per-name window statistic; same builder statement; float16 on both sides,pod_dlw_features_ext.py (e86725cc) L44 (differs from serving only at L16 default PANEL path),"dlw_features.py (29ae6a98) L44 (rows [E-w+1, E], float16 X)",,,,,,,,,,,,,,,,,,,,,,,,,,,,,,,,,,,,,,,,,,,,,,,,,,,,,rel,1.0,0.0,0.0,0,0.0,1.0,0.9999999999999999,rel,1.0,0.0,0.0,0,0.0,0.9999999999999999,0.9999999999999999,rel,1.0,0.0,0.0,0,0.0,1.0,0.9999999999999999,rel,1.0,0.0,0.0,0,0.0,1.0,0.9999999999999999,rel,1.0,0.0,0.0,0,0.0,0.9999999999999999,0.9999999999999999
v2main_f10_351ae26b,13,13,range_mean_288_r,DIFFERENT,"identical code; universe for cross-sectional ranks: training members D (829 names, forward-finite) vs served members","pod_dlw_features_ext.py (e86725cc) L44 (differs from serving only at L16 default PANEL path); pod_dlw_targets_ext.py (c21683ee) L100 (own members per anchor, 829 names, forward-finite)","dlw_features.py (29ae6a98) L44 (rows [E-w+1, E], float16 X); members = producer pm",,,,,,,,,,,,,,,,,,,,,,,,,,,,,,,,,,,,,,,,,,,,,,,,,,,,,abs,0.117127,0.153076171875,0.010009765625,4696,0.882873,0.9999999999999999,0.9999999999999999,abs,1.0,0.0,0.0,0,0.0,0.9999999999999999,0.9999999999999999,abs,0.117127,0.153076171875,0.010009765625,4696,0.882873,0.9999999999999999,0.9999999999999999,abs,1.0,0.0,0.0,0,0.0,0.9999999999999999,0.9999999999999999,abs,1.0,0.0,0.0,0,0.0,0.9999999999999999,0.9999999999999999
v2main_f10_351ae26b,14,14,range_mean_864_v,IDENTICAL_CODE,per-name window statistic; same builder statement; float16 on both sides,pod_dlw_features_ext.py (e86725cc) L44 (differs from serving only at L16 default PANEL path),"dlw_features.py (29ae6a98) L44 (rows [E-w+1, E], float16 X)",,,,,,,,,,,,,,,,,,,,,,,,,,,,,,,,,,,,,,,,,,,,,,,,,,,,,rel,1.0,0.0,0.0,0,0.0,1.0,0.9999999999999999,rel,1.0,0.0,0.0,0,0.0,1.0,0.9999999999999999,rel,1.0,0.0,0.0,0,0.0,1.0,0.9999999999999999,rel,1.0,0.0,0.0,0,0.0,1.0,0.9999999999999999,rel,1.0,0.0,0.0,0,0.0,1.0,0.9999999999999999
v2main_f10_351ae26b,15,15,range_mean_864_r,DIFFERENT,"identical code; universe for cross-sectional ranks: training members D (829 names, forward-finite) vs served members","pod_dlw_features_ext.py (e86725cc) L44 (differs from serving only at L16 default PANEL path); pod_dlw_targets_ext.py (c21683ee) L100 (own members per anchor, 829 names, forward-finite)","dlw_features.py (29ae6a98) L44 (rows [E-w+1, E], float16 X); members = producer pm",,,,,,,,,,,,,,,,,,,,,,,,,,,,,,,,,,,,,,,,,,,,,,,,,,,,,abs,0.106599,0.140380859375,0.007568359375,4752,0.893401,0.9999999999999999,0.9999999999999999,abs,1.0,0.0,0.0,0,0.0,0.9999999999999999,0.9999999999999999,abs,0.106599,0.140380859375,0.007568359375,4752,0.893401,0.9999999999999999,0.9999999999999999,abs,1.0,0.0,0.0,0,0.0,0.9999999999999999,0.9999999999999999,abs,1.0,0.0,0.0,0,0.0,0.9999999999999999,0.9999999999999999
v2main_f10_351ae26b,16,16,range_mean_2016_v,IDENTICAL_CODE,per-name window statistic; same builder statement; float16 on both sides,pod_dlw_features_ext.py (e86725cc) L44 (differs from serving only at L16 default PANEL path),"dlw_features.py (29ae6a98) L44 (rows [E-w+1, E], float16 X)",,,,,,,,,,,,,,,,,,,,,,,,,,,,,,,,,,,,,,,,,,,,,,,,,,,,,rel,1.0,0.0,0.0,0,0.0,1.0,0.9999999999999999,rel,1.0,0.0,0.0,0,0.0,1.0,0.9999999999999999,rel,1.0,0.0,0.0,0,0.0,1.0,0.9999999999999999,rel,1.0,0.0,0.0,0,0.0,1.0,0.9999999999999999,rel,1.0,0.0,0.0,0,0.0,1.0,0.9999999999999999
v2main_f10_351ae26b,17,17,range_mean_2016_r,DIFFERENT,"identical code; universe for cross-sectional ranks: training members D (829 names, forward-finite) vs served members","pod_dlw_features_ext.py (e86725cc) L44 (differs from serving only at L16 default PANEL path); pod_dlw_targets_ext.py (c21683ee) L100 (own members per anchor, 829 names, forward-finite)","dlw_features.py (29ae6a98) L44 (rows [E-w+1, E], float16 X); members = producer pm",,,,,,,,,,,,,,,,,,,,,,,,,,,,,,,,,,,,,,,,,,,,,,,,,,,,,abs,0.054898,0.1103515625,0.0150146484375,5027,0.945102,0.9999999999999999,0.9999999999999999,abs,1.0,0.0,0.0,0,0.0,0.9999999999999999,0.9999999999999999,abs,0.054898,0.1103515625,0.0150146484375,5027,0.945102,0.9999999999999999,0.9999999999999999,abs,1.0,0.0,0.0,0,0.0,0.9999999999999999,0.9999999999999999,abs,1.0,0.0,0.0,0,0.0,0.9999999999999999,0.9999999999999999
v2main_f10_351ae26b,18,18,range_mean_8640_v,IDENTICAL_CODE,per-name window statistic; same builder statement; float16 on both sides,pod_dlw_features_ext.py (e86725cc) L44 (differs from serving only at L16 default PANEL path),"dlw_features.py (29ae6a98) L44 (rows [E-w+1, E], float16 X)",,,,,,,,,,,,,,,,,,,,,,,,,,,,,,,,,,,,,,,,,,,,,,,,,,,,,rel,1.0,0.0,0.0,0,0.0,1.0,0.9999999999999999,rel,1.0,0.0,0.0,0,0.0,1.0,0.9999999999999999,rel,1.0,0.0,0.0,0,0.0,1.0,0.9999999999999999,rel,1.0,0.0,0.0,0,0.0,1.0,0.9999999999999999,rel,1.0,0.0,0.0,0,0.0,1.0,0.9999999999999999
v2main_f10_351ae26b,19,19,range_mean_8640_r,DIFFERENT,"identical code; universe for cross-sectional ranks: training members D (829 names, forward-finite) vs served members","pod_dlw_features_ext.py (e86725cc) L44 (differs from serving only at L16 default PANEL path); pod_dlw_targets_ext.py (c21683ee) L100 (own members per anchor, 829 names, forward-finite)","dlw_features.py (29ae6a98) L44 (rows [E-w+1, E], float16 X); members = producer pm",,,,,,,,,,,,,,,,,,,,,,,,,,,,,,,,,,,,,,,,,,,,,,,,,,,,,abs,0.066554,0.10791015625,0.01751708984375,4965,0.933446,0.9999999999999999,0.9999999999999999,abs,1.0,0.0,0.0,0,0.0,0.9999999999999999,0.9999999999999999,abs,0.066554,0.10791015625,0.01751708984375,4965,0.933446,0.9999999999999999,0.9999999999999999,abs,1.0,0.0,0.0,0,0.0,0.9999999999999999,0.9999999999999999,abs,1.0,0.0,0.0,0,0.0,0.9999999999999999,0.9999999999999999
v2main_f10_351ae26b,20,20,cpos_mean_48_v,IDENTICAL_CODE,per-name window statistic; same builder statement; float16 on both sides,pod_dlw_features_ext.py (e86725cc) L44 (differs from serving only at L16 default PANEL path),"dlw_features.py (29ae6a98) L44 (rows [E-w+1, E], float16 X)",,,,,,,,,,,,,,,,,,,,,,,,,,,,,,,,,,,,,,,,,,,,,,,,,,,,,rel,1.0,0.0,0.0,0,0.0,1.0,0.9999999999999999,rel,1.0,0.0,0.0,0,0.0,1.0,0.9999999999999999,rel,1.0,0.0,0.0,0,0.0,1.0,0.9999999999999999,rel,1.0,0.0,0.0,0,0.0,1.0,0.9999999999999999,rel,1.0,0.0,0.0,0,0.0,1.0,1.0
v2main_f10_351ae26b,21,21,cpos_mean_48_r,DIFFERENT,"identical code; universe for cross-sectional ranks: training members D (829 names, forward-finite) vs served members","pod_dlw_features_ext.py (e86725cc) L44 (differs from serving only at L16 default PANEL path); pod_dlw_targets_ext.py (c21683ee) L100 (own members per anchor, 829 names, forward-finite)","dlw_features.py (29ae6a98) L44 (rows [E-w+1, E], float16 X); members = producer pm",,,,,,,,,,,,,,,,,,,,,,,,,,,,,,,,,,,,,,,,,,,,,,,,,,,,,abs,0.059974,0.07772254943847656,0.01751708984375,5000,0.940026,0.9999999999999999,0.9999999999999999,abs,1.0,0.0,0.0,0,0.0,0.9999999999999999,0.9999999999999999,abs,0.059974,0.07772254943847656,0.01751708984375,5000,0.940026,0.9999999999999999,0.9999999999999999,abs,1.0,0.0,0.0,0,0.0,0.9999999999999999,0.9999999999999999,abs,1.0,0.0,0.0,0,0.0,1.0,0.9999999999999999
v2main_f10_351ae26b,22,22,cpos_mean_288_v,IDENTICAL_CODE,per-name window statistic; same builder statement; float16 on both sides,pod_dlw_features_ext.py (e86725cc) L44 (differs from serving only at L16 default PANEL path),"dlw_features.py (29ae6a98) L44 (rows [E-w+1, E], float16 X)",,,,,,,,,,,,,,,,,,,,,,,,,,,,,,,,,,,,,,,,,,,,,,,,,,,,,rel,1.0,0.0,0.0,0,0.0,1.0,0.9999999999999999,rel,1.0,0.0,0.0,0,0.0,1.0,0.9999999999999999,rel,1.0,0.0,0.0,0,0.0,1.0,0.9999999999999999,rel,1.0,0.0,0.0,0,0.0,1.0,0.9999999999999999,rel,1.0,0.0,0.0,0,0.0,1.0,0.9999999999999999
v2main_f10_351ae26b,23,23,cpos_mean_288_r,DIFFERENT,"identical code; universe for cross-sectional ranks: training members D (829 names, forward-finite) vs served members","pod_dlw_features_ext.py (e86725cc) L44 (differs from serving only at L16 default PANEL path); pod_dlw_targets_ext.py (c21683ee) L100 (own members per anchor, 829 names, forward-finite)","dlw_features.py (29ae6a98) L44 (rows [E-w+1, E], float16 X); members = producer pm",,,,,,,,,,,,,,,,,,,,,,,,,,,,,,,,,,,,,,,,,,,,,,,,,,,,,abs,0.06505,0.07275390625,0.0150146484375,4973,0.93495,0.9999999999999999,0.9999999999999999,abs,1.0,0.0,0.0,0,0.0,0.9999999999999999,0.9999999999999999,abs,0.06505,0.07275390625,0.0150146484375,4973,0.93495,0.9999999999999999,0.9999999999999999,abs,1.0,0.0,0.0,0,0.0,0.9999999999999999,0.9999999999999999,abs,1.0,0.0,0.0,0,0.0,0.9999999999999999,0.9999999999999999
v2main_f10_351ae26b,24,24,cpos_mean_864_v,IDENTICAL_CODE,per-name window statistic; same builder statement; float16 on both sides,pod_dlw_features_ext.py (e86725cc) L44 (differs from serving only at L16 default PANEL path),"dlw_features.py (29ae6a98) L44 (rows [E-w+1, E], float16 X)",,,,,,,,,,,,,,,,,,,,,,,,,,,,,,,,,,,,,,,,,,,,,,,,,,,,,rel,1.0,0.0,0.0,0,0.0,1.0,0.9999999999999999,rel,1.0,0.0,0.0,0,0.0,1.0,0.9999999999999999,rel,1.0,0.0,0.0,0,0.0,1.0,0.9999999999999999,rel,1.0,0.0,0.0,0,0.0,1.0,0.9999999999999999,rel,1.0,0.0,0.0,0,0.0,1.0,0.9999999999999999
v2main_f10_351ae26b,25,25,cpos_mean_864_r,DIFFERENT,"identical code; universe for cross-sectional ranks: training members D (829 names, forward-finite) vs served members","pod_dlw_features_ext.py (e86725cc) L44 (differs from serving only at L16 default PANEL path); pod_dlw_targets_ext.py (c21683ee) L100 (own members per anchor, 829 names, forward-finite)","dlw_features.py (29ae6a98) L44 (rows [E-w+1, E], float16 X); members = producer pm",,,,,,,,,,,,,,,,,,,,,,,,,,,,,,,,,,,,,,,,,,,,,,,,,,,,,abs,0.061666,0.0777587890625,0.0150146484375,4991,0.938334,0.9999999999999999,0.9999999999999999,abs,1.0,0.0,0.0,0,0.0,0.9999999999999999,0.9999999999999999,abs,0.061666,0.0777587890625,0.0150146484375,4991,0.938334,0.9999999999999999,0.9999999999999999,abs,1.0,0.0,0.0,0,0.0,0.9999999999999999,0.9999999999999999,abs,1.0,0.0,0.0,0,0.0,0.9999999999999999,0.9999999999999999
v2main_f10_351ae26b,26,26,cpos_mean_2016_v,IDENTICAL_CODE,per-name window statistic; same builder statement; float16 on both sides,pod_dlw_features_ext.py (e86725cc) L44 (differs from serving only at L16 default PANEL path),"dlw_features.py (29ae6a98) L44 (rows [E-w+1, E], float16 X)",,,,,,,,,,,,,,,,,,,,,,,,,,,,,,,,,,,,,,,,,,,,,,,,,,,,,rel,1.0,0.0,0.0,0,0.0,1.0,0.9999999999999999,rel,1.0,0.0,0.0,0,0.0,1.0,0.9999999999999999,rel,1.0,0.0,0.0,0,0.0,1.0,0.9999999999999999,rel,1.0,0.0,0.0,0,0.0,1.0,0.9999999999999999,rel,1.0,0.0,0.0,0,0.0,1.0,0.9999999999999999
v2main_f10_351ae26b,27,27,cpos_mean_2016_r,DIFFERENT,"identical code; universe for cross-sectional ranks: training members D (829 names, forward-finite) vs served members","pod_dlw_features_ext.py (e86725cc) L44 (differs from serving only at L16 default PANEL path); pod_dlw_targets_ext.py (c21683ee) L100 (own members per anchor, 829 names, forward-finite)","dlw_features.py (29ae6a98) L44 (rows [E-w+1, E], float16 X); members = producer pm",,,,,,,,,,,,,,,,,,,,,,,,,,,,,,,,,,,,,,,,,,,,,,,,,,,,,abs,0.042489,0.05517578125,0.0150146484375,5093,0.957511,0.9999999999999999,0.9999999999999999,abs,1.0,0.0,0.0,0,0.0,0.9999999999999999,0.9999999999999999,abs,0.042489,0.05517578125,0.0150146484375,5093,0.957511,0.9999999999999999,0.9999999999999999,abs,1.0,0.0,0.0,0,0.0,0.9999999999999999,0.9999999999999999,abs,1.0,0.0,0.0,0,0.0,0.9999999999999999,0.9999999999999999
v2main_f10_351ae26b,28,28,cpos_mean_8640_v,IDENTICAL_CODE,per-name window statistic; same builder statement; float16 on both sides,pod_dlw_features_ext.py (e86725cc) L44 (differs from serving only at L16 default PANEL path),"dlw_features.py (29ae6a98) L44 (rows [E-w+1, E], float16 X)",,,,,,,,,,,,,,,,,,,,,,,,,,,,,,,,,,,,,,,,,,,,,,,,,,,,,rel,1.0,0.0,0.0,0,0.0,1.0,0.9999999999999999,rel,1.0,0.0,0.0,0,0.0,1.0,0.9999999999999999,rel,1.0,0.0,0.0,0,0.0,1.0,0.9999999999999999,rel,1.0,0.0,0.0,0,0.0,1.0,0.9999999999999999,rel,1.0,0.0,0.0,0,0.0,1.0,0.9999999999999999
v2main_f10_351ae26b,29,29,cpos_mean_8640_r,DIFFERENT,"identical code; universe for cross-sectional ranks: training members D (829 names, forward-finite) vs served members","pod_dlw_features_ext.py (e86725cc) L44 (differs from serving only at L16 default PANEL path); pod_dlw_targets_ext.py (c21683ee) L100 (own members per anchor, 829 names, forward-finite)","dlw_features.py (29ae6a98) L44 (rows [E-w+1, E], float16 X); members = producer pm",,,,,,,,,,,,,,,,,,,,,,,,,,,,,,,,,,,,,,,,,,,,,,,,,,,,,abs,0.039857,0.065155029296875,0.017333984375,5107,0.960143,0.9999999999999999,0.9999999999999999,abs,1.0,0.0,0.0,0,0.0,0.9999999999999999,0.9999999999999999,abs,0.039857,0.065155029296875,0.017333984375,5107,0.960143,0.9999999999999999,0.9999999999999999,abs,1.0,0.0,0.0,0,0.0,0.9999999999999999,0.9999999999999999,abs,1.0,0.0,0.0,0,0.0,0.9999999999999999,0.9999999999999999
v2main_f10_351ae26b,30,30,log_qv_mean_48_v,IDENTICAL_CODE,per-name window statistic; same builder statement; float16 on both sides,pod_dlw_features_ext.py (e86725cc) L44 (differs from serving only at L16 default PANEL path),"dlw_features.py (29ae6a98) L44 (rows [E-w+1, E], float16 X)",,,,,,,,,,,,,,,,,,,,,,,,,,,,,,,,,,,,,,,,,,,,,,,,,,,,,rel,1.0,0.0,0.0,0,0.0,1.0,0.9999999999999999,rel,1.0,0.0,0.0,0,0.0,1.0,0.9999999999999999,rel,1.0,0.0,0.0,0,0.0,1.0,0.9999999999999999,rel,1.0,0.0,0.0,0,0.0,1.0,0.9999999999999999,rel,1.0,0.0,0.0,0,0.0,1.0,0.9999999999999999
v2main_f10_351ae26b,31,31,log_qv_mean_48_r,DIFFERENT,"identical code; universe for cross-sectional ranks: training members D (829 names, forward-finite) vs served members","pod_dlw_features_ext.py (e86725cc) L44 (differs from serving only at L16 default PANEL path); pod_dlw_targets_ext.py (c21683ee) L100 (own members per anchor, 829 names, forward-finite)","dlw_features.py (29ae6a98) L44 (rows [E-w+1, E], float16 X); members = producer pm",,,,,,,,,,,,,,,,,,,,,,,,,,,,,,,,,,,,,,,,,,,,,,,,,,,,,abs,0.022185,0.18310546875,0.09521484375,5201,0.977815,1.0,0.9999999999999999,abs,1.0,0.0,0.0,0,0.0,1.0,0.9999999999999999,abs,0.022185,0.18310546875,0.09521484375,5201,0.977815,1.0,0.9999999999999999,abs,1.0,0.0,0.0,0,0.0,1.0,0.9999999999999999,abs,1.0,0.0,0.0,0,0.0,1.0,0.9999999999999999
v2main_f10_351ae26b,32,32,log_qv_mean_288_v,IDENTICAL_CODE,per-name window statistic; same builder statement; float16 on both sides,pod_dlw_features_ext.py (e86725cc) L44 (differs from serving only at L16 default PANEL path),"dlw_features.py (29ae6a98) L44 (rows [E-w+1, E], float16 X)",,,,,,,,,,,,,,,,,,,,,,,,,,,,,,,,,,,,,,,,,,,,,,,,,,,,,rel,1.0,0.0,0.0,0,0.0,1.0,0.9999999999999999,rel,1.0,0.0,0.0,0,0.0,1.0,0.9999999999999999,rel,1.0,0.0,0.0,0,0.0,1.0,0.9999999999999999,rel,1.0,0.0,0.0,0,0.0,1.0,1.0,rel,1.0,0.0,0.0,0,0.0,1.0,0.9999999999999999
v2main_f10_351ae26b,33,33,log_qv_mean_288_r,DIFFERENT,"identical code; universe for cross-sectional ranks: training members D (829 names, forward-finite) vs served members","pod_dlw_features_ext.py (e86725cc) L44 (differs from serving only at L16 default PANEL path); pod_dlw_targets_ext.py (c21683ee) L100 (own members per anchor, 829 names, forward-finite)","dlw_features.py (29ae6a98) L44 (rows [E-w+1, E], float16 X); members = producer pm",,,,,,,,,,,,,,,,,,,,,,,,,,,,,,,,,,,,,,,,,,,,,,,,,,,,,abs,0.022185,0.1881103515625,0.097747802734375,5201,0.977815,0.9999999999999999,0.9999999999999999,abs,1.0,0.0,0.0,0,0.0,0.9999999999999999,0.9999999999999999,abs,0.022185,0.1881103515625,0.097747802734375,5201,0.977815,0.9999999999999999,0.9999999999999999,abs,1.0,0.0,0.0,0,0.0,0.9999999999999999,0.9999999999999999,abs,1.0,0.0,0.0,0,0.0,0.9999999999999999,0.9999999999999999
v2main_f10_351ae26b,34,34,log_qv_mean_864_v,IDENTICAL_CODE,per-name window statistic; same builder statement; float16 on both sides,pod_dlw_features_ext.py (e86725cc) L44 (differs from serving only at L16 default PANEL path),"dlw_features.py (29ae6a98) L44 (rows [E-w+1, E], float16 X)",,,,,,,,,,,,,,,,,,,,,,,,,,,,,,,,,,,,,,,,,,,,,,,,,,,,,rel,1.0,0.0,0.0,0,0.0,1.0,0.9999999999999999,rel,1.0,0.0,0.0,0,0.0,1.0,0.9999999999999999,rel,1.0,0.0,0.0,0,0.0,1.0,0.9999999999999999,rel,1.0,0.0,0.0,0,0.0,1.0,0.9999999999999999,rel,1.0,0.0,0.0,0,0.0,1.0,0.9999999999999999
v2main_f10_351ae26b,35,35,log_qv_mean_864_r,DIFFERENT,"identical code; universe for cross-sectional ranks: training members D (829 names, forward-finite) vs served members","pod_dlw_features_ext.py (e86725cc) L44 (differs from serving only at L16 default PANEL path); pod_dlw_targets_ext.py (c21683ee) L100 (own members per anchor, 829 names, forward-finite)","dlw_features.py (29ae6a98) L44 (rows [E-w+1, E], float16 X); members = producer pm",,,,,,,,,,,,,,,,,,,,,,,,,,,,,,,,,,,,,,,,,,,,,,,,,,,,,abs,0.018801,0.2005615234375,0.11029052734375,5219,0.981199,0.9999999999999999,0.9999999999999999,abs,1.0,0.0,0.0,0,0.0,0.9999999999999999,0.9999999999999999,abs,0.018801,0.2005615234375,0.11029052734375,5219,0.981199,0.9999999999999999,0.9999999999999999,abs,1.0,0.0,0.0,0,0.0,0.9999999999999999,0.9999999999999999,abs,1.0,0.0,0.0,0,0.0,0.9999999999999999,0.9999999999999999
v2main_f10_351ae26b,36,36,log_qv_mean_2016_v,IDENTICAL_CODE,per-name window statistic; same builder statement; float16 on both sides,pod_dlw_features_ext.py (e86725cc) L44 (differs from serving only at L16 default PANEL path),"dlw_features.py (29ae6a98) L44 (rows [E-w+1, E], float16 X)",,,,,,,,,,,,,,,,,,,,,,,,,,,,,,,,,,,,,,,,,,,,,,,,,,,,,rel,1.0,0.0,0.0,0,0.0,1.0,0.9999999999999999,rel,1.0,0.0,0.0,0,0.0,1.0,0.9999999999999999,rel,1.0,0.0,0.0,0,0.0,1.0,0.9999999999999999,rel,1.0,0.0,0.0,0,0.0,1.0,0.9999999999999999,rel,1.0,0.0,0.0,0,0.0,1.0,1.0
v2main_f10_351ae26b,37,37,log_qv_mean_2016_r,DIFFERENT,"identical code; universe for cross-sectional ranks: training members D (829 names, forward-finite) vs served members","pod_dlw_features_ext.py (e86725cc) L44 (differs from serving only at L16 default PANEL path); pod_dlw_targets_ext.py (c21683ee) L100 (own members per anchor, 829 names, forward-finite)","dlw_features.py (29ae6a98) L44 (rows [E-w+1, E], float16 X); members = producer pm",,,,,,,,,,,,,,,,,,,,,,,,,,,,,,,,,,,,,,,,,,,,,,,,,,,,,abs,0.015604,0.220703125,0.13031005859375,5236,0.984396,0.9999999999999999,0.9999999999999999,abs,1.0,0.0,0.0,0,0.0,0.9999999999999999,0.9999999999999999,abs,0.015604,0.220703125,0.13031005859375,5236,0.984396,0.9999999999999999,0.9999999999999999,abs,1.0,0.0,0.0,0,0.0,0.9999999999999999,0.9999999999999999,abs,1.0,0.0,0.0,0,0.0,0.9999999999999999,0.9999999999999999
v2main_f10_351ae26b,38,38,log_qv_mean_8640_v,IDENTICAL_CODE,per-name window statistic; same builder statement; float16 on both sides,pod_dlw_features_ext.py (e86725cc) L44 (differs from serving only at L16 default PANEL path),"dlw_features.py (29ae6a98) L44 (rows [E-w+1, E], float16 X)",,,,,,,,,,,,,,,,,,,,,,,,,,,,,,,,,,,,,,,,,,,,,,,,,,,,,rel,1.0,0.0,0.0,0,0.0,1.0,0.9999999999999999,rel,1.0,0.0,0.0,0,0.0,1.0,0.9999999999999999,rel,1.0,0.0,0.0,0,0.0,1.0,0.9999999999999999,rel,1.0,0.0,0.0,0,0.0,1.0,0.9999999999999999,rel,1.0,0.0,0.0,0,0.0,1.0,0.9999999999999999
v2main_f10_351ae26b,39,39,log_qv_mean_8640_r,DIFFERENT,"identical code; universe for cross-sectional ranks: training members D (829 names, forward-finite) vs served members","pod_dlw_features_ext.py (e86725cc) L44 (differs from serving only at L16 default PANEL path); pod_dlw_targets_ext.py (c21683ee) L100 (own members per anchor, 829 names, forward-finite)","dlw_features.py (29ae6a98) L44 (rows [E-w+1, E], float16 X); members = producer pm",,,,,,,,,,,,,,,,,,,,,,,,,,,,,,,,,,,,,,,,,,,,,,,,,,,,,abs,0.009588,0.1805419921875,0.11529541015625,5268,0.990412,0.9999999999999999,0.9999999999999999,abs,1.0,0.0,0.0,0,0.0,0.9999999999999999,0.9999999999999999,abs,0.009588,0.1805419921875,0.11529541015625,5268,0.990412,0.9999999999999999,0.9999999999999999,abs,1.0,0.0,0.0,0,0.0,0.9999999999999999,0.9999999999999999,abs,1.0,0.0,0.0,0,0.0,0.9999999999999999,0.9999999999999999
v2main_f10_351ae26b,40,40,log_cnt_mean_48_v,IDENTICAL_CODE,per-name window statistic; same builder statement; float16 on both sides,pod_dlw_features_ext.py (e86725cc) L44 (differs from serving only at L16 default PANEL path),"dlw_features.py (29ae6a98) L44 (rows [E-w+1, E], float16 X)",,,,,,,,,,,,,,,,,,,,,,,,,,,,,,,,,,,,,,,,,,,,,,,,,,,,,rel,1.0,0.0,0.0,0,0.0,1.0,0.9999999999999999,rel,1.0,0.0,0.0,0,0.0,1.0,0.9999999999999999,rel,1.0,0.0,0.0,0,0.0,1.0,0.9999999999999999,rel,1.0,0.0,0.0,0,0.0,1.0,0.9999999999999999,rel,1.0,0.0,0.0,0,0.0,1.0,0.9999999999999999
v2main_f10_351ae26b,41,41,log_cnt_mean_48_r,DIFFERENT,"identical code; universe for cross-sectional ranks: training members D (829 names, forward-finite) vs served members","pod_dlw_features_ext.py (e86725cc) L44 (differs from serving only at L16 default PANEL path); pod_dlw_targets_ext.py (c21683ee) L100 (own members per anchor, 829 names, forward-finite)","dlw_features.py (29ae6a98) L44 (rows [E-w+1, E], float16 X); members = producer pm",,,,,,,,,,,,,,,,,,,,,,,,,,,,,,,,,,,,,,,,,,,,,,,,,,,,,abs,0.044745,0.157928466796875,0.042724609375,5081,0.955255,1.0,0.9999999999999999,abs,1.0,0.0,0.0,0,0.0,1.0,0.9999999999999999,abs,0.044745,0.157928466796875,0.042724609375,5081,0.955255,1.0,0.9999999999999999,abs,1.0,0.0,0.0,0,0.0,1.0,0.9999999999999999,abs,1.0,0.0,0.0,0,0.0,1.0,0.9999999999999999
v2main_f10_351ae26b,42,42,log_cnt_mean_288_v,IDENTICAL_CODE,per-name window statistic; same builder statement; float16 on both sides,pod_dlw_features_ext.py (e86725cc) L44 (differs from serving only at L16 default PANEL path),"dlw_features.py (29ae6a98) L44 (rows [E-w+1, E], float16 X)",,,,,,,,,,,,,,,,,,,,,,,,,,,,,,,,,,,,,,,,,,,,,,,,,,,,,rel,1.0,0.0,0.0,0,0.0,1.0,0.9999999999999999,rel,1.0,0.0,0.0,0,0.0,1.0,0.9999999999999999,rel,1.0,0.0,0.0,0,0.0,1.0,0.9999999999999999,rel,1.0,0.0,0.0,0,0.0,1.0,0.9999999999999999,rel,1.0,0.0,0.0,0,0.0,1.0,0.9999999999999999
v2main_f10_351ae26b,43,43,log_cnt_mean_288_r,DIFFERENT,"identical code; universe for cross-sectional ranks: training members D (829 names, forward-finite) vs served members","pod_dlw_features_ext.py (e86725cc) L44 (differs from serving only at L16 default PANEL path); pod_dlw_targets_ext.py (c21683ee) L100 (own members per anchor, 829 names, forward-finite)","dlw_features.py (29ae6a98) L44 (rows [E-w+1, E], float16 X); members = producer pm",,,,,,,,,,,,,,,,,,,,,,,,,,,,,,,,,,,,,,,,,,,,,,,,,,,,,abs,0.048505,0.15283203125,0.05029296875,5061,0.951495,0.9999999999999999,0.9999999999999999,abs,1.0,0.0,0.0,0,0.0,0.9999999999999999,0.9999999999999999,abs,0.048505,0.15283203125,0.05029296875,5061,0.951495,0.9999999999999999,0.9999999999999999,abs,1.0,0.0,0.0,0,0.0,0.9999999999999999,0.9999999999999999,abs,1.0,0.0,0.0,0,0.0,0.9999999999999999,0.9999999999999999
v2main_f10_351ae26b,44,44,log_cnt_mean_864_v,IDENTICAL_CODE,per-name window statistic; same builder statement; float16 on both sides,pod_dlw_features_ext.py (e86725cc) L44 (differs from serving only at L16 default PANEL path),"dlw_features.py (29ae6a98) L44 (rows [E-w+1, E], float16 X)",,,,,,,,,,,,,,,,,,,,,,,,,,,,,,,,,,,,,,,,,,,,,,,,,,,,,rel,1.0,0.0,0.0,0,0.0,1.0,0.9999999999999999,rel,1.0,0.0,0.0,0,0.0,1.0,0.9999999999999999,rel,1.0,0.0,0.0,0,0.0,1.0,0.9999999999999999,rel,1.0,0.0,0.0,0,0.0,1.0,0.9999999999999999,rel,1.0,0.0,0.0,0,0.0,1.0,0.9999999999999999
v2main_f10_351ae26b,45,45,log_cnt_mean_864_r,DIFFERENT,"identical code; universe for cross-sectional ranks: training members D (829 names, forward-finite) vs served members","pod_dlw_features_ext.py (e86725cc) L44 (differs from serving only at L16 default PANEL path); pod_dlw_targets_ext.py (c21683ee) L100 (own members per anchor, 829 names, forward-finite)","dlw_features.py (29ae6a98) L44 (rows [E-w+1, E], float16 X); members = producer pm",,,,,,,,,,,,,,,,,,,,,,,,,,,,,,,,,,,,,,,,,,,,,,,,,,,,,abs,0.064486,0.147705078125,0.0576324462890625,4976,0.935514,0.9999999999999999,0.9999999999999999,abs,1.0,0.0,0.0,0,0.0,0.9999999999999999,0.9999999999999999,abs,0.064486,0.147705078125,0.0576324462890625,4976,0.935514,0.9999999999999999,0.9999999999999999,abs,1.0,0.0,0.0,0,0.0,0.9999999999999999,0.9999999999999999,abs,1.0,0.0,0.0,0,0.0,0.9999999999999999,0.9999999999999999
v2main_f10_351ae26b,46,46,log_cnt_mean_2016_v,IDENTICAL_CODE,per-name window statistic; same builder statement; float16 on both sides,pod_dlw_features_ext.py (e86725cc) L44 (differs from serving only at L16 default PANEL path),"dlw_features.py (29ae6a98) L44 (rows [E-w+1, E], float16 X)",,,,,,,,,,,,,,,,,,,,,,,,,,,,,,,,,,,,,,,,,,,,,,,,,,,,,rel,1.0,0.0,0.0,0,0.0,1.0,0.9999999999999999,rel,1.0,0.0,0.0,0,0.0,1.0,0.9999999999999999,rel,1.0,0.0,0.0,0,0.0,1.0,0.9999999999999999,rel,1.0,0.0,0.0,0,0.0,1.0,0.9999999999999999,rel,1.0,0.0,0.0,0,0.0,1.0,0.9999999999999999
v2main_f10_351ae26b,47,47,log_cnt_mean_2016_r,DIFFERENT,"identical code; universe for cross-sectional ranks: training members D (829 names, forward-finite) vs served members","pod_dlw_features_ext.py (e86725cc) L44 (differs from serving only at L16 default PANEL path); pod_dlw_targets_ext.py (c21683ee) L100 (own members per anchor, 829 names, forward-finite)","dlw_features.py (29ae6a98) L44 (rows [E-w+1, E], float16 X); members = producer pm",,,,,,,,,,,,,,,,,,,,,,,,,,,,,,,,,,,,,,,,,,,,,,,,,,,,,abs,0.051889,0.14794921875,0.067657470703125,5043,0.948111,0.9999999999999999,0.9999999999999999,abs,1.0,0.0,0.0,0,0.0,0.9999999999999999,0.9999999999999999,abs,0.051889,0.14794921875,0.067657470703125,5043,0.948111,0.9999999999999999,0.9999999999999999,abs,1.0,0.0,0.0,0,0.0,0.9999999999999999,0.9999999999999999,abs,1.0,0.0,0.0,0,0.0,0.9999999999999999,0.9999999999999999
v2main_f10_351ae26b,48,48,log_cnt_mean_8640_v,IDENTICAL_CODE,per-name window statistic; same builder statement; float16 on both sides,pod_dlw_features_ext.py (e86725cc) L44 (differs from serving only at L16 default PANEL path),"dlw_features.py (29ae6a98) L44 (rows [E-w+1, E], float16 X)",,,,,,,,,,,,,,,,,,,,,,,,,,,,,,,,,,,,,,,,,,,,,,,,,,,,,rel,1.0,0.0,0.0,0,0.0,1.0,0.9999999999999999,rel,1.0,0.0,0.0,0,0.0,1.0,0.9999999999999999,rel,1.0,0.0,0.0,0,0.0,1.0,0.9999999999999999,rel,1.0,0.0,0.0,0,0.0,1.0,0.9999999999999999,rel,1.0,0.0,0.0,0,0.0,1.0,1.0
v2main_f10_351ae26b,49,49,log_cnt_mean_8640_r,DIFFERENT,"identical code; universe for cross-sectional ranks: training members D (829 names, forward-finite) vs served members","pod_dlw_features_ext.py (e86725cc) L44 (differs from serving only at L16 default PANEL path); pod_dlw_targets_ext.py (c21683ee) L100 (own members per anchor, 829 names, forward-finite)","dlw_features.py (29ae6a98) L44 (rows [E-w+1, E], float16 X); members = producer pm",,,,,,,,,,,,,,,,,,,,,,,,,,,,,,,,,,,,,,,,,,,,,,,,,,,,,abs,0.014852,0.0927276611328125,0.0526123046875,5240,0.985148,0.9999999999999999,0.9999999999999999,abs,1.0,0.0,0.0,0,0.0,0.9999999999999999,0.9999999999999999,abs,0.014852,0.0927276611328125,0.0526123046875,5240,0.985148,0.9999999999999999,0.9999999999999999,abs,1.0,0.0,0.0,0,0.0,0.9999999999999999,0.9999999999999999,abs,1.0,0.0,0.0,0,0.0,0.9999999999999999,0.9999999999999999
v2main_f10_351ae26b,50,50,log_avgsz_mean_48_v,IDENTICAL_CODE,per-name window statistic; same builder statement; float16 on both sides,pod_dlw_features_ext.py (e86725cc) L44 (differs from serving only at L16 default PANEL path),"dlw_features.py (29ae6a98) L44 (rows [E-w+1, E], float16 X)",,,,,,,,,,,,,,,,,,,,,,,,,,,,,,,,,,,,,,,,,,,,,,,,,,,,,rel,1.0,0.0,0.0,0,0.0,1.0,0.9999999999999999,rel,1.0,0.0,0.0,0,0.0,1.0,0.9999999999999999,rel,1.0,0.0,0.0,0,0.0,1.0,0.9999999999999999,rel,1.0,0.0,0.0,0,0.0,1.0,0.9999999999999999,rel,1.0,0.0,0.0,0,0.0,1.0,0.9999999999999999
v2main_f10_351ae26b,51,51,log_avgsz_mean_48_r,DIFFERENT,"identical code; universe for cross-sectional ranks: training members D (829 names, forward-finite) vs served members","pod_dlw_features_ext.py (e86725cc) L44 (differs from serving only at L16 default PANEL path); pod_dlw_targets_ext.py (c21683ee) L100 (own members per anchor, 829 names, forward-finite)","dlw_features.py (29ae6a98) L44 (rows [E-w+1, E], float16 X); members = producer pm",,,,,,,,,,,,,,,,,,,,,,,,,,,,,,,,,,,,,,,,,,,,,,,,,,,,,abs,0.006768,0.1829833984375,0.137847900390625,5283,0.993232,1.0,0.9999999999999999,abs,1.0,0.0,0.0,0,0.0,1.0,0.9999999999999999,abs,0.006768,0.1829833984375,0.137847900390625,5283,0.993232,1.0,0.9999999999999999,abs,1.0,0.0,0.0,0,0.0,1.0,0.9999999999999999,abs,1.0,0.0,0.0,0,0.0,1.0,0.9999999999999999
v2main_f10_351ae26b,52,52,log_avgsz_mean_288_v,IDENTICAL_CODE,per-name window statistic; same builder statement; float16 on both sides,pod_dlw_features_ext.py (e86725cc) L44 (differs from serving only at L16 default PANEL path),"dlw_features.py (29ae6a98) L44 (rows [E-w+1, E], float16 X)",,,,,,,,,,,,,,,,,,,,,,,,,,,,,,,,,,,,,,,,,,,,,,,,,,,,,rel,1.0,0.0,0.0,0,0.0,1.0,0.9999999999999999,rel,1.0,0.0,0.0,0,0.0,1.0,1.0,rel,1.0,0.0,0.0,0,0.0,1.0,0.9999999999999999,rel,1.0,0.0,0.0,0,0.0,1.0,0.9999999999999999,rel,1.0,0.0,0.0,0,0.0,1.0,1.0
v2main_f10_351ae26b,53,53,log_avgsz_mean_288_r,DIFFERENT,"identical code; universe for cross-sectional ranks: training members D (829 names, forward-finite) vs served members","pod_dlw_features_ext.py (e86725cc) L44 (differs from serving only at L16 default PANEL path); pod_dlw_targets_ext.py (c21683ee) L100 (own members per anchor, 829 names, forward-finite)","dlw_features.py (29ae6a98) L44 (rows [E-w+1, E], float16 X); members = producer pm",,,,,,,,,,,,,,,,,,,,,,,,,,,,,,,,,,,,,,,,,,,,,,,,,,,,,abs,0.006768,0.183013916015625,0.1478271484375,5283,0.993232,0.9999999999999999,0.9999999999999999,abs,1.0,0.0,0.0,0,0.0,0.9999999999999999,0.9999999999999999,abs,0.006768,0.183013916015625,0.1478271484375,5283,0.993232,0.9999999999999999,0.9999999999999999,abs,1.0,0.0,0.0,0,0.0,0.9999999999999999,0.9999999999999999,abs,1.0,0.0,0.0,0,0.0,0.9999999999999999,0.9999999999999999
v2main_f10_351ae26b,54,54,log_avgsz_mean_864_v,IDENTICAL_CODE,per-name window statistic; same builder statement; float16 on both sides,pod_dlw_features_ext.py (e86725cc) L44 (differs from serving only at L16 default PANEL path),"dlw_features.py (29ae6a98) L44 (rows [E-w+1, E], float16 X)",,,,,,,,,,,,,,,,,,,,,,,,,,,,,,,,,,,,,,,,,,,,,,,,,,,,,rel,1.0,0.0,0.0,0,0.0,1.0,0.9999999999999999,rel,1.0,0.0,0.0,0,0.0,1.0,0.9999999999999999,rel,1.0,0.0,0.0,0,0.0,1.0,0.9999999999999999,rel,1.0,0.0,0.0,0,0.0,1.0,0.9999999999999999,rel,1.0,0.0,0.0,0,0.0,1.0,0.9999999999999999
v2main_f10_351ae26b,55,55,log_avgsz_mean_864_r,DIFFERENT,"identical code; universe for cross-sectional ranks: training members D (829 names, forward-finite) vs served members","pod_dlw_features_ext.py (e86725cc) L44 (differs from serving only at L16 default PANEL path); pod_dlw_targets_ext.py (c21683ee) L100 (own members per anchor, 829 names, forward-finite)","dlw_features.py (29ae6a98) L44 (rows [E-w+1, E], float16 X); members = producer pm",,,,,,,,,,,,,,,,,,,,,,,,,,,,,,,,,,,,,,,,,,,,,,,,,,,,,abs,0.006392,0.18552207946777344,0.16534423828125,5285,0.993608,0.9999999999999999,0.9999999999999999,abs,1.0,0.0,0.0,0,0.0,0.9999999999999999,0.9999999999999999,abs,0.006392,0.18552207946777344,0.16534423828125,5285,0.993608,0.9999999999999999,0.9999999999999999,abs,1.0,0.0,0.0,0,0.0,0.9999999999999999,0.9999999999999999,abs,1.0,0.0,0.0,0,0.0,0.9999999999999999,0.9999999999999999
v2main_f10_351ae26b,56,56,log_avgsz_mean_2016_v,IDENTICAL_CODE,per-name window statistic; same builder statement; float16 on both sides,pod_dlw_features_ext.py (e86725cc) L44 (differs from serving only at L16 default PANEL path),"dlw_features.py (29ae6a98) L44 (rows [E-w+1, E], float16 X)",,,,,,,,,,,,,,,,,,,,,,,,,,,,,,,,,,,,,,,,,,,,,,,,,,,,,rel,1.0,0.0,0.0,0,0.0,1.0,0.9999999999999999,rel,1.0,0.0,0.0,0,0.0,1.0,0.9999999999999999,rel,1.0,0.0,0.0,0,0.0,1.0,0.9999999999999999,rel,1.0,0.0,0.0,0,0.0,1.0,0.9999999999999999,rel,1.0,0.0,0.0,0,0.0,1.0,0.9999999999999999
v2main_f10_351ae26b,57,57,log_avgsz_mean_2016_r,DIFFERENT,"identical code; universe for cross-sectional ranks: training members D (829 names, forward-finite) vs served members","pod_dlw_features_ext.py (e86725cc) L44 (differs from serving only at L16 default PANEL path); pod_dlw_targets_ext.py (c21683ee) L100 (own members per anchor, 829 names, forward-finite)","dlw_features.py (29ae6a98) L44 (rows [E-w+1, E], float16 X); members = producer pm",,,,,,,,,,,,,,,,,,,,,,,,,,,,,,,,,,,,,,,,,,,,,,,,,,,,,abs,0.006392,0.1905364990234375,0.16552734375,5285,0.993608,0.9999999999999999,0.9999999999999999,abs,1.0,0.0,0.0,0,0.0,0.9999999999999999,0.9999999999999999,abs,0.006392,0.1905364990234375,0.16552734375,5285,0.993608,0.9999999999999999,0.9999999999999999,abs,1.0,0.0,0.0,0,0.0,0.9999999999999999,0.9999999999999999,abs,1.0,0.0,0.0,0,0.0,0.9999999999999999,0.9999999999999999
v2main_f10_351ae26b,58,58,log_avgsz_mean_8640_v,IDENTICAL_CODE,per-name window statistic; same builder statement; float16 on both sides,pod_dlw_features_ext.py (e86725cc) L44 (differs from serving only at L16 default PANEL path),"dlw_features.py (29ae6a98) L44 (rows [E-w+1, E], float16 X)",,,,,,,,,,,,,,,,,,,,,,,,,,,,,,,,,,,,,,,,,,,,,,,,,,,,,rel,1.0,0.0,0.0,0,0.0,1.0,0.9999999999999999,rel,1.0,0.0,0.0,0,0.0,1.0,0.9999999999999999,rel,1.0,0.0,0.0,0,0.0,1.0,0.9999999999999999,rel,1.0,0.0,0.0,0,0.0,1.0,0.9999999999999999,rel,1.0,0.0,0.0,0,0.0,1.0,0.9999999999999999
v2main_f10_351ae26b,59,59,log_avgsz_mean_8640_r,DIFFERENT,"identical code; universe for cross-sectional ranks: training members D (829 names, forward-finite) vs served members","pod_dlw_features_ext.py (e86725cc) L44 (differs from serving only at L16 default PANEL path); pod_dlw_targets_ext.py (c21683ee) L100 (own members per anchor, 829 names, forward-finite)","dlw_features.py (29ae6a98) L44 (rows [E-w+1, E], float16 X); members = producer pm",,,,,,,,,,,,,,,,,,,,,,,,,,,,,,,,,,,,,,,,,,,,,,,,,,,,,abs,0.007708,0.18798828125,0.157958984375,5278,0.992292,0.9999999999999999,0.9999999999999999,abs,1.0,0.0,0.0,0,0.0,0.9999999999999999,0.9999999999999999,abs,0.007708,0.18798828125,0.157958984375,5278,0.992292,0.9999999999999999,0.9999999999999999,abs,1.0,0.0,0.0,0,0.0,0.9999999999999999,0.9999999999999999,abs,1.0,0.0,0.0,0,0.0,0.9999999999999999,0.9999999999999999
v2main_f10_351ae26b,60,60,tbf_mean_48_v,IDENTICAL_CODE,per-name window statistic; same builder statement; float16 on both sides,pod_dlw_features_ext.py (e86725cc) L44 (differs from serving only at L16 default PANEL path),"dlw_features.py (29ae6a98) L44 (rows [E-w+1, E], float16 X)",,,,,,,,,,,,,,,,,,,,,,,,,,,,,,,,,,,,,,,,,,,,,,,,,,,,,rel,1.0,0.0,0.0,0,0.0,1.0,0.9999999999999999,rel,1.0,0.0,0.0,0,0.0,1.0,0.9999999999999999,rel,1.0,0.0,0.0,0,0.0,1.0,0.9999999999999999,rel,1.0,0.0,0.0,0,0.0,1.0,0.9999999999999999,rel,1.0,0.0,0.0,0,0.0,1.0,0.9999999999999999
v2main_f10_351ae26b,61,61,tbf_mean_48_r,DIFFERENT,"identical code; universe for cross-sectional ranks: training members D (829 names, forward-finite) vs served members","pod_dlw_features_ext.py (e86725cc) L44 (differs from serving only at L16 default PANEL path); pod_dlw_targets_ext.py (c21683ee) L100 (own members per anchor, 829 names, forward-finite)","dlw_features.py (29ae6a98) L44 (rows [E-w+1, E], float16 X); members = producer pm",,,,,,,,,,,,,,,,,,,,,,,,,,,,,,,,,,,,,,,,,,,,,,,,,,,,,abs,0.054334,0.05517578125,0.0150146484375,5030,0.945666,1.0,0.9999999999999999,abs,1.0,0.0,0.0,0,0.0,0.9999999999999999,0.9999999999999999,abs,0.054334,0.05517578125,0.0150146484375,5030,0.945666,1.0,0.9999999999999999,abs,1.0,0.0,0.0,0,0.0,1.0,0.9999999999999999,abs,1.0,0.0,0.0,0,0.0,1.0,0.9999999999999999
v2main_f10_351ae26b,62,62,tbf_mean_288_v,IDENTICAL_CODE,per-name window statistic; same builder statement; float16 on both sides,pod_dlw_features_ext.py (e86725cc) L44 (differs from serving only at L16 default PANEL path),"dlw_features.py (29ae6a98) L44 (rows [E-w+1, E], float16 X)",,,,,,,,,,,,,,,,,,,,,,,,,,,,,,,,,,,,,,,,,,,,,,,,,,,,,rel,1.0,0.0,0.0,0,0.0,1.0,0.9999999999999999,rel,1.0,0.0,0.0,0,0.0,1.0,0.9999999999999999,rel,1.0,0.0,0.0,0,0.0,1.0,0.9999999999999999,rel,1.0,0.0,0.0,0,0.0,1.0,0.9999999999999999,rel,1.0,0.0,0.0,0,0.0,1.0,0.9999999999999999
v2main_f10_351ae26b,63,63,tbf_mean_288_r,DIFFERENT,"identical code; universe for cross-sectional ranks: training members D (829 names, forward-finite) vs served members","pod_dlw_features_ext.py (e86725cc) L44 (differs from serving only at L16 default PANEL path); pod_dlw_targets_ext.py (c21683ee) L100 (own members per anchor, 829 names, forward-finite)","dlw_features.py (29ae6a98) L44 (rows [E-w+1, E], float16 X); members = producer pm",,,,,,,,,,,,,,,,,,,,,,,,,,,,,,,,,,,,,,,,,,,,,,,,,,,,,abs,0.042865,0.0501708984375,0.017578125,5091,0.957135,0.9999999999999999,0.9999999999999999,abs,1.0,0.0,0.0,0,0.0,0.9999999999999999,0.9999999999999999,abs,0.042865,0.0501708984375,0.017578125,5091,0.957135,0.9999999999999999,0.9999999999999999,abs,1.0,0.0,0.0,0,0.0,0.9999999999999999,0.9999999999999999,abs,1.0,0.0,0.0,0,0.0,0.9999999999999999,0.9999999999999999
v2main_f10_351ae26b,64,64,tbf_mean_864_v,IDENTICAL_CODE,per-name window statistic; same builder statement; float16 on both sides,pod_dlw_features_ext.py (e86725cc) L44 (differs from serving only at L16 default PANEL path),"dlw_features.py (29ae6a98) L44 (rows [E-w+1, E], float16 X)",,,,,,,,,,,,,,,,,,,,,,,,,,,,,,,,,,,,,,,,,,,,,,,,,,,,,rel,1.0,0.0,0.0,0,0.0,1.0,0.9999999999999999,rel,1.0,0.0,0.0,0,0.0,1.0,0.9999999999999999,rel,1.0,0.0,0.0,0,0.0,1.0,0.9999999999999999,rel,1.0,0.0,0.0,0,0.0,1.0,0.9999999999999999,rel,1.0,0.0,0.0,0,0.0,1.0,0.9999999999999999
v2main_f10_351ae26b,65,65,tbf_mean_864_r,DIFFERENT,"identical code; universe for cross-sectional ranks: training members D (829 names, forward-finite) vs served members","pod_dlw_features_ext.py (e86725cc) L44 (differs from serving only at L16 default PANEL path); pod_dlw_targets_ext.py (c21683ee) L100 (own members per anchor, 829 names, forward-finite)","dlw_features.py (29ae6a98) L44 (rows [E-w+1, E], float16 X); members = producer pm",,,,,,,,,,,,,,,,,,,,,,,,,,,,,,,,,,,,,,,,,,,,,,,,,,,,,abs,0.039669,0.0501708984375,0.01513671875,5108,0.960331,0.9999999999999999,0.9999999999999999,abs,1.0,0.0,0.0,0,0.0,0.9999999999999999,0.9999999999999999,abs,0.039669,0.0501708984375,0.01513671875,5108,0.960331,0.9999999999999999,0.9999999999999999,abs,1.0,0.0,0.0,0,0.0,0.9999999999999999,0.9999999999999999,abs,1.0,0.0,0.0,0,0.0,0.9999999999999999,0.9999999999999999
v2main_f10_351ae26b,66,66,tbf_mean_2016_v,IDENTICAL_CODE,per-name window statistic; same builder statement; float16 on both sides,pod_dlw_features_ext.py (e86725cc) L44 (differs from serving only at L16 default PANEL path),"dlw_features.py (29ae6a98) L44 (rows [E-w+1, E], float16 X)",,,,,,,,,,,,,,,,,,,,,,,,,,,,,,,,,,,,,,,,,,,,,,,,,,,,,rel,1.0,0.0,0.0,0,0.0,1.0,0.9999999999999999,rel,1.0,0.0,0.0,0,0.0,1.0,0.9999999999999999,rel,1.0,0.0,0.0,0,0.0,1.0,0.9999999999999999,rel,1.0,0.0,0.0,0,0.0,1.0,0.9999999999999999,rel,1.0,0.0,0.0,0,0.0,1.0,0.9999999999999999
v2main_f10_351ae26b,67,67,tbf_mean_2016_r,DIFFERENT,"identical code; universe for cross-sectional ranks: training members D (829 names, forward-finite) vs served members","pod_dlw_features_ext.py (e86725cc) L44 (differs from serving only at L16 default PANEL path); pod_dlw_targets_ext.py (c21683ee) L100 (own members per anchor, 829 names, forward-finite)","dlw_features.py (29ae6a98) L44 (rows [E-w+1, E], float16 X); members = producer pm",,,,,,,,,,,,,,,,,,,,,,,,,,,,,,,,,,,,,,,,,,,,,,,,,,,,,abs,0.110171,0.0277099609375,0.00732421875,4733,0.889829,0.9999999999999999,0.9999999999999999,abs,1.0,0.0,0.0,0,0.0,0.9999999999999999,0.9999999999999999,abs,0.110171,0.0277099609375,0.00732421875,4733,0.889829,0.9999999999999999,0.9999999999999999,abs,1.0,0.0,0.0,0,0.0,0.9999999999999999,0.9999999999999999,abs,1.0,0.0,0.0,0,0.0,0.9999999999999999,0.9999999999999999
v2main_f10_351ae26b,68,68,tbf_mean_8640_v,IDENTICAL_CODE,per-name window statistic; same builder statement; float16 on both sides,pod_dlw_features_ext.py (e86725cc) L44 (differs from serving only at L16 default PANEL path),"dlw_features.py (29ae6a98) L44 (rows [E-w+1, E], float16 X)",,,,,,,,,,,,,,,,,,,,,,,,,,,,,,,,,,,,,,,,,,,,,,,,,,,,,rel,1.0,0.0,0.0,0,0.0,1.0,0.9999999999999999,rel,1.0,0.0,0.0,0,0.0,1.0,0.9999999999999999,rel,1.0,0.0,0.0,0,0.0,1.0,0.9999999999999999,rel,1.0,0.0,0.0,0,0.0,1.0,0.9999999999999999,rel,1.0,0.0,0.0,0,0.0,1.0,0.9999999999999999
v2main_f10_351ae26b,69,69,tbf_mean_8640_r,DIFFERENT,"identical code; universe for cross-sectional ranks: training members D (829 names, forward-finite) vs served members","pod_dlw_features_ext.py (e86725cc) L44 (differs from serving only at L16 default PANEL path); pod_dlw_targets_ext.py (c21683ee) L100 (own members per anchor, 829 names, forward-finite)","dlw_features.py (29ae6a98) L44 (rows [E-w+1, E], float16 X); members = producer pm",,,,,,,,,,,,,,,,,,,,,,,,,,,,,,,,,,,,,,,,,,,,,,,,,,,,,abs,0.023125,0.07275390625,0.04010009765625,5196,0.976875,0.9999999999999999,0.9999999999999999,abs,1.0,0.0,0.0,0,0.0,0.9999999999999999,0.9999999999999999,abs,0.023125,0.07275390625,0.04010009765625,5196,0.976875,0.9999999999999999,0.9999999999999999,abs,1.0,0.0,0.0,0,0.0,0.9999999999999999,0.9999999999999999,abs,1.0,0.0,0.0,0,0.0,0.9999999999999999,0.9999999999999999
v2main_f10_351ae26b,70,70,vol_48_v,IDENTICAL_CODE,per-name window statistic; same builder statement; float16 on both sides,pod_dlw_features_ext.py (e86725cc) L44 (differs from serving only at L16 default PANEL path),"dlw_features.py (29ae6a98) L44 (rows [E-w+1, E], float16 X)",,,,,,,,,,,,,,,,,,,,,,,,,,,,,,,,,,,,,,,,,,,,,,,,,,,,,rel,1.0,0.0,0.0,0,0.0,1.0,0.9999999999999999,rel,1.0,0.0,0.0,0,0.0,1.0,0.9999999999999999,rel,1.0,0.0,0.0,0,0.0,1.0,0.9999999999999999,rel,1.0,0.0,0.0,0,0.0,0.9999999999999999,0.9999999999999999,rel,1.0,0.0,0.0,0,0.0,1.0,0.9999999999999999
v2main_f10_351ae26b,71,71,vol_48_r,DIFFERENT,"identical code; universe for cross-sectional ranks: training members D (829 names, forward-finite) vs served members","pod_dlw_features_ext.py (e86725cc) L44 (differs from serving only at L16 default PANEL path); pod_dlw_targets_ext.py (c21683ee) L100 (own members per anchor, 829 names, forward-finite)","dlw_features.py (29ae6a98) L44 (rows [E-w+1, E], float16 X); members = producer pm",,,,,,,,,,,,,,,,,,,,,,,,,,,,,,,,,,,,,,,,,,,,,,,,,,,,,abs,0.066554,0.157958984375,0.025146484375,4965,0.933446,0.9999999999999999,0.9999999999999999,abs,1.0,0.0,0.0,0,0.0,0.9999999999999999,0.9999999999999999,abs,0.066554,0.157958984375,0.025146484375,4965,0.933446,0.9999999999999999,0.9999999999999999,abs,1.0,0.0,0.0,0,0.0,0.9999999999999999,0.9999999999999999,abs,1.0,0.0,0.0,0,0.0,0.9999999999999999,0.9999999999999999
v2main_f10_351ae26b,72,72,vol_288_v,IDENTICAL_CODE,per-name window statistic; same builder statement; float16 on both sides,pod_dlw_features_ext.py (e86725cc) L44 (differs from serving only at L16 default PANEL path),"dlw_features.py (29ae6a98) L44 (rows [E-w+1, E], float16 X)",,,,,,,,,,,,,,,,,,,,,,,,,,,,,,,,,,,,,,,,,,,,,,,,,,,,,rel,1.0,0.0,0.0,0,0.0,1.0,0.9999999999999999,rel,1.0,0.0,0.0,0,0.0,1.0,0.9999999999999999,rel,1.0,0.0,0.0,0,0.0,1.0,0.9999999999999999,rel,1.0,0.0,0.0,0,0.0,1.0,0.9999999999999999,rel,1.0,0.0,0.0,0,0.0,1.0,0.9999999999999999
v2main_f10_351ae26b,73,73,vol_288_r,DIFFERENT,"identical code; universe for cross-sectional ranks: training members D (829 names, forward-finite) vs served members","pod_dlw_features_ext.py (e86725cc) L44 (differs from serving only at L16 default PANEL path); pod_dlw_targets_ext.py (c21683ee) L100 (own members per anchor, 829 names, forward-finite)","dlw_features.py (29ae6a98) L44 (rows [E-w+1, E], float16 X); members = producer pm",,,,,,,,,,,,,,,,,,,,,,,,,,,,,,,,,,,,,,,,,,,,,,,,,,,,,abs,0.06787,0.153076171875,0.017547607421875,4958,0.93213,0.9999999999999999,0.9999999999999999,abs,1.0,0.0,0.0,0,0.0,0.9999999999999999,0.9999999999999999,abs,0.06787,0.153076171875,0.017547607421875,4958,0.93213,0.9999999999999999,0.9999999999999999,abs,1.0,0.0,0.0,0,0.0,0.9999999999999999,0.9999999999999999,abs,1.0,0.0,0.0,0,0.0,0.9999999999999999,0.9999999999999999
v2main_f10_351ae26b,74,74,vol_864_v,IDENTICAL_CODE,per-name window statistic; same builder statement; float16 on both sides,pod_dlw_features_ext.py (e86725cc) L44 (differs from serving only at L16 default PANEL path),"dlw_features.py (29ae6a98) L44 (rows [E-w+1, E], float16 X)",,,,,,,,,,,,,,,,,,,,,,,,,,,,,,,,,,,,,,,,,,,,,,,,,,,,,rel,1.0,0.0,0.0,0,0.0,1.0,0.9999999999999999,rel,1.0,0.0,0.0,0,0.0,1.0,0.9999999999999999,rel,1.0,0.0,0.0,0,0.0,1.0,0.9999999999999999,rel,1.0,0.0,0.0,0,0.0,1.0,0.9999999999999999,rel,1.0,0.0,0.0,0,0.0,1.0,0.9999999999999999
v2main_f10_351ae26b,75,75,vol_864_r,DIFFERENT,"identical code; universe for cross-sectional ranks: training members D (829 names, forward-finite) vs served members","pod_dlw_features_ext.py (e86725cc) L44 (differs from serving only at L16 default PANEL path); pod_dlw_targets_ext.py (c21683ee) L100 (own members per anchor, 829 names, forward-finite)","dlw_features.py (29ae6a98) L44 (rows [E-w+1, E], float16 X); members = producer pm",,,,,,,,,,,,,,,,,,,,,,,,,,,,,,,,,,,,,,,,,,,,,,,,,,,,,abs,0.116375,0.13525390625,0.007568359375,4700,0.883625,0.9999999999999999,0.9999999999999999,abs,1.0,0.0,0.0,0,0.0,0.9999999999999999,0.9999999999999999,abs,0.116375,0.13525390625,0.007568359375,4700,0.883625,0.9999999999999999,0.9999999999999999,abs,1.0,0.0,0.0,0,0.0,0.9999999999999999,0.9999999999999999,abs,1.0,0.0,0.0,0,0.0,0.9999999999999999,0.9999999999999999
v2main_f10_351ae26b,76,76,vol_2016_v,IDENTICAL_CODE,per-name window statistic; same builder statement; float16 on both sides,pod_dlw_features_ext.py (e86725cc) L44 (differs from serving only at L16 default PANEL path),"dlw_features.py (29ae6a98) L44 (rows [E-w+1, E], float16 X)",,,,,,,,,,,,,,,,,,,,,,,,,,,,,,,,,,,,,,,,,,,,,,,,,,,,,rel,1.0,0.0,0.0,0,0.0,1.0,0.9999999999999999,rel,1.0,0.0,0.0,0,0.0,1.0,0.9999999999999999,rel,1.0,0.0,0.0,0,0.0,1.0,0.9999999999999999,rel,1.0,0.0,0.0,0,0.0,0.9999999999999999,0.9999999999999999,rel,1.0,0.0,0.0,0,0.0,1.0,0.9999999999999999
v2main_f10_351ae26b,77,77,vol_2016_r,DIFFERENT,"identical code; universe for cross-sectional ranks: training members D (829 names, forward-finite) vs served members","pod_dlw_features_ext.py (e86725cc) L44 (differs from serving only at L16 default PANEL path); pod_dlw_targets_ext.py (c21683ee) L100 (own members per anchor, 829 names, forward-finite)","dlw_features.py (29ae6a98) L44 (rows [E-w+1, E], float16 X); members = producer pm",,,,,,,,,,,,,,,,,,,,,,,,,,,,,,,,,,,,,,,,,,,,,,,,,,,,,abs,0.053393,0.085205078125,0.015045166015625,5035,0.946607,0.9999999999999999,0.9999999999999999,abs,1.0,0.0,0.0,0,0.0,0.9999999999999999,0.9999999999999999,abs,0.053393,0.085205078125,0.015045166015625,5035,0.946607,0.9999999999999999,0.9999999999999999,abs,1.0,0.0,0.0,0,0.0,0.9999999999999999,0.9999999999999999,abs,1.0,0.0,0.0,0,0.0,0.9999999999999999,0.9999999999999999
v2main_f10_351ae26b,78,78,vol_8640_v,IDENTICAL_CODE,per-name window statistic; same builder statement; float16 on both sides,pod_dlw_features_ext.py (e86725cc) L44 (differs from serving only at L16 default PANEL path),"dlw_features.py (29ae6a98) L44 (rows [E-w+1, E], float16 X)",,,,,,,,,,,,,,,,,,,,,,,,,,,,,,,,,,,,,,,,,,,,,,,,,,,,,rel,1.0,0.0,0.0,0,0.0,1.0,0.9999999999999999,rel,1.0,0.0,0.0,0,0.0,1.0,0.9999999999999999,rel,1.0,0.0,0.0,0,0.0,1.0,0.9999999999999999,rel,1.0,0.0,0.0,0,0.0,1.0,0.9999999999999999,rel,1.0,0.0,0.0,0,0.0,1.0,0.9999999999999999
v2main_f10_351ae26b,79,79,vol_8640_r,DIFFERENT,"identical code; universe for cross-sectional ranks: training members D (829 names, forward-finite) vs served members","pod_dlw_features_ext.py (e86725cc) L44 (differs from serving only at L16 default PANEL path); pod_dlw_targets_ext.py (c21683ee) L100 (own members per anchor, 829 names, forward-finite)","dlw_features.py (29ae6a98) L44 (rows [E-w+1, E], float16 X); members = producer pm",,,,,,,,,,,,,,,,,,,,,,,,,,,,,,,,,,,,,,,,,,,,,,,,,,,,,abs,0.043053,0.087890625,0.017578125,5090,0.956947,0.9999999999999999,0.9999999999999999,abs,1.0,0.0,0.0,0,0.0,0.9999999999999999,0.9999999999999999,abs,0.043053,0.087890625,0.017578125,5090,0.956947,0.9999999999999999,0.9999999999999999,abs,1.0,0.0,0.0,0,0.0,0.9999999999999999,0.9999999999999999,abs,1.0,0.0,0.0,0,0.0,0.9999999999999999,0.9999999999999999
v2main_f10_351ae26b,80,80,fund_ema,DIFFERENT,unit: v0 (train) vs v1 (serve) (T4b) | fill: training names outside live450 = 0; serving no 12h freshness mask,"panel wide_panel_4h_v3splice (c5d10f6a, receipts_prod/pod2_reports dlw_ext features report) f_fund_ema v0 / f_fund_now; names outside live450 = 0 (T4b RECEIPT F2)","combo_stage.py (b5c698f9) L141/L145 (v1 EMA, raw rate, all names, no freshness mask)",,,,,,,,,,,,,,,,,,,,,,,,,,,,,,,,,,,,,,,,,,,,,,,,,,,,,rel,0.206618,1.0,0.5,4220,0.793382,0.8467440200518008,0.8354727396462186,rel,1.0,0.0,0.0,0,0.0,1.0,0.9999999999999999,rel,0.206618,1.0,0.5,4220,0.793382,0.8467440200518008,0.8354727396462186,rel,1.0,0.0,0.0,0,0.0,1.0,0.9999999999999999,rel,1.0,0.0,0.0,0,0.0,1.0,0.9999999999999999
v2main_f10_351ae26b,81,81,fund_now,EQUIVALENT_FORMULA,"raw last rate on both sides | fill: serving has no 12h freshness mask (inert while every member is fresh, T4b); training names outside live450 = 0","panel wide_panel_4h_v3splice (c5d10f6a, receipts_prod/pod2_reports dlw_ext features report) f_fund_ema v0 / f_fund_now; names outside live450 = 0 (T4b RECEIPT F2)","combo_stage.py (b5c698f9) L141/L145 (v1 EMA, raw rate, all names, no freshness mask)",,,,,,,,,,,,,,,,,,,,,,,,,,,,,,,,,,,,,,,,,,,,,,,,,,,,,rel,0.824215,1.0,0.0,935,0.175785,1.0,0.9999999999999998,rel,1.0,0.0,0.0,0,0.0,1.0,0.9999999999999999,rel,0.824215,1.0,0.0,935,0.175785,1.0,0.9999999999999998,rel,1.0,0.0,0.0,0,0.0,1.0,0.9999999999999999,rel,1.0,0.0,0.0,0,0.0,1.0,0.9999999999999999
v2main_f10_351ae26b,82,82,A:skew_288,DIFFERENT,identical code; per-name raw feature ranked within anchor members: universe for ranks,"pod_f8_build_ext.py (f606bffa) same statement (differs from serving only in the path constants L17-23); pod_dlw_targets_ext.py (c21683ee) L100 (own members per anchor, 829 names, forward-finite)",f8_higher_order_features.py (2c500c7a) L112; members = producer pm,,,,,,,,,,,,,,,,,,,,,,,,,,,,,,,,,,,,,,,,,,,,,,,,,,,,,abs,0.053205,0.13784461095929146,0.017543882131576538,5036,0.946795,0.9999999999999999,0.9999999999999999,abs,1.0,0.0,0.0,0,0.0,0.9999999999999999,0.9999999999999999,abs,0.053205,0.13784461095929146,0.017543882131576538,5036,0.946795,0.9999999999999999,0.9999999999999999,abs,1.0,0.0,0.0,0,0.0,0.9999999999999999,0.9999999999999999,abs,1.0,0.0,0.0,0,0.0,0.9999999999999999,0.9999999999999999
v2main_f10_351ae26b,83,83,A:skew_2016,DIFFERENT,identical code; per-name raw feature ranked within anchor members: universe for ranks,"pod_f8_build_ext.py (f606bffa) same statement (differs from serving only in the path constants L17-23); pod_dlw_targets_ext.py (c21683ee) L100 (own members per anchor, 829 names, forward-finite)",f8_higher_order_features.py (2c500c7a) L112; members = producer pm,,,,,,,,,,,,,,,,,,,,,,,,,,,,,,,,,,,,,,,,,,,,,,,,,,,,,abs,0.035909,0.0952380895614624,0.022556394338607788,5128,0.964091,0.9999999999999999,0.9999999999999999,abs,1.0,0.0,0.0,0,0.0,0.9999999999999999,0.9999999999999999,abs,0.035909,0.0952380895614624,0.022556394338607788,5128,0.964091,0.9999999999999999,0.9999999999999999,abs,1.0,0.0,0.0,0,0.0,0.9999999999999999,0.9999999999999999,abs,1.0,0.0,0.0,0,0.0,0.9999999999999999,0.9999999999999999
v2main_f10_351ae26b,84,84,A:kurt_288,DIFFERENT,identical code; per-name raw feature ranked within anchor members: universe for ranks,"pod_f8_build_ext.py (f606bffa) same statement (differs from serving only in the path constants L17-23); pod_dlw_targets_ext.py (c21683ee) L100 (own members per anchor, 829 names, forward-finite)",f8_higher_order_features.py (2c500c7a) L112; members = producer pm,,,,,,,,,,,,,,,,,,,,,,,,,,,,,,,,,,,,,,,,,,,,,,,,,,,,,abs,0.057906,0.10275689885020256,0.022556394338607788,5011,0.942094,0.9999999999999999,0.9999999999999999,abs,1.0,0.0,0.0,0,0.0,0.9999999999999999,0.9999999999999999,abs,0.057906,0.10275689885020256,0.022556394338607788,5011,0.942094,0.9999999999999999,0.9999999999999999,abs,1.0,0.0,0.0,0,0.0,0.9999999999999999,0.9999999999999999,abs,1.0,0.0,0.0,0,0.0,0.9999999999999999,0.9999999999999999
v2main_f10_351ae26b,85,85,A:kurt_2016,DIFFERENT,identical code; per-name raw feature ranked within anchor members: universe for ranks,"pod_f8_build_ext.py (f606bffa) same statement (differs from serving only in the path constants L17-23); pod_dlw_targets_ext.py (c21683ee) L100 (own members per anchor, 829 names, forward-finite)",f8_higher_order_features.py (2c500c7a) L112; members = producer pm,,,,,,,,,,,,,,,,,,,,,,,,,,,,,,,,,,,,,,,,,,,,,,,,,,,,,abs,0.102087,0.09774436056613922,0.025062665343284607,4776,0.897913,0.9999999999999999,0.9999999999999999,abs,1.0,0.0,0.0,0,0.0,0.9999999999999999,0.9999999999999999,abs,0.102087,0.09774436056613922,0.025062665343284607,4776,0.897913,0.9999999999999999,0.9999999999999999,abs,1.0,0.0,0.0,0,0.0,0.9999999999999999,0.9999999999999999,abs,1.0,0.0,0.0,0,0.0,0.9999999999999999,0.9999999999999999
v2main_f10_351ae26b,86,86,A:semidn_288,DIFFERENT,identical code; per-name raw feature ranked within anchor members: universe for ranks,"pod_f8_build_ext.py (f606bffa) same statement (differs from serving only in the path constants L17-23); pod_dlw_targets_ext.py (c21683ee) L100 (own members per anchor, 829 names, forward-finite)",f8_higher_order_features.py (2c500c7a) L112; members = producer pm,,,,,,,,,,,,,,,,,,,,,,,,,,,,,,,,,,,,,,,,,,,,,,,,,,,,,abs,0.039105,0.12531328946352005,0.022556394338607788,5111,0.960895,0.9999999999999999,0.9999999999999999,abs,1.0,0.0,0.0,0,0.0,0.9999999999999999,0.9999999999999999,abs,0.039105,0.12531328946352005,0.022556394338607788,5111,0.960895,0.9999999999999999,0.9999999999999999,abs,1.0,0.0,0.0,0,0.0,0.9999999999999999,0.9999999999999999,abs,1.0,0.0,0.0,0,0.0,0.9999999999999999,0.9999999999999999
v2main_f10_351ae26b,87,87,A:semidn_2016,DIFFERENT,identical code; per-name raw feature ranked within anchor members: universe for ranks,"pod_f8_build_ext.py (f606bffa) same statement (differs from serving only in the path constants L17-23); pod_dlw_targets_ext.py (c21683ee) L100 (own members per anchor, 829 names, forward-finite)",f8_higher_order_features.py (2c500c7a) L112; members = producer pm,,,,,,,,,,,,,,,,,,,,,,,,,,,,,,,,,,,,,,,,,,,,,,,,,,,,,abs,0.045873,0.09774436801671982,0.01754385232925415,5075,0.954127,0.9999999999999999,0.9999999999999999,abs,1.0,0.0,0.0,0,0.0,0.9999999999999999,0.9999999999999999,abs,0.045873,0.09774436801671982,0.01754385232925415,5075,0.954127,0.9999999999999999,0.9999999999999999,abs,1.0,0.0,0.0,0,0.0,0.9999999999999999,0.9999999999999999,abs,1.0,0.0,0.0,0,0.0,0.9999999999999999,0.9999999999999999
v2main_f10_351ae26b,88,88,A:jump_288,DIFFERENT,identical code; per-name raw feature ranked within anchor members: universe for ranks,"pod_f8_build_ext.py (f606bffa) same statement (differs from serving only in the path constants L17-23); pod_dlw_targets_ext.py (c21683ee) L100 (own members per anchor, 829 names, forward-finite)",f8_higher_order_features.py (2c500c7a) L112; members = producer pm,,,,,,,,,,,,,,,,,,,,,,,,,,,,,,,,,,,,,,,,,,,,,,,,,,,,,abs,0.045309,0.12781955301761627,0.022556394338607788,5078,0.954691,0.9999999999999999,0.9999999999999999,abs,1.0,0.0,0.0,0,0.0,0.9999999999999999,0.9999999999999999,abs,0.045309,0.12781955301761627,0.022556394338607788,5078,0.954691,0.9999999999999999,0.9999999999999999,abs,1.0,0.0,0.0,0,0.0,0.9999999999999999,0.9999999999999999,abs,1.0,0.0,0.0,0,0.0,0.9999999999999999,0.9999999999999999
v2main_f10_351ae26b,89,89,A:jump_2016,DIFFERENT,identical code; per-name raw feature ranked within anchor members: universe for ranks,"pod_f8_build_ext.py (f606bffa) same statement (differs from serving only in the path constants L17-23); pod_dlw_targets_ext.py (c21683ee) L100 (own members per anchor, 829 names, forward-finite)",f8_higher_order_features.py (2c500c7a) L112; members = producer pm,,,,,,,,,,,,,,,,,,,,,,,,,,,,,,,,,,,,,,,,,,,,,,,,,,,,,abs,0.040797,0.08771930634975433,0.017543867230415344,5102,0.959203,0.9999999999999999,0.9999999999999999,abs,1.0,0.0,0.0,0,0.0,0.9999999999999999,0.9999999999999999,abs,0.040797,0.08771930634975433,0.017543867230415344,5102,0.959203,0.9999999999999999,0.9999999999999999,abs,1.0,0.0,0.0,0,0.0,0.9999999999999999,0.9999999999999999,abs,1.0,0.0,0.0,0,0.0,0.9999999999999999,0.9999999999999999
v2main_f10_351ae26b,90,90,A:maxr_288,DIFFERENT,identical code; per-name raw feature ranked within anchor members: universe for ranks,"pod_f8_build_ext.py (f606bffa) same statement (differs from serving only in the path constants L17-23); pod_dlw_targets_ext.py (c21683ee) L100 (own members per anchor, 829 names, forward-finite)",f8_higher_order_features.py (2c500c7a) L112; members = producer pm,,,,,,,,,,,,,,,,,,,,,,,,,,,,,,,,,,,,,,,,,,,,,,,,,,,,,abs,0.047189,0.11278195306658745,0.017543859779834747,5068,0.952811,0.9999999999999999,0.9999999999999999,abs,1.0,0.0,0.0,0,0.0,0.9999999999999999,0.9999999999999999,abs,0.047189,0.11278195306658745,0.017543859779834747,5068,0.952811,0.9999999999999999,0.9999999999999999,abs,1.0,0.0,0.0,0,0.0,0.9999999999999999,0.9999999999999999,abs,1.0,0.0,0.0,0,0.0,0.9999999999999999,0.9999999999999999
v2main_f10_351ae26b,91,91,A:maxr_2016,DIFFERENT,identical code; per-name raw feature ranked within anchor members: universe for ranks,"pod_f8_build_ext.py (f606bffa) same statement (differs from serving only in the path constants L17-23); pod_dlw_targets_ext.py (c21683ee) L100 (own members per anchor, 829 names, forward-finite)",f8_higher_order_features.py (2c500c7a) L112; members = producer pm,,,,,,,,,,,,,,,,,,,,,,,,,,,,,,,,,,,,,,,,,,,,,,,,,,,,,abs,0.039105,0.07017545402050018,0.020050130784511566,5111,0.960895,0.9999999999999999,0.9999999999999999,abs,1.0,0.0,0.0,0,0.0,0.9999999999999999,0.9999999999999999,abs,0.039105,0.07017545402050018,0.020050130784511566,5111,0.960895,0.9999999999999999,0.9999999999999999,abs,1.0,0.0,0.0,0,0.0,0.9999999999999999,0.9999999999999999,abs,1.0,0.0,0.0,0,0.0,0.9999999999999999,0.9999999999999999
v2main_f10_351ae26b,92,92,B:vr_48_288,DIFFERENT,identical code; per-name raw feature ranked within anchor members: universe for ranks,"pod_f8_build_ext.py (f606bffa) same statement (differs from serving only in the path constants L17-23); pod_dlw_targets_ext.py (c21683ee) L100 (own members per anchor, 829 names, forward-finite)",f8_higher_order_features.py (2c500c7a) L112; members = producer pm,,,,,,,,,,,,,,,,,,,,,,,,,,,,,,,,,,,,,,,,,,,,,,,,,,,,,abs,0.033089,0.15789475291967392,0.035087719559669495,5143,0.966911,0.9999999999999999,0.9999999999999999,abs,1.0,0.0,0.0,0,0.0,0.9999999999999999,0.9999999999999999,abs,0.033089,0.15789475291967392,0.035087719559669495,5143,0.966911,0.9999999999999999,0.9999999999999999,abs,1.0,0.0,0.0,0,0.0,0.9999999999999999,0.9999999999999999,abs,1.0,0.0,0.0,0,0.0,0.9999999999999999,0.9999999999999999
v2main_f10_351ae26b,93,93,B:vr_288_2016,DIFFERENT,identical code; per-name raw feature ranked within anchor members: universe for ranks,"pod_f8_build_ext.py (f606bffa) same statement (differs from serving only in the path constants L17-23); pod_dlw_targets_ext.py (c21683ee) L100 (own members per anchor, 829 names, forward-finite)",f8_higher_order_features.py (2c500c7a) L112; members = producer pm,,,,,,,,,,,,,,,,,,,,,,,,,,,,,,,,,,,,,,,,,,,,,,,,,,,,,abs,0.022749,0.16040101647377014,0.04511278122663498,5198,0.977251,0.9999999999999999,0.9999999999999999,abs,1.0,0.0,0.0,0,0.0,0.9999999999999999,0.9999999999999999,abs,0.022749,0.16040101647377014,0.04511278122663498,5198,0.977251,0.9999999999999999,0.9999999999999999,abs,1.0,0.0,0.0,0,0.0,0.9999999999999999,0.9999999999999999,abs,1.0,0.0,0.0,0,0.0,0.9999999999999999,0.9999999999999999
v2main_f10_351ae26b,94,94,B:vr_2016_8640,DIFFERENT,identical code; per-name raw feature ranked within anchor members: universe for ranks,"pod_f8_build_ext.py (f606bffa) same statement (differs from serving only in the path constants L17-23); pod_dlw_targets_ext.py (c21683ee) L100 (own members per anchor, 829 names, forward-finite)",f8_higher_order_features.py (2c500c7a) L112; members = producer pm,,,,,,,,,,,,,,,,,,,,,,,,,,,,,,,,,,,,,,,,,,,,,,,,,,,,,abs,0.046437,0.07518797367811203,0.022556394338607788,5072,0.953563,0.9999999999999999,0.9999999999999999,abs,1.0,0.0,0.0,0,0.0,0.9999999999999999,0.9999999999999999,abs,0.046437,0.07518797367811203,0.022556394338607788,5072,0.953563,0.9999999999999999,0.9999999999999999,abs,1.0,0.0,0.0,0,0.0,0.9999999999999999,0.9999999999999999,abs,1.0,0.0,0.0,0,0.0,0.9999999999999999,0.9999999999999999
v2main_f10_351ae26b,95,95,B:vov_7d,DIFFERENT,identical code; per-name raw feature ranked within anchor members: universe for ranks,"pod_f8_build_ext.py (f606bffa) same statement (differs from serving only in the path constants L17-23); pod_dlw_targets_ext.py (c21683ee) L100 (own members per anchor, 829 names, forward-finite)",f8_higher_order_features.py (2c500c7a) L112; members = producer pm,,,,,,,,,,,,,,,,,,,,,,,,,,,,,,,,,,,,,,,,,,,,,,,,,,,,,abs,0.020493,0.13283208385109901,0.0476190447807312,5210,0.979507,0.9999999999999999,0.9999999999999999,abs,1.0,0.0,0.0,0,0.0,0.9999999999999999,0.9999999999999999,abs,0.020493,0.13283208385109901,0.0476190447807312,5210,0.979507,0.9999999999999999,0.9999999999999999,abs,1.0,0.0,0.0,0,0.0,0.9999999999999999,0.9999999999999999,abs,1.0,0.0,0.0,0,0.0,0.9999999999999999,0.9999999999999999
v2main_f10_351ae26b,96,96,B:dvol_1d,DIFFERENT,identical code; per-name raw feature ranked within anchor members: universe for ranks,"pod_f8_build_ext.py (f606bffa) same statement (differs from serving only in the path constants L17-23); pod_dlw_targets_ext.py (c21683ee) L100 (own members per anchor, 829 names, forward-finite)",f8_higher_order_features.py (2c500c7a) L112; members = producer pm,,,,,,,,,,,,,,,,,,,,,,,,,,,,,,,,,,,,,,,,,,,,,,,,,,,,,abs,0.037413,0.15789473056793213,0.055137842893600464,5120,0.962587,0.9999999999999999,0.9999999999999999,abs,1.0,0.0,0.0,0,0.0,0.9999999999999999,0.9999999999999999,abs,0.037413,0.15789473056793213,0.055137842893600464,5120,0.962587,0.9999999999999999,0.9999999999999999,abs,1.0,0.0,0.0,0,0.0,0.9999999999999999,0.9999999999999999,abs,1.0,0.0,0.0,0,0.0,0.9999999999999999,0.9999999999999999
v2main_f10_351ae26b,97,97,B:dvol_4h,DIFFERENT,identical code; per-name raw feature ranked within anchor members: universe for ranks,"pod_f8_build_ext.py (f606bffa) same statement (differs from serving only in the path constants L17-23); pod_dlw_targets_ext.py (c21683ee) L100 (own members per anchor, 829 names, forward-finite)",f8_higher_order_features.py (2c500c7a) L112; members = producer pm,,,,,,,,,,,,,,,,,,,,,,,,,,,,,,,,,,,,,,,,,,,,,,,,,,,,,abs,0.046249,0.16290727257728577,0.025062650442123413,5073,0.953751,0.9999999999999999,0.9999999999999999,abs,1.0,0.0,0.0,0,0.0,0.9999999999999999,0.9999999999999999,abs,0.046249,0.16290727257728577,0.025062650442123413,5073,0.953751,0.9999999999999999,0.9999999999999999,abs,1.0,0.0,0.0,0,0.0,0.9999999999999999,0.9999999999999999,abs,1.0,0.0,0.0,0,0.0,0.9999999999999999,0.9999999999999999
v2main_f10_351ae26b,98,98,B:rngvol_288,DIFFERENT,identical code; per-name raw feature ranked within anchor members: universe for ranks,"pod_f8_build_ext.py (f606bffa) same statement (differs from serving only in the path constants L17-23); pod_dlw_targets_ext.py (c21683ee) L100 (own members per anchor, 829 names, forward-finite)",f8_higher_order_features.py (2c500c7a) L112; members = producer pm,,,,,,,,,,,,,,,,,,,,,,,,,,,,,,,,,,,,,,,,,,,,,,,,,,,,,abs,0.073134,0.11278195679187775,0.022556394338607788,4930,0.926866,0.9999999999999999,0.9999999999999999,abs,1.0,0.0,0.0,0,0.0,0.9999999999999999,0.9999999999999999,abs,0.073134,0.11278195679187775,0.022556394338607788,4930,0.926866,0.9999999999999999,0.9999999999999999,abs,1.0,0.0,0.0,0,0.0,0.9999999999999999,0.9999999999999999,abs,1.0,0.0,0.0,0,0.0,0.9999999999999999,0.9999999999999999
v2main_f10_351ae26b,99,99,B:rngvol_2016,DIFFERENT,identical code; per-name raw feature ranked within anchor members: universe for ranks,"pod_f8_build_ext.py (f606bffa) same statement (differs from serving only in the path constants L17-23); pod_dlw_targets_ext.py (c21683ee) L100 (own members per anchor, 829 names, forward-finite)",f8_higher_order_features.py (2c500c7a) L112; members = producer pm,,,,,,,,,,,,,,,,,,,,,,,,,,,,,,,,,,,,,,,,,,,,,,,,,,,,,abs,0.012596,0.16290727257728577,0.0476190447807312,5252,0.987404,0.9999999999999999,0.9999999999999999,abs,1.0,0.0,0.0,0,0.0,0.9999999999999999,0.9999999999999999,abs,0.012596,0.16290727257728577,0.0476190447807312,5252,0.987404,0.9999999999999999,0.9999999999999999,abs,1.0,0.0,0.0,0,0.0,0.9999999999999999,0.9999999999999999,abs,1.0,0.0,0.0,0,0.0,0.9999999999999999,0.9999999999999999
v2main_f10_351ae26b,100,100,C:ac1_288,DIFFERENT,identical code; per-name raw feature ranked within anchor members: universe for ranks,"pod_f8_build_ext.py (f606bffa) same statement (differs from serving only in the path constants L17-23); pod_dlw_targets_ext.py (c21683ee) L100 (own members per anchor, 829 names, forward-finite)",f8_higher_order_features.py (2c500c7a) L112; members = producer pm,,,,,,,,,,,,,,,,,,,,,,,,,,,,,,,,,,,,,,,,,,,,,,,,,,,,,abs,0.042677,0.07769423723220825,0.025062650442123413,5092,0.957323,0.9999999999999999,0.9999999999999999,abs,1.0,0.0,0.0,0,0.0,0.9999999999999999,0.9999999999999999,abs,0.042677,0.07769423723220825,0.025062650442123413,5092,0.957323,0.9999999999999999,0.9999999999999999,abs,1.0,0.0,0.0,0,0.0,0.9999999999999999,0.9999999999999999,abs,1.0,0.0,0.0,0,0.0,0.9999999999999999,0.9999999999999999
v2main_f10_351ae26b,101,101,C:ac1_2016,DIFFERENT,identical code; per-name raw feature ranked within anchor members: universe for ranks,"pod_f8_build_ext.py (f606bffa) same statement (differs from serving only in the path constants L17-23); pod_dlw_targets_ext.py (c21683ee) L100 (own members per anchor, 829 names, forward-finite)",f8_higher_order_features.py (2c500c7a) L112; members = producer pm,,,,,,,,,,,,,,,,,,,,,,,,,,,,,,,,,,,,,,,,,,,,,,,,,,,,,abs,0.008272,0.09022556617856026,0.04511277377605438,5275,0.991728,0.9999999999999999,0.9999999999999999,abs,1.0,0.0,0.0,0,0.0,0.9999999999999999,0.9999999999999999,abs,0.008272,0.09022556617856026,0.04511277377605438,5275,0.991728,0.9999999999999999,0.9999999999999999,abs,1.0,0.0,0.0,0,0.0,0.9999999999999999,0.9999999999999999,abs,1.0,0.0,0.0,0,0.0,0.9999999999999999,0.9999999999999999
v2main_f10_351ae26b,102,102,C:vr12_2016,DIFFERENT,identical code; per-name raw feature ranked within anchor members: universe for ranks,"pod_f8_build_ext.py (f606bffa) same statement (differs from serving only in the path constants L17-23); pod_dlw_targets_ext.py (c21683ee) L100 (own members per anchor, 829 names, forward-finite)",f8_higher_order_features.py (2c500c7a) L112; members = producer pm,,,,,,,,,,,,,,,,,,,,,,,,,,,,,,,,,,,,,,,,,,,,,,,,,,,,,abs,0.017296,0.0952381044626236,0.04010025039315224,5227,0.982704,0.9999999999999999,0.9999999999999999,abs,1.0,0.0,0.0,0,0.0,0.9999999999999999,0.9999999999999999,abs,0.017296,0.0952381044626236,0.04010025039315224,5227,0.982704,0.9999999999999999,0.9999999999999999,abs,1.0,0.0,0.0,0,0.0,0.9999999999999999,0.9999999999999999,abs,1.0,0.0,0.0,0,0.0,0.9999999999999999,0.9999999999999999
v2main_f10_351ae26b,103,103,C:vr48_2016,DIFFERENT,identical code; per-name raw feature ranked within anchor members: universe for ranks,"pod_f8_build_ext.py (f606bffa) same statement (differs from serving only in the path constants L17-23); pod_dlw_targets_ext.py (c21683ee) L100 (own members per anchor, 829 names, forward-finite)",f8_higher_order_features.py (2c500c7a) L112; members = producer pm,,,,,,,,,,,,,,,,,,,,,,,,,,,,,,,,,,,,,,,,,,,,,,,,,,,,,abs,0.023125,0.11027569323778152,0.055137842893600464,5196,0.976875,0.9999999999999999,0.9999999999999999,abs,1.0,0.0,0.0,0,0.0,0.9999999999999999,0.9999999999999999,abs,0.023125,0.11027569323778152,0.055137842893600464,5196,0.976875,0.9999999999999999,0.9999999999999999,abs,1.0,0.0,0.0,0,0.0,0.9999999999999999,0.9999999999999999,abs,1.0,0.0,0.0,0,0.0,0.9999999999999999,0.9999999999999999
v2main_f10_351ae26b,104,104,C:vr48_8640,DIFFERENT,identical code; per-name raw feature ranked within anchor members: universe for ranks,"pod_f8_build_ext.py (f606bffa) same statement (differs from serving only in the path constants L17-23); pod_dlw_targets_ext.py (c21683ee) L100 (own members per anchor, 829 names, forward-finite)",f8_higher_order_features.py (2c500c7a) L112; members = producer pm,,,,,,,,,,,,,,,,,,,,,,,,,,,,,,,,,,,,,,,,,,,,,,,,,,,,,abs,0.008084,0.10025062970817089,0.0476190447807312,5276,0.991916,0.9999999999999999,0.9999999999999999,abs,1.0,0.0,0.0,0,0.0,0.9999999999999999,0.9999999999999999,abs,0.008084,0.10025062970817089,0.0476190447807312,5276,0.991916,0.9999999999999999,0.9999999999999999,abs,1.0,0.0,0.0,0,0.0,0.9999999999999999,0.9999999999999999,abs,1.0,0.0,0.0,0,0.0,0.9999999999999999,0.9999999999999999
v2main_f10_351ae26b,105,105,C:trend_288,DIFFERENT,numerical: global cumsum from cache start (4.7-year training cache vs 40-day serving cache; AUDIT_TRAIN TRN-16) | universe for anchor ranks,pod_f8_build_ext.py (f606bffa) same statement (differs from serving only in the path constants L17-23),f8_higher_order_features.py (2c500c7a) L210,,,,,,,,,,,,,,,,,,,,,,,,,,,,,,,,,,,,,,,,,,,,,,,,,,,,,abs,0.039857,0.10526315867900848,0.022556394338607788,5107,0.960143,0.9999996086614183,0.999998336810871,abs,1.0,0.0,0.0,0,0.0,0.9999999999999999,0.9999999999999999,abs,0.039293,0.10526315867900848,0.022556394338607788,5110,0.960707,0.9999999999999999,0.9999999999999999,abs,0.988824,0.005012534558773041,0.0,76,0.011176,0.9999996249976562,0.9999986874917968,abs,1.0,0.0,0.0,0,0.0,0.9999999999999999,0.9999999999999999
v2main_f10_351ae26b,106,106,C:trend_2016,DIFFERENT,numerical: global cumsum from cache start (4.7-year training cache vs 40-day serving cache; AUDIT_TRAIN TRN-16) | universe for anchor ranks,pod_f8_build_ext.py (f606bffa) same statement (differs from serving only in the path constants L17-23),f8_higher_order_features.py (2c500c7a) L210,,,,,,,,,,,,,,,,,,,,,,,,,,,,,,,,,,,,,,,,,,,,,,,,,,,,,abs,0.081406,0.08270677924156189,0.012531310319900513,4886,0.918594,0.9999999999999999,0.9999999999999999,abs,1.0,0.0,0.0,0,0.0,0.9999999999999999,0.9999999999999999,abs,0.081406,0.08270677924156189,0.012531310319900513,4886,0.918594,0.9999999999999999,0.9999999999999999,abs,0.999412,0.002506256103515625,0.0,4,0.000588,0.9999999999999999,0.9999998124988281,abs,1.0,0.0,0.0,0,0.0,0.9999999999999999,0.9999999999999999
v2main_f10_351ae26b,107,107,C:upblk_2016,DIFFERENT,identical code; per-name raw feature ranked within anchor members: universe for ranks,"pod_f8_build_ext.py (f606bffa) same statement (differs from serving only in the path constants L17-23); pod_dlw_targets_ext.py (c21683ee) L100 (own members per anchor, 829 names, forward-finite)",f8_higher_order_features.py (2c500c7a) L112; members = producer pm,,,,,,,,,,,,,,,,,,,,,,,,,,,,,,,,,,,,,,,,,,,,,,,,,,,,,abs,0.043617,0.08145362138748169,0.013784468173980713,5087,0.956383,1.0,0.9999999999999999,abs,1.0,0.0,0.0,0,0.0,1.0,0.9999999999999999,abs,0.043617,0.08145362138748169,0.013784468173980713,5087,0.956383,1.0,0.9999999999999999,abs,1.0,0.0,0.0,0,0.0,1.0,0.9999999999999999,abs,1.0,0.0,0.0,0,0.0,1.0,0.9999999999999999
v2main_f10_351ae26b,108,108,D:dhi_48,DIFFERENT,identical code; per-name raw feature ranked within anchor members: universe for ranks,"pod_f8_build_ext.py (f606bffa) same statement (differs from serving only in the path constants L17-23); pod_dlw_targets_ext.py (c21683ee) L100 (own members per anchor, 829 names, forward-finite)",f8_higher_order_features.py (2c500c7a) L112; members = producer pm,,,,,,,,,,,,,,,,,,,,,,,,,,,,,,,,,,,,,,,,,,,,,,,,,,,,,abs,0.059034,0.14536341279745102,0.022556394338607788,5005,0.940966,1.0,0.9999999999999999,abs,1.0,0.0,0.0,0,0.0,1.0,0.9999999999999999,abs,0.059034,0.14536341279745102,0.022556394338607788,5005,0.940966,1.0,0.9999999999999999,abs,1.0,0.0,0.0,0,0.0,1.0,0.9999999999999999,abs,1.0,0.0,0.0,0,0.0,1.0,0.9999999999999999
v2main_f10_351ae26b,109,109,D:dhi_288,DIFFERENT,identical code; per-name raw feature ranked within anchor members: universe for ranks,"pod_f8_build_ext.py (f606bffa) same statement (differs from serving only in the path constants L17-23); pod_dlw_targets_ext.py (c21683ee) L100 (own members per anchor, 829 names, forward-finite)",f8_higher_order_features.py (2c500c7a) L112; members = producer pm,,,,,,,,,,,,,,,,,,,,,,,,,,,,,,,,,,,,,,,,,,,,,,,,,,,,,abs,0.057906,0.1303258240222931,0.022556394338607788,5011,0.942094,1.0,0.9999999999999999,abs,1.0,0.0,0.0,0,0.0,1.0,0.9999999999999999,abs,0.057906,0.1303258240222931,0.022556394338607788,5011,0.942094,1.0,0.9999999999999999,abs,1.0,0.0,0.0,0,0.0,1.0,0.9999999999999999,abs,1.0,0.0,0.0,0,0.0,1.0,0.9999999999999999
v2main_f10_351ae26b,110,110,D:dhi_2016,DIFFERENT,identical code; per-name raw feature ranked within anchor members: universe for ranks,"pod_f8_build_ext.py (f606bffa) same statement (differs from serving only in the path constants L17-23); pod_dlw_targets_ext.py (c21683ee) L100 (own members per anchor, 829 names, forward-finite)",f8_higher_order_features.py (2c500c7a) L112; members = producer pm,,,,,,,,,,,,,,,,,,,,,,,,,,,,,,,,,,,,,,,,,,,,,,,,,,,,,abs,0.076518,0.09774437546730042,0.015037596225738525,4912,0.923482,0.9999999999999999,0.9999999999999999,abs,1.0,0.0,0.0,0,0.0,1.0,0.9999999999999999,abs,0.076518,0.09774437546730042,0.015037596225738525,4912,0.923482,0.9999999999999999,0.9999999999999999,abs,1.0,0.0,0.0,0,0.0,1.0,0.9999999999999999,abs,1.0,0.0,0.0,0,0.0,0.9999999999999999,0.9999999999999999
v2main_f10_351ae26b,111,111,D:dhi_8640,DIFFERENT,identical code; per-name raw feature ranked within anchor members: universe for ranks,"pod_f8_build_ext.py (f606bffa) same statement (differs from serving only in the path constants L17-23); pod_dlw_targets_ext.py (c21683ee) L100 (own members per anchor, 829 names, forward-finite)",f8_higher_order_features.py (2c500c7a) L112; members = producer pm,,,,,,,,,,,,,,,,,,,,,,,,,,,,,,,,,,,,,,,,,,,,,,,,,,,,,abs,0.094379,0.072681725025177,0.022556394338607788,4817,0.905621,0.9999999999999999,0.9999999999999999,abs,1.0,0.0,0.0,0,0.0,0.9999999999999999,0.9999999999999999,abs,0.094379,0.072681725025177,0.022556394338607788,4817,0.905621,0.9999999999999999,0.9999999999999999,abs,1.0,0.0,0.0,0,0.0,1.0,0.9999999999999999,abs,1.0,0.0,0.0,0,0.0,0.9999999999999999,0.9999999999999999
v2main_f10_351ae26b,112,112,D:dlo_288,DIFFERENT,identical code; per-name raw feature ranked within anchor members: universe for ranks,"pod_f8_build_ext.py (f606bffa) same statement (differs from serving only in the path constants L17-23); pod_dlw_targets_ext.py (c21683ee) L100 (own members per anchor, 829 names, forward-finite)",f8_higher_order_features.py (2c500c7a) L112; members = producer pm,,,,,,,,,,,,,,,,,,,,,,,,,,,,,,,,,,,,,,,,,,,,,,,,,,,,,abs,0.046437,0.12781956791877747,0.022556394338607788,5072,0.953563,1.0,0.9999999999999999,abs,1.0,0.0,0.0,0,0.0,1.0,0.9999999999999999,abs,0.046437,0.12781956791877747,0.022556394338607788,5072,0.953563,1.0,0.9999999999999999,abs,1.0,0.0,0.0,0,0.0,1.0,0.9999999999999999,abs,1.0,0.0,0.0,0,0.0,1.0,0.9999999999999999
v2main_f10_351ae26b,113,113,D:dlo_2016,DIFFERENT,identical code; per-name raw feature ranked within anchor members: universe for ranks,"pod_f8_build_ext.py (f606bffa) same statement (differs from serving only in the path constants L17-23); pod_dlw_targets_ext.py (c21683ee) L100 (own members per anchor, 829 names, forward-finite)",f8_higher_order_features.py (2c500c7a) L112; members = producer pm,,,,,,,,,,,,,,,,,,,,,,,,,,,,,,,,,,,,,,,,,,,,,,,,,,,,,abs,0.067494,0.09022556990385056,0.025062650442123413,4960,0.932506,1.0,0.9999999999999999,abs,1.0,0.0,0.0,0,0.0,0.9999999999999999,0.9999999999999999,abs,0.067494,0.09022556990385056,0.025062650442123413,4960,0.932506,1.0,0.9999999999999999,abs,1.0,0.0,0.0,0,0.0,0.9999999999999999,0.9999999999999999,abs,1.0,0.0,0.0,0,0.0,0.9999999999999999,0.9999999999999999
v2main_f10_351ae26b,114,114,D:dlo_8640,DIFFERENT,identical code; per-name raw feature ranked within anchor members: universe for ranks,"pod_f8_build_ext.py (f606bffa) same statement (differs from serving only in the path constants L17-23); pod_dlw_targets_ext.py (c21683ee) L100 (own members per anchor, 829 names, forward-finite)",f8_higher_order_features.py (2c500c7a) L112; members = producer pm,,,,,,,,,,,,,,,,,,,,,,,,,,,,,,,,,,,,,,,,,,,,,,,,,,,,,abs,0.044745,0.05263158306479454,0.0125313401222229,5081,0.955255,0.9999999999999999,0.9999999999999999,abs,1.0,0.0,0.0,0,0.0,0.9999999999999999,0.9999999999999999,abs,0.044745,0.05263158306479454,0.0125313401222229,5081,0.955255,0.9999999999999999,0.9999999999999999,abs,1.0,0.0,0.0,0,0.0,0.9999999999999999,0.9999999999999999,abs,1.0,0.0,0.0,0,0.0,0.9999999999999999,0.9999999999999999
v2main_f10_351ae26b,115,115,D:ppct_288,DIFFERENT,identical code; per-name raw feature ranked within anchor members: universe for ranks,"pod_f8_build_ext.py (f606bffa) same statement (differs from serving only in the path constants L17-23); pod_dlw_targets_ext.py (c21683ee) L100 (own members per anchor, 829 names, forward-finite)",f8_higher_order_features.py (2c500c7a) L112; members = producer pm,,,,,,,,,,,,,,,,,,,,,,,,,,,,,,,,,,,,,,,,,,,,,,,,,,,,,abs,0.034029,0.12030074745416641,0.02005012333393097,5138,0.965971,1.0,0.9999999999999999,abs,1.0,0.0,0.0,0,0.0,1.0,0.9999999999999999,abs,0.034029,0.12030074745416641,0.02005012333393097,5138,0.965971,1.0,0.9999999999999999,abs,1.0,0.0,0.0,0,0.0,1.0,0.9999999999999999,abs,1.0,0.0,0.0,0,0.0,1.0,0.9999999999999999
v2main_f10_351ae26b,116,116,D:ppct_2016,DIFFERENT,identical code; per-name raw feature ranked within anchor members: universe for ranks,"pod_f8_build_ext.py (f606bffa) same statement (differs from serving only in the path constants L17-23); pod_dlw_targets_ext.py (c21683ee) L100 (own members per anchor, 829 names, forward-finite)",f8_higher_order_features.py (2c500c7a) L112; members = producer pm,,,,,,,,,,,,,,,,,,,,,,,,,,,,,,,,,,,,,,,,,,,,,,,,,,,,,abs,0.040985,0.10526316240429878,0.01879701018333435,5101,0.959015,1.0,0.9999999999999999,abs,1.0,0.0,0.0,0,0.0,1.0,0.9999999999999999,abs,0.040985,0.10526316240429878,0.01879701018333435,5101,0.959015,1.0,0.9999999999999999,abs,1.0,0.0,0.0,0,0.0,1.0,0.9999999999999999,abs,1.0,0.0,0.0,0,0.0,1.0,0.9999999999999999
v2main_f10_351ae26b,117,117,E:spr_7,DIFFERENT,identical code; per-name raw feature ranked within anchor members: universe for ranks,"pod_f8_build_ext.py (f606bffa) same statement (differs from serving only in the path constants L17-23); pod_dlw_targets_ext.py (c21683ee) L100 (own members per anchor, 829 names, forward-finite)",f8_higher_order_features.py (2c500c7a) L112; members = producer pm,,,,,,,,,,,,,,,,,,,,,,,,,,,,,,,,,,,,,,,,,,,,,,,,,,,,,abs,0.070878,0.12280702404677868,0.025062650442123413,4942,0.929122,0.9999999999999999,0.9999999999999999,abs,1.0,0.0,0.0,0,0.0,0.9999999999999999,0.9999999999999999,abs,0.070878,0.12280702404677868,0.025062650442123413,4942,0.929122,0.9999999999999999,0.9999999999999999,abs,1.0,0.0,0.0,0,0.0,0.9999999999999999,0.9999999999999999,abs,1.0,0.0,0.0,0,0.0,0.9999999999999999,0.9999999999999999
v2main_f10_351ae26b,118,118,E:spr_30,DIFFERENT,identical code; per-name raw feature ranked within anchor members: universe for ranks,"pod_f8_build_ext.py (f606bffa) same statement (differs from serving only in the path constants L17-23); pod_dlw_targets_ext.py (c21683ee) L100 (own members per anchor, 829 names, forward-finite)",f8_higher_order_features.py (2c500c7a) L112; members = producer pm,,,,,,,,,,,,,,,,,,,,,,,,,,,,,,,,,,,,,,,,,,,,,,,,,,,,,abs,0.087046,0.1203007698059082,0.027568921446800232,4856,0.912954,0.9999999999999999,0.9999999999999999,abs,1.0,0.0,0.0,0,0.0,0.9999999999999999,0.9999999999999999,abs,0.087046,0.1203007698059082,0.027568921446800232,4856,0.912954,0.9999999999999999,0.9999999999999999,abs,1.0,0.0,0.0,0,0.0,0.9999999999999999,0.9999999999999999,abs,1.0,0.0,0.0,0,0.0,0.9999999999999999,0.9999999999999999
v2main_f10_351ae26b,119,119,E:spr_30_t,DIFFERENT,identical code; per-name raw feature ranked within anchor members: universe for ranks,"pod_f8_build_ext.py (f606bffa) same statement (differs from serving only in the path constants L17-23); pod_dlw_targets_ext.py (c21683ee) L100 (own members per anchor, 829 names, forward-finite)",f8_higher_order_features.py (2c500c7a) L112; members = producer pm,,,,,,,,,,,,,,,,,,,,,,,,,,,,,,,,,,,,,,,,,,,,,,,,,,,,,abs,0.028577,0.09273181855678558,0.032581448554992676,5167,0.971423,0.9999999999999999,0.9999999999999999,abs,1.0,0.0,0.0,0,0.0,0.9999999999999999,0.9999999999999999,abs,0.028577,0.09273181855678558,0.032581448554992676,5167,0.971423,0.9999999999999999,0.9999999999999999,abs,1.0,0.0,0.0,0,0.0,0.9999999999999999,0.9999999999999999,abs,1.0,0.0,0.0,0,0.0,0.9999999999999999,0.9999999999999999
v2main_f10_351ae26b,120,120,E:spq_7,DIFFERENT,identical code; per-name raw feature ranked within anchor members: universe for ranks,"pod_f8_build_ext.py (f606bffa) same statement (differs from serving only in the path constants L17-23); pod_dlw_targets_ext.py (c21683ee) L100 (own members per anchor, 829 names, forward-finite)",f8_higher_order_features.py (2c500c7a) L112; members = producer pm,,,,,,,,,,,,,,,,,,,,,,,,,,,,,,,,,,,,,,,,,,,,,,,,,,,,,abs,0.025757,0.16290727257728577,0.0476190447807312,5182,0.974243,0.9999999999999999,0.9999999999999999,abs,1.0,0.0,0.0,0,0.0,0.9999999999999999,0.9999999999999999,abs,0.025757,0.16290727257728577,0.0476190447807312,5182,0.974243,0.9999999999999999,0.9999999999999999,abs,1.0,0.0,0.0,0,0.0,0.9999999999999999,0.9999999999999999,abs,1.0,0.0,0.0,0,0.0,0.9999999999999999,0.9999999999999999
v2main_f10_351ae26b,121,121,E:spq_30,DIFFERENT,identical code; per-name raw feature ranked within anchor members: universe for ranks,"pod_f8_build_ext.py (f606bffa) same statement (differs from serving only in the path constants L17-23); pod_dlw_targets_ext.py (c21683ee) L100 (own members per anchor, 829 names, forward-finite)",f8_higher_order_features.py (2c500c7a) L112; members = producer pm,,,,,,,,,,,,,,,,,,,,,,,,,,,,,,,,,,,,,,,,,,,,,,,,,,,,,abs,0.023877,0.16290728747844696,0.05513784475624561,5192,0.976123,0.9999999999999999,0.9999999999999999,abs,1.0,0.0,0.0,0,0.0,0.9999999999999999,0.9999999999999999,abs,0.023877,0.16290728747844696,0.05513784475624561,5192,0.976123,0.9999999999999999,0.9999999999999999,abs,1.0,0.0,0.0,0,0.0,0.9999999999999999,0.9999999999999999,abs,1.0,0.0,0.0,0,0.0,0.9999999999999999,0.9999999999999999
v2main_f10_351ae26b,122,122,E:sprg_7,DIFFERENT,identical code; per-name raw feature ranked within anchor members: universe for ranks,"pod_f8_build_ext.py (f606bffa) same statement (differs from serving only in the path constants L17-23); pod_dlw_targets_ext.py (c21683ee) L100 (own members per anchor, 829 names, forward-finite)",f8_higher_order_features.py (2c500c7a) L112; members = producer pm,,,,,,,,,,,,,,,,,,,,,,,,,,,,,,,,,,,,,,,,,,,,,,,,,,,,,abs,0.049445,0.11027568206191063,0.032581448554992676,5056,0.950555,0.9999999999999999,0.9999999999999999,abs,1.0,0.0,0.0,0,0.0,0.9999999999999999,0.9999999999999999,abs,0.049445,0.11027568206191063,0.032581448554992676,5056,0.950555,0.9999999999999999,0.9999999999999999,abs,1.0,0.0,0.0,0,0.0,0.9999999999999999,0.9999999999999999,abs,1.0,0.0,0.0,0,0.0,0.9999999999999999,0.9999999999999999
v2main_f10_351ae26b,123,123,E:spt_7,DIFFERENT,identical code; per-name raw feature ranked within anchor members: universe for ranks,"pod_f8_build_ext.py (f606bffa) same statement (differs from serving only in the path constants L17-23); pod_dlw_targets_ext.py (c21683ee) L100 (own members per anchor, 829 names, forward-finite)",f8_higher_order_features.py (2c500c7a) L112; members = producer pm,,,,,,,,,,,,,,,,,,,,,,,,,,,,,,,,,,,,,,,,,,,,,,,,,,,,,abs,0.035345,0.072681725025177,0.022556394338607788,5131,0.964655,0.9999999999999999,0.9999999999999999,abs,1.0,0.0,0.0,0,0.0,0.9999999999999999,0.9999999999999999,abs,0.035345,0.072681725025177,0.022556394338607788,5131,0.964655,0.9999999999999999,0.9999999999999999,abs,1.0,0.0,0.0,0,0.0,0.9999999999999999,0.9999999999999999,abs,1.0,0.0,0.0,0,0.0,0.9999999999999999,0.9999999999999999
v2main_f10_351ae26b,124,124,F:amihud_288,DIFFERENT,identical code; per-name raw feature ranked within anchor members: universe for ranks,"pod_f8_build_ext.py (f606bffa) same statement (differs from serving only in the path constants L17-23); pod_dlw_targets_ext.py (c21683ee) L100 (own members per anchor, 829 names, forward-finite)",f8_higher_order_features.py (2c500c7a) L112; members = producer pm,,,,,,,,,,,,,,,,,,,,,,,,,,,,,,,,,,,,,,,,,,,,,,,,,,,,,abs,0.006768,0.18546366691589355,0.1553884744644165,5283,0.993232,0.9999999999999999,0.9999999999999999,abs,1.0,0.0,0.0,0,0.0,0.9999999999999999,0.9999999999999999,abs,0.006768,0.18546366691589355,0.1553884744644165,5283,0.993232,0.9999999999999999,0.9999999999999999,abs,1.0,0.0,0.0,0,0.0,0.9999999999999999,0.9999999999999999,abs,1.0,0.0,0.0,0,0.0,0.9999999999999999,0.9999999999999999
v2main_f10_351ae26b,125,125,F:amihud_2016,DIFFERENT,identical code; per-name raw feature ranked within anchor members: universe for ranks,"pod_f8_build_ext.py (f606bffa) same statement (differs from serving only in the path constants L17-23); pod_dlw_targets_ext.py (c21683ee) L100 (own members per anchor, 829 names, forward-finite)",f8_higher_order_features.py (2c500c7a) L112; members = producer pm,,,,,,,,,,,,,,,,,,,,,,,,,,,,,,,,,,,,,,,,,,,,,,,,,,,,,abs,0.006392,0.20551379024982452,0.17293232679367065,5285,0.993608,0.9999999999999999,0.9999999999999999,abs,1.0,0.0,0.0,0,0.0,0.9999999999999999,0.9999999999999999,abs,0.006392,0.20551379024982452,0.17293232679367065,5285,0.993608,0.9999999999999999,0.9999999999999999,abs,1.0,0.0,0.0,0,0.0,0.9999999999999999,0.9999999999999999,abs,1.0,0.0,0.0,0,0.0,0.9999999999999999,0.9999999999999999
v2main_f10_351ae26b,126,126,F:damihud,DIFFERENT,identical code; per-name raw feature ranked within anchor members: universe for ranks,"pod_f8_build_ext.py (f606bffa) same statement (differs from serving only in the path constants L17-23); pod_dlw_targets_ext.py (c21683ee) L100 (own members per anchor, 829 names, forward-finite)",f8_higher_order_features.py (2c500c7a) L112; members = producer pm,,,,,,,,,,,,,,,,,,,,,,,,,,,,,,,,,,,,,,,,,,,,,,,,,,,,,abs,0.029329,0.16040100157260895,0.03508772060740739,5163,0.970671,0.9999999999999999,0.9999999999999999,abs,1.0,0.0,0.0,0,0.0,0.9999999999999999,0.9999999999999999,abs,0.029329,0.16040100157260895,0.03508772060740739,5163,0.970671,0.9999999999999999,0.9999999999999999,abs,1.0,0.0,0.0,0,0.0,0.9999999999999999,0.9999999999999999,abs,1.0,0.0,0.0,0,0.0,0.9999999999999999,0.9999999999999999
v2main_f10_351ae26b,127,127,F:kyle_288,DIFFERENT,identical code; per-name raw feature ranked within anchor members: universe for ranks,"pod_f8_build_ext.py (f606bffa) same statement (differs from serving only in the path constants L17-23); pod_dlw_targets_ext.py (c21683ee) L100 (own members per anchor, 829 names, forward-finite)",f8_higher_order_features.py (2c500c7a) L112; members = producer pm,,,,,,,,,,,,,,,,,,,,,,,,,,,,,,,,,,,,,,,,,,,,,,,,,,,,,abs,0.00752,0.18295739963650703,0.15037593245506287,5279,0.99248,0.9999999999999999,0.9999999999999999,abs,1.0,0.0,0.0,0,0.0,0.9999999999999999,0.9999999999999999,abs,0.00752,0.18295739963650703,0.15037593245506287,5279,0.99248,0.9999999999999999,0.9999999999999999,abs,1.0,0.0,0.0,0,0.0,0.9999999999999999,0.9999999999999999,abs,1.0,0.0,0.0,0,0.0,0.9999999999999999,0.9999999999999999
v2main_f10_351ae26b,128,128,F:kyle_2016,DIFFERENT,identical code; per-name raw feature ranked within anchor members: universe for ranks,"pod_f8_build_ext.py (f606bffa) same statement (differs from serving only in the path constants L17-23); pod_dlw_targets_ext.py (c21683ee) L100 (own members per anchor, 829 names, forward-finite)",f8_higher_order_features.py (2c500c7a) L112; members = producer pm,,,,,,,,,,,,,,,,,,,,,,,,,,,,,,,,,,,,,,,,,,,,,,,,,,,,,abs,0.004888,0.18546366319060326,0.1654135286808014,5293,0.995112,0.9999999999999999,0.9999999999999999,abs,1.0,0.0,0.0,0,0.0,0.9999999999999999,0.9999999999999999,abs,0.004888,0.18546366319060326,0.1654135286808014,5293,0.995112,0.9999999999999999,0.9999999999999999,abs,1.0,0.0,0.0,0,0.0,0.9999999999999999,0.9999999999999999,abs,1.0,0.0,0.0,0,0.0,0.9999999999999999,0.9999999999999999
v2main_f10_351ae26b,129,129,F:qvz_48,DIFFERENT,identical code; per-name raw feature ranked within anchor members: universe for ranks,"pod_f8_build_ext.py (f606bffa) same statement (differs from serving only in the path constants L17-23); pod_dlw_targets_ext.py (c21683ee) L100 (own members per anchor, 829 names, forward-finite)",f8_higher_order_features.py (2c500c7a) L112; members = producer pm,,,,,,,,,,,,,,,,,,,,,,,,,,,,,,,,,,,,,,,,,,,,,,,,,,,,,abs,0.057718,0.15789474546909332,0.037593990564346313,5012,0.942282,0.9999999999999999,0.9999999999999999,abs,1.0,0.0,0.0,0,0.0,0.9999999999999999,0.9999999999999999,abs,0.057718,0.15789474546909332,0.037593990564346313,5012,0.942282,0.9999999999999999,0.9999999999999999,abs,1.0,0.0,0.0,0,0.0,0.9999999999999999,0.9999999999999999,abs,1.0,0.0,0.0,0,0.0,0.9999999999999999,0.9999999999999999
v2main_f10_351ae26b,130,130,F:corr_pv_288,DIFFERENT,identical code; per-name raw feature ranked within anchor members: universe for ranks,"pod_f8_build_ext.py (f606bffa) same statement (differs from serving only in the path constants L17-23); pod_dlw_targets_ext.py (c21683ee) L100 (own members per anchor, 829 names, forward-finite)",f8_higher_order_features.py (2c500c7a) L112; members = producer pm,,,,,,,,,,,,,,,,,,,,,,,,,,,,,,,,,,,,,,,,,,,,,,,,,,,,,abs,0.086482,0.12030075490474701,0.01754385232925415,4859,0.913518,0.9999999999999999,0.9999999999999999,abs,1.0,0.0,0.0,0,0.0,0.9999999999999999,0.9999999999999999,abs,0.086482,0.12030075490474701,0.01754385232925415,4859,0.913518,0.9999999999999999,0.9999999999999999,abs,1.0,0.0,0.0,0,0.0,0.9999999999999999,0.9999999999999999,abs,1.0,0.0,0.0,0,0.0,0.9999999999999999,0.9999999999999999
v2main_f10_351ae26b,131,131,F:corr_aq_288,DIFFERENT,identical code; per-name raw feature ranked within anchor members: universe for ranks,"pod_f8_build_ext.py (f606bffa) same statement (differs from serving only in the path constants L17-23); pod_dlw_targets_ext.py (c21683ee) L100 (own members per anchor, 829 names, forward-finite)",f8_higher_order_features.py (2c500c7a) L112; members = producer pm,,,,,,,,,,,,,,,,,,,,,,,,,,,,,,,,,,,,,,,,,,,,,,,,,,,,,abs,0.043993,0.09774436324369162,0.02506265789270401,5085,0.956007,0.9999999999999999,0.9999999999999999,abs,1.0,0.0,0.0,0,0.0,0.9999999999999999,0.9999999999999999,abs,0.043993,0.09774436324369162,0.02506265789270401,5085,0.956007,0.9999999999999999,0.9999999999999999,abs,1.0,0.0,0.0,0,0.0,0.9999999999999999,0.9999999999999999,abs,1.0,0.0,0.0,0,0.0,0.9999999999999999,0.9999999999999999
v2main_f10_351ae26b,132,132,F:udqv_288,DIFFERENT,identical code; per-name raw feature ranked within anchor members: universe for ranks,"pod_f8_build_ext.py (f606bffa) same statement (differs from serving only in the path constants L17-23); pod_dlw_targets_ext.py (c21683ee) L100 (own members per anchor, 829 names, forward-finite)",f8_higher_order_features.py (2c500c7a) L112; members = producer pm,,,,,,,,,,,,,,,,,,,,,,,,,,,,,,,,,,,,,,,,,,,,,,,,,,,,,abs,0.076518,0.05263158679008484,0.010025063529610634,4912,0.923482,0.9999999999999999,0.9999999999999999,abs,1.0,0.0,0.0,0,0.0,0.9999999999999999,0.9999999999999999,abs,0.076518,0.05263158679008484,0.010025063529610634,4912,0.923482,0.9999999999999999,0.9999999999999999,abs,1.0,0.0,0.0,0,0.0,0.9999999999999999,0.9999999999999999,abs,1.0,0.0,0.0,0,0.0,0.9999999999999999,0.9999999999999999
v2main_f10_351ae26b,133,133,G:tbvw_48,DIFFERENT,identical code; per-name raw feature ranked within anchor members: universe for ranks,"pod_f8_build_ext.py (f606bffa) same statement (differs from serving only in the path constants L17-23); pod_dlw_targets_ext.py (c21683ee) L100 (own members per anchor, 829 names, forward-finite)",f8_higher_order_features.py (2c500c7a) L112; members = producer pm,,,,,,,,,,,,,,,,,,,,,,,,,,,,,,,,,,,,,,,,,,,,,,,,,,,,,abs,0.047001,0.07268171012401581,0.015037596225738525,5069,0.952999,0.9999999999999999,0.9999999999999999,abs,1.0,0.0,0.0,0,0.0,0.9999999999999999,0.9999999999999999,abs,0.047001,0.07268171012401581,0.015037596225738525,5069,0.952999,0.9999999999999999,0.9999999999999999,abs,1.0,0.0,0.0,0,0.0,0.9999999999999999,0.9999999999999999,abs,1.0,0.0,0.0,0,0.0,0.9999999999999999,0.9999999999999999
v2main_f10_351ae26b,134,134,G:tbvw_288,DIFFERENT,identical code; per-name raw feature ranked within anchor members: universe for ranks,"pod_f8_build_ext.py (f606bffa) same statement (differs from serving only in the path constants L17-23); pod_dlw_targets_ext.py (c21683ee) L100 (own members per anchor, 829 names, forward-finite)",f8_higher_order_features.py (2c500c7a) L112; members = producer pm,,,,,,,,,,,,,,,,,,,,,,,,,,,,,,,,,,,,,,,,,,,,,,,,,,,,,abs,0.031961,0.10025063529610634,0.025062650442123413,5149,0.968039,0.9999999999999999,0.9999999999999999,abs,1.0,0.0,0.0,0,0.0,0.9999999999999999,0.9999999999999999,abs,0.031961,0.10025063529610634,0.025062650442123413,5149,0.968039,0.9999999999999999,0.9999999999999999,abs,1.0,0.0,0.0,0,0.0,0.9999999999999999,0.9999999999999999,abs,1.0,0.0,0.0,0,0.0,0.9999999999999999,0.9999999999999999
v2main_f10_351ae26b,135,135,G:tbvw_2016,DIFFERENT,identical code; per-name raw feature ranked within anchor members: universe for ranks,"pod_f8_build_ext.py (f606bffa) same statement (differs from serving only in the path constants L17-23); pod_dlw_targets_ext.py (c21683ee) L100 (own members per anchor, 829 names, forward-finite)",f8_higher_order_features.py (2c500c7a) L112; members = producer pm,,,,,,,,,,,,,,,,,,,,,,,,,,,,,,,,,,,,,,,,,,,,,,,,,,,,,abs,0.027073,0.07518798112869263,0.035087719559669495,5175,0.972927,0.9999999999999999,0.9999999999999999,abs,1.0,0.0,0.0,0,0.0,0.9999999999999999,0.9999999999999999,abs,0.027073,0.07518798112869263,0.035087719559669495,5175,0.972927,0.9999999999999999,0.9999999999999999,abs,1.0,0.0,0.0,0,0.0,0.9999999999999999,0.9999999999999999,abs,1.0,0.0,0.0,0,0.0,0.9999999999999999,0.9999999999999999
v2main_f10_351ae26b,136,136,G:tbacc_48,DIFFERENT,identical code; per-name raw feature ranked within anchor members: universe for ranks,"pod_f8_build_ext.py (f606bffa) same statement (differs from serving only in the path constants L17-23); pod_dlw_targets_ext.py (c21683ee) L100 (own members per anchor, 829 names, forward-finite)",f8_higher_order_features.py (2c500c7a) L112; members = producer pm,,,,,,,,,,,,,,,,,,,,,,,,,,,,,,,,,,,,,,,,,,,,,,,,,,,,,abs,0.042865,0.07017544284462929,0.015037596225738525,5091,0.957135,0.9999999999999999,0.9999999999999999,abs,1.0,0.0,0.0,0,0.0,0.9999999999999999,0.9999999999999999,abs,0.042865,0.07017544284462929,0.015037596225738525,5091,0.957135,0.9999999999999999,0.9999999999999999,abs,1.0,0.0,0.0,0,0.0,0.9999999999999999,0.9999999999999999,abs,1.0,0.0,0.0,0,0.0,0.9999999999999999,0.9999999999999999
v2main_f10_351ae26b,137,137,G:tbac1_288,DIFFERENT,identical code; per-name raw feature ranked within anchor members: universe for ranks,"pod_f8_build_ext.py (f606bffa) same statement (differs from serving only in the path constants L17-23); pod_dlw_targets_ext.py (c21683ee) L100 (own members per anchor, 829 names, forward-finite)",f8_higher_order_features.py (2c500c7a) L112; members = producer pm,,,,,,,,,,,,,,,,,,,,,,,,,,,,,,,,,,,,,,,,,,,,,,,,,,,,,abs,0.075202,0.05764411389827728,0.010025061666965485,4919,0.924798,0.9999999999999999,0.9999999999999999,abs,1.0,0.0,0.0,0,0.0,0.9999999999999999,0.9999999999999999,abs,0.075202,0.05764411389827728,0.010025061666965485,4919,0.924798,0.9999999999999999,0.9999999999999999,abs,1.0,0.0,0.0,0,0.0,0.9999999999999999,0.9999999999999999,abs,1.0,0.0,0.0,0,0.0,0.9999999999999999,0.9999999999999999
v2main_f10_351ae26b,138,138,G:tbstd_288,DIFFERENT,identical code; per-name raw feature ranked within anchor members: universe for ranks,"pod_f8_build_ext.py (f606bffa) same statement (differs from serving only in the path constants L17-23); pod_dlw_targets_ext.py (c21683ee) L100 (own members per anchor, 829 names, forward-finite)",f8_higher_order_features.py (2c500c7a) L112; members = producer pm,,,,,,,,,,,,,,,,,,,,,,,,,,,,,,,,,,,,,,,,,,,,,,,,,,,,,abs,0.046625,0.1328320875763893,0.037593990564346313,5071,0.953375,0.9999999999999999,0.9999999999999999,abs,1.0,0.0,0.0,0,0.0,0.9999999999999999,0.9999999999999999,abs,0.046625,0.1328320875763893,0.037593990564346313,5071,0.953375,0.9999999999999999,0.9999999999999999,abs,1.0,0.0,0.0,0,0.0,0.9999999999999999,0.9999999999999999,abs,1.0,0.0,0.0,0,0.0,0.9999999999999999,0.9999999999999999
v2main_f10_351ae26b,139,139,G:tbz_48,DIFFERENT,identical code; per-name raw feature ranked within anchor members: universe for ranks,"pod_f8_build_ext.py (f606bffa) same statement (differs from serving only in the path constants L17-23); pod_dlw_targets_ext.py (c21683ee) L100 (own members per anchor, 829 names, forward-finite)",f8_higher_order_features.py (2c500c7a) L112; members = producer pm,,,,,,,,,,,,,,,,,,,,,,,,,,,,,,,,,,,,,,,,,,,,,,,,,,,,,abs,0.070126,0.0601503849029541,0.012531325221061707,4946,0.929874,0.9999999999999999,0.9999999999999999,abs,1.0,0.0,0.0,0,0.0,0.9999999999999999,0.9999999999999999,abs,0.070126,0.0601503849029541,0.012531325221061707,4946,0.929874,0.9999999999999999,0.9999999999999999,abs,1.0,0.0,0.0,0,0.0,0.9999999999999999,0.9999999999999999,abs,1.0,0.0,0.0,0,0.0,0.9999999999999999,0.9999999999999999
v2main_f10_351ae26b,140,140,G:corr_tr_288,DIFFERENT,identical code; per-name raw feature ranked within anchor members: universe for ranks,"pod_f8_build_ext.py (f606bffa) same statement (differs from serving only in the path constants L17-23); pod_dlw_targets_ext.py (c21683ee) L100 (own members per anchor, 829 names, forward-finite)",f8_higher_order_features.py (2c500c7a) L112; members = producer pm,,,,,,,,,,,,,,,,,,,,,,,,,,,,,,,,,,,,,,,,,,,,,,,,,,,,,abs,0.121263,0.12531328201293945,0.02005012333393097,4674,0.878737,0.9999999999999999,0.9999999999999999,abs,1.0,0.0,0.0,0,0.0,0.9999999999999999,0.9999999999999999,abs,0.121263,0.12531328201293945,0.02005012333393097,4674,0.878737,0.9999999999999999,0.9999999999999999,abs,1.0,0.0,0.0,0,0.0,0.9999999999999999,0.9999999999999999,abs,1.0,0.0,0.0,0,0.0,0.9999999999999999,0.9999999999999999
v2main_f10_351ae26b,141,141,J:r4_lag_2,DIFFERENT,identical code; per-name raw feature ranked within anchor members: universe for ranks,"pod_f8_build_ext.py (f606bffa) same statement (differs from serving only in the path constants L17-23); pod_dlw_targets_ext.py (c21683ee) L100 (own members per anchor, 829 names, forward-finite)",f8_higher_order_features.py (2c500c7a) L112; members = producer pm,,,,,,,,,,,,,,,,,,,,,,,,,,,,,,,,,,,,,,,,,,,,,,,,,,,,,abs,0.089867,0.12280702590942383,0.015037596225738525,4841,0.910133,0.9999999999999999,0.9999999999999999,abs,1.0,0.0,0.0,0,0.0,0.9999999999999999,0.9999999999999999,abs,0.089867,0.12280702590942383,0.015037596225738525,4841,0.910133,0.9999999999999999,0.9999999999999999,abs,1.0,0.0,0.0,0,0.0,0.9999999999999999,0.9999999999999999,abs,1.0,0.0,0.0,0,0.0,0.9999999999999999,0.9999999999999999
v2main_f10_351ae26b,142,142,J:r4_lag_3,DIFFERENT,identical code; per-name raw feature ranked within anchor members: universe for ranks,"pod_f8_build_ext.py (f606bffa) same statement (differs from serving only in the path constants L17-23); pod_dlw_targets_ext.py (c21683ee) L100 (own members per anchor, 829 names, forward-finite)",f8_higher_order_features.py (2c500c7a) L112; members = producer pm,,,,,,,,,,,,,,,,,,,,,,,,,,,,,,,,,,,,,,,,,,,,,,,,,,,,,abs,0.085918,0.12280701845884323,0.022556394338607788,4862,0.914082,0.9999999999999999,0.9999999999999999,abs,1.0,0.0,0.0,0,0.0,0.9999999999999999,0.9999999999999999,abs,0.085918,0.12280701845884323,0.022556394338607788,4862,0.914082,0.9999999999999999,0.9999999999999999,abs,1.0,0.0,0.0,0,0.0,0.9999999999999999,0.9999999999999999,abs,1.0,0.0,0.0,0,0.0,0.9999999999999999,0.9999999999999999
v2main_f10_351ae26b,143,143,J:r4_lag_4,DIFFERENT,identical code; per-name raw feature ranked within anchor members: universe for ranks,"pod_f8_build_ext.py (f606bffa) same statement (differs from serving only in the path constants L17-23); pod_dlw_targets_ext.py (c21683ee) L100 (own members per anchor, 829 names, forward-finite)",f8_higher_order_features.py (2c500c7a) L112; members = producer pm,,,,,,,,,,,,,,,,,,,,,,,,,,,,,,,,,,,,,,,,,,,,,,,,,,,,,abs,0.097951,0.12030075490474701,0.015037596225738525,4798,0.902049,0.9999999999999999,0.9999999999999999,abs,1.0,0.0,0.0,0,0.0,0.9999999999999999,0.9999999999999999,abs,0.097951,0.12030075490474701,0.015037596225738525,4798,0.902049,0.9999999999999999,0.9999999999999999,abs,1.0,0.0,0.0,0,0.0,0.9999999999999999,0.9999999999999999,abs,1.0,0.0,0.0,0,0.0,0.9999999999999999,0.9999999999999999
v2main_f10_351ae26b,144,144,J:r4_lag_5,DIFFERENT,identical code; per-name raw feature ranked within anchor members: universe for ranks,"pod_f8_build_ext.py (f606bffa) same statement (differs from serving only in the path constants L17-23); pod_dlw_targets_ext.py (c21683ee) L100 (own members per anchor, 829 names, forward-finite)",f8_higher_order_features.py (2c500c7a) L112; members = producer pm,,,,,,,,,,,,,,,,,,,,,,,,,,,,,,,,,,,,,,,,,,,,,,,,,,,,,abs,0.107539,0.12531328946352005,0.02005012333393097,4747,0.892461,0.9999999999999999,0.9999999999999999,abs,1.0,0.0,0.0,0,0.0,0.9999999999999999,0.9999999999999999,abs,0.107539,0.12531328946352005,0.02005012333393097,4747,0.892461,0.9999999999999999,0.9999999999999999,abs,1.0,0.0,0.0,0,0.0,0.9999999999999999,0.9999999999999999,abs,1.0,0.0,0.0,0,0.0,0.9999999999999999,0.9999999999999999
v2main_f10_351ae26b,145,145,J:r4_lag_6,DIFFERENT,identical code; per-name raw feature ranked within anchor members: universe for ranks,"pod_f8_build_ext.py (f606bffa) same statement (differs from serving only in the path constants L17-23); pod_dlw_targets_ext.py (c21683ee) L100 (own members per anchor, 829 names, forward-finite)",f8_higher_order_features.py (2c500c7a) L112; members = producer pm,,,,,,,,,,,,,,,,,,,,,,,,,,,,,,,,,,,,,,,,,,,,,,,,,,,,,abs,0.101523,0.1303258165717125,0.015037596225738525,4779,0.898477,0.9999999999999999,0.9999999999999999,abs,1.0,0.0,0.0,0,0.0,0.9999999999999999,0.9999999999999999,abs,0.101523,0.1303258165717125,0.015037596225738525,4779,0.898477,0.9999999999999999,0.9999999999999999,abs,1.0,0.0,0.0,0,0.0,0.9999999999999999,0.9999999999999999,abs,1.0,0.0,0.0,0,0.0,0.9999999999999999,0.9999999999999999
v2main_f10_351ae26b,146,146,J:r24_lag1,DIFFERENT,identical code; per-name raw feature ranked within anchor members: universe for ranks,"pod_f8_build_ext.py (f606bffa) same statement (differs from serving only in the path constants L17-23); pod_dlw_targets_ext.py (c21683ee) L100 (own members per anchor, 829 names, forward-finite)",f8_higher_order_features.py (2c500c7a) L112; members = producer pm,,,,,,,,,,,,,,,,,,,,,,,,,,,,,,,,,,,,,,,,,,,,,,,,,,,,,abs,0.087234,0.1428571492433548,0.02005012333393097,4855,0.912766,0.9999999999999999,0.9999999999999999,abs,1.0,0.0,0.0,0,0.0,0.9999999999999999,0.9999999999999999,abs,0.087234,0.1428571492433548,0.02005012333393097,4855,0.912766,0.9999999999999999,0.9999999999999999,abs,1.0,0.0,0.0,0,0.0,0.9999999999999999,0.9999999999999999,abs,1.0,0.0,0.0,0,0.0,0.9999999999999999,0.9999999999999999
v2main_f10_351ae26b,147,147,J:dqv_4h,DIFFERENT,identical code; per-name raw feature ranked within anchor members: universe for ranks,"pod_f8_build_ext.py (f606bffa) same statement (differs from serving only in the path constants L17-23); pod_dlw_targets_ext.py (c21683ee) L100 (own members per anchor, 829 names, forward-finite)",f8_higher_order_features.py (2c500c7a) L112; members = producer pm,,,,,,,,,,,,,,,,,,,,,,,,,,,,,,,,,,,,,,,,,,,,,,,,,,,,,abs,0.034029,0.15288221836090088,0.02506265603005886,5138,0.965971,1.0,0.9999999999999999,abs,1.0,0.0,0.0,0,0.0,1.0,0.9999999999999999,abs,0.034029,0.15288221836090088,0.02506265603005886,5138,0.965971,1.0,0.9999999999999999,abs,1.0,0.0,0.0,0,0.0,1.0,0.9999999999999999,abs,1.0,0.0,0.0,0,0.0,1.0,1.0
v2main_f10_351ae26b,148,148,J:drank_m7_1d,DIFFERENT,history member set: served rank at anchor i-6 uses the scored anchor's members | universe for ranks,"pod_f8_build_ext.py (f606bffa) same statement (differs from serving only in the path constants L17-23); pod_dlw_targets_ext.py (c21683ee) L100 (own members per anchor, 829 names, forward-finite)",f8_higher_order_features.py (2c500c7a) L335; combo_stage.py (b5c698f9) L123 (scored anchor's members on every history row),,,,,,,,,,,,,,,,,,,,,,,,,,,,,,,,,,,,,,,,,,,,,,,,,,,,,abs,0.004888,0.5,0.02396656945347786,5098,0.958451,0.9782760839267411,0.9662759218795769,abs,0.005735,0.4974937438964844,0.003209661692380905,5437,0.799559,0.9923099157897914,0.9852522208537706,abs,0.008836,0.5,0.023617930710315704,5070,0.953187,0.9775038493458097,0.9666160019668107,abs,1.0,0.0,0.0,0,0.0,1.0,0.9999999999999999,abs,1.0,0.0,0.0,0,0.0,1.0,1.0
v2main_f10_351ae26b,149,149,J:drank_v7_1d,DIFFERENT,history member set: served rank at anchor i-6 uses the scored anchor's members | universe for ranks,"pod_f8_build_ext.py (f606bffa) same statement (differs from serving only in the path constants L17-23); pod_dlw_targets_ext.py (c21683ee) L100 (own members per anchor, 829 names, forward-finite)",f8_higher_order_features.py (2c500c7a) L335; combo_stage.py (b5c698f9) L123 (scored anchor's members on every history row),,,,,,,,,,,,,,,,,,,,,,,,,,,,,,,,,,,,,,,,,,,,,,,,,,,,,abs,0.002068,0.5,0.039861105382442474,5208,0.979131,0.9489143764768869,0.9234489919833088,abs,0.004559,0.5,0.007594943046569824,6020,0.885294,0.9872162142183136,0.9820317982432833,abs,0.005264,0.5,0.037974681705236435,5187,0.975183,0.9505840875679811,0.9245975476378131,abs,1.0,0.0,0.0,0,0.0,1.0,0.9999999999999999,abs,1.0,0.0,0.0,0,0.0,1.0,0.9999999999999999
v2main_f10_351ae26b,150,150,J:drank_r24_1d,DIFFERENT,history member set: served rank at anchor i-6 uses the scored anchor's members | universe for ranks,"pod_f8_build_ext.py (f606bffa) same statement (differs from serving only in the path constants L17-23); pod_dlw_targets_ext.py (c21683ee) L100 (own members per anchor, 829 names, forward-finite)",f8_higher_order_features.py (2c500c7a) L335; combo_stage.py (b5c698f9) L123 (scored anchor's members on every history row),,,,,,,,,,,,,,,,,,,,,,,,,,,,,,,,,,,,,,,,,,,,,,,,,,,,,abs,0.005264,0.4974937438964844,0.024383217096328735,5042,0.947923,0.9838647409868709,0.9641244129537724,abs,0.005441,0.5,0.0018083229660987854,4715,0.693382,0.9947534992141541,0.987374294319692,abs,0.010152,0.49746835231781006,0.024681925773620605,5016,0.943034,0.984104537838943,0.9648707808724226,abs,1.0,0.0,0.0,0,0.0,1.0,0.9999999999999999,abs,1.0,0.0,0.0,0,0.0,1.0,0.9999999999999999
v2main_f10_351ae26b,151,151,H:disp_z,DIFFERENT,history member set for the cross-sectional dispersion series | universe,"pod_f8_build_ext.py (f606bffa) same statement (differs from serving only in the path constants L17-23); pod_dlw_targets_ext.py (c21683ee) L100 (own members per anchor, 829 names, forward-finite)","f8_higher_order_features.py (2c500c7a) L350, causal z L354; combo_stage.py (b5c698f9) L123 (scored anchor's members on every history row)",,,,,,,,,,,,,,,,,,,,,,,,,,,,,,,,,,,,,,,,,,,,,,,,,,,,,rel,0.0,1.0337107212673244,0.16354942805450087,5319,1.0,,,rel,0.0,0.20625178870216437,0.06270582531239013,6800,1.0,,,rel,0.0,1.0424702957279173,0.1126089117507036,5319,1.0,,,rel,1.0,0.0,0.0,0,0.0,,,rel,1.0,0.0,0.0,0,0.0,,
v2main_f10_351ae26b,152,152,H:btcv_z,EQUIVALENT_FORMULA,btcv: zero-filled std with divisor E-S (train) vs nanstd with first-7-day back-fill (serve); measured equal on 17 anchors (0 cells > 1e-3) | back-fill reaches the causal window only in caches shorter than ~37 days (PROD-36),"pod_f8_build_ext.py (f606bffa) same statement (differs from serving only in the path constants L17-23); pod_dlw_targets_ext.py (c21683ee) L88 (zero-filled, divisor E-S)","f8_higher_order_features.py (2c500c7a) L112; combo_stage.py (b5c698f9) L59 (nanstd rows [i-2016, i), first 7 days back-filled)",,,,,,,,,,,,,,,,,,,,,,,,,,,,,,,,,,,,,,,,,,,,,,,,,,,,,rel,1.0,0.0,0.0,0,0.0,,,rel,1.0,0.0,0.0,0,0.0,,,rel,1.0,0.0,0.0,0,0.0,,,rel,1.0,0.0,0.0,0,0.0,,,rel,0.5,0.03309996590459578,0.0051644847100900055,1600,0.5,,
v2main_f10_351ae26b,153,153,H:r4xdisp,DIFFERENT,history member set for the cross-sectional dispersion series | universe,"pod_f8_build_ext.py (f606bffa) same statement (differs from serving only in the path constants L17-23); pod_dlw_targets_ext.py (c21683ee) L100 (own members per anchor, 829 names, forward-finite)","f8_higher_order_features.py (2c500c7a) L350, causal z L354; combo_stage.py (b5c698f9) L123 (scored anchor's members on every history row)",,,,,,,,,,,,,,,,,,,,,,,,,,,,,,,,,,,,,,,,,,,,,,,,,,,,,rel,0.0,1.9982582292739315,0.23827188392382342,5316,0.999436,0.9999999999999999,-1.0,rel,0.0,0.20625184639851096,0.06270582235328893,6800,1.0,0.9999999999999999,0.9999999999999999,rel,0.0,1.996527225216447,0.20371186797310073,5315,0.999248,0.9999999999999999,-1.0,rel,1.0,0.0,0.0,0,0.0,0.9999999999999999,0.9999999999999999,rel,1.0,0.0,0.0,0,0.0,0.9999999999999999,0.9999999999999999
v2main_f10_351ae26b,154,154,H:r24xdisp,DIFFERENT,history member set for the cross-sectional dispersion series | universe,"pod_f8_build_ext.py (f606bffa) same statement (differs from serving only in the path constants L17-23); pod_dlw_targets_ext.py (c21683ee) L100 (own members per anchor, 829 names, forward-finite)","f8_higher_order_features.py (2c500c7a) L350, causal z L354; combo_stage.py (b5c698f9) L123 (scored anchor's members on every history row)",,,,,,,,,,,,,,,,,,,,,,,,,,,,,,,,,,,,,,,,,,,,,,,,,,,,,rel,0.0,1.9980898760522405,0.2664797299211316,5301,0.996616,0.9999999999999999,-1.0,rel,0.0,0.20625184639851096,0.06270582235328893,6800,1.0,0.9999999999999999,0.9999999999999999,rel,0.0,1.9967582400669814,0.2346445552010985,5298,0.996052,0.9999999999999999,-1.0,rel,1.0,0.0,0.0,0,0.0,0.9999999999999999,0.9999999999999999,rel,1.0,0.0,0.0,0,0.0,0.9999999999999999,0.9999999999999999
v2main_f10_351ae26b,155,155,H:m7xdisp,DIFFERENT,history member set for the cross-sectional dispersion series | universe,"pod_f8_build_ext.py (f606bffa) same statement (differs from serving only in the path constants L17-23); pod_dlw_targets_ext.py (c21683ee) L100 (own members per anchor, 829 names, forward-finite)","f8_higher_order_features.py (2c500c7a) L350, causal z L354; combo_stage.py (b5c698f9) L123 (scored anchor's members on every history row)",,,,,,,,,,,,,,,,,,,,,,,,,,,,,,,,,,,,,,,,,,,,,,,,,,,,,rel,0.0,1.9790930232135917,0.20502552567506951,5299,0.99624,0.9999999999999999,-1.0,rel,0.0,0.20625184639851096,0.06270582235328893,6800,1.0,0.9999999999999999,0.9999999999999999,rel,0.0,1.963451168991986,0.17242741578155968,5311,0.998496,0.9999999999999999,-1.0,rel,1.0,0.0,0.0,0,0.0,0.9999999999999999,0.9999999999999999,rel,1.0,0.0,0.0,0,0.0,0.9999999999999999,0.9999999999999999
v2main_f10_351ae26b,156,156,H:v7xdisp,DIFFERENT,history member set for the cross-sectional dispersion series | universe,"pod_f8_build_ext.py (f606bffa) same statement (differs from serving only in the path constants L17-23); pod_dlw_targets_ext.py (c21683ee) L100 (own members per anchor, 829 names, forward-finite)","f8_higher_order_features.py (2c500c7a) L350, causal z L354; combo_stage.py (b5c698f9) L123 (scored anchor's members on every history row)",,,,,,,,,,,,,,,,,,,,,,,,,,,,,,,,,,,,,,,,,,,,,,,,,,,,,rel,0.0,1.9790930232135917,0.1790949874718811,5285,0.993608,0.9999999999999999,-1.0,rel,0.0,0.20625184639851096,0.06270582235328893,6800,1.0,0.9999999999999999,0.9999999999999999,rel,0.0,1.9662211991523535,0.14621901359194941,5307,0.997744,0.9999999999999999,-1.0,rel,1.0,0.0,0.0,0,0.0,0.9999999999999999,0.9999999999999999,rel,1.0,0.0,0.0,0,0.0,0.9999999999999999,0.9999999999999999
v2main_f10_351ae26b,157,157,H:r4xbtcv,DIFFERENT,btcv_z factor equivalent (see H:btcv_z) | rank factor: universe,"pod_f8_build_ext.py (f606bffa) same statement (differs from serving only in the path constants L17-23); pod_dlw_targets_ext.py (c21683ee) L88 (zero-filled, divisor E-S)","f8_higher_order_features.py (2c500c7a) L112; combo_stage.py (b5c698f9) L59 (nanstd rows [i-2016, i), first 7 days back-filled)",,,,,,,,,,,,,,,,,,,,,,,,,,,,,,,,,,,,,,,,,,,,,,,,,,,,,rel,0.092875,2.0,0.08303409029700289,4825,0.907125,0.9999999999999999,0.9999999999999999,rel,1.0,0.0,0.0,0,0.0,0.9999999999999999,0.9999999999999999,rel,0.092875,2.0,0.08303409029700289,4825,0.907125,0.9999999999999999,0.9999999999999999,rel,1.0,0.0,0.0,0,0.0,0.9999999999999999,0.9999999999999999,rel,0.5,0.03310004964290429,0.005164441754359561,1600,0.5,0.9999999999999999,0.9999999999999999
v2main_f10_351ae26b,158,158,H:r24xbtcv,DIFFERENT,btcv_z factor equivalent (see H:btcv_z) | rank factor: universe,"pod_f8_build_ext.py (f606bffa) same statement (differs from serving only in the path constants L17-23); pod_dlw_targets_ext.py (c21683ee) L88 (zero-filled, divisor E-S)","f8_higher_order_features.py (2c500c7a) L112; combo_stage.py (b5c698f9) L59 (nanstd rows [i-2016, i), first 7 days back-filled)",,,,,,,,,,,,,,,,,,,,,,,,,,,,,,,,,,,,,,,,,,,,,,,,,,,,,rel,0.075954,2.0,0.09182530292563572,4915,0.924046,0.9999999999999999,0.9999999999999999,rel,1.0,0.0,0.0,0,0.0,0.9999999999999999,0.9999999999999999,rel,0.075954,2.0,0.09182530292563572,4915,0.924046,0.9999999999999999,0.9999999999999999,rel,1.0,0.0,0.0,0,0.0,0.9999999999999999,0.9999999999999999,rel,0.5,0.03310004964290429,0.005164441754359561,1600,0.5,0.9999999999999999,0.9999999999999999
v2main_f10_351ae26b,159,159,H:m7xbtcv,DIFFERENT,btcv_z factor equivalent (see H:btcv_z) | rank factor: universe,"pod_f8_build_ext.py (f606bffa) same statement (differs from serving only in the path constants L17-23); pod_dlw_targets_ext.py (c21683ee) L88 (zero-filled, divisor E-S)","f8_higher_order_features.py (2c500c7a) L112; combo_stage.py (b5c698f9) L59 (nanstd rows [i-2016, i), first 7 days back-filled)",,,,,,,,,,,,,,,,,,,,,,,,,,,,,,,,,,,,,,,,,,,,,,,,,,,,,rel,0.084414,2.0,0.07628532239788084,4870,0.915586,0.9999999999999999,0.9999999999999999,rel,1.0,0.0,0.0,0,0.0,0.9999999999999999,0.9999999999999999,rel,0.084414,2.0,0.07628532239788084,4870,0.915586,0.9999999999999999,0.9999999999999999,rel,1.0,0.0,0.0,0,0.0,0.9999999999999999,0.9999999999999999,rel,0.5,0.03310004964290429,0.005164441754359561,1600,0.5,0.9999999999999999,0.9999999999999999
v2main_f10_351ae26b,160,160,H:v7xbtcv,DIFFERENT,btcv_z factor equivalent (see H:btcv_z) | rank factor: universe,"pod_f8_build_ext.py (f606bffa) same statement (differs from serving only in the path constants L17-23); pod_dlw_targets_ext.py (c21683ee) L88 (zero-filled, divisor E-S)","f8_higher_order_features.py (2c500c7a) L112; combo_stage.py (b5c698f9) L59 (nanstd rows [i-2016, i), first 7 days back-filled)",,,,,,,,,,,,,,,,,,,,,,,,,,,,,,,,,,,,,,,,,,,,,,,,,,,,,rel,0.053393,2.0,0.09010987288437534,5035,0.946607,0.9999999999999999,0.9999999999999999,rel,1.0,0.0,0.0,0,0.0,0.9999999999999999,0.9999999999999999,rel,0.053393,2.0,0.09010987288437534,5035,0.946607,0.9999999999999999,0.9999999999999999,rel,1.0,0.0,0.0,0,0.0,0.9999999999999999,0.9999999999999999,rel,0.5,0.03310004964290429,0.005164441754359561,1600,0.5,0.9999999999999999,0.9999999999999999
v2main_f10_351ae26b,161,161,I:r24_sq,DIFFERENT,products of X82 rank columns: universe,pod_f8_build_ext.py (f606bffa) same statement (differs from serving only in the path constants L17-23),f8_higher_order_features.py (2c500c7a) L112,,,,,,,,,,,,,,,,,,,,,,,,,,,,,,,,,,,,,,,,,,,,,,,,,,,,,abs,0.077458,0.05636930465698242,0.008479952812194824,4768,0.896409,0.9743323802711378,0.913602250563038,abs,1.0,0.0,0.0,0,0.0,1.0,1.0,abs,0.077458,0.05636930465698242,0.008479952812194824,4768,0.896409,0.9743323802711378,0.913602250563038,abs,1.0,0.0,0.0,0,0.0,1.0,1.0,abs,1.0,0.0,0.0,0,0.0,1.0,1.0
v2main_f10_351ae26b,162,162,I:m7_sq,DIFFERENT,products of X82 rank columns: universe,pod_f8_build_ext.py (f606bffa) same statement (differs from serving only in the path constants L17-23),f8_higher_order_features.py (2c500c7a) L112,,,,,,,,,,,,,,,,,,,,,,,,,,,,,,,,,,,,,,,,,,,,,,,,,,,,,abs,0.085354,0.04199409484863281,0.00597279891371727,4571,0.859372,0.9917543407935535,0.9384167938387479,abs,1.0,0.0,0.0,0,0.0,1.0,1.0,abs,0.085354,0.04199409484863281,0.00597279891371727,4571,0.859372,0.9917543407935535,0.9384167938387479,abs,1.0,0.0,0.0,0,0.0,1.0,1.0,abs,1.0,0.0,0.0,0,0.0,1.0,1.0
v2main_f10_351ae26b,163,163,I:v7_sq,DIFFERENT,products of X82 rank columns: universe,pod_f8_build_ext.py (f606bffa) same statement (differs from serving only in the path constants L17-23),f8_higher_order_features.py (2c500c7a) L112,,,,,,,,,,,,,,,,,,,,,,,,,,,,,,,,,,,,,,,,,,,,,,,,,,,,,abs,0.05471,0.0692862868309021,0.005945742130279541,4498,0.845648,0.9918432880833201,0.9875161044153543,abs,1.0,0.0,0.0,0,0.0,1.0,1.0,abs,0.05471,0.0692862868309021,0.005945742130279541,4498,0.845648,0.9918432880833201,0.9875161044153543,abs,1.0,0.0,0.0,0,0.0,1.0,1.0,abs,1.0,0.0,0.0,0,0.0,1.0,1.0
v2main_f10_351ae26b,164,164,I:r24xv7,DIFFERENT,products of X82 rank columns: universe,pod_f8_build_ext.py (f606bffa) same statement (differs from serving only in the path constants L17-23),f8_higher_order_features.py (2c500c7a) L112,,,,,,,,,,,,,,,,,,,,,,,,,,,,,,,,,,,,,,,,,,,,,,,,,,,,,abs,0.01692,0.07407507300376892,0.006852447986602783,4858,0.91333,0.9836527689475411,0.9584969699626057,abs,1.0,0.0,0.0,0,0.0,1.0,0.9999999999999999,abs,0.01692,0.07407507300376892,0.006852447986602783,4858,0.91333,0.9836527689475411,0.9584969699626057,abs,1.0,0.0,0.0,0,0.0,1.0,0.9999999999999999,abs,1.0,0.0,0.0,0,0.0,1.0,0.9999999999999999
v2main_f10_351ae26b,165,165,I:r24xq7,DIFFERENT,products of X82 rank columns: universe,pod_f8_build_ext.py (f606bffa) same statement (differs from serving only in the path constants L17-23),f8_higher_order_features.py (2c500c7a) L112,,,,,,,,,,,,,,,,,,,,,,,,,,,,,,,,,,,,,,,,,,,,,,,,,,,,,abs,0.0,0.1078910231590271,0.029206357896327972,5237,0.984584,0.8601104145038313,0.8303596979139832,abs,1.0,0.0,0.0,0,0.0,1.0,0.9999999999999999,abs,0.0,0.1078910231590271,0.029206357896327972,5237,0.984584,0.8601104145038313,0.8303596979139832,abs,1.0,0.0,0.0,0,0.0,1.0,0.9999999999999999,abs,1.0,0.0,0.0,0,0.0,1.0,1.0
v2main_f10_351ae26b,166,166,I:m7xv7,DIFFERENT,products of X82 rank columns: universe,pod_f8_build_ext.py (f606bffa) same statement (differs from serving only in the path constants L17-23),f8_higher_order_features.py (2c500c7a) L112,,,,,,,,,,,,,,,,,,,,,,,,,,,,,,,,,,,,,,,,,,,,,,,,,,,,,abs,0.026321,0.04995548725128174,0.00695037841796875,4845,0.910886,0.9939646393057258,0.9723450699733225,abs,1.0,0.0,0.0,0,0.0,1.0,0.9999999999999999,abs,0.026321,0.04995548725128174,0.00695037841796875,4845,0.910886,0.9939646393057258,0.9723450699733225,abs,1.0,0.0,0.0,0,0.0,1.0,0.9999999999999999,abs,1.0,0.0,0.0,0,0.0,1.0,0.9999999999999999
v2main_f10_351ae26b,167,167,I:r4xt24,DIFFERENT,products of X82 rank columns: universe,pod_f8_build_ext.py (f606bffa) same statement (differs from serving only in the path constants L17-23),f8_higher_order_features.py (2c500c7a) L112,,,,,,,,,,,,,,,,,,,,,,,,,,,,,,,,,,,,,,,,,,,,,,,,,,,,,abs,0.004136,0.05999833345413208,0.007779300212860107,4938,0.92837,0.9810561742239924,0.9329039371363702,abs,1.0,0.0,0.0,0,0.0,1.0,0.9999999999999999,abs,0.004136,0.05999833345413208,0.007779300212860107,4938,0.92837,0.9810561742239924,0.9329039371363702,abs,1.0,0.0,0.0,0,0.0,1.0,0.9999999999999999,abs,1.0,0.0,0.0,0,0.0,1.0,0.9999999999999999
v2main_f10_351ae26b,168,168,I:m7xm30,DIFFERENT,products of X82 rank columns: universe,pod_f8_build_ext.py (f606bffa) same statement (differs from serving only in the path constants L17-23),f8_higher_order_features.py (2c500c7a) L112,,,,,,,,,,,,,,,,,,,,,,,,,,,,,,,,,,,,,,,,,,,,,,,,,,,,,abs,0.016732,0.04234132170677185,0.006037980318069458,4825,0.907125,0.9954812820807637,0.9705008861865833,abs,1.0,0.0,0.0,0,0.0,1.0,0.9999999999999999,abs,0.016732,0.04234132170677185,0.006037980318069458,4825,0.907125,0.9954812820807637,0.9705008861865833,abs,1.0,0.0,0.0,0,0.0,1.0,0.9999999999999999,abs,1.0,0.0,0.0,0,0.0,1.0,0.9999999999999999
v2main_f10_351ae26b,169,169,I:r24xv7xq7,DIFFERENT,products of X82 rank columns: universe,pod_f8_build_ext.py (f606bffa) same statement (differs from serving only in the path constants L17-23),f8_higher_order_features.py (2c500c7a) L112,,,,,,,,,,,,,,,,,,,,,,,,,,,,,,,,,,,,,,,,,,,,,,,,,,,,,abs,0.0,0.04955751448869705,0.006194546353071928,4656,0.875353,0.8321098784815437,0.8006028179508572,abs,1.0,0.0,0.0,0,0.0,0.9999999999999999,0.9999999999999999,abs,0.0,0.04955751448869705,0.006194546353071928,4656,0.875353,0.8321098784815437,0.8006028179508572,abs,1.0,0.0,0.0,0,0.0,0.9999999999999999,0.9999999999999999,abs,1.0,0.0,0.0,0,0.0,0.9999999999999999,0.9999999999999999
v2main_f10_351ae26b,170,170,I:m7xv7xq7,DIFFERENT,products of X82 rank columns: universe,pod_f8_build_ext.py (f606bffa) same statement (differs from serving only in the path constants L17-23),f8_higher_order_features.py (2c500c7a) L112,,,,,,,,,,,,,,,,,,,,,,,,,,,,,,,,,,,,,,,,,,,,,,,,,,,,,abs,0.0,0.04479002207517624,0.005999087821692228,4648,0.873848,0.8654085197544924,0.792699343960002,abs,1.0,0.0,0.0,0,0.0,0.9999999999999999,0.9999999999999999,abs,0.0,0.04479002207517624,0.005999087821692228,4648,0.873848,0.8654085197544924,0.792699343960002,abs,1.0,0.0,0.0,0,0.0,0.9999999999999999,0.9999999999999999,abs,1.0,0.0,0.0,0,0.0,0.9999999999999999,0.9999999999999999
