symbol,anchor_utc,panel_f_fund_now,replay_last_rate,panel_iv,replay_iv,abs_diff
FILUSDT,2022-02-27T00:00Z,-8.140999853e-05,3.363e-05,8,8,0.0001150399985
FLMUSDT,2022-02-27T00:00Z,-6.430000212e-06,0.0001,8,8,0.0001064300002
FLOWUSDT,2022-02-27T00:00Z,9.470999794e-05,0.0001,8,8,5.290002062e-06
FTMUSDT,2022-02-27T00:00Z,3.958000161e-05,4.233e-05,8,8,2.749998388e-06
GRTUSDT,2022-02-27T00:00Z,-0.0004909199779,-0.00013267,8,8,0.0003582499779
GTCUSDT,2022-02-27T00:00Z,9.999999747e-05,3.034e-05,8,8,6.965999747e-05
HBARUSDT,2022-02-27T00:00Z,-0.000100129997,-0.00024521,8,8,0.000145080003
HOTUSDT,2022-02-27T00:00Z,8.638000145e-05,0.0001,8,8,1.361999855e-05
IOTAUSDT,2022-02-27T00:00Z,-0.0003332199994,-0.00030163,8,8,3.158999945e-05
KNCUSDT,2022-02-27T00:00Z,-1.362999956e-05,4.572e-05,8,8,5.934999956e-05
KSMUSDT,2022-02-27T00:00Z,-0.0004265099997,-0.00037569,8,8,5.081999967e-05
LINAUSDT,2022-02-27T00:00Z,8.004999836e-05,0.0001,8,8,1.995000164e-05
LRCUSDT,2022-02-27T00:00Z,-0.0001120599991,0.0001,8,8,0.0002120599991
LTCUSDT,2022-02-27T00:00Z,3.501000174e-05,0.0001,8,8,6.498999826e-05
LUNAUSDT,2022-02-27T00:00Z,-0.0006315300125,-0.0008477,8,8,0.0002161699875
MANAUSDT,2022-02-27T00:00Z,2.486000085e-05,-0.00015985,8,8,0.0001847100008
MASKUSDT,2022-02-27T00:00Z,4.599000022e-05,0.0001,8,8,5.400999978e-05
NEARUSDT,2022-02-27T00:00Z,9.999999747e-05,8.435e-05,8,8,1.564999747e-05
OCEANUSDT,2022-02-27T00:00Z,-8.568000339e-05,8.698e-05,8,8,0.0001726600034
OMGUSDT,2022-02-27T00:00Z,-7.026000094e-05,0.0001,8,8,0.0001702600009
ONEUSDT,2022-02-27T00:00Z,4.736999836e-05,-1.132e-05,8,8,5.868999836e-05
PEOPLEUSDT,2022-02-27T00:00Z,9.999999747e-05,-7.746e-05,8,8,0.0001774599975
ROSEUSDT,2022-02-27T00:00Z,2.365e-05,7.699e-05,8,8,5.334e-05
RSRUSDT,2022-02-27T00:00Z,-0.0005210899981,-0.00026775,8,8,0.0002533399981
SANDUSDT,2022-02-27T00:00Z,6.956000288e-05,0.0001,8,8,3.043999712e-05
SKLUSDT,2022-02-27T00:00Z,-0.0003353199863,0.0001,8,8,0.0004353199863
SOLUSDT,2022-02-27T00:00Z,1.929999962e-05,-7.933e-05,8,8,9.862999962e-05
STORJUSDT,2022-02-27T00:00Z,-0.0001443100045,1.588e-05,8,8,0.0001601900045
SUSHIUSDT,2022-02-27T00:00Z,-1.040999996e-05,6.28e-05,8,8,7.320999996e-05
TRXUSDT,2022-02-27T00:00Z,-0.0004652600037,-0.00047277,8,8,7.509996307e-06
VETUSDT,2022-02-27T00:00Z,6.151999696e-05,9.774e-05,8,8,3.622000304e-05
WAVESUSDT,2022-02-27T00:00Z,-0.0001498799975,-8.996e-05,8,8,5.991999748e-05
XRPUSDT,2022-02-27T00:00Z,6.291000318e-05,0.0001,8,8,3.708999682e-05
YFIUSDT,2022-02-27T00:00Z,5.200000032e-06,6.569e-05,8,8,6.048999997e-05
ZECUSDT,2022-02-27T00:00Z,-0.0002064300061,4.889e-05,8,8,0.0002553200061
ZENUSDT,2022-02-27T00:00Z,-0.000664710009,-0.00031348,8,8,0.000351230009
ZILUSDT,2022-02-27T00:00Z,-0.0001906300022,-4.452e-05,8,8,0.0001461100022
FILUSDT,2022-02-27T04:00Z,-8.140999853e-05,3.363e-05,8,8,0.0001150399985
FLMUSDT,2022-02-27T04:00Z,-6.430000212e-06,0.0001,8,8,0.0001064300002
FLOWUSDT,2022-02-27T04:00Z,9.470999794e-05,0.0001,8,8,5.290002062e-06
FTMUSDT,2022-02-27T04:00Z,3.958000161e-05,4.233e-05,8,8,2.749998388e-06
GRTUSDT,2022-02-27T04:00Z,-0.0004909199779,-0.00013267,8,8,0.0003582499779
GTCUSDT,2022-02-27T04:00Z,9.999999747e-05,3.034e-05,8,8,6.965999747e-05
HBARUSDT,2022-02-27T04:00Z,-0.000100129997,-0.00024521,8,8,0.000145080003
HOTUSDT,2022-02-27T04:00Z,8.638000145e-05,0.0001,8,8,1.361999855e-05
IOTAUSDT,2022-02-27T04:00Z,-0.0003332199994,-0.00030163,8,8,3.158999945e-05
KNCUSDT,2022-02-27T04:00Z,-1.362999956e-05,4.572e-05,8,8,5.934999956e-05
KSMUSDT,2022-02-27T04:00Z,-0.0004265099997,-0.00037569,8,8,5.081999967e-05
LINAUSDT,2022-02-27T04:00Z,8.004999836e-05,0.0001,8,8,1.995000164e-05
LRCUSDT,2022-02-27T04:00Z,-0.0001120599991,0.0001,8,8,0.0002120599991
LTCUSDT,2022-02-27T04:00Z,3.501000174e-05,0.0001,8,8,6.498999826e-05
LUNAUSDT,2022-02-27T04:00Z,-0.0006315300125,-0.0008477,8,8,0.0002161699875
MANAUSDT,2022-02-27T04:00Z,2.486000085e-05,-0.00015985,8,8,0.0001847100008
MASKUSDT,2022-02-27T04:00Z,4.599000022e-05,0.0001,8,8,5.400999978e-05
NEARUSDT,2022-02-27T04:00Z,9.999999747e-05,8.435e-05,8,8,1.564999747e-05
OCEANUSDT,2022-02-27T04:00Z,-8.568000339e-05,8.698e-05,8,8,0.0001726600034
OMGUSDT,2022-02-27T04:00Z,-7.026000094e-05,0.0001,8,8,0.0001702600009
ONEUSDT,2022-02-27T04:00Z,4.736999836e-05,-1.132e-05,8,8,5.868999836e-05
PEOPLEUSDT,2022-02-27T04:00Z,9.999999747e-05,-7.746e-05,8,8,0.0001774599975
ROSEUSDT,2022-02-27T04:00Z,2.365e-05,7.699e-05,8,8,5.334e-05
RSRUSDT,2022-02-27T04:00Z,-0.0005210899981,-0.00026775,8,8,0.0002533399981
SANDUSDT,2022-02-27T04:00Z,6.956000288e-05,0.0001,8,8,3.043999712e-05
SKLUSDT,2022-02-27T04:00Z,-0.0003353199863,0.0001,8,8,0.0004353199863
SOLUSDT,2022-02-27T04:00Z,1.929999962e-05,-7.933e-05,8,8,9.862999962e-05
STORJUSDT,2022-02-27T04:00Z,-0.0001443100045,1.588e-05,8,8,0.0001601900045
SUSHIUSDT,2022-02-27T04:00Z,-1.040999996e-05,6.28e-05,8,8,7.320999996e-05
TRXUSDT,2022-02-27T04:00Z,-0.0004652600037,-0.00047277,8,8,7.509996307e-06
VETUSDT,2022-02-27T04:00Z,6.151999696e-05,9.774e-05,8,8,3.622000304e-05
WAVESUSDT,2022-02-27T04:00Z,-0.0001498799975,-8.996e-05,8,8,5.991999748e-05
XRPUSDT,2022-02-27T04:00Z,6.291000318e-05,0.0001,8,8,3.708999682e-05
YFIUSDT,2022-02-27T04:00Z,5.200000032e-06,6.569e-05,8,8,6.048999997e-05
ZECUSDT,2022-02-27T04:00Z,-0.0002064300061,4.889e-05,8,8,0.0002553200061
ZENUSDT,2022-02-27T04:00Z,-0.000664710009,-0.00031348,8,8,0.000351230009
ZILUSDT,2022-02-27T04:00Z,-0.0001906300022,-4.452e-05,8,8,0.0001461100022
FILUSDT,2022-02-27T08:00Z,3.947000005e-05,3.363e-05,8,8,5.840000047e-06
FLMUSDT,2022-02-27T08:00Z,-6.869999925e-05,0.0001,8,8,0.0001686999992
FLOWUSDT,2022-02-27T08:00Z,-0.0002429199958,0.0001,8,8,0.0003429199958
FTMUSDT,2022-02-27T08:00Z,-5.121999857e-05,4.233e-05,8,8,9.354999857e-05
GRTUSDT,2022-02-27T08:00Z,-8.807999984e-05,-0.00013267,8,8,4.459000016e-05
GTCUSDT,2022-02-27T08:00Z,4.211000123e-05,3.034e-05,8,8,1.177000123e-05
HBARUSDT,2022-02-27T08:00Z,9.999999747e-05,-0.00024521,8,8,0.0003452099975
HOTUSDT,2022-02-27T08:00Z,-0.0001946200064,0.0001,8,8,0.0002946200064
IOTAUSDT,2022-02-27T08:00Z,-0.000292509998,-0.00030163,8,8,9.120002038e-06
KNCUSDT,2022-02-27T08:00Z,9.999999747e-05,4.572e-05,8,8,5.427999747e-05
KSMUSDT,2022-02-27T08:00Z,-0.0001298699935,-0.00037569,8,8,0.0002458200065
LRCUSDT,2022-02-27T08:00Z,-0.0002321899956,0.0001,8,8,0.0003321899956
LTCUSDT,2022-02-27T08:00Z,-6.01799984e-05,0.0001,8,8,0.0001601799984
LUNAUSDT,2022-02-27T08:00Z,-0.0004967700224,-0.0008477,8,8,0.0003509299776
MANAUSDT,2022-02-27T08:00Z,-5.184999827e-05,-0.00015985,8,8,0.0001080000017
NEARUSDT,2022-02-27T08:00Z,-1.790000056e-06,8.435e-05,8,8,8.614000006e-05
OCEANUSDT,2022-02-27T08:00Z,-1.576000068e-05,8.698e-05,8,8,0.0001027400007
OMGUSDT,2022-02-27T08:00Z,-2.881e-05,0.0001,8,8,0.00012881
ONEUSDT,2022-02-27T08:00Z,9.999999747e-05,-1.132e-05,8,8,0.0001113199975
PEOPLEUSDT,2022-02-27T08:00Z,-8.574999811e-05,-7.746e-05,8,8,8.289998107e-06
ROSEUSDT,2022-02-27T08:00Z,-1.902000076e-05,7.699e-05,8,8,9.601000076e-05
RSRUSDT,2022-02-27T08:00Z,-0.0004574799968,-0.00026775,8,8,0.0001897299968
RVNUSDT,2022-02-27T08:00Z,8.52200028e-05,0.0001,8,8,1.47799972e-05
SANDUSDT,2022-02-27T08:00Z,-0.0001046100006,0.0001,8,8,0.0002046100006
SKLUSDT,2022-02-27T08:00Z,-0.000722590019,0.0001,8,8,0.000822590019
SOLUSDT,2022-02-27T08:00Z,-0.0001371099934,-7.933e-05,8,8,5.777999337e-05
STORJUSDT,2022-02-27T08:00Z,-0.0002211499959,1.588e-05,8,8,0.0002370299959
SUSHIUSDT,2022-02-27T08:00Z,-5.200000146e-07,6.28e-05,8,8,6.332000001e-05
TRXUSDT,2022-02-27T08:00Z,-0.0003066300123,-0.00047277,8,8,0.0001661399877
VETUSDT,2022-02-27T08:00Z,-9.608000255e-05,9.774e-05,8,8,0.0001938200025
WAVESUSDT,2022-02-27T08:00Z,-0.0006862200098,-8.996e-05,8,8,0.0005962600098
XLMUSDT,2022-02-27T08:00Z,6.168999971e-05,0.0001,8,8,3.831000029e-05
YFIUSDT,2022-02-27T08:00Z,-7.090000054e-06,6.569e-05,8,8,7.278000005e-05
ZECUSDT,2022-02-27T08:00Z,-4.501000149e-05,4.889e-05,8,8,9.390000149e-05
ZENUSDT,2022-02-27T08:00Z,-0.0005697099841,-0.00031348,8,8,0.0002562299841
ZILUSDT,2022-02-27T08:00Z,-0.0002283100039,-4.452e-05,8,8,0.0001837900039
FILUSDT,2022-02-27T12:00Z,3.947000005e-05,3.363e-05,8,8,5.840000047e-06
FLMUSDT,2022-02-27T12:00Z,-6.869999925e-05,0.0001,8,8,0.0001686999992
FLOWUSDT,2022-02-27T12:00Z,-0.0002429199958,0.0001,8,8,0.0003429199958
FTMUSDT,2022-02-27T12:00Z,-5.121999857e-05,4.233e-05,8,8,9.354999857e-05
GRTUSDT,2022-02-27T12:00Z,-8.807999984e-05,-0.00013267,8,8,4.459000016e-05
GTCUSDT,2022-02-27T12:00Z,4.211000123e-05,3.034e-05,8,8,1.177000123e-05
HBARUSDT,2022-02-27T12:00Z,9.999999747e-05,-0.00024521,8,8,0.0003452099975
HOTUSDT,2022-02-27T12:00Z,-0.0001946200064,0.0001,8,8,0.0002946200064
IOTAUSDT,2022-02-27T12:00Z,-0.000292509998,-0.00030163,8,8,9.120002038e-06
KNCUSDT,2022-02-27T12:00Z,9.999999747e-05,4.572e-05,8,8,5.427999747e-05
KSMUSDT,2022-02-27T12:00Z,-0.0001298699935,-0.00037569,8,8,0.0002458200065
LRCUSDT,2022-02-27T12:00Z,-0.0002321899956,0.0001,8,8,0.0003321899956
LTCUSDT,2022-02-27T12:00Z,-6.01799984e-05,0.0001,8,8,0.0001601799984
LUNAUSDT,2022-02-27T12:00Z,-0.0004967700224,-0.0008477,8,8,0.0003509299776
MANAUSDT,2022-02-27T12:00Z,-5.184999827e-05,-0.00015985,8,8,0.0001080000017
NEARUSDT,2022-02-27T12:00Z,-1.790000056e-06,8.435e-05,8,8,8.614000006e-05
OCEANUSDT,2022-02-27T12:00Z,-1.576000068e-05,8.698e-05,8,8,0.0001027400007
OMGUSDT,2022-02-27T12:00Z,-2.881e-05,0.0001,8,8,0.00012881
ONEUSDT,2022-02-27T12:00Z,9.999999747e-05,-1.132e-05,8,8,0.0001113199975
PEOPLEUSDT,2022-02-27T12:00Z,-8.574999811e-05,-7.746e-05,8,8,8.289998107e-06
ROSEUSDT,2022-02-27T12:00Z,-1.902000076e-05,7.699e-05,8,8,9.601000076e-05
RSRUSDT,2022-02-27T12:00Z,-0.0004574799968,-0.00026775,8,8,0.0001897299968
RVNUSDT,2022-02-27T12:00Z,8.52200028e-05,0.0001,8,8,1.47799972e-05
SANDUSDT,2022-02-27T12:00Z,-0.0001046100006,0.0001,8,8,0.0002046100006
SKLUSDT,2022-02-27T12:00Z,-0.000722590019,0.0001,8,8,0.000822590019
SOLUSDT,2022-02-27T12:00Z,-0.0001371099934,-7.933e-05,8,8,5.777999337e-05
STORJUSDT,2022-02-27T12:00Z,-0.0002211499959,1.588e-05,8,8,0.0002370299959
SUSHIUSDT,2022-02-27T12:00Z,-5.200000146e-07,6.28e-05,8,8,6.332000001e-05
TRXUSDT,2022-02-27T12:00Z,-0.0003066300123,-0.00047277,8,8,0.0001661399877
VETUSDT,2022-02-27T12:00Z,-9.608000255e-05,9.774e-05,8,8,0.0001938200025
WAVESUSDT,2022-02-27T12:00Z,-0.0006862200098,-8.996e-05,8,8,0.0005962600098
XLMUSDT,2022-02-27T12:00Z,6.168999971e-05,0.0001,8,8,3.831000029e-05
YFIUSDT,2022-02-27T12:00Z,-7.090000054e-06,6.569e-05,8,8,7.278000005e-05
ZECUSDT,2022-02-27T12:00Z,-4.501000149e-05,4.889e-05,8,8,9.390000149e-05
ZENUSDT,2022-02-27T12:00Z,-0.0005697099841,-0.00031348,8,8,0.0002562299841
ZILUSDT,2022-02-27T12:00Z,-0.0002283100039,-4.452e-05,8,8,0.0001837900039
FILUSDT,2022-02-27T16:00Z,9.999999747e-05,3.363e-05,8,8,6.636999747e-05
FLOWUSDT,2022-02-27T16:00Z,-0.0001263900049,0.0001,8,8,0.0002263900049
FTMUSDT,2022-02-27T16:00Z,-4.807000005e-05,4.233e-05,8,8,9.040000005e-05
GRTUSDT,2022-02-27T16:00Z,6.587999815e-05,-0.00013267,8,8,0.0001985499981
GTCUSDT,2022-02-27T16:00Z,9.999999747e-05,3.034e-05,8,8,6.965999747e-05
HBARUSDT,2022-02-27T16:00Z,9.999999747e-05,-0.00024521,8,8,0.0003452099975
IOTAUSDT,2022-02-27T16:00Z,9.999999747e-05,-0.00030163,8,8,0.0004016299975
KNCUSDT,2022-02-27T16:00Z,-9.288000001e-05,4.572e-05,8,8,0.0001386
KSMUSDT,2022-02-27T16:00Z,-0.0001794099953,-0.00037569,8,8,0.0001962800047
LTCUSDT,2022-02-27T16:00Z,-1.567999971e-05,0.0001,8,8,0.0001156799997
LUNAUSDT,2022-02-27T16:00Z,-0.0008751900168,-0.0008477,8,8,2.749001681e-05
MANAUSDT,2022-02-27T16:00Z,-6.621999637e-05,-0.00015985,8,8,9.363000363e-05
NEARUSDT,2022-02-27T16:00Z,1.818999954e-05,8.435e-05,8,8,6.616000046e-05
OCEANUSDT,2022-02-27T16:00Z,9.999999747e-05,8.698e-05,8,8,1.301999747e-05
ONEUSDT,2022-02-27T16:00Z,7.520000054e-06,-1.132e-05,8,8,1.884000005e-05
PEOPLEUSDT,2022-02-27T16:00Z,3.242000093e-05,-7.746e-05,8,8,0.0001098800009
ROSEUSDT,2022-02-27T16:00Z,-3.736000144e-05,7.699e-05,8,8,0.0001143500014
RSRUSDT,2022-02-27T16:00Z,-0.0003394300002,-0.00026775,8,8,7.168000017e-05
SANDUSDT,2022-02-27T16:00Z,3.134000144e-05,0.0001,8,8,6.865999856e-05
SKLUSDT,2022-02-27T16:00Z,-0.0006251599989,0.0001,8,8,0.0007251599989
SOLUSDT,2022-02-27T16:00Z,3.243000174e-05,-7.933e-05,8,8,0.0001117600017
STORJUSDT,2022-02-27T16:00Z,4.356000136e-05,1.588e-05,8,8,2.768000136e-05
SUSHIUSDT,2022-02-27T16:00Z,-1.897000038e-05,6.28e-05,8,8,8.177000038e-05
TRXUSDT,2022-02-27T16:00Z,-0.0002696599986,-0.00047277,8,8,0.0002031100014
VETUSDT,2022-02-27T16:00Z,9.999999747e-05,9.774e-05,8,8,2.259997474e-06
WAVESUSDT,2022-02-27T16:00Z,-0.0002690700057,-8.996e-05,8,8,0.0001791100057
XRPUSDT,2022-02-27T16:00Z,9.108999802e-05,0.0001,8,8,8.910001977e-06
YFIUSDT,2022-02-27T16:00Z,5.495000005e-05,6.569e-05,8,8,1.073999995e-05
ZECUSDT,2022-02-27T16:00Z,9.999999747e-05,4.889e-05,8,8,5.110999747e-05
ZENUSDT,2022-02-27T16:00Z,-3.884000034e-05,-0.00031348,8,8,0.0002746399997
ZILUSDT,2022-02-27T16:00Z,9.871999646e-05,-4.452e-05,8,8,0.0001432399965
FILUSDT,2022-02-27T20:00Z,9.999999747e-05,3.363e-05,8,8,6.636999747e-05
FLOWUSDT,2022-02-27T20:00Z,-0.0001263900049,0.0001,8,8,0.0002263900049
FTMUSDT,2022-02-27T20:00Z,-4.807000005e-05,4.233e-05,8,8,9.040000005e-05
GRTUSDT,2022-02-27T20:00Z,6.587999815e-05,-0.00013267,8,8,0.0001985499981
GTCUSDT,2022-02-27T20:00Z,9.999999747e-05,3.034e-05,8,8,6.965999747e-05
HBARUSDT,2022-02-27T20:00Z,9.999999747e-05,-0.00024521,8,8,0.0003452099975
IOTAUSDT,2022-02-27T20:00Z,9.999999747e-05,-0.00030163,8,8,0.0004016299975
KNCUSDT,2022-02-27T20:00Z,-9.288000001e-05,4.572e-05,8,8,0.0001386
KSMUSDT,2022-02-27T20:00Z,-0.0001794099953,-0.00037569,8,8,0.0001962800047
LTCUSDT,2022-02-27T20:00Z,-1.567999971e-05,0.0001,8,8,0.0001156799997
LUNAUSDT,2022-02-27T20:00Z,-0.0008751900168,-0.0008477,8,8,2.749001681e-05
MANAUSDT,2022-02-27T20:00Z,-6.621999637e-05,-0.00015985,8,8,9.363000363e-05
NEARUSDT,2022-02-27T20:00Z,1.818999954e-05,8.435e-05,8,8,6.616000046e-05
OCEANUSDT,2022-02-27T20:00Z,9.999999747e-05,8.698e-05,8,8,1.301999747e-05
ONEUSDT,2022-02-27T20:00Z,7.520000054e-06,-1.132e-05,8,8,1.884000005e-05
PEOPLEUSDT,2022-02-27T20:00Z,3.242000093e-05,-7.746e-05,8,8,0.0001098800009
ROSEUSDT,2022-02-27T20:00Z,-3.736000144e-05,7.699e-05,8,8,0.0001143500014
RSRUSDT,2022-02-27T20:00Z,-0.0003394300002,-0.00026775,8,8,7.168000017e-05
SANDUSDT,2022-02-27T20:00Z,3.134000144e-05,0.0001,8,8,6.865999856e-05
SKLUSDT,2022-02-27T20:00Z,-0.0006251599989,0.0001,8,8,0.0007251599989
SOLUSDT,2022-02-27T20:00Z,3.243000174e-05,-7.933e-05,8,8,0.0001117600017
STORJUSDT,2022-02-27T20:00Z,4.356000136e-05,1.588e-05,8,8,2.768000136e-05
SUSHIUSDT,2022-02-27T20:00Z,-1.897000038e-05,6.28e-05,8,8,8.177000038e-05
TRXUSDT,2022-02-27T20:00Z,-0.0002696599986,-0.00047277,8,8,0.0002031100014
VETUSDT,2022-02-27T20:00Z,9.999999747e-05,9.774e-05,8,8,2.259997474e-06
WAVESUSDT,2022-02-27T20:00Z,-0.0002690700057,-8.996e-05,8,8,0.0001791100057
XRPUSDT,2022-02-27T20:00Z,9.108999802e-05,0.0001,8,8,8.910001977e-06
YFIUSDT,2022-02-27T20:00Z,5.495000005e-05,6.569e-05,8,8,1.073999995e-05
ZECUSDT,2022-02-27T20:00Z,9.999999747e-05,4.889e-05,8,8,5.110999747e-05
ZENUSDT,2022-02-27T20:00Z,-3.884000034e-05,-0.00031348,8,8,0.0002746399997
ZILUSDT,2022-02-27T20:00Z,9.871999646e-05,-4.452e-05,8,8,0.0001432399965
FILUSDT,2022-02-28T00:00Z,9.999999747e-05,3.363e-05,8,8,6.636999747e-05
FLMUSDT,2022-02-28T00:00Z,-0.0002613599936,0.0001,8,8,0.0003613599936
FLOWUSDT,2022-02-28T00:00Z,-0.0003203499946,0.0001,8,8,0.0004203499946
FTMUSDT,2022-02-28T00:00Z,-0.0002622700122,4.233e-05,8,8,0.0003046000122
GRTUSDT,2022-02-28T00:00Z,-9.55400028e-05,-0.00013267,8,8,3.71299972e-05
GTCUSDT,2022-02-28T00:00Z,-0.0001834599971,3.034e-05,8,8,0.0002137999971
HBARUSDT,2022-02-28T00:00Z,9.999999747e-05,-0.00024521,8,8,0.0003452099975
HOTUSDT,2022-02-28T00:00Z,-0.0002275599982,0.0001,8,8,0.0003275599982
IMXUSDT,2022-02-28T00:00Z,8.171999798e-05,0.0001,8,8,1.828000202e-05
IOTAUSDT,2022-02-28T00:00Z,-0.0003635300091,-0.00030163,8,8,6.190000905e-05
KNCUSDT,2022-02-28T00:00Z,-0.0004926400143,4.572e-05,8,8,0.0005383600143
KSMUSDT,2022-02-28T00:00Z,-0.0004108999856,-0.00037569,8,8,3.520998558e-05
LINAUSDT,2022-02-28T00:00Z,2.201999996e-05,0.0001,8,8,7.798000004e-05
LRCUSDT,2022-02-28T00:00Z,3.999999976e-08,0.0001,8,8,9.996e-05
LTCUSDT,2022-02-28T00:00Z,-3.062000178e-05,0.0001,8,8,0.0001306200018
LUNAUSDT,2022-02-28T00:00Z,-0.0003704300034,-0.0008477,8,8,0.0004772699966
MANAUSDT,2022-02-28T00:00Z,-0.0001229500049,-0.00015985,8,8,3.689999512e-05
MASKUSDT,2022-02-28T00:00Z,-6.633000157e-05,0.0001,8,8,0.0001663300016
NEARUSDT,2022-02-28T00:00Z,-0.0001654700027,8.435e-05,8,8,0.0002498200027
OCEANUSDT,2022-02-28T00:00Z,9.999999747e-05,8.698e-05,8,8,1.301999747e-05
OGNUSDT,2022-02-28T00:00Z,-0.0006333800266,0.0001,8,8,0.0007333800266
OMGUSDT,2022-02-28T00:00Z,-5.339999916e-06,0.0001,8,8,0.0001053399999
ONEUSDT,2022-02-28T00:00Z,-1.743999928e-05,-1.132e-05,8,8,6.119999283e-06
PEOPLEUSDT,2022-02-28T00:00Z,9.999999747e-05,-7.746e-05,8,8,0.0001774599975
RLCUSDT,2022-02-28T00:00Z,9.489999684e-06,0.0001,8,8,9.051000032e-05
ROSEUSDT,2022-02-28T00:00Z,-8.000000093e-07,7.699e-05,8,8,7.779000001e-05
RSRUSDT,2022-02-28T00:00Z,-0.0006410399801,-0.00026775,8,8,0.0003732899801
RVNUSDT,2022-02-28T00:00Z,1.91500003e-05,0.0001,8,8,8.08499997e-05
SANDUSDT,2022-02-28T00:00Z,-2.528000005e-05,0.0001,8,8,0.00012528
SKLUSDT,2022-02-28T00:00Z,-0.0002366700064,0.0001,8,8,0.0003366700064
SOLUSDT,2022-02-28T00:00Z,-9.94899965e-05,-7.933e-05,8,8,2.01599965e-05
STORJUSDT,2022-02-28T00:00Z,-0.000190849998,1.588e-05,8,8,0.000206729998
SUSHIUSDT,2022-02-28T00:00Z,-0.0001113800026,6.28e-05,8,8,0.0001741800026
TRBUSDT,2022-02-28T00:00Z,3.641999865e-05,0.0001,8,8,6.358000135e-05
TRXUSDT,2022-02-28T00:00Z,-0.0006169499829,-0.00047277,8,8,0.0001441799829
VETUSDT,2022-02-28T00:00Z,-0.0001579800009,9.774e-05,8,8,0.0002557200009
WAVESUSDT,2022-02-28T00:00Z,-0.000190589999,-8.996e-05,8,8,0.000100629999
XLMUSDT,2022-02-28T00:00Z,9.430000318e-06,0.0001,8,8,9.056999968e-05
XRPUSDT,2022-02-28T00:00Z,8.674000128e-05,0.0001,8,8,1.325999872e-05
YFIUSDT,2022-02-28T00:00Z,-0.0002894199861,6.569e-05,8,8,0.0003551099861
ZECUSDT,2022-02-28T00:00Z,-8.210999658e-05,4.889e-05,8,8,0.0001309999966
ZENUSDT,2022-02-28T00:00Z,-2.268000026e-05,-0.00031348,8,8,0.0002907999997
ZILUSDT,2022-02-28T00:00Z,-9.444999887e-05,-4.452e-05,8,8,4.992999887e-05
FILUSDT,2022-02-28T04:00Z,9.999999747e-05,3.363e-05,8,8,6.636999747e-05
FLMUSDT,2022-02-28T04:00Z,-0.0002613599936,0.0001,8,8,0.0003613599936
FLOWUSDT,2022-02-28T04:00Z,-0.0003203499946,0.0001,8,8,0.0004203499946
FTMUSDT,2022-02-28T04:00Z,-0.0002622700122,4.233e-05,8,8,0.0003046000122
GRTUSDT,2022-02-28T04:00Z,-9.55400028e-05,-0.00013267,8,8,3.71299972e-05
GTCUSDT,2022-02-28T04:00Z,-0.0001834599971,3.034e-05,8,8,0.0002137999971
HBARUSDT,2022-02-28T04:00Z,9.999999747e-05,-0.00024521,8,8,0.0003452099975
HOTUSDT,2022-02-28T04:00Z,-0.0002275599982,0.0001,8,8,0.0003275599982
IMXUSDT,2022-02-28T04:00Z,8.171999798e-05,0.0001,8,8,1.828000202e-05
IOTAUSDT,2022-02-28T04:00Z,-0.0003635300091,-0.00030163,8,8,6.190000905e-05
KNCUSDT,2022-02-28T04:00Z,-0.0004926400143,4.572e-05,8,8,0.0005383600143
KSMUSDT,2022-02-28T04:00Z,-0.0004108999856,-0.00037569,8,8,3.520998558e-05
LINAUSDT,2022-02-28T04:00Z,2.201999996e-05,0.0001,8,8,7.798000004e-05
LRCUSDT,2022-02-28T04:00Z,3.999999976e-08,0.0001,8,8,9.996e-05
LTCUSDT,2022-02-28T04:00Z,-3.062000178e-05,0.0001,8,8,0.0001306200018
LUNAUSDT,2022-02-28T04:00Z,-0.0003704300034,-0.0008477,8,8,0.0004772699966
MANAUSDT,2022-02-28T04:00Z,-0.0001229500049,-0.00015985,8,8,3.689999512e-05
MASKUSDT,2022-02-28T04:00Z,-6.633000157e-05,0.0001,8,8,0.0001663300016
NEARUSDT,2022-02-28T04:00Z,-0.0001654700027,8.435e-05,8,8,0.0002498200027
OCEANUSDT,2022-02-28T04:00Z,9.999999747e-05,8.698e-05,8,8,1.301999747e-05
OGNUSDT,2022-02-28T04:00Z,-0.0006333800266,0.0001,8,8,0.0007333800266
OMGUSDT,2022-02-28T04:00Z,-5.339999916e-06,0.0001,8,8,0.0001053399999
ONEUSDT,2022-02-28T04:00Z,-1.743999928e-05,-1.132e-05,8,8,6.119999283e-06
PEOPLEUSDT,2022-02-28T04:00Z,9.999999747e-05,-7.746e-05,8,8,0.0001774599975
RLCUSDT,2022-02-28T04:00Z,9.489999684e-06,0.0001,8,8,9.051000032e-05
ROSEUSDT,2022-02-28T04:00Z,-8.000000093e-07,7.699e-05,8,8,7.779000001e-05
RSRUSDT,2022-02-28T04:00Z,-0.0006410399801,-0.00026775,8,8,0.0003732899801
RVNUSDT,2022-02-28T04:00Z,1.91500003e-05,0.0001,8,8,8.08499997e-05
SANDUSDT,2022-02-28T04:00Z,-2.528000005e-05,0.0001,8,8,0.00012528
SKLUSDT,2022-02-28T04:00Z,-0.0002366700064,0.0001,8,8,0.0003366700064
SOLUSDT,2022-02-28T04:00Z,-9.94899965e-05,-7.933e-05,8,8,2.01599965e-05
STORJUSDT,2022-02-28T04:00Z,-0.000190849998,1.588e-05,8,8,0.000206729998
SUSHIUSDT,2022-02-28T04:00Z,-0.0001113800026,6.28e-05,8,8,0.0001741800026
TRBUSDT,2022-02-28T04:00Z,3.641999865e-05,0.0001,8,8,6.358000135e-05
TRXUSDT,2022-02-28T04:00Z,-0.0006169499829,-0.00047277,8,8,0.0001441799829
VETUSDT,2022-02-28T04:00Z,-0.0001579800009,9.774e-05,8,8,0.0002557200009
WAVESUSDT,2022-02-28T04:00Z,-0.000190589999,-8.996e-05,8,8,0.000100629999
XLMUSDT,2022-02-28T04:00Z,9.430000318e-06,0.0001,8,8,9.056999968e-05
XRPUSDT,2022-02-28T04:00Z,8.674000128e-05,0.0001,8,8,1.325999872e-05
YFIUSDT,2022-02-28T04:00Z,-0.0002894199861,6.569e-05,8,8,0.0003551099861
ZECUSDT,2022-02-28T04:00Z,-8.210999658e-05,4.889e-05,8,8,0.0001309999966
ZENUSDT,2022-02-28T04:00Z,-2.268000026e-05,-0.00031348,8,8,0.0002907999997
ZILUSDT,2022-02-28T04:00Z,-9.444999887e-05,-4.452e-05,8,8,4.992999887e-05
FILUSDT,2022-02-28T08:00Z,9.999999747e-05,3.363e-05,8,8,6.636999747e-05
FLMUSDT,2022-02-28T08:00Z,5.907000013e-05,0.0001,8,8,4.092999987e-05
FLOWUSDT,2022-02-28T08:00Z,-0.0002916200028,0.0001,8,8,0.0003916200028
FTMUSDT,2022-02-28T08:00Z,-0.0006010099896,4.233e-05,8,8,0.0006433399896
GRTUSDT,2022-02-28T08:00Z,-5.803000022e-05,-0.00013267,8,8,7.463999978e-05
GTCUSDT,2022-02-28T08:00Z,6.638999912e-05,3.034e-05,8,8,3.604999912e-05
HBARUSDT,2022-02-28T08:00Z,-0.0001131300014,-0.00024521,8,8,0.0001320799986
HOTUSDT,2022-02-28T08:00Z,-0.0001890499989,0.0001,8,8,0.0002890499989
IOTAUSDT,2022-02-28T08:00Z,-0.000137569994,-0.00030163,8,8,0.000164060006
KNCUSDT,2022-02-28T08:00Z,1.433000034e-05,4.572e-05,8,8,3.138999966e-05
KSMUSDT,2022-02-28T08:00Z,-0.0001888700062,-0.00037569,8,8,0.0001868199938
LRCUSDT,2022-02-28T08:00Z,-0.0001480899955,0.0001,8,8,0.0002480899955
LTCUSDT,2022-02-28T08:00Z,-0.0001714700047,0.0001,8,8,0.0002714700047
LUNAUSDT,2022-02-28T08:00Z,-0.0003882400051,-0.0008477,8,8,0.0004594599949
MANAUSDT,2022-02-28T08:00Z,-0.0002556999971,-0.00015985,8,8,9.584999707e-05
MASKUSDT,2022-02-28T08:00Z,-3.017999916e-05,0.0001,8,8,0.0001301799992
NEARUSDT,2022-02-28T08:00Z,-0.0001358300069,8.435e-05,8,8,0.0002201800069
OCEANUSDT,2022-02-28T08:00Z,9.999999747e-05,8.698e-05,8,8,1.301999747e-05
OMGUSDT,2022-02-28T08:00Z,3.80800011e-05,0.0001,8,8,6.19199989e-05
ONEUSDT,2022-02-28T08:00Z,-0.0001104399998,-1.132e-05,8,8,9.911999984e-05
PEOPLEUSDT,2022-02-28T08:00Z,8.155999967e-05,-7.746e-05,8,8,0.0001590199997
ROSEUSDT,2022-02-28T08:00Z,-0.0001677599939,7.699e-05,8,8,0.0002447499939
RSRUSDT,2022-02-28T08:00Z,-0.0003088999947,-0.00026775,8,8,4.114999471e-05
RVNUSDT,2022-02-28T08:00Z,-2.721000055e-05,0.0001,8,8,0.0001272100006
SANDUSDT,2022-02-28T08:00Z,-5.047000013e-05,0.0001,8,8,0.0001504700001
SKLUSDT,2022-02-28T08:00Z,-0.0001794699929,0.0001,8,8,0.0002794699929
SOLUSDT,2022-02-28T08:00Z,-2.105000021e-05,-7.933e-05,8,8,5.827999979e-05
STORJUSDT,2022-02-28T08:00Z,-0.0001859299955,1.588e-05,8,8,0.0002018099955
SUSHIUSDT,2022-02-28T08:00Z,-6.960000064e-06,6.28e-05,8,8,6.976000006e-05
TRXUSDT,2022-02-28T08:00Z,-0.0002547200129,-0.00047277,8,8,0.0002180499871
VETUSDT,2022-02-28T08:00Z,5.239000166e-05,9.774e-05,8,8,4.534999834e-05
WAVESUSDT,2022-02-28T08:00Z,-0.0005236199941,-8.996e-05,8,8,0.0004336599941
XLMUSDT,2022-02-28T08:00Z,2.230999962e-05,0.0001,8,8,7.769000038e-05
XRPUSDT,2022-02-28T08:00Z,2.694000068e-05,0.0001,8,8,7.305999932e-05
YFIUSDT,2022-02-28T08:00Z,1.366000015e-05,6.569e-05,8,8,5.202999985e-05
ZECUSDT,2022-02-28T08:00Z,-2.81800003e-05,4.889e-05,8,8,7.70700003e-05
ZENUSDT,2022-02-28T08:00Z,8.301000344e-05,-0.00031348,8,8,0.0003964900034
ZILUSDT,2022-02-28T08:00Z,-0.0001129599987,-4.452e-05,8,8,6.843999866e-05
FILUSDT,2022-02-28T12:00Z,9.999999747e-05,3.363e-05,8,8,6.636999747e-05
FLMUSDT,2022-02-28T12:00Z,5.907000013e-05,0.0001,8,8,4.092999987e-05
FLOWUSDT,2022-02-28T12:00Z,-0.0002916200028,0.0001,8,8,0.0003916200028
FTMUSDT,2022-02-28T12:00Z,-0.0006010099896,4.233e-05,8,8,0.0006433399896
GRTUSDT,2022-02-28T12:00Z,-5.803000022e-05,-0.00013267,8,8,7.463999978e-05
GTCUSDT,2022-02-28T12:00Z,6.638999912e-05,3.034e-05,8,8,3.604999912e-05
HBARUSDT,2022-02-28T12:00Z,-0.0001131300014,-0.00024521,8,8,0.0001320799986
HOTUSDT,2022-02-28T12:00Z,-0.0001890499989,0.0001,8,8,0.0002890499989
IOTAUSDT,2022-02-28T12:00Z,-0.000137569994,-0.00030163,8,8,0.000164060006
KNCUSDT,2022-02-28T12:00Z,1.433000034e-05,4.572e-05,8,8,3.138999966e-05
KSMUSDT,2022-02-28T12:00Z,-0.0001888700062,-0.00037569,8,8,0.0001868199938
LRCUSDT,2022-02-28T12:00Z,-0.0001480899955,0.0001,8,8,0.0002480899955
LTCUSDT,2022-02-28T12:00Z,-0.0001714700047,0.0001,8,8,0.0002714700047
LUNAUSDT,2022-02-28T12:00Z,-0.0003882400051,-0.0008477,8,8,0.0004594599949
MANAUSDT,2022-02-28T12:00Z,-0.0002556999971,-0.00015985,8,8,9.584999707e-05
MASKUSDT,2022-02-28T12:00Z,-3.017999916e-05,0.0001,8,8,0.0001301799992
NEARUSDT,2022-02-28T12:00Z,-0.0001358300069,8.435e-05,8,8,0.0002201800069
OCEANUSDT,2022-02-28T12:00Z,9.999999747e-05,8.698e-05,8,8,1.301999747e-05
OMGUSDT,2022-02-28T12:00Z,3.80800011e-05,0.0001,8,8,6.19199989e-05
ONEUSDT,2022-02-28T12:00Z,-0.0001104399998,-1.132e-05,8,8,9.911999984e-05
PEOPLEUSDT,2022-02-28T12:00Z,8.155999967e-05,-7.746e-05,8,8,0.0001590199997
ROSEUSDT,2022-02-28T12:00Z,-0.0001677599939,7.699e-05,8,8,0.0002447499939
RSRUSDT,2022-02-28T12:00Z,-0.0003088999947,-0.00026775,8,8,4.114999471e-05
RVNUSDT,2022-02-28T12:00Z,-2.721000055e-05,0.0001,8,8,0.0001272100006
SANDUSDT,2022-02-28T12:00Z,-5.047000013e-05,0.0001,8,8,0.0001504700001
SKLUSDT,2022-02-28T12:00Z,-0.0001794699929,0.0001,8,8,0.0002794699929
SOLUSDT,2022-02-28T12:00Z,-2.105000021e-05,-7.933e-05,8,8,5.827999979e-05
STORJUSDT,2022-02-28T12:00Z,-0.0001859299955,1.588e-05,8,8,0.0002018099955
SUSHIUSDT,2022-02-28T12:00Z,-6.960000064e-06,6.28e-05,8,8,6.976000006e-05
TRXUSDT,2022-02-28T12:00Z,-0.0002547200129,-0.00047277,8,8,0.0002180499871
VETUSDT,2022-02-28T12:00Z,5.239000166e-05,9.774e-05,8,8,4.534999834e-05
WAVESUSDT,2022-02-28T12:00Z,-0.0005236199941,-8.996e-05,8,8,0.0004336599941
XLMUSDT,2022-02-28T12:00Z,2.230999962e-05,0.0001,8,8,7.769000038e-05
XRPUSDT,2022-02-28T12:00Z,2.694000068e-05,0.0001,8,8,7.305999932e-05
YFIUSDT,2022-02-28T12:00Z,1.366000015e-05,6.569e-05,8,8,5.202999985e-05
ZECUSDT,2022-02-28T12:00Z,-2.81800003e-05,4.889e-05,8,8,7.70700003e-05
ZENUSDT,2022-02-28T12:00Z,8.301000344e-05,-0.00031348,8,8,0.0003964900034
ZILUSDT,2022-02-28T12:00Z,-0.0001129599987,-4.452e-05,8,8,6.843999866e-05
FILUSDT,2022-02-28T16:00Z,9.999999747e-05,3.363e-05,8,8,6.636999747e-05
FLOWUSDT,2022-02-28T16:00Z,-0.0007855099975,0.0001,8,8,0.0008855099975
FTMUSDT,2022-02-28T16:00Z,-0.0005449799937,4.233e-05,8,8,0.0005873099937
GRTUSDT,2022-02-28T16:00Z,9.203999798e-05,-0.00013267,8,8,0.000224709998
GTCUSDT,2022-02-28T16:00Z,9.280000086e-05,3.034e-05,8,8,6.246000086e-05
HBARUSDT,2022-02-28T16:00Z,9.999999747e-05,-0.00024521,8,8,0.0003452099975
IOTAUSDT,2022-02-28T16:00Z,-4.093000098e-05,-0.00030163,8,8,0.000260699999
KNCUSDT,2022-02-28T16:00Z,-0.0004299400025,4.572e-05,8,8,0.0004756600025
KSMUSDT,2022-02-28T16:00Z,-9.660000069e-05,-0.00037569,8,8,0.0002790899993
LRCUSDT,2022-02-28T16:00Z,8.096999954e-05,0.0001,8,8,1.903000046e-05
LTCUSDT,2022-02-28T16:00Z,-8.658000297e-05,0.0001,8,8,0.000186580003
LUNAUSDT,2022-02-28T16:00Z,-0.0003738900123,-0.0008477,8,8,0.0004738099877
MANAUSDT,2022-02-28T16:00Z,-0.0002105099993,-0.00015985,8,8,5.065999931e-05
NEARUSDT,2022-02-28T16:00Z,8.286000229e-05,8.435e-05,8,8,1.489997706e-06
OCEANUSDT,2022-02-28T16:00Z,9.999999747e-05,8.698e-05,8,8,1.301999747e-05
OMGUSDT,2022-02-28T16:00Z,2.492000021e-05,0.0001,8,8,7.507999979e-05
ONEUSDT,2022-02-28T16:00Z,-0.0003286800056,-1.132e-05,8,8,0.0003173600056
PEOPLEUSDT,2022-02-28T16:00Z,-0.0002258500026,-7.746e-05,8,8,0.0001483900026
ROSEUSDT,2022-02-28T16:00Z,5.645000056e-05,7.699e-05,8,8,2.053999944e-05
RSRUSDT,2022-02-28T16:00Z,9.999999747e-05,-0.00026775,8,8,0.0003677499975
SANDUSDT,2022-02-28T16:00Z,6.099000166e-05,0.0001,8,8,3.900999834e-05
SKLUSDT,2022-02-28T16:00Z,-0.0003354299988,0.0001,8,8,0.0004354299988
SOLUSDT,2022-02-28T16:00Z,9.999999747e-05,-7.933e-05,8,8,0.0001793299975
STORJUSDT,2022-02-28T16:00Z,8.009999874e-05,1.588e-05,8,8,6.421999874e-05
SUSHIUSDT,2022-02-28T16:00Z,7.757000276e-05,6.28e-05,8,8,1.477000276e-05
TRXUSDT,2022-02-28T16:00Z,-0.000175669993,-0.00047277,8,8,0.000297100007
VETUSDT,2022-02-28T16:00Z,9.999999747e-05,9.774e-05,8,8,2.259997474e-06
WAVESUSDT,2022-02-28T16:00Z,-0.0004538199864,-8.996e-05,8,8,0.0003638599864
XLMUSDT,2022-02-28T16:00Z,4.484999954e-05,0.0001,8,8,5.515000046e-05
XRPUSDT,2022-02-28T16:00Z,7.639999967e-05,0.0001,8,8,2.360000033e-05
YFIUSDT,2022-02-28T16:00Z,8.967999747e-05,6.569e-05,8,8,2.398999747e-05
ZECUSDT,2022-02-28T16:00Z,3.015000038e-05,4.889e-05,8,8,1.873999962e-05
ZENUSDT,2022-02-28T16:00Z,7.365999772e-05,-0.00031348,8,8,0.0003871399977
ZILUSDT,2022-02-28T16:00Z,9.999999747e-05,-4.452e-05,8,8,0.0001445199975
FILUSDT,2022-02-28T20:00Z,9.999999747e-05,3.363e-05,8,8,6.636999747e-05
FLOWUSDT,2022-02-28T20:00Z,-0.0007855099975,0.0001,8,8,0.0008855099975
FTMUSDT,2022-02-28T20:00Z,-0.0005449799937,4.233e-05,8,8,0.0005873099937
GRTUSDT,2022-02-28T20:00Z,9.203999798e-05,-0.00013267,8,8,0.000224709998
GTCUSDT,2022-02-28T20:00Z,9.280000086e-05,3.034e-05,8,8,6.246000086e-05
HBARUSDT,2022-02-28T20:00Z,9.999999747e-05,-0.00024521,8,8,0.0003452099975
IOTAUSDT,2022-02-28T20:00Z,-4.093000098e-05,-0.00030163,8,8,0.000260699999
KNCUSDT,2022-02-28T20:00Z,-0.0004299400025,4.572e-05,8,8,0.0004756600025
KSMUSDT,2022-02-28T20:00Z,-9.660000069e-05,-0.00037569,8,8,0.0002790899993
LRCUSDT,2022-02-28T20:00Z,8.096999954e-05,0.0001,8,8,1.903000046e-05
LTCUSDT,2022-02-28T20:00Z,-8.658000297e-05,0.0001,8,8,0.000186580003
LUNAUSDT,2022-02-28T20:00Z,-0.0003738900123,-0.0008477,8,8,0.0004738099877
MANAUSDT,2022-02-28T20:00Z,-0.0002105099993,-0.00015985,8,8,5.065999931e-05
NEARUSDT,2022-02-28T20:00Z,8.286000229e-05,8.435e-05,8,8,1.489997706e-06
OCEANUSDT,2022-02-28T20:00Z,9.999999747e-05,8.698e-05,8,8,1.301999747e-05
OMGUSDT,2022-02-28T20:00Z,2.492000021e-05,0.0001,8,8,7.507999979e-05
ONEUSDT,2022-02-28T20:00Z,-0.0003286800056,-1.132e-05,8,8,0.0003173600056
PEOPLEUSDT,2022-02-28T20:00Z,-0.0002258500026,-7.746e-05,8,8,0.0001483900026
ROSEUSDT,2022-02-28T20:00Z,5.645000056e-05,7.699e-05,8,8,2.053999944e-05
RSRUSDT,2022-02-28T20:00Z,9.999999747e-05,-0.00026775,8,8,0.0003677499975
SANDUSDT,2022-02-28T20:00Z,6.099000166e-05,0.0001,8,8,3.900999834e-05
SKLUSDT,2022-02-28T20:00Z,-0.0003354299988,0.0001,8,8,0.0004354299988
SOLUSDT,2022-02-28T20:00Z,9.999999747e-05,-7.933e-05,8,8,0.0001793299975
STORJUSDT,2022-02-28T20:00Z,8.009999874e-05,1.588e-05,8,8,6.421999874e-05
SUSHIUSDT,2022-02-28T20:00Z,7.757000276e-05,6.28e-05,8,8,1.477000276e-05
TRXUSDT,2022-02-28T20:00Z,-0.000175669993,-0.00047277,8,8,0.000297100007
VETUSDT,2022-02-28T20:00Z,9.999999747e-05,9.774e-05,8,8,2.259997474e-06
WAVESUSDT,2022-02-28T20:00Z,-0.0004538199864,-8.996e-05,8,8,0.0003638599864
XLMUSDT,2022-02-28T20:00Z,4.484999954e-05,0.0001,8,8,5.515000046e-05
XRPUSDT,2022-02-28T20:00Z,7.639999967e-05,0.0001,8,8,2.360000033e-05
YFIUSDT,2022-02-28T20:00Z,8.967999747e-05,6.569e-05,8,8,2.398999747e-05
ZECUSDT,2022-02-28T20:00Z,3.015000038e-05,4.889e-05,8,8,1.873999962e-05
ZENUSDT,2022-02-28T20:00Z,7.365999772e-05,-0.00031348,8,8,0.0003871399977
ZILUSDT,2022-02-28T20:00Z,9.999999747e-05,-4.452e-05,8,8,0.0001445199975
FILUSDT,2022-03-01T00:00Z,9.999999747e-05,3.363e-05,8,8,6.636999747e-05
FLOWUSDT,2022-03-01T00:00Z,-0.000771329971,0.0001,8,8,0.000871329971
FTMUSDT,2022-03-01T00:00Z,-0.0003828399931,4.233e-05,8,8,0.0004251699931
GRTUSDT,2022-03-01T00:00Z,9.999999747e-05,-0.00013267,8,8,0.0002326699975
GTCUSDT,2022-03-01T00:00Z,3.302999903e-05,3.034e-05,8,8,2.689999031e-06
HBARUSDT,2022-03-01T00:00Z,9.999999747e-05,-0.00024521,8,8,0.0003452099975
IOTAUSDT,2022-03-01T00:00Z,-3.520999962e-05,-0.00030163,8,8,0.0002664200004
KNCUSDT,2022-03-01T00:00Z,9.999999747e-05,4.572e-05,8,8,5.427999747e-05
KSMUSDT,2022-03-01T00:00Z,-7.960999937e-05,-0.00037569,8,8,0.0002960800006
LTCUSDT,2022-03-01T00:00Z,1.750999945e-05,0.0001,8,8,8.249000055e-05
LUNAUSDT,2022-03-01T00:00Z,4.027999967e-05,-0.0008477,8,8,0.0008879799997
MANAUSDT,2022-03-01T00:00Z,9.999999747e-05,-0.00015985,8,8,0.0002598499975
NEARUSDT,2022-03-01T00:00Z,9.999999747e-05,8.435e-05,8,8,1.564999747e-05
OCEANUSDT,2022-03-01T00:00Z,9.999999747e-05,8.698e-05,8,8,1.301999747e-05
ONEUSDT,2022-03-01T00:00Z,-0.0003774999932,-1.132e-05,8,8,0.0003661799932
PEOPLEUSDT,2022-03-01T00:00Z,9.999999747e-05,-7.746e-05,8,8,0.0001774599975
ROSEUSDT,2022-03-01T00:00Z,6.780999684e-05,7.699e-05,8,8,9.180003165e-06
RSRUSDT,2022-03-01T00:00Z,9.999999747e-05,-0.00026775,8,8,0.0003677499975
SANDUSDT,2022-03-01T00:00Z,9.878999845e-05,0.0001,8,8,1.210001553e-06
SKLUSDT,2022-03-01T00:00Z,7.149000157e-05,0.0001,8,8,2.850999843e-05
SOLUSDT,2022-03-01T00:00Z,9.999999747e-05,-7.933e-05,8,8,0.0001793299975
STORJUSDT,2022-03-01T00:00Z,9.999999747e-05,1.588e-05,8,8,8.411999747e-05
SUSHIUSDT,2022-03-01T00:00Z,9.999999747e-05,6.28e-05,8,8,3.719999747e-05
TRXUSDT,2022-03-01T00:00Z,9.999999747e-05,-0.00047277,8,8,0.0005727699975
VETUSDT,2022-03-01T00:00Z,9.999999747e-05,9.774e-05,8,8,2.259997474e-06
WAVESUSDT,2022-03-01T00:00Z,-0.0002434899943,-8.996e-05,8,8,0.0001535299943
YFIUSDT,2022-03-01T00:00Z,9.999999747e-05,6.569e-05,8,8,3.430999747e-05
ZECUSDT,2022-03-01T00:00Z,-3.588999971e-05,4.889e-05,8,8,8.477999971e-05
ZENUSDT,2022-03-01T00:00Z,9.077000141e-05,-0.00031348,8,8,0.0004042500014
ZILUSDT,2022-03-01T00:00Z,9.999999747e-05,-4.452e-05,8,8,0.0001445199975
GMTUSDT,2022-04-02T00:00Z,9.999999747e-05,3.265e-05,8,8,6.734999747e-05
LUNAUSDT,2022-04-02T00:00Z,-8.684000204e-05,-9.244e-05,8,8,5.599997959e-06
SANDUSDT,2022-04-02T00:00Z,9.999999747e-05,3.816e-05,8,8,6.183999747e-05
WAVESUSDT,2022-04-02T00:00Z,-0.0006152199931,-0.00068996,8,8,7.474000695e-05
GMTUSDT,2022-04-02T04:00Z,9.999999747e-05,3.265e-05,8,8,6.734999747e-05
LUNAUSDT,2022-04-02T04:00Z,-8.684000204e-05,-9.244e-05,8,8,5.599997959e-06
SANDUSDT,2022-04-02T04:00Z,9.999999747e-05,3.816e-05,8,8,6.183999747e-05
WAVESUSDT,2022-04-02T04:00Z,-0.0006152199931,-0.00068996,8,8,7.474000695e-05
FLMUSDT,2022-04-02T08:00Z,0.0005048700259,0.0001,8,8,0.0004048700259
GMTUSDT,2022-04-02T08:00Z,9.999999747e-05,3.265e-05,8,8,6.734999747e-05
LUNAUSDT,2022-04-02T08:00Z,-0.0001279499993,-9.244e-05,8,8,3.55099993e-05
SANDUSDT,2022-04-02T08:00Z,9.999999747e-05,3.816e-05,8,8,6.183999747e-05
WAVESUSDT,2022-04-02T08:00Z,-0.0005638899747,-0.00068996,8,8,0.0001260700253
FLMUSDT,2022-04-02T12:00Z,0.0005048700259,0.0001,8,8,0.0004048700259
GMTUSDT,2022-04-02T12:00Z,9.999999747e-05,3.265e-05,8,8,6.734999747e-05
LUNAUSDT,2022-04-02T12:00Z,-0.0001279499993,-9.244e-05,8,8,3.55099993e-05
SANDUSDT,2022-04-02T12:00Z,9.999999747e-05,3.816e-05,8,8,6.183999747e-05
WAVESUSDT,2022-04-02T12:00Z,-0.0005638899747,-0.00068996,8,8,0.0001260700253
GMTUSDT,2022-04-02T16:00Z,0.0002383399988,3.265e-05,8,8,0.0002056899988
LUNAUSDT,2022-04-02T16:00Z,-0.0001000999982,-9.244e-05,8,8,7.659998235e-06
NEARUSDT,2022-04-02T16:00Z,0.0003164999944,0.0001,8,8,0.0002164999944
SANDUSDT,2022-04-02T16:00Z,9.999999747e-05,3.816e-05,8,8,6.183999747e-05
WAVESUSDT,2022-04-02T16:00Z,-0.0004000799963,-0.00068996,8,8,0.0002898800037
GMTUSDT,2022-04-02T20:00Z,0.0002383399988,3.265e-05,8,8,0.0002056899988
LUNAUSDT,2022-04-02T20:00Z,-0.0001000999982,-9.244e-05,8,8,7.659998235e-06
NEARUSDT,2022-04-02T20:00Z,0.0003164999944,0.0001,8,8,0.0002164999944
SANDUSDT,2022-04-02T20:00Z,9.999999747e-05,3.816e-05,8,8,6.183999747e-05
WAVESUSDT,2022-04-02T20:00Z,-0.0004000799963,-0.00068996,8,8,0.0002898800037
GMTUSDT,2022-04-03T00:00Z,0.0002798500063,3.265e-05,8,8,0.0002472000063
LUNAUSDT,2022-04-03T00:00Z,-0.0001436900056,-9.244e-05,8,8,5.125000564e-05
SANDUSDT,2022-04-03T00:00Z,9.999999747e-05,3.816e-05,8,8,6.183999747e-05
WAVESUSDT,2022-04-03T00:00Z,-0.0006057600258,-0.00068996,8,8,8.419997421e-05
BNXUSDT,2022-04-18T00:00Z,-0.0004679700069,-5.909e-05,8,8,0.0004088800069
BNXUSDT,2022-08-11T00:00Z,-7.688000187e-05,-9.884e-05,8,8,2.195999813e-05
BNXUSDT,2022-08-11T04:00Z,-7.688000187e-05,-9.884e-05,8,8,2.195999813e-05
BNXUSDT,2022-08-11T08:00Z,6.563000352e-05,-9.884e-05,8,8,0.0001644700035
BNXUSDT,2022-08-11T12:00Z,6.563000352e-05,-9.884e-05,8,8,0.0001644700035
BNXUSDT,2022-08-11T16:00Z,9.999999747e-05,-9.884e-05,8,8,0.0001988399975
BNXUSDT,2022-08-11T20:00Z,9.999999747e-05,-9.884e-05,8,8,0.0001988399975
BNXUSDT,2022-08-12T00:00Z,9.999999747e-05,-9.884e-05,8,8,0.0001988399975
BNXUSDT,2022-08-12T04:00Z,9.999999747e-05,-9.884e-05,8,8,0.0001988399975
BNXUSDT,2022-08-12T08:00Z,9.999999747e-05,-9.884e-05,8,8,0.0001988399975
BNXUSDT,2022-08-12T12:00Z,9.999999747e-05,-9.884e-05,8,8,0.0001988399975
BNXUSDT,2022-08-12T16:00Z,9.999999747e-05,-9.884e-05,8,8,0.0001988399975
BNXUSDT,2022-08-12T20:00Z,9.999999747e-05,-9.884e-05,8,8,0.0001988399975
BNXUSDT,2022-08-13T00:00Z,9.999999747e-05,-9.884e-05,8,8,0.0001988399975
SOLUSDT,2022-11-09T20:00Z,-0.01999999955,-0.015,4,8,0.004999999553
BNXUSDT,2022-12-04T12:00Z,-0.02500000037,-0.00604453,4,8,0.01895547037
HNTUSDT,2022-12-21T20:00Z,-0.01999999955,-0.01,4,8,0.009999999553
BNXUSDT,2023-02-02T16:00Z,0.0001140800014,0.0001,8,8,1.408000137e-05
BNXUSDT,2023-02-02T20:00Z,0.0001140800014,0.0001,8,8,1.408000137e-05
BNXUSDT,2023-02-03T00:00Z,0.0001434699952,0.0001,8,8,4.346999524e-05
BNXUSDT,2023-02-03T04:00Z,0.0001434699952,0.0001,8,8,4.346999524e-05
BNXUSDT,2023-02-03T16:00Z,0.0002644899942,0.0001,8,8,0.0001644899942
BNXUSDT,2023-02-03T20:00Z,0.0002644899942,0.0001,8,8,0.0001644899942
BNXUSDT,2023-02-04T00:00Z,0.0006407499895,0.0001,8,8,0.0005407499895
BNXUSDT,2023-02-04T04:00Z,0.0006407499895,0.0001,8,8,0.0005407499895
BNXUSDT,2023-02-04T08:00Z,0.0002375400072,0.0001,8,8,0.0001375400072
BNXUSDT,2023-02-04T12:00Z,0.0002375400072,0.0001,8,8,0.0001375400072
BNXUSDT,2023-02-04T16:00Z,0.0002265100047,0.0001,8,8,0.0001265100047
BNXUSDT,2023-02-04T20:00Z,0.0002265100047,0.0001,8,8,0.0001265100047
BNXUSDT,2023-02-05T00:00Z,0.0002705299994,0.0001,8,8,0.0001705299994
BNXUSDT,2023-02-05T04:00Z,0.0002705299994,0.0001,8,8,0.0001705299994
BNXUSDT,2023-02-07T16:00Z,0.0001027499966,0.0001,8,8,2.749996586e-06
BNXUSDT,2023-02-07T20:00Z,0.0001027499966,0.0001,8,8,2.749996586e-06
BNXUSDT,2023-02-08T00:00Z,0.0003107500088,0.0001,8,8,0.0002107500088
BNXUSDT,2023-02-08T04:00Z,0.0003107500088,0.0001,8,8,0.0002107500088
BNXUSDT,2023-02-08T08:00Z,0.0004351900134,0.0001,8,8,0.0003351900134
BNXUSDT,2023-02-08T12:00Z,0.0004351900134,0.0001,8,8,0.0003351900134
BNXUSDT,2023-02-08T16:00Z,-0.0006212799926,0.0001,8,8,0.0007212799926
BNXUSDT,2023-02-08T20:00Z,-0.0006212799926,0.0001,8,8,0.0007212799926
BNXUSDT,2023-02-09T08:00Z,-0.0005769199925,0.0001,8,8,0.0006769199925
BNXUSDT,2023-02-09T12:00Z,-0.0005769199925,0.0001,8,8,0.0006769199925
BNXUSDT,2023-02-10T08:00Z,-0.001154960017,0.0001,8,8,0.001254960017
BNXUSDT,2023-02-10T12:00Z,-0.001154960017,0.0001,8,8,0.001254960017
BNXUSDT,2023-02-10T16:00Z,6.695000047e-05,0.0001,8,8,3.304999953e-05
BNXUSDT,2023-02-10T20:00Z,6.695000047e-05,0.0001,8,8,3.304999953e-05
BNXUSDT,2023-02-11T00:00Z,0.006092359778,0.0001,8,8,0.005992359778
BNXUSDT,2023-02-11T04:00Z,0.006092359778,0.0001,8,8,0.005992359778
BNXUSDT,2023-02-11T08:00Z,-0.02056789026,0.0001,8,8,0.02066789026
BNXUSDT,2023-02-11T12:00Z,-0.02056789026,0.0001,8,8,0.02066789026
MTLUSDT,2023-06-07T20:00Z,-0.003765879897,-0.02,4,8,0.0162341201
XVGUSDT,2023-07-06T20:00Z,-0.006458609831,-0.02,4,8,0.01354139017
STMXUSDT,2023-07-23T12:00Z,-0.0137960203,-0.025,2,8,0.0112039797
CYBERUSDT,2023-08-31T12:00Z,-0.001825049985,-0.0097599,4,8,0.007934850015
NMRUSDT,2023-09-02T20:00Z,-0.008229129948,-0.02,2,8,0.01177087005
BLZUSDT,2023-09-05T20:00Z,-0.01520987041,-0.025,4,8,0.009790129587
FLMUSDT,2023-09-05T20:00Z,-0.01250371989,-0.00041998,2,8,0.01208373989
HIFIUSDT,2023-09-17T12:00Z,-0.002859990112,-0.00233522,4,8,0.0005247701125
LOOMUSDT,2023-10-11T20:00Z,-0.002821509959,-0.01071786,4,8,0.007896350041
AMBUSDT,2023-10-12T12:00Z,4.999999874e-05,0.0001,4,8,5.000000126e-05
API3USDT,2023-10-12T12:00Z,4.999999874e-05,9.077e-05,4,8,4.077000126e-05
BLZUSDT,2023-10-12T12:00Z,-0.0002250700054,0.0001,4,8,0.0003250700054
CYBERUSDT,2023-10-12T12:00Z,4.999999874e-05,4.4e-05,4,8,5.999998737e-06
DODOXUSDT,2023-10-12T12:00Z,4.999999874e-05,0.0001,4,8,5.000000126e-05
FLMUSDT,2023-10-12T12:00Z,4.999999874e-05,0.0001,4,8,5.000000126e-05
HIFIUSDT,2023-10-12T12:00Z,4.999999874e-05,0.0001,4,8,5.000000126e-05
IMXUSDT,2023-10-12T12:00Z,1.522000002e-05,-8.677e-05,4,8,0.00010199
LPTUSDT,2023-10-12T12:00Z,4.999999874e-05,0.0001,4,8,5.000000126e-05
NMRUSDT,2023-10-12T12:00Z,4.999999874e-05,0.0001,4,8,5.000000126e-05
PERPUSDT,2023-10-12T12:00Z,4.999999874e-05,0.0001,4,8,5.000000126e-05
STMXUSDT,2023-10-12T12:00Z,4.999999874e-05,5.824e-05,4,8,8.240001263e-06
TRBUSDT,2023-10-12T12:00Z,3.150000111e-06,-3.996e-05,4,8,4.311000011e-05
UNFIUSDT,2023-10-12T12:00Z,2.148000021e-05,2.033e-05,4,8,1.150000214e-06
YGGUSDT,2023-10-12T12:00Z,4.999999874e-05,-0.00023133,4,8,0.0002813299987
BONDUSDT,2023-10-15T20:00Z,-0.001672670012,-0.00130402,4,8,0.0003686500123
ORBSUSDT,2023-10-17T12:00Z,-0.0007015999872,-0.00022494,4,8,0.0004766599872
STPTUSDT,2023-10-18T20:00Z,-0.0007718299748,-0.00022211,4,8,0.0005497199748
WAXPUSDT,2023-10-18T20:00Z,-0.003618430113,-0.00152009,4,8,0.002098340113
BSVUSDT,2023-10-20T20:00Z,4.999999874e-05,2.065e-05,4,8,2.934999874e-05
RIFUSDT,2023-10-21T20:00Z,-0.003631349886,-0.00127366,4,8,0.002357689886
SLPUSDT,2023-10-31T20:00Z,0.000144620004,-1.562e-05,4,8,0.000160240004
TIAUSDT,2023-11-01T00:00Z,0.0006972500123,0.00100553,4,8,0.0003082799877
TOKENUSDT,2023-11-03T20:00Z,0.001315200003,0.00359782,4,8,0.002282619997
STEEMUSDT,2023-11-08T20:00Z,0.0001503800013,0.00012519,4,8,2.519000129e-05
BADGERUSDT,2023-11-09T20:00Z,4.999999874e-05,0.00073019,4,8,0.0006801900013
NTRNUSDT,2023-11-14T20:00Z,0.0003728799929,0.00051087,4,8,0.0001379900071
BEAMXUSDT,2023-11-17T20:00Z,-0.0003917799913,5e-05,4,8,0.0004417799913
1000BONKUSDT,2023-11-22T20:00Z,0.0004449000116,0.00056702,4,8,0.0001221199884
PYTHUSDT,2023-11-22T20:00Z,0.0008227999788,0.00072509,4,8,9.770997878e-05
SUPERUSDT,2023-11-26T20:00Z,-0.0001395599975,-0.00097946,4,8,0.0008399000025
ONGUSDT,2023-11-27T20:00Z,0.0001480899955,6.762e-05,4,8,8.046999549e-05
USTCUSDT,2023-11-27T20:00Z,-0.000423630001,-0.0011339,4,8,0.000710269999
JTOUSDT,2023-12-08T16:00Z,0.0007469800184,0.00071406,4,8,3.292001845e-05
1000SATSUSDT,2023-12-12T20:00Z,0.000974680006,-0.00331731,4,8,0.004291990006
1000RATSUSDT,2023-12-15T20:00Z,0.002793109976,0.00392931,4,8,0.001136200024
AUCTIONUSDT,2023-12-15T20:00Z,-0.001858239993,-0.00388436,4,8,0.002026120007
ACEUSDT,2023-12-18T16:00Z,-0.0007253200165,-0.00025197,4,8,0.0004733500165
MOVRUSDT,2023-12-26T20:00Z,0.0001730600052,5e-05,4,8,0.0001230600052
NFPUSDT,2023-12-27T20:00Z,0.001156309969,0.00105688,4,8,9.942996879e-05
XAIUSDT,2024-01-09T20:00Z,-0.00183488999,-0.00097547,4,8,0.0008594199903
MANTAUSDT,2024-01-18T20:00Z,-0.0002488800092,-0.00538034,4,8,0.005131459991
WIFUSDT,2024-01-18T20:00Z,0.001766719972,0.00046418,4,8,0.001302539972
ONDOUSDT,2024-01-20T20:00Z,0.0003023000027,0.00054476,4,8,0.0002424599973
ALTUSDT,2024-01-25T20:00Z,0.0003657999914,-6.455e-05,4,8,0.0004303499914
LSKUSDT,2024-01-25T20:00Z,4.999999874e-05,-0.00201623,4,8,0.002066229999
OMUSDT,2024-02-13T20:00Z,4.999999874e-05,-0.00035904,4,8,0.0004090399987
PIXELUSDT,2024-02-19T20:00Z,0.000770499988,0.00127785,4,8,0.000507350012
PORTALUSDT,2024-02-29T20:00Z,0.0005465999711,0.0010317,4,8,0.0004851000289
AXLUSDT,2024-03-01T20:00Z,0.0005336999893,0.00042852,4,8,0.0001051799893
TONUSDT,2024-03-01T20:00Z,0.0006665399997,0.00078185,4,8,0.0001153100003
AEVOUSDT,2024-03-13T20:00Z,4.999999874e-05,-0.00279112,4,8,0.002841119999
BOMEUSDT,2024-03-16T20:00Z,0.0004827200028,0.00033754,4,8,0.0001451800028
ETHFIUSDT,2024-03-18T20:00Z,-0.001204399974,-0.00113783,4,8,6.656997409e-05
ENAUSDT,2024-04-02T20:00Z,-0.0006387800095,9.479e-05,4,8,0.0007335700095
WUSDT,2024-04-03T20:00Z,0.0007537300116,0.00035511,4,8,0.0003986200116
TNSRUSDT,2024-04-09T00:00Z,0.0005219900049,0.00038914,4,8,0.0001328500049
OMNIUSDT,2024-04-17T20:00Z,4.999999874e-05,-0.0034733,4,8,0.003523299999
REZUSDT,2024-04-30T20:00Z,4.999999874e-05,-0.00252755,4,8,0.002577549999
BBUSDT,2024-05-13T20:00Z,4.999999874e-05,-0.00053575,4,8,0.0005857499987
NOTUSDT,2024-05-16T20:00Z,-0.005614470225,-0.02,4,8,0.01438552978
TURBOUSDT,2024-05-30T20:00Z,0.0004149799934,0.00069091,4,8,0.0002759300066
IOUSDT,2024-06-11T20:00Z,-0.0001978499931,-0.00179495,4,8,0.001597100007
ZKUSDT,2024-06-17T16:00Z,4.999999874e-05,-0.00347673,4,8,0.003526729999
MEWUSDT,2024-06-17T20:00Z,0.0001269899949,0.00048281,4,8,0.0003558200051
ZROUSDT,2024-06-20T20:00Z,-0.0005637700087,-0.00500889,4,8,0.004445119991
RENDERUSDT,2024-07-26T16:00Z,0.0001748200011,5e-05,4,8,0.0001248200011
GUSDT,2024-08-15T20:00Z,-0.0001632799977,5e-05,4,8,0.0002132799977
RAREUSDT,2024-08-15T20:00Z,-0.01020049956,-0.013785,4,8,0.003584500443
SYNUSDT,2024-08-16T20:00Z,-0.000105799998,-0.00155346,4,8,0.001447660002
BRETTUSDT,2024-08-20T16:00Z,0.0002046199952,5e-05,4,8,0.0001546199952
ALPACAUSDT,2024-08-22T16:00Z,-0.0001729399955,5e-05,4,8,0.0002229399955
SUNUSDT,2024-08-22T20:00Z,4.999999874e-05,6.72e-06,4,8,4.327999874e-05
DOGSUSDT,2024-08-26T20:00Z,0.0002156099945,-0.00319703,4,8,0.003412639994
MBOXUSDT,2024-08-28T16:00Z,0.000150220003,0.00014028,4,8,9.940002979e-06
FLUXUSDT,2024-09-03T12:00Z,-0.0004072599986,-0.00015633,4,8,0.0002509299986
QUICKUSDT,2024-09-06T12:00Z,-0.001934109954,-0.00329845,4,8,0.001364340046
RPLUSDT,2024-09-09T20:00Z,4.999999874e-05,-0.00121746,4,8,0.001267459999
AERGOUSDT,2024-09-10T20:00Z,-0.0005118399858,-0.00076881,4,8,0.0002569700142
POLUSDT,2024-09-13T20:00Z,-0.0007475700113,5e-05,4,8,0.0007975700113
1MBABYDOGEUSDT,2024-09-16T16:00Z,-0.001464340021,-0.00071744,4,8,0.0007469000209
FIDAUSDT,2024-09-19T20:00Z,4.999999874e-05,0.00030887,4,8,0.0002588700013
FIOUSDT,2024-09-20T16:00Z,4.999999874e-05,0.00038298,4,8,0.0003329800013
HMSTRUSDT,2024-09-26T20:00Z,4.999999874e-05,-0.00060307,4,8,0.0006530699987
REIUSDT,2024-09-27T16:00Z,4.999999874e-05,-0.00040692,4,8,0.0004569199987
COSUSDT,2024-09-30T20:00Z,-0.0002787999983,-0.00061845,4,8,0.0003396500017
EIGENUSDT,2024-10-01T12:00Z,0.0005968299811,0.00046303,4,8,0.0001337999811
DIAUSDT,2024-10-02T20:00Z,-0.003288459964,-0.00333665,4,8,4.81900359e-05
REEFUSDT,2024-10-16T12:00Z,0.0008673300035,0.00248486,4,8,0.001617529996
1000CATUSDT,2024-10-21T20:00Z,0.0007623300189,0.00124533,4,8,0.0004829999811
GOATUSDT,2024-10-24T20:00Z,0.0007689900231,0.00034381,4,8,0.0004251800231
MOODENGUSDT,2024-10-25T16:00Z,0.0003401499998,0.00060427,4,8,0.0002641200002
SAFEUSDT,2024-10-25T20:00Z,-0.001148200012,-0.00258163,4,8,0.001433429988
TROYUSDT,2024-10-31T20:00Z,-0.0007716299733,-0.00021362,4,8,0.0005580099733
PONKEUSDT,2024-11-04T20:00Z,4.999999874e-05,-2.233e-05,4,8,7.232999874e-05
CETUSUSDT,2024-11-06T20:00Z,4.999999874e-05,-0.00012589,4,8,0.0001758899987
COWUSDT,2024-11-06T20:00Z,0.0001505599939,0.00040045,4,8,0.0002498900061
1000000MOGUSDT,2024-11-07T20:00Z,0.0001585300051,5e-05,4,8,0.0001085300051
DRIFTUSDT,2024-11-08T20:00Z,-0.00127858005,-0.00091138,4,8,0.00036720005
ACTUSDT,2024-11-11T20:00Z,0.0004549300065,0.00052504,4,8,7.010999347e-05
PNUTUSDT,2024-11-11T20:00Z,0.0003547900124,0.00033587,4,8,1.892001235e-05
1000XUSDT,2024-11-13T20:00Z,4.999999874e-05,0.00011407,4,8,6.407000126e-05
HIPPOUSDT,2024-11-13T20:00Z,0.001412829966,0.00265612,4,8,0.001243290034
DEGENUSDT,2024-11-15T16:00Z,0.0007437400054,0.00101341,4,8,0.0002696699946
AKTUSDT,2024-11-18T16:00Z,0.0007647700259,0.00153477,4,8,0.0007699999741
BANUSDT,2024-11-18T16:00Z,0.0004660399863,0.00495539,4,8,0.004489350014
SCRTUSDT,2024-11-21T16:00Z,-9.677000344e-05,-7.616e-05,4,8,2.061000344e-05
SLERFUSDT,2024-11-21T16:00Z,0.0004162100086,0.00041456,4,8,1.650008552e-06
1000CHEEMSUSDT,2024-11-25T16:00Z,0.000960209989,0.00145681,4,8,0.000496600011
1000WHYUSDT,2024-11-25T16:00Z,0.00149960001,0.0011787,4,8,0.00032090001
CHILLGUYUSDT,2024-11-27T20:00Z,0.0008360799984,5e-05,4,8,0.0007860799984
MORPHOUSDT,2024-11-27T20:00Z,4.999999874e-05,0.00027428,4,8,0.0002242800013
THEUSDT,2024-11-27T20:00Z,-0.00106236001,0.00013713,4,8,0.00119949001
AEROUSDT,2024-12-04T20:00Z,-0.002494239947,0.00112713,4,8,0.003621369947
KAIAUSDT,2024-12-04T20:00Z,0.000248049997,0.00029726,4,8,4.921000297e-05
ACXUSDT,2024-12-06T20:00Z,0.0004331799864,0.00070325,4,8,0.0002700700136
ORCAUSDT,2024-12-06T20:00Z,7.942000229e-05,5e-05,4,8,2.942000229e-05
MOVEUSDT,2024-12-09T20:00Z,-0.003267149907,-0.00339621,4,8,0.0001290600934
RAYUSDT,2024-12-10T16:00Z,4.999999874e-05,0.0001,4,8,5.000000126e-05
KOMAUSDT,2024-12-10T20:00Z,0.0005102700088,0.00269419,4,8,0.002183919991
RAYUSDT,2024-12-10T20:00Z,4.999999874e-05,0.0001,4,8,5.000000126e-05
SPXUSDT,2024-12-10T20:00Z,4.999999874e-05,0.00018131,4,8,0.0001313100013
RAYUSDT,2024-12-11T00:00Z,4.999999874e-05,0.0001,4,8,5.000000126e-05
RAYUSDT,2024-12-11T04:00Z,4.999999874e-05,0.0001,4,8,5.000000126e-05
RAYUSDT,2024-12-11T08:00Z,4.999999874e-05,0.0001,4,8,5.000000126e-05
RAYUSDT,2024-12-11T12:00Z,4.999999874e-05,0.0001,4,8,5.000000126e-05
RAYUSDT,2024-12-11T16:00Z,4.999999874e-05,0.0001,4,8,5.000000126e-05
RAYUSDT,2024-12-11T20:00Z,4.999999874e-05,0.0001,4,8,5.000000126e-05
RAYUSDT,2024-12-12T00:00Z,4.999999874e-05,0.0001,4,8,5.000000126e-05
RAYSOLUSDT,2024-12-12T04:00Z,4.999999874e-05,0.0001,4,8,5.000000126e-05
RAYUSDT,2024-12-12T04:00Z,4.999999874e-05,0.0001,4,8,5.000000126e-05
RAYUSDT,2024-12-12T08:00Z,4.999999874e-05,0.0001,4,8,5.000000126e-05
RAYUSDT,2024-12-12T12:00Z,4.999999874e-05,0.0001,4,8,5.000000126e-05
RAYUSDT,2024-12-12T16:00Z,4.999999874e-05,0.0001,4,8,5.000000126e-05
RAYUSDT,2024-12-12T20:00Z,4.999999874e-05,0.0001,4,8,5.000000126e-05
RAYUSDT,2024-12-13T00:00Z,4.999999874e-05,0.0001,4,8,5.000000126e-05
RAYUSDT,2024-12-13T04:00Z,4.999999874e-05,0.0001,4,8,5.000000126e-05
RAYUSDT,2024-12-13T08:00Z,4.999999874e-05,0.0001,4,8,5.000000126e-05
RAYUSDT,2024-12-13T12:00Z,4.999999874e-05,0.0001,4,8,5.000000126e-05
RAYUSDT,2024-12-13T16:00Z,4.999999874e-05,0.0001,4,8,5.000000126e-05
RAYUSDT,2024-12-13T20:00Z,4.999999874e-05,0.0001,4,8,5.000000126e-05
RAYUSDT,2024-12-14T00:00Z,4.999999874e-05,0.0001,4,8,5.000000126e-05
RAYUSDT,2024-12-14T04:00Z,4.999999874e-05,0.0001,4,8,5.000000126e-05
RAYUSDT,2024-12-14T08:00Z,4.999999874e-05,0.0001,4,8,5.000000126e-05
RAYUSDT,2024-12-14T12:00Z,4.999999874e-05,0.0001,4,8,5.000000126e-05
RAYUSDT,2024-12-14T16:00Z,4.999999874e-05,0.0001,4,8,5.000000126e-05
RAYUSDT,2024-12-14T20:00Z,4.999999874e-05,0.0001,4,8,5.000000126e-05
RAYUSDT,2024-12-15T00:00Z,4.999999874e-05,0.0001,4,8,5.000000126e-05
RAYUSDT,2024-12-15T04:00Z,4.999999874e-05,0.0001,4,8,5.000000126e-05
RAYUSDT,2024-12-15T08:00Z,4.999999874e-05,0.0001,4,8,5.000000126e-05
RAYUSDT,2024-12-15T12:00Z,4.999999874e-05,0.0001,4,8,5.000000126e-05
RAYUSDT,2024-12-15T16:00Z,4.999999874e-05,0.0001,4,8,5.000000126e-05
RAYUSDT,2024-12-15T20:00Z,4.999999874e-05,0.0001,4,8,5.000000126e-05
RAYUSDT,2024-12-16T00:00Z,4.999999874e-05,0.0001,4,8,5.000000126e-05
RAYUSDT,2024-12-16T04:00Z,4.999999874e-05,0.0001,4,8,5.000000126e-05
RAYUSDT,2024-12-16T08:00Z,4.999999874e-05,0.0001,4,8,5.000000126e-05
RAYUSDT,2024-12-16T12:00Z,4.999999874e-05,0.0001,4,8,5.000000126e-05
MOCAUSDT,2024-12-16T16:00Z,-0.002783789998,-0.00212009,4,8,0.0006636999979
RAYUSDT,2024-12-16T16:00Z,4.999999874e-05,0.0001,4,8,5.000000126e-05
RAYUSDT,2024-12-16T20:00Z,4.999999874e-05,0.0001,4,8,5.000000126e-05
VANAUSDT,2024-12-16T20:00Z,-0.01999999955,-0.01394136,4,8,0.006058639553
RAYUSDT,2024-12-17T00:00Z,4.999999874e-05,0.0001,4,8,5.000000126e-05
RAYUSDT,2024-12-17T04:00Z,4.999999874e-05,0.0001,4,8,5.000000126e-05
RAYUSDT,2024-12-17T08:00Z,4.999999874e-05,0.0001,4,8,5.000000126e-05
RAYUSDT,2024-12-17T12:00Z,4.999999874e-05,0.0001,4,8,5.000000126e-05
RAYUSDT,2024-12-17T16:00Z,4.999999874e-05,0.0001,4,8,5.000000126e-05
RAYUSDT,2024-12-17T20:00Z,4.999999874e-05,0.0001,4,8,5.000000126e-05
RAYUSDT,2024-12-18T00:00Z,4.999999874e-05,0.0001,4,8,5.000000126e-05
RAYUSDT,2024-12-18T04:00Z,4.999999874e-05,0.0001,4,8,5.000000126e-05
RAYUSDT,2024-12-18T08:00Z,4.999999874e-05,0.0001,4,8,5.000000126e-05
RAYUSDT,2024-12-18T12:00Z,4.999999874e-05,0.0001,4,8,5.000000126e-05
LUMIAUSDT,2024-12-18T16:00Z,-0.0003712599864,-0.00033232,4,8,3.893998642e-05
RAYUSDT,2024-12-18T16:00Z,4.999999874e-05,0.0001,4,8,5.000000126e-05
RAYUSDT,2024-12-18T20:00Z,4.999999874e-05,0.0001,4,8,5.000000126e-05
USUALUSDT,2024-12-18T20:00Z,-0.001261149999,-0.0012038,4,8,5.734999875e-05
RAYUSDT,2024-12-19T00:00Z,4.999999874e-05,0.0001,4,8,5.000000126e-05
RAYUSDT,2024-12-19T04:00Z,4.999999874e-05,0.0001,4,8,5.000000126e-05
RAYUSDT,2024-12-19T08:00Z,4.999999874e-05,0.0001,4,8,5.000000126e-05
RAYUSDT,2024-12-19T12:00Z,4.999999874e-05,0.0001,4,8,5.000000126e-05
RAYUSDT,2024-12-19T16:00Z,4.999999874e-05,0.0001,4,8,5.000000126e-05
RAYUSDT,2024-12-19T20:00Z,4.999999874e-05,0.0001,4,8,5.000000126e-05
RAYUSDT,2024-12-20T00:00Z,4.999999874e-05,0.0001,4,8,5.000000126e-05
RAYUSDT,2024-12-20T04:00Z,4.999999874e-05,0.0001,4,8,5.000000126e-05
RAYUSDT,2024-12-20T08:00Z,4.999999874e-05,0.0001,4,8,5.000000126e-05
RAYUSDT,2024-12-20T12:00Z,4.999999874e-05,0.0001,4,8,5.000000126e-05
RAYUSDT,2024-12-20T16:00Z,4.999999874e-05,0.0001,4,8,5.000000126e-05
RAYUSDT,2024-12-20T20:00Z,4.999999874e-05,0.0001,4,8,5.000000126e-05
AIXBTUSDT,2024-12-21T00:00Z,0.002974539995,0.0042899,4,8,0.001315360005
CGPTUSDT,2024-12-21T00:00Z,0.001180569991,0.00233317,4,8,0.001152600009
FARTCOINUSDT,2024-12-21T00:00Z,0.001143930014,0.00013548,4,8,0.001008450014
KMNOUSDT,2024-12-21T00:00Z,0.0006224400131,0.00130088,4,8,0.0006784399869
RAYUSDT,2024-12-21T00:00Z,4.999999874e-05,0.0001,4,8,5.000000126e-05
RAYUSDT,2024-12-21T04:00Z,4.999999874e-05,0.0001,4,8,5.000000126e-05
RAYUSDT,2024-12-21T08:00Z,4.999999874e-05,0.0001,4,8,5.000000126e-05
RAYUSDT,2024-12-21T12:00Z,4.999999874e-05,0.0001,4,8,5.000000126e-05
RAYUSDT,2024-12-21T16:00Z,4.999999874e-05,0.0001,4,8,5.000000126e-05
RAYUSDT,2024-12-21T20:00Z,4.999999874e-05,0.0001,4,8,5.000000126e-05
RAYUSDT,2024-12-22T00:00Z,4.999999874e-05,0.0001,4,8,5.000000126e-05
RAYUSDT,2024-12-22T04:00Z,4.999999874e-05,0.0001,4,8,5.000000126e-05
RAYUSDT,2024-12-22T08:00Z,4.999999874e-05,0.0001,4,8,5.000000126e-05
RAYUSDT,2024-12-22T12:00Z,4.999999874e-05,0.0001,4,8,5.000000126e-05
RAYUSDT,2024-12-22T16:00Z,4.999999874e-05,0.0001,4,8,5.000000126e-05
RAYUSDT,2024-12-22T20:00Z,4.999999874e-05,0.0001,4,8,5.000000126e-05
RAYUSDT,2024-12-23T00:00Z,4.999999874e-05,0.0001,4,8,5.000000126e-05
RAYUSDT,2024-12-23T04:00Z,4.999999874e-05,0.0001,4,8,5.000000126e-05
RAYUSDT,2024-12-23T08:00Z,4.999999874e-05,0.0001,4,8,5.000000126e-05
RAYUSDT,2024-12-23T12:00Z,4.999999874e-05,0.0001,4,8,5.000000126e-05
HIVEUSDT,2024-12-23T16:00Z,-0.0003079700109,-0.00092468,4,8,0.0006167099891
RAYUSDT,2024-12-23T16:00Z,4.999999874e-05,0.0001,4,8,5.000000126e-05
RAYUSDT,2024-12-23T20:00Z,4.999999874e-05,0.0001,4,8,5.000000126e-05
RAYUSDT,2024-12-24T00:00Z,4.999999874e-05,0.0001,4,8,5.000000126e-05
RAYUSDT,2024-12-24T04:00Z,4.999999874e-05,0.0001,4,8,5.000000126e-05
RAYUSDT,2024-12-24T08:00Z,4.999999874e-05,0.0001,4,8,5.000000126e-05
RAYUSDT,2024-12-24T12:00Z,4.999999874e-05,0.0001,4,8,5.000000126e-05
DEXEUSDT,2024-12-24T16:00Z,4.999999874e-05,-0.00070425,4,8,0.0007542499987
RAYUSDT,2024-12-24T16:00Z,4.999999874e-05,0.0001,4,8,5.000000126e-05
RAYUSDT,2024-12-24T20:00Z,4.999999874e-05,0.0001,4,8,5.000000126e-05
RAYUSDT,2024-12-25T00:00Z,4.999999874e-05,0.0001,4,8,5.000000126e-05
RAYUSDT,2024-12-25T04:00Z,4.999999874e-05,0.0001,4,8,5.000000126e-05
RAYUSDT,2024-12-25T08:00Z,4.999999874e-05,0.0001,4,8,5.000000126e-05
RAYUSDT,2024-12-25T12:00Z,4.999999874e-05,0.0001,4,8,5.000000126e-05
RAYUSDT,2024-12-25T16:00Z,4.999999874e-05,0.0001,4,8,5.000000126e-05
RAYUSDT,2024-12-25T20:00Z,4.999999874e-05,0.0001,4,8,5.000000126e-05
RAYUSDT,2024-12-26T00:00Z,4.999999874e-05,0.0001,4,8,5.000000126e-05
RAYUSDT,2024-12-26T04:00Z,4.999999874e-05,0.0001,4,8,5.000000126e-05
RAYUSDT,2024-12-26T08:00Z,4.999999874e-05,0.0001,4,8,5.000000126e-05
RAYUSDT,2024-12-26T12:00Z,4.999999874e-05,0.0001,4,8,5.000000126e-05
RAYUSDT,2024-12-26T16:00Z,4.999999874e-05,0.0001,4,8,5.000000126e-05
RAYUSDT,2024-12-26T20:00Z,4.999999874e-05,0.0001,4,8,5.000000126e-05
RAYUSDT,2024-12-27T00:00Z,4.999999874e-05,0.0001,4,8,5.000000126e-05
RAYUSDT,2024-12-27T04:00Z,4.999999874e-05,0.0001,4,8,5.000000126e-05
RAYUSDT,2024-12-27T08:00Z,4.999999874e-05,0.0001,4,8,5.000000126e-05
RAYUSDT,2024-12-27T12:00Z,4.999999874e-05,0.0001,4,8,5.000000126e-05
RAYUSDT,2024-12-27T16:00Z,4.999999874e-05,0.0001,4,8,5.000000126e-05
RAYUSDT,2024-12-27T20:00Z,4.999999874e-05,0.0001,4,8,5.000000126e-05
RAYUSDT,2024-12-28T00:00Z,4.999999874e-05,0.0001,4,8,5.000000126e-05
RAYUSDT,2024-12-28T04:00Z,4.999999874e-05,0.0001,4,8,5.000000126e-05
RAYUSDT,2024-12-28T08:00Z,4.999999874e-05,0.0001,4,8,5.000000126e-05
RAYUSDT,2024-12-28T12:00Z,4.999999874e-05,0.0001,4,8,5.000000126e-05
RAYUSDT,2024-12-28T16:00Z,4.999999874e-05,0.0001,4,8,5.000000126e-05
RAYUSDT,2024-12-28T20:00Z,4.999999874e-05,0.0001,4,8,5.000000126e-05
RAYUSDT,2024-12-29T00:00Z,4.999999874e-05,0.0001,4,8,5.000000126e-05
RAYUSDT,2024-12-29T04:00Z,4.999999874e-05,0.0001,4,8,5.000000126e-05
RAYUSDT,2024-12-29T08:00Z,4.999999874e-05,0.0001,4,8,5.000000126e-05
RAYUSDT,2024-12-29T12:00Z,4.999999874e-05,0.0001,4,8,5.000000126e-05
RAYUSDT,2024-12-29T16:00Z,4.999999874e-05,0.0001,4,8,5.000000126e-05
RAYUSDT,2024-12-29T20:00Z,4.999999874e-05,0.0001,4,8,5.000000126e-05
RAYUSDT,2024-12-30T00:00Z,4.999999874e-05,0.0001,4,8,5.000000126e-05
RAYUSDT,2024-12-30T04:00Z,4.999999874e-05,0.0001,4,8,5.000000126e-05
RAYUSDT,2024-12-30T08:00Z,4.999999874e-05,0.0001,4,8,5.000000126e-05
RAYUSDT,2024-12-30T12:00Z,4.999999874e-05,0.0001,4,8,5.000000126e-05
DFUSDT,2024-12-30T16:00Z,-0.0007546800189,-0.00077131,4,8,1.662998113e-05
PHAUSDT,2024-12-30T16:00Z,4.999999874e-05,-0.00082931,4,8,0.0008793099987
RAYUSDT,2024-12-30T16:00Z,4.999999874e-05,0.0001,4,8,5.000000126e-05
RAYUSDT,2024-12-30T20:00Z,4.999999874e-05,0.0001,4,8,5.000000126e-05
RAYUSDT,2024-12-31T00:00Z,4.999999874e-05,0.0001,4,8,5.000000126e-05
RAYUSDT,2024-12-31T04:00Z,4.999999874e-05,0.0001,4,8,5.000000126e-05
RAYUSDT,2024-12-31T08:00Z,4.999999874e-05,0.0001,4,8,5.000000126e-05
RAYUSDT,2024-12-31T12:00Z,4.999999874e-05,0.0001,4,8,5.000000126e-05
RAYUSDT,2024-12-31T16:00Z,4.999999874e-05,0.0001,4,8,5.000000126e-05
RAYUSDT,2024-12-31T20:00Z,4.999999874e-05,0.0001,4,8,5.000000126e-05
RAYUSDT,2025-01-01T00:00Z,4.999999874e-05,0.0001,4,8,5.000000126e-05
RAYUSDT,2025-01-01T04:00Z,4.999999874e-05,0.0001,4,8,5.000000126e-05
RAYUSDT,2025-01-01T08:00Z,4.999999874e-05,0.0001,4,8,5.000000126e-05
RAYUSDT,2025-01-01T12:00Z,4.999999874e-05,0.0001,4,8,5.000000126e-05
RAYUSDT,2025-01-01T16:00Z,4.999999874e-05,0.0001,4,8,5.000000126e-05
RAYUSDT,2025-01-01T20:00Z,4.999999874e-05,0.0001,4,8,5.000000126e-05
RAYUSDT,2025-01-02T00:00Z,4.999999874e-05,0.0001,4,8,5.000000126e-05
RAYUSDT,2025-01-02T04:00Z,4.999999874e-05,0.0001,4,8,5.000000126e-05
RAYUSDT,2025-01-02T08:00Z,4.999999874e-05,0.0001,4,8,5.000000126e-05
RAYUSDT,2025-01-02T12:00Z,4.999999874e-05,0.0001,4,8,5.000000126e-05
RAYUSDT,2025-01-02T16:00Z,4.999999874e-05,0.0001,4,8,5.000000126e-05
AI16ZUSDT,2025-01-02T20:00Z,0.001169000054,0.00108163,4,8,8.737005378e-05
GRIFFAINUSDT,2025-01-02T20:00Z,0.0005303299986,0.00030026,4,8,0.0002300699986
RAYUSDT,2025-01-02T20:00Z,4.999999874e-05,0.0001,4,8,5.000000126e-05
ZEREBROUSDT,2025-01-02T20:00Z,0.0006951100077,0.00058681,4,8,0.0001083000077
RAYUSDT,2025-01-03T00:00Z,4.999999874e-05,0.0001,4,8,5.000000126e-05
RAYUSDT,2025-01-03T04:00Z,4.999999874e-05,0.0001,4,8,5.000000126e-05
RAYUSDT,2025-01-03T08:00Z,4.999999874e-05,0.0001,4,8,5.000000126e-05
RAYUSDT,2025-01-03T12:00Z,4.999999874e-05,0.0001,4,8,5.000000126e-05
RAYUSDT,2025-01-03T16:00Z,4.999999874e-05,0.0001,4,8,5.000000126e-05
RAYUSDT,2025-01-03T20:00Z,4.999999874e-05,0.0001,4,8,5.000000126e-05
RAYUSDT,2025-01-04T00:00Z,4.999999874e-05,0.0001,4,8,5.000000126e-05
RAYUSDT,2025-01-04T04:00Z,4.999999874e-05,0.0001,4,8,5.000000126e-05
RAYUSDT,2025-01-04T08:00Z,4.999999874e-05,0.0001,4,8,5.000000126e-05
RAYUSDT,2025-01-04T12:00Z,4.999999874e-05,0.0001,4,8,5.000000126e-05
RAYUSDT,2025-01-04T16:00Z,4.999999874e-05,0.0001,4,8,5.000000126e-05
RAYUSDT,2025-01-04T20:00Z,4.999999874e-05,0.0001,4,8,5.000000126e-05
RAYUSDT,2025-01-05T00:00Z,4.999999874e-05,0.0001,4,8,5.000000126e-05
RAYUSDT,2025-01-05T04:00Z,4.999999874e-05,0.0001,4,8,5.000000126e-05
RAYUSDT,2025-01-05T08:00Z,4.999999874e-05,0.0001,4,8,5.000000126e-05
RAYUSDT,2025-01-05T12:00Z,4.999999874e-05,0.0001,4,8,5.000000126e-05
RAYUSDT,2025-01-05T16:00Z,4.999999874e-05,0.0001,4,8,5.000000126e-05
RAYUSDT,2025-01-05T20:00Z,4.999999874e-05,0.0001,4,8,5.000000126e-05
RAYUSDT,2025-01-06T00:00Z,4.999999874e-05,0.0001,4,8,5.000000126e-05
RAYUSDT,2025-01-06T04:00Z,4.999999874e-05,0.0001,4,8,5.000000126e-05
RAYUSDT,2025-01-06T08:00Z,4.999999874e-05,0.0001,4,8,5.000000126e-05
RAYUSDT,2025-01-06T12:00Z,4.999999874e-05,0.0001,4,8,5.000000126e-05
RAYUSDT,2025-01-06T16:00Z,4.999999874e-05,0.0001,4,8,5.000000126e-05
RAYUSDT,2025-01-06T20:00Z,4.999999874e-05,0.0001,4,8,5.000000126e-05
RAYUSDT,2025-01-07T00:00Z,4.999999874e-05,0.0001,4,8,5.000000126e-05
RAYUSDT,2025-01-07T04:00Z,4.999999874e-05,0.0001,4,8,5.000000126e-05
RAYUSDT,2025-01-07T08:00Z,4.999999874e-05,0.0001,4,8,5.000000126e-05
RAYUSDT,2025-01-07T12:00Z,4.999999874e-05,0.0001,4,8,5.000000126e-05
ALCHUSDT,2025-01-07T16:00Z,0.0006967000081,0.00134875,4,8,0.0006520499919
COOKIEUSDT,2025-01-07T16:00Z,0.0002425199928,0.00057921,4,8,0.0003366900072
RAYUSDT,2025-01-07T16:00Z,4.999999874e-05,0.0001,4,8,5.000000126e-05
RAYUSDT,2025-01-07T20:00Z,4.999999874e-05,0.0001,4,8,5.000000126e-05
SWARMSUSDT,2025-01-07T20:00Z,0.001078460016,0.00047693,4,8,0.0006015300163
RAYUSDT,2025-01-08T00:00Z,4.999999874e-05,0.0001,4,8,5.000000126e-05
RAYUSDT,2025-01-08T04:00Z,4.999999874e-05,0.0001,4,8,5.000000126e-05
RAYUSDT,2025-01-08T08:00Z,4.999999874e-05,0.0001,4,8,5.000000126e-05
RAYUSDT,2025-01-08T12:00Z,4.999999874e-05,0.0001,4,8,5.000000126e-05
SONICUSDT,2025-01-08T12:00Z,-0.003243319923,-0.0058035,4,8,0.002560180077
RAYUSDT,2025-01-08T16:00Z,4.999999874e-05,0.0001,4,8,5.000000126e-05
RAYUSDT,2025-01-08T20:00Z,4.999999874e-05,0.0001,4,8,5.000000126e-05
RAYUSDT,2025-01-09T00:00Z,4.999999874e-05,0.0001,4,8,5.000000126e-05
RAYUSDT,2025-01-09T04:00Z,4.999999874e-05,0.0001,4,8,5.000000126e-05
RAYUSDT,2025-01-09T08:00Z,4.999999874e-05,0.0001,4,8,5.000000126e-05
RAYUSDT,2025-01-09T12:00Z,4.999999874e-05,0.0001,4,8,5.000000126e-05
DUSDT,2025-01-09T16:00Z,-0.001371779945,-0.00345946,4,8,0.002087680055
RAYUSDT,2025-01-09T16:00Z,4.999999874e-05,0.0001,4,8,5.000000126e-05
RAYUSDT,2025-01-09T20:00Z,4.999999874e-05,0.0001,4,8,5.000000126e-05
RAYUSDT,2025-01-10T00:00Z,4.999999874e-05,0.0001,4,8,5.000000126e-05
RAYUSDT,2025-01-10T04:00Z,4.999999874e-05,0.0001,4,8,5.000000126e-05
RAYUSDT,2025-01-10T08:00Z,4.999999874e-05,0.0001,4,8,5.000000126e-05
RAYUSDT,2025-01-10T12:00Z,4.999999874e-05,0.0001,4,8,5.000000126e-05
RAYUSDT,2025-01-10T16:00Z,4.999999874e-05,0.0001,4,8,5.000000126e-05
RAYUSDT,2025-01-10T20:00Z,4.999999874e-05,0.0001,4,8,5.000000126e-05
RAYUSDT,2025-01-11T00:00Z,4.999999874e-05,0.0001,4,8,5.000000126e-05
RAYUSDT,2025-01-11T04:00Z,4.999999874e-05,0.0001,4,8,5.000000126e-05
RAYUSDT,2025-01-11T08:00Z,4.999999874e-05,0.0001,4,8,5.000000126e-05
RAYUSDT,2025-01-11T12:00Z,4.999999874e-05,0.0001,4,8,5.000000126e-05
RAYUSDT,2025-01-11T16:00Z,4.999999874e-05,0.0001,4,8,5.000000126e-05
RAYUSDT,2025-01-11T20:00Z,4.999999874e-05,0.0001,4,8,5.000000126e-05
RAYUSDT,2025-01-12T00:00Z,4.999999874e-05,0.0001,4,8,5.000000126e-05
RAYUSDT,2025-01-12T04:00Z,4.999999874e-05,0.0001,4,8,5.000000126e-05
RAYUSDT,2025-01-12T08:00Z,4.999999874e-05,0.0001,4,8,5.000000126e-05
RAYUSDT,2025-01-12T12:00Z,4.999999874e-05,0.0001,4,8,5.000000126e-05
RAYUSDT,2025-01-12T16:00Z,4.999999874e-05,0.0001,4,8,5.000000126e-05
RAYUSDT,2025-01-12T20:00Z,4.999999874e-05,0.0001,4,8,5.000000126e-05
RAYUSDT,2025-01-13T00:00Z,4.999999874e-05,0.0001,4,8,5.000000126e-05
RAYUSDT,2025-01-13T04:00Z,4.999999874e-05,0.0001,4,8,5.000000126e-05
RAYUSDT,2025-01-13T08:00Z,4.999999874e-05,0.0001,4,8,5.000000126e-05
RAYUSDT,2025-01-13T12:00Z,4.999999874e-05,0.0001,4,8,5.000000126e-05
RAYUSDT,2025-01-13T16:00Z,4.999999874e-05,0.0001,4,8,5.000000126e-05
RAYUSDT,2025-01-13T20:00Z,4.999999874e-05,0.0001,4,8,5.000000126e-05
RAYUSDT,2025-01-14T00:00Z,4.999999874e-05,0.0001,4,8,5.000000126e-05
RAYUSDT,2025-01-14T04:00Z,4.999999874e-05,0.0001,4,8,5.000000126e-05
RAYUSDT,2025-01-14T08:00Z,4.999999874e-05,0.0001,4,8,5.000000126e-05
RAYUSDT,2025-01-14T12:00Z,4.999999874e-05,0.0001,4,8,5.000000126e-05
RAYUSDT,2025-01-14T16:00Z,4.999999874e-05,0.0001,4,8,5.000000126e-05
RAYUSDT,2025-01-14T20:00Z,4.999999874e-05,0.0001,4,8,5.000000126e-05
RAYUSDT,2025-01-15T00:00Z,4.999999874e-05,0.0001,4,8,5.000000126e-05
RAYUSDT,2025-01-15T04:00Z,4.999999874e-05,0.0001,4,8,5.000000126e-05
RAYUSDT,2025-01-15T08:00Z,4.999999874e-05,0.0001,4,8,5.000000126e-05
RAYUSDT,2025-01-15T12:00Z,4.999999874e-05,0.0001,4,8,5.000000126e-05
RAYUSDT,2025-01-15T16:00Z,4.999999874e-05,0.0001,4,8,5.000000126e-05
PROMUSDT,2025-01-15T20:00Z,4.999999874e-05,-0.00068956,4,8,0.0007395599987
RAYUSDT,2025-01-15T20:00Z,4.999999874e-05,0.0001,4,8,5.000000126e-05
RAYUSDT,2025-01-16T00:00Z,4.999999874e-05,0.0001,4,8,5.000000126e-05
RAYUSDT,2025-01-16T04:00Z,4.999999874e-05,0.0001,4,8,5.000000126e-05
RAYUSDT,2025-01-16T08:00Z,4.999999874e-05,0.0001,4,8,5.000000126e-05
RAYUSDT,2025-01-16T12:00Z,4.999999874e-05,0.0001,4,8,5.000000126e-05
RAYUSDT,2025-01-16T16:00Z,4.999999874e-05,0.0001,4,8,5.000000126e-05
RAYUSDT,2025-01-16T20:00Z,4.999999874e-05,0.0001,4,8,5.000000126e-05
RAYUSDT,2025-01-17T00:00Z,4.999999874e-05,0.0001,4,8,5.000000126e-05
RAYUSDT,2025-01-17T04:00Z,4.999999874e-05,0.0001,4,8,5.000000126e-05
RAYUSDT,2025-01-17T08:00Z,4.999999874e-05,0.0001,4,8,5.000000126e-05
RAYUSDT,2025-01-17T12:00Z,4.999999874e-05,0.0001,4,8,5.000000126e-05
RAYUSDT,2025-01-17T16:00Z,4.999999874e-05,0.0001,4,8,5.000000126e-05
ARCUSDT,2025-01-17T20:00Z,-0.0003113400016,2.514e-05,4,8,0.0003364800016
RAYUSDT,2025-01-17T20:00Z,4.999999874e-05,0.0001,4,8,5.000000126e-05
RAYUSDT,2025-01-18T00:00Z,4.999999874e-05,0.0001,4,8,5.000000126e-05
RAYUSDT,2025-01-18T04:00Z,4.999999874e-05,0.0001,4,8,5.000000126e-05
RAYUSDT,2025-01-18T08:00Z,4.999999874e-05,0.0001,4,8,5.000000126e-05
RAYUSDT,2025-01-18T12:00Z,4.999999874e-05,0.0001,4,8,5.000000126e-05
RAYUSDT,2025-01-18T16:00Z,4.999999874e-05,0.0001,4,8,5.000000126e-05
RAYUSDT,2025-01-18T20:00Z,4.999999874e-05,0.0001,4,8,5.000000126e-05
TRUMPUSDT,2025-01-18T20:00Z,0.001727849944,0.0024269,4,8,0.0006990500564
RAYUSDT,2025-01-19T00:00Z,4.999999874e-05,0.0001,4,8,5.000000126e-05
RAYUSDT,2025-01-19T04:00Z,4.999999874e-05,0.0001,4,8,5.000000126e-05
RAYUSDT,2025-01-19T08:00Z,4.999999874e-05,0.0001,4,8,5.000000126e-05
RAYUSDT,2025-01-19T12:00Z,4.999999874e-05,0.0001,4,8,5.000000126e-05
RAYUSDT,2025-01-19T16:00Z,4.999999874e-05,0.0001,4,8,5.000000126e-05
RAYUSDT,2025-01-19T20:00Z,4.999999874e-05,0.0001,4,8,5.000000126e-05
RAYUSDT,2025-01-20T00:00Z,4.999999874e-05,0.0001,4,8,5.000000126e-05
RAYUSDT,2025-01-20T04:00Z,4.999999874e-05,0.0001,4,8,5.000000126e-05
RAYUSDT,2025-01-20T08:00Z,4.999999874e-05,0.0001,4,8,5.000000126e-05
RAYUSDT,2025-01-20T12:00Z,4.999999874e-05,0.0001,4,8,5.000000126e-05
MELANIAUSDT,2025-01-20T16:00Z,0.0001131800018,0.00139456,4,8,0.001281379998
RAYUSDT,2025-01-20T16:00Z,4.999999874e-05,0.0001,4,8,5.000000126e-05
RAYUSDT,2025-01-20T20:00Z,4.999999874e-05,0.0001,4,8,5.000000126e-05
RAYUSDT,2025-01-21T00:00Z,4.999999874e-05,0.0001,4,8,5.000000126e-05
RAYUSDT,2025-01-21T04:00Z,4.999999874e-05,0.0001,4,8,5.000000126e-05
RAYUSDT,2025-01-21T08:00Z,4.999999874e-05,0.0001,4,8,5.000000126e-05
RAYUSDT,2025-01-21T12:00Z,4.999999874e-05,0.0001,4,8,5.000000126e-05
RAYUSDT,2025-01-21T16:00Z,4.999999874e-05,0.0001,4,8,5.000000126e-05
RAYUSDT,2025-01-21T20:00Z,4.999999874e-05,0.0001,4,8,5.000000126e-05
RAYUSDT,2025-01-22T00:00Z,4.999999874e-05,0.0001,4,8,5.000000126e-05
RAYUSDT,2025-01-22T04:00Z,4.999999874e-05,0.0001,4,8,5.000000126e-05
RAYUSDT,2025-01-22T08:00Z,4.999999874e-05,0.0001,4,8,5.000000126e-05
RAYUSDT,2025-01-22T12:00Z,4.999999874e-05,0.0001,4,8,5.000000126e-05
RAYUSDT,2025-01-22T16:00Z,4.999999874e-05,0.0001,4,8,5.000000126e-05
VTHOUSDT,2025-01-22T16:00Z,-0.01172874961,-0.02,4,8,0.00827125039
RAYUSDT,2025-01-22T20:00Z,4.999999874e-05,0.0001,4,8,5.000000126e-05
RAYUSDT,2025-01-23T00:00Z,4.999999874e-05,0.0001,4,8,5.000000126e-05
RAYUSDT,2025-01-23T04:00Z,4.999999874e-05,0.0001,4,8,5.000000126e-05
RAYUSDT,2025-01-23T08:00Z,4.999999874e-05,0.0001,4,8,5.000000126e-05
RAYUSDT,2025-01-23T12:00Z,4.999999874e-05,0.0001,4,8,5.000000126e-05
RAYUSDT,2025-01-23T16:00Z,4.999999874e-05,0.0001,4,8,5.000000126e-05
RAYUSDT,2025-01-23T20:00Z,4.999999874e-05,0.0001,4,8,5.000000126e-05
ANIMEUSDT,2025-01-24T00:00Z,-0.0198144801,-0.01543156,4,8,0.004382920096
RAYUSDT,2025-01-24T00:00Z,4.999999874e-05,0.0001,4,8,5.000000126e-05
RAYUSDT,2025-01-24T04:00Z,4.999999874e-05,0.0001,4,8,5.000000126e-05
RAYUSDT,2025-01-24T08:00Z,4.999999874e-05,0.0001,4,8,5.000000126e-05
RAYUSDT,2025-01-24T12:00Z,4.999999874e-05,0.0001,4,8,5.000000126e-05
PIPPINUSDT,2025-01-24T16:00Z,-0.001890280051,-0.00146863,4,8,0.0004216500512
RAYUSDT,2025-01-24T16:00Z,4.999999874e-05,0.0001,4,8,5.000000126e-05
VINEUSDT,2025-01-24T16:00Z,-0.0002053299977,-0.00012381,4,8,8.15199977e-05
RAYUSDT,2025-01-24T20:00Z,4.999999874e-05,0.0001,4,8,5.000000126e-05
RAYUSDT,2025-01-25T00:00Z,4.999999874e-05,0.0001,4,8,5.000000126e-05
RAYUSDT,2025-01-25T04:00Z,4.999999874e-05,0.0001,4,8,5.000000126e-05
RAYUSDT,2025-01-25T08:00Z,4.999999874e-05,0.0001,4,8,5.000000126e-05
RAYUSDT,2025-01-25T12:00Z,4.999999874e-05,0.0001,4,8,5.000000126e-05
RAYUSDT,2025-01-25T16:00Z,4.999999874e-05,0.0001,4,8,5.000000126e-05
RAYUSDT,2025-01-25T20:00Z,4.999999874e-05,0.0001,4,8,5.000000126e-05
RAYUSDT,2025-01-26T00:00Z,4.999999874e-05,0.0001,4,8,5.000000126e-05
RAYUSDT,2025-01-26T04:00Z,4.999999874e-05,0.0001,4,8,5.000000126e-05
RAYUSDT,2025-01-26T08:00Z,4.999999874e-05,0.0001,4,8,5.000000126e-05
RAYUSDT,2025-01-26T12:00Z,4.999999874e-05,0.0001,4,8,5.000000126e-05
RAYUSDT,2025-01-26T16:00Z,4.999999874e-05,0.0001,4,8,5.000000126e-05
RAYUSDT,2025-01-26T20:00Z,4.999999874e-05,0.0001,4,8,5.000000126e-05
RAYUSDT,2025-01-27T00:00Z,4.999999874e-05,0.0001,4,8,5.000000126e-05
RAYUSDT,2025-01-27T04:00Z,4.999999874e-05,0.0001,4,8,5.000000126e-05
RAYUSDT,2025-01-27T08:00Z,4.999999874e-05,0.0001,4,8,5.000000126e-05
RAYUSDT,2025-01-27T12:00Z,4.999999874e-05,0.0001,4,8,5.000000126e-05
RAYUSDT,2025-01-27T16:00Z,4.999999874e-05,0.0001,4,8,5.000000126e-05
RAYUSDT,2025-01-27T20:00Z,4.999999874e-05,0.0001,4,8,5.000000126e-05
RAYUSDT,2025-01-28T00:00Z,4.999999874e-05,0.0001,4,8,5.000000126e-05
RAYUSDT,2025-01-28T04:00Z,4.999999874e-05,0.0001,4,8,5.000000126e-05
RAYUSDT,2025-01-28T08:00Z,4.999999874e-05,0.0001,4,8,5.000000126e-05
RAYUSDT,2025-01-28T12:00Z,4.999999874e-05,0.0001,4,8,5.000000126e-05
RAYUSDT,2025-01-28T16:00Z,4.999999874e-05,0.0001,4,8,5.000000126e-05
RAYUSDT,2025-01-28T20:00Z,4.999999874e-05,0.0001,4,8,5.000000126e-05
RAYUSDT,2025-01-29T00:00Z,4.999999874e-05,0.0001,4,8,5.000000126e-05
RAYUSDT,2025-01-29T04:00Z,4.999999874e-05,0.0001,4,8,5.000000126e-05
RAYUSDT,2025-01-29T08:00Z,4.999999874e-05,0.0001,4,8,5.000000126e-05
RAYUSDT,2025-01-29T12:00Z,4.999999874e-05,0.0001,4,8,5.000000126e-05
RAYUSDT,2025-01-29T16:00Z,4.999999874e-05,0.0001,4,8,5.000000126e-05
RAYUSDT,2025-01-29T20:00Z,4.999999874e-05,0.0001,4,8,5.000000126e-05
RAYUSDT,2025-01-30T00:00Z,4.999999874e-05,0.0001,4,8,5.000000126e-05
RAYUSDT,2025-01-30T04:00Z,4.999999874e-05,0.0001,4,8,5.000000126e-05
RAYUSDT,2025-01-30T08:00Z,4.999999874e-05,0.0001,4,8,5.000000126e-05
RAYUSDT,2025-01-30T12:00Z,4.999999874e-05,0.0001,4,8,5.000000126e-05
RAYUSDT,2025-01-30T16:00Z,4.999999874e-05,0.0001,4,8,5.000000126e-05
RAYUSDT,2025-01-30T20:00Z,4.999999874e-05,0.0001,4,8,5.000000126e-05
RAYUSDT,2025-01-31T00:00Z,4.999999874e-05,0.0001,4,8,5.000000126e-05
RAYUSDT,2025-01-31T04:00Z,4.999999874e-05,0.0001,4,8,5.000000126e-05
RAYUSDT,2025-01-31T08:00Z,4.999999874e-05,0.0001,4,8,5.000000126e-05
RAYUSDT,2025-01-31T12:00Z,4.999999874e-05,0.0001,4,8,5.000000126e-05
RAYUSDT,2025-01-31T16:00Z,4.999999874e-05,0.0001,4,8,5.000000126e-05
RAYUSDT,2025-01-31T20:00Z,4.999999874e-05,0.0001,4,8,5.000000126e-05
RAYUSDT,2025-02-01T00:00Z,4.999999874e-05,0.0001,4,8,5.000000126e-05
RAYUSDT,2025-02-01T04:00Z,4.999999874e-05,0.0001,4,8,5.000000126e-05
RAYUSDT,2025-02-01T08:00Z,4.999999874e-05,0.0001,4,8,5.000000126e-05
RAYUSDT,2025-02-01T12:00Z,4.999999874e-05,0.0001,4,8,5.000000126e-05
RAYUSDT,2025-02-01T16:00Z,4.999999874e-05,0.0001,4,8,5.000000126e-05
RAYUSDT,2025-02-01T20:00Z,4.999999874e-05,0.0001,4,8,5.000000126e-05
RAYUSDT,2025-02-02T00:00Z,4.999999874e-05,0.0001,4,8,5.000000126e-05
RAYUSDT,2025-02-02T04:00Z,4.999999874e-05,0.0001,4,8,5.000000126e-05
RAYUSDT,2025-02-02T08:00Z,4.999999874e-05,0.0001,4,8,5.000000126e-05
RAYUSDT,2025-02-02T12:00Z,4.999999874e-05,0.0001,4,8,5.000000126e-05
RAYUSDT,2025-02-02T16:00Z,4.999999874e-05,0.0001,4,8,5.000000126e-05
RAYUSDT,2025-02-02T20:00Z,4.999999874e-05,0.0001,4,8,5.000000126e-05
RAYUSDT,2025-02-03T00:00Z,4.999999874e-05,0.0001,4,8,5.000000126e-05
RAYUSDT,2025-02-03T04:00Z,4.999999874e-05,0.0001,4,8,5.000000126e-05
RAYUSDT,2025-02-03T08:00Z,4.999999874e-05,0.0001,4,8,5.000000126e-05
RAYUSDT,2025-02-03T12:00Z,4.999999874e-05,0.0001,4,8,5.000000126e-05
RAYUSDT,2025-02-03T16:00Z,4.999999874e-05,0.0001,4,8,5.000000126e-05
RAYUSDT,2025-02-03T20:00Z,4.999999874e-05,0.0001,4,8,5.000000126e-05
RAYUSDT,2025-02-04T00:00Z,4.999999874e-05,0.0001,4,8,5.000000126e-05
RAYUSDT,2025-02-04T04:00Z,4.999999874e-05,0.0001,4,8,5.000000126e-05
RAYUSDT,2025-02-04T08:00Z,4.999999874e-05,0.0001,4,8,5.000000126e-05
RAYUSDT,2025-02-04T12:00Z,4.999999874e-05,0.0001,4,8,5.000000126e-05
RAYUSDT,2025-02-04T16:00Z,4.999999874e-05,0.0001,4,8,5.000000126e-05
RAYUSDT,2025-02-04T20:00Z,4.999999874e-05,0.0001,4,8,5.000000126e-05
RAYUSDT,2025-02-05T00:00Z,4.999999874e-05,0.0001,4,8,5.000000126e-05
RAYUSDT,2025-02-05T04:00Z,4.999999874e-05,0.0001,4,8,5.000000126e-05
RAYUSDT,2025-02-05T08:00Z,4.999999874e-05,0.0001,4,8,5.000000126e-05
RAYUSDT,2025-02-05T12:00Z,4.999999874e-05,0.0001,4,8,5.000000126e-05
RAYUSDT,2025-02-05T16:00Z,4.999999874e-05,0.0001,4,8,5.000000126e-05
RAYUSDT,2025-02-05T20:00Z,4.999999874e-05,0.0001,4,8,5.000000126e-05
RAYUSDT,2025-02-06T00:00Z,4.999999874e-05,0.0001,4,8,5.000000126e-05
RAYUSDT,2025-02-06T04:00Z,4.999999874e-05,0.0001,4,8,5.000000126e-05
RAYUSDT,2025-02-06T08:00Z,4.999999874e-05,0.0001,4,8,5.000000126e-05
RAYUSDT,2025-02-06T12:00Z,4.999999874e-05,0.0001,4,8,5.000000126e-05
RAYUSDT,2025-02-06T16:00Z,4.999999874e-05,0.0001,4,8,5.000000126e-05
BERAUSDT,2025-02-06T20:00Z,-0.01601256058,-0.02,4,8,0.003987439424
RAYUSDT,2025-02-06T20:00Z,4.999999874e-05,0.0001,4,8,5.000000126e-05
RAYUSDT,2025-02-07T00:00Z,4.999999874e-05,0.0001,4,8,5.000000126e-05
RAYUSDT,2025-02-07T04:00Z,4.999999874e-05,0.0001,4,8,5.000000126e-05
RAYUSDT,2025-02-07T08:00Z,4.999999874e-05,0.0001,4,8,5.000000126e-05
RAYUSDT,2025-02-07T12:00Z,4.999999874e-05,0.0001,4,8,5.000000126e-05
RAYUSDT,2025-02-07T16:00Z,4.999999874e-05,0.0001,4,8,5.000000126e-05
RAYUSDT,2025-02-07T20:00Z,4.999999874e-05,0.0001,4,8,5.000000126e-05
RAYUSDT,2025-02-08T00:00Z,4.999999874e-05,0.0001,4,8,5.000000126e-05
RAYUSDT,2025-02-08T04:00Z,4.999999874e-05,0.0001,4,8,5.000000126e-05
RAYUSDT,2025-02-08T08:00Z,4.999999874e-05,0.0001,4,8,5.000000126e-05
RAYUSDT,2025-02-08T12:00Z,4.999999874e-05,0.0001,4,8,5.000000126e-05
RAYUSDT,2025-02-08T16:00Z,4.999999874e-05,0.0001,4,8,5.000000126e-05
RAYUSDT,2025-02-08T20:00Z,4.999999874e-05,0.0001,4,8,5.000000126e-05
RAYUSDT,2025-02-09T00:00Z,4.999999874e-05,0.0001,4,8,5.000000126e-05
RAYUSDT,2025-02-09T04:00Z,4.999999874e-05,0.0001,4,8,5.000000126e-05
RAYUSDT,2025-02-09T08:00Z,4.999999874e-05,0.0001,4,8,5.000000126e-05
RAYUSDT,2025-02-09T12:00Z,4.999999874e-05,0.0001,4,8,5.000000126e-05
RAYUSDT,2025-02-09T16:00Z,4.999999874e-05,0.0001,4,8,5.000000126e-05
BNXUSDT,2025-02-09T20:00Z,4.999999874e-05,-0.00591742,4,8,0.005967419999
RAYUSDT,2025-02-09T20:00Z,4.999999874e-05,0.0001,4,8,5.000000126e-05
TSTUSDT,2025-02-09T20:00Z,4.999999874e-05,-0.00117597,4,8,0.001225969999
RAYUSDT,2025-02-10T00:00Z,4.999999874e-05,0.0001,4,8,5.000000126e-05
RAYUSDT,2025-02-10T04:00Z,4.999999874e-05,0.0001,4,8,5.000000126e-05
RAYUSDT,2025-02-10T08:00Z,4.999999874e-05,0.0001,4,8,5.000000126e-05
RAYUSDT,2025-02-10T12:00Z,4.999999874e-05,0.0001,4,8,5.000000126e-05
RAYUSDT,2025-02-10T16:00Z,4.999999874e-05,0.0001,4,8,5.000000126e-05
RAYUSDT,2025-02-10T20:00Z,4.999999874e-05,0.0001,4,8,5.000000126e-05
RAYUSDT,2025-02-11T00:00Z,4.999999874e-05,0.0001,4,8,5.000000126e-05
RAYUSDT,2025-02-11T04:00Z,4.999999874e-05,0.0001,4,8,5.000000126e-05
RAYUSDT,2025-02-11T08:00Z,4.999999874e-05,0.0001,4,8,5.000000126e-05
RAYUSDT,2025-02-11T12:00Z,4.999999874e-05,0.0001,4,8,5.000000126e-05
RAYUSDT,2025-02-11T16:00Z,4.999999874e-05,0.0001,4,8,5.000000126e-05
RAYUSDT,2025-02-11T20:00Z,4.999999874e-05,0.0001,4,8,5.000000126e-05
RAYUSDT,2025-02-12T00:00Z,4.999999874e-05,0.0001,4,8,5.000000126e-05
RAYUSDT,2025-02-12T04:00Z,4.999999874e-05,0.0001,4,8,5.000000126e-05
RAYUSDT,2025-02-12T08:00Z,4.999999874e-05,0.0001,4,8,5.000000126e-05
RAYUSDT,2025-02-12T12:00Z,4.999999874e-05,0.0001,4,8,5.000000126e-05
RAYUSDT,2025-02-12T16:00Z,4.999999874e-05,0.0001,4,8,5.000000126e-05
RAYUSDT,2025-02-12T20:00Z,4.999999874e-05,0.0001,4,8,5.000000126e-05
RAYUSDT,2025-02-13T00:00Z,4.999999874e-05,0.0001,4,8,5.000000126e-05
RAYUSDT,2025-02-13T04:00Z,4.999999874e-05,0.0001,4,8,5.000000126e-05
RAYUSDT,2025-02-13T08:00Z,4.999999874e-05,0.0001,4,8,5.000000126e-05
RAYUSDT,2025-02-13T12:00Z,4.999999874e-05,0.0001,4,8,5.000000126e-05
B3USDT,2025-02-13T16:00Z,-0.001737940009,-0.01590781,4,8,0.01416986999
HEIUSDT,2025-02-13T16:00Z,-0.0001439199987,-0.00253133,4,8,0.002387410001
RAYUSDT,2025-02-13T16:00Z,4.999999874e-05,0.0001,4,8,5.000000126e-05
RAYUSDT,2025-02-13T20:00Z,4.999999874e-05,0.0001,4,8,5.000000126e-05
RAYUSDT,2025-02-14T00:00Z,4.999999874e-05,0.0001,4,8,5.000000126e-05
RAYUSDT,2025-02-14T04:00Z,4.999999874e-05,0.0001,4,8,5.000000126e-05
RAYUSDT,2025-02-14T08:00Z,4.999999874e-05,0.0001,4,8,5.000000126e-05
RAYUSDT,2025-02-14T12:00Z,4.999999874e-05,0.0001,4,8,5.000000126e-05
RAYUSDT,2025-02-14T16:00Z,4.999999874e-05,0.0001,4,8,5.000000126e-05
RAYUSDT,2025-02-14T20:00Z,4.999999874e-05,0.0001,4,8,5.000000126e-05
RAYUSDT,2025-02-15T00:00Z,4.999999874e-05,0.0001,4,8,5.000000126e-05
RAYUSDT,2025-02-15T04:00Z,4.999999874e-05,0.0001,4,8,5.000000126e-05
RAYUSDT,2025-02-15T08:00Z,4.999999874e-05,0.0001,4,8,5.000000126e-05
RAYUSDT,2025-02-15T12:00Z,4.999999874e-05,0.0001,4,8,5.000000126e-05
RAYUSDT,2025-02-15T16:00Z,4.999999874e-05,0.0001,4,8,5.000000126e-05
RAYUSDT,2025-02-15T20:00Z,4.999999874e-05,0.0001,4,8,5.000000126e-05
RAYUSDT,2025-02-16T00:00Z,4.999999874e-05,0.0001,4,8,5.000000126e-05
RAYUSDT,2025-02-16T04:00Z,4.999999874e-05,0.0001,4,8,5.000000126e-05
RAYUSDT,2025-02-16T08:00Z,4.999999874e-05,0.0001,4,8,5.000000126e-05
RAYUSDT,2025-02-16T12:00Z,4.999999874e-05,0.0001,4,8,5.000000126e-05
RAYUSDT,2025-02-16T16:00Z,4.999999874e-05,0.0001,4,8,5.000000126e-05
RAYUSDT,2025-02-16T20:00Z,4.999999874e-05,0.0001,4,8,5.000000126e-05
RAYUSDT,2025-02-17T00:00Z,4.999999874e-05,0.0001,4,8,5.000000126e-05
RAYUSDT,2025-02-17T04:00Z,4.999999874e-05,0.0001,4,8,5.000000126e-05
RAYUSDT,2025-02-17T08:00Z,4.999999874e-05,0.0001,4,8,5.000000126e-05
RAYUSDT,2025-02-17T12:00Z,4.999999874e-05,0.0001,4,8,5.000000126e-05
RAYUSDT,2025-02-17T16:00Z,4.999999874e-05,0.0001,4,8,5.000000126e-05
ARKUSDT,2025-02-17T20:00Z,-0.02112185024,-0.02840059,4,8,0.007278739763
RAYUSDT,2025-02-17T20:00Z,4.999999874e-05,0.0001,4,8,5.000000126e-05
GPSUSDT,2025-02-18T00:00Z,-0.01907316968,-0.02,4,8,0.0009268303216
RAYUSDT,2025-02-18T00:00Z,4.999999874e-05,0.0001,4,8,5.000000126e-05
SHELLUSDT,2025-02-18T00:00Z,-0.009755239822,-0.00048231,4,8,0.009272929822
RAYUSDT,2025-02-18T04:00Z,4.999999874e-05,0.0001,4,8,5.000000126e-05
RAYUSDT,2025-02-18T08:00Z,4.999999874e-05,0.0001,4,8,5.000000126e-05
RAYUSDT,2025-02-18T12:00Z,4.999999874e-05,0.0001,4,8,5.000000126e-05
RAYUSDT,2025-02-18T16:00Z,4.999999874e-05,0.0001,4,8,5.000000126e-05
RAYUSDT,2025-02-18T20:00Z,4.999999874e-05,0.0001,4,8,5.000000126e-05
RAYUSDT,2025-02-19T00:00Z,4.999999874e-05,0.0001,4,8,5.000000126e-05
RAYUSDT,2025-02-19T04:00Z,4.999999874e-05,0.0001,4,8,5.000000126e-05
RAYUSDT,2025-02-19T08:00Z,4.999999874e-05,0.0001,4,8,5.000000126e-05
RAYUSDT,2025-02-19T12:00Z,4.999999874e-05,0.0001,4,8,5.000000126e-05
RAYUSDT,2025-02-19T16:00Z,4.999999874e-05,0.0001,4,8,5.000000126e-05
RAYUSDT,2025-02-19T20:00Z,4.999999874e-05,0.0001,4,8,5.000000126e-05
RAYUSDT,2025-02-20T00:00Z,4.999999874e-05,0.0001,4,8,5.000000126e-05
RAYUSDT,2025-02-20T04:00Z,4.999999874e-05,0.0001,4,8,5.000000126e-05
RAYUSDT,2025-02-20T08:00Z,4.999999874e-05,0.0001,4,8,5.000000126e-05
RAYUSDT,2025-02-20T12:00Z,4.999999874e-05,0.0001,4,8,5.000000126e-05
RAYUSDT,2025-02-20T16:00Z,4.999999874e-05,0.0001,4,8,5.000000126e-05
KAITOUSDT,2025-02-20T20:00Z,-0.001921209972,-0.004987,4,8,0.003065790028
RAYUSDT,2025-02-20T20:00Z,4.999999874e-05,0.0001,4,8,5.000000126e-05
RAYUSDT,2025-02-21T00:00Z,4.999999874e-05,0.0001,4,8,5.000000126e-05
RAYUSDT,2025-02-21T04:00Z,4.999999874e-05,0.0001,4,8,5.000000126e-05
RAYUSDT,2025-02-21T08:00Z,4.999999874e-05,0.0001,4,8,5.000000126e-05
RAYUSDT,2025-02-21T12:00Z,4.999999874e-05,0.0001,4,8,5.000000126e-05
RAYUSDT,2025-02-21T16:00Z,4.999999874e-05,0.0001,4,8,5.000000126e-05
RAYUSDT,2025-02-21T20:00Z,4.999999874e-05,0.0001,4,8,5.000000126e-05
RAYUSDT,2025-02-22T00:00Z,4.999999874e-05,0.0001,4,8,5.000000126e-05
RAYUSDT,2025-02-22T04:00Z,4.999999874e-05,0.0001,4,8,5.000000126e-05
RAYUSDT,2025-02-22T08:00Z,4.999999874e-05,0.0001,4,8,5.000000126e-05
RAYUSDT,2025-02-22T12:00Z,4.999999874e-05,0.0001,4,8,5.000000126e-05
RAYUSDT,2025-02-22T16:00Z,4.999999874e-05,0.0001,4,8,5.000000126e-05
RAYUSDT,2025-02-22T20:00Z,4.999999874e-05,0.0001,4,8,5.000000126e-05
RAYUSDT,2025-02-23T00:00Z,4.999999874e-05,0.0001,4,8,5.000000126e-05
RAYUSDT,2025-02-23T04:00Z,4.999999874e-05,0.0001,4,8,5.000000126e-05
RAYUSDT,2025-02-23T08:00Z,4.999999874e-05,0.0001,4,8,5.000000126e-05
RAYUSDT,2025-02-23T12:00Z,4.999999874e-05,0.0001,4,8,5.000000126e-05
RAYUSDT,2025-02-23T16:00Z,4.999999874e-05,0.0001,4,8,5.000000126e-05
RAYUSDT,2025-02-23T20:00Z,4.999999874e-05,0.0001,4,8,5.000000126e-05
RAYUSDT,2025-02-24T00:00Z,4.999999874e-05,0.0001,4,8,5.000000126e-05
RAYUSDT,2025-02-24T04:00Z,4.999999874e-05,0.0001,4,8,5.000000126e-05
RAYUSDT,2025-02-24T08:00Z,4.999999874e-05,0.0001,4,8,5.000000126e-05
RAYUSDT,2025-02-24T12:00Z,4.999999874e-05,0.0001,4,8,5.000000126e-05
RAYUSDT,2025-02-24T16:00Z,4.999999874e-05,0.0001,4,8,5.000000126e-05
RAYUSDT,2025-02-24T20:00Z,4.999999874e-05,0.0001,4,8,5.000000126e-05
RAYUSDT,2025-02-25T00:00Z,4.999999874e-05,0.0001,4,8,5.000000126e-05
RAYUSDT,2025-02-25T04:00Z,4.999999874e-05,0.0001,4,8,5.000000126e-05
RAYUSDT,2025-02-25T08:00Z,4.999999874e-05,0.0001,4,8,5.000000126e-05
RAYUSDT,2025-02-25T12:00Z,4.999999874e-05,0.0001,4,8,5.000000126e-05
RAYUSDT,2025-02-25T16:00Z,4.999999874e-05,0.0001,4,8,5.000000126e-05
RAYUSDT,2025-02-25T20:00Z,4.999999874e-05,0.0001,4,8,5.000000126e-05
RAYUSDT,2025-02-26T00:00Z,4.999999874e-05,0.0001,4,8,5.000000126e-05
RAYUSDT,2025-02-26T04:00Z,4.999999874e-05,0.0001,4,8,5.000000126e-05
RAYUSDT,2025-02-26T08:00Z,4.999999874e-05,0.0001,4,8,5.000000126e-05
RAYUSDT,2025-02-26T12:00Z,4.999999874e-05,0.0001,4,8,5.000000126e-05
RAYUSDT,2025-02-26T16:00Z,4.999999874e-05,0.0001,4,8,5.000000126e-05
RAYUSDT,2025-02-26T20:00Z,4.999999874e-05,0.0001,4,8,5.000000126e-05
RAYUSDT,2025-02-27T00:00Z,4.999999874e-05,0.0001,4,8,5.000000126e-05
RAYUSDT,2025-02-27T04:00Z,4.999999874e-05,0.0001,4,8,5.000000126e-05
RAYUSDT,2025-02-27T08:00Z,4.999999874e-05,0.0001,4,8,5.000000126e-05
RAYUSDT,2025-02-27T12:00Z,4.999999874e-05,0.0001,4,8,5.000000126e-05
RAYUSDT,2025-02-27T16:00Z,4.999999874e-05,0.0001,4,8,5.000000126e-05
RAYUSDT,2025-02-27T20:00Z,4.999999874e-05,0.0001,4,8,5.000000126e-05
RAYUSDT,2025-02-28T00:00Z,4.999999874e-05,0.0001,4,8,5.000000126e-05
RAYUSDT,2025-02-28T04:00Z,4.999999874e-05,0.0001,4,8,5.000000126e-05
RAYUSDT,2025-02-28T08:00Z,4.999999874e-05,0.0001,4,8,5.000000126e-05
RAYUSDT,2025-02-28T12:00Z,4.999999874e-05,0.0001,4,8,5.000000126e-05
RAYUSDT,2025-02-28T16:00Z,4.999999874e-05,0.0001,4,8,5.000000126e-05
RAYUSDT,2025-02-28T20:00Z,4.999999874e-05,0.0001,4,8,5.000000126e-05
RAYUSDT,2025-03-01T00:00Z,4.999999874e-05,0.0001,4,8,5.000000126e-05
RAYUSDT,2025-03-01T04:00Z,4.999999874e-05,0.0001,4,8,5.000000126e-05
RAYUSDT,2025-03-01T08:00Z,4.999999874e-05,0.0001,4,8,5.000000126e-05
RAYUSDT,2025-03-01T12:00Z,4.999999874e-05,0.0001,4,8,5.000000126e-05
RAYUSDT,2025-03-01T16:00Z,4.999999874e-05,0.0001,4,8,5.000000126e-05
RAYUSDT,2025-03-01T20:00Z,4.999999874e-05,0.0001,4,8,5.000000126e-05
RAYUSDT,2025-03-02T00:00Z,4.999999874e-05,0.0001,4,8,5.000000126e-05
RAYUSDT,2025-03-02T04:00Z,4.999999874e-05,0.0001,4,8,5.000000126e-05
RAYUSDT,2025-03-02T08:00Z,4.999999874e-05,0.0001,4,8,5.000000126e-05
RAYUSDT,2025-03-02T12:00Z,4.999999874e-05,0.0001,4,8,5.000000126e-05
RAYUSDT,2025-03-02T16:00Z,4.999999874e-05,0.0001,4,8,5.000000126e-05
RAYUSDT,2025-03-02T20:00Z,4.999999874e-05,0.0001,4,8,5.000000126e-05
RAYUSDT,2025-03-03T00:00Z,4.999999874e-05,0.0001,4,8,5.000000126e-05
RAYUSDT,2025-03-03T04:00Z,4.999999874e-05,0.0001,4,8,5.000000126e-05
RAYUSDT,2025-03-03T08:00Z,4.999999874e-05,0.0001,4,8,5.000000126e-05
RAYUSDT,2025-03-03T12:00Z,4.999999874e-05,0.0001,4,8,5.000000126e-05
RAYUSDT,2025-03-03T16:00Z,4.999999874e-05,0.0001,4,8,5.000000126e-05
RAYUSDT,2025-03-03T20:00Z,4.999999874e-05,0.0001,4,8,5.000000126e-05
RAYUSDT,2025-03-04T00:00Z,4.999999874e-05,0.0001,4,8,5.000000126e-05
RAYUSDT,2025-03-04T04:00Z,4.999999874e-05,0.0001,4,8,5.000000126e-05
RAYUSDT,2025-03-04T08:00Z,4.999999874e-05,0.0001,4,8,5.000000126e-05
RAYUSDT,2025-03-04T12:00Z,4.999999874e-05,0.0001,4,8,5.000000126e-05
RAYUSDT,2025-03-04T16:00Z,4.999999874e-05,0.0001,4,8,5.000000126e-05
RAYUSDT,2025-03-04T20:00Z,4.999999874e-05,0.0001,4,8,5.000000126e-05
RAYUSDT,2025-03-05T00:00Z,4.999999874e-05,0.0001,4,8,5.000000126e-05
RAYUSDT,2025-03-05T04:00Z,4.999999874e-05,0.0001,4,8,5.000000126e-05
RAYUSDT,2025-03-05T08:00Z,4.999999874e-05,0.0001,4,8,5.000000126e-05
RAYUSDT,2025-03-05T12:00Z,4.999999874e-05,0.0001,4,8,5.000000126e-05
RAYUSDT,2025-03-05T16:00Z,4.999999874e-05,0.0001,4,8,5.000000126e-05
RAYUSDT,2025-03-05T20:00Z,4.999999874e-05,0.0001,4,8,5.000000126e-05
RAYUSDT,2025-03-06T00:00Z,4.999999874e-05,0.0001,4,8,5.000000126e-05
RAYUSDT,2025-03-06T04:00Z,4.999999874e-05,0.0001,4,8,5.000000126e-05
RAYUSDT,2025-03-06T08:00Z,4.999999874e-05,0.0001,4,8,5.000000126e-05
RAYUSDT,2025-03-06T12:00Z,4.999999874e-05,0.0001,4,8,5.000000126e-05
RAYUSDT,2025-03-06T16:00Z,4.999999874e-05,0.0001,4,8,5.000000126e-05
RAYUSDT,2025-03-06T20:00Z,4.999999874e-05,0.0001,4,8,5.000000126e-05
RAYUSDT,2025-03-07T00:00Z,4.999999874e-05,0.0001,4,8,5.000000126e-05
RAYUSDT,2025-03-07T04:00Z,4.999999874e-05,0.0001,4,8,5.000000126e-05
RAYUSDT,2025-03-07T08:00Z,4.999999874e-05,0.0001,4,8,5.000000126e-05
RAYUSDT,2025-03-07T12:00Z,4.999999874e-05,0.0001,4,8,5.000000126e-05
RAYUSDT,2025-03-07T16:00Z,4.999999874e-05,0.0001,4,8,5.000000126e-05
RAYUSDT,2025-03-07T20:00Z,4.999999874e-05,0.0001,4,8,5.000000126e-05
RAYUSDT,2025-03-08T00:00Z,4.999999874e-05,0.0001,4,8,5.000000126e-05
RAYUSDT,2025-03-08T04:00Z,4.999999874e-05,0.0001,4,8,5.000000126e-05
RAYUSDT,2025-03-08T08:00Z,4.999999874e-05,0.0001,4,8,5.000000126e-05
RAYUSDT,2025-03-08T12:00Z,4.999999874e-05,0.0001,4,8,5.000000126e-05
RAYUSDT,2025-03-08T16:00Z,4.999999874e-05,0.0001,4,8,5.000000126e-05
RAYUSDT,2025-03-08T20:00Z,4.999999874e-05,0.0001,4,8,5.000000126e-05
RAYUSDT,2025-03-09T00:00Z,4.999999874e-05,0.0001,4,8,5.000000126e-05
RAYUSDT,2025-03-09T04:00Z,4.999999874e-05,0.0001,4,8,5.000000126e-05
RAYUSDT,2025-03-09T08:00Z,4.999999874e-05,0.0001,4,8,5.000000126e-05
RAYUSDT,2025-03-09T12:00Z,4.999999874e-05,0.0001,4,8,5.000000126e-05
RAYUSDT,2025-03-09T16:00Z,4.999999874e-05,0.0001,4,8,5.000000126e-05
RAYUSDT,2025-03-09T20:00Z,4.999999874e-05,0.0001,4,8,5.000000126e-05
RAYUSDT,2025-03-10T00:00Z,4.999999874e-05,0.0001,4,8,5.000000126e-05
RAYUSDT,2025-03-10T04:00Z,4.999999874e-05,0.0001,4,8,5.000000126e-05
RAYUSDT,2025-03-10T08:00Z,4.999999874e-05,0.0001,4,8,5.000000126e-05
RAYUSDT,2025-03-10T12:00Z,4.999999874e-05,0.0001,4,8,5.000000126e-05
RAYUSDT,2025-03-10T16:00Z,4.999999874e-05,0.0001,4,8,5.000000126e-05
RAYUSDT,2025-03-10T20:00Z,4.999999874e-05,0.0001,4,8,5.000000126e-05
RAYUSDT,2025-03-11T00:00Z,4.999999874e-05,0.0001,4,8,5.000000126e-05
RAYUSDT,2025-03-11T04:00Z,4.999999874e-05,0.0001,4,8,5.000000126e-05
RAYUSDT,2025-03-11T08:00Z,4.999999874e-05,0.0001,4,8,5.000000126e-05
RAYUSDT,2025-03-11T12:00Z,4.999999874e-05,0.0001,4,8,5.000000126e-05
RAYUSDT,2025-03-11T16:00Z,4.999999874e-05,0.0001,4,8,5.000000126e-05
RAYUSDT,2025-03-11T20:00Z,4.999999874e-05,0.0001,4,8,5.000000126e-05
RAYUSDT,2025-03-12T00:00Z,4.999999874e-05,0.0001,4,8,5.000000126e-05
RAYUSDT,2025-03-12T04:00Z,4.999999874e-05,0.0001,4,8,5.000000126e-05
RAYUSDT,2025-03-12T08:00Z,4.999999874e-05,0.0001,4,8,5.000000126e-05
RAYUSDT,2025-03-12T12:00Z,4.999999874e-05,0.0001,4,8,5.000000126e-05
RAYUSDT,2025-03-12T16:00Z,4.999999874e-05,0.0001,4,8,5.000000126e-05
RAYUSDT,2025-03-12T20:00Z,4.999999874e-05,0.0001,4,8,5.000000126e-05
RAYUSDT,2025-03-13T00:00Z,4.999999874e-05,0.0001,4,8,5.000000126e-05
VICUSDT,2025-03-13T00:00Z,-0.004294329789,-0.00664537,4,8,0.002351040211
RAYUSDT,2025-03-13T04:00Z,4.999999874e-05,0.0001,4,8,5.000000126e-05
RAYUSDT,2025-03-13T08:00Z,4.999999874e-05,0.0001,4,8,5.000000126e-05
RAYUSDT,2025-03-13T12:00Z,4.999999874e-05,0.0001,4,8,5.000000126e-05
RAYUSDT,2025-03-13T16:00Z,4.999999874e-05,0.0001,4,8,5.000000126e-05
RAYUSDT,2025-03-13T20:00Z,4.999999874e-05,0.0001,4,8,5.000000126e-05
RAYUSDT,2025-03-14T00:00Z,4.999999874e-05,0.0001,4,8,5.000000126e-05
RAYUSDT,2025-03-14T04:00Z,4.999999874e-05,0.0001,4,8,5.000000126e-05
RAYUSDT,2025-03-14T08:00Z,4.999999874e-05,0.0001,4,8,5.000000126e-05
RAYUSDT,2025-03-14T12:00Z,4.999999874e-05,0.0001,4,8,5.000000126e-05
RAYUSDT,2025-03-14T16:00Z,4.999999874e-05,0.0001,4,8,5.000000126e-05
RAYUSDT,2025-03-14T20:00Z,4.999999874e-05,0.0001,4,8,5.000000126e-05
RAYUSDT,2025-03-15T00:00Z,4.999999874e-05,0.0001,4,8,5.000000126e-05
RAYUSDT,2025-03-15T04:00Z,4.999999874e-05,0.0001,4,8,5.000000126e-05
RAYUSDT,2025-03-15T08:00Z,4.999999874e-05,0.0001,4,8,5.000000126e-05
RAYUSDT,2025-03-15T12:00Z,4.999999874e-05,0.0001,4,8,5.000000126e-05
RAYUSDT,2025-03-15T16:00Z,4.999999874e-05,0.0001,4,8,5.000000126e-05
RAYUSDT,2025-03-15T20:00Z,4.999999874e-05,0.0001,4,8,5.000000126e-05
RAYUSDT,2025-03-16T00:00Z,4.999999874e-05,0.0001,4,8,5.000000126e-05
RAYUSDT,2025-03-16T04:00Z,4.999999874e-05,0.0001,4,8,5.000000126e-05
RAYUSDT,2025-03-16T08:00Z,4.999999874e-05,0.0001,4,8,5.000000126e-05
RAYUSDT,2025-03-16T12:00Z,4.999999874e-05,0.0001,4,8,5.000000126e-05
RAYUSDT,2025-03-16T16:00Z,4.999999874e-05,0.0001,4,8,5.000000126e-05
RAYUSDT,2025-03-16T20:00Z,4.999999874e-05,0.0001,4,8,5.000000126e-05
RAYUSDT,2025-03-17T00:00Z,4.999999874e-05,0.0001,4,8,5.000000126e-05
RAYUSDT,2025-03-17T04:00Z,4.999999874e-05,0.0001,4,8,5.000000126e-05
RAYUSDT,2025-03-17T08:00Z,4.999999874e-05,0.0001,4,8,5.000000126e-05
RAYUSDT,2025-03-17T12:00Z,4.999999874e-05,0.0001,4,8,5.000000126e-05
RAYUSDT,2025-03-17T16:00Z,4.999999874e-05,0.0001,4,8,5.000000126e-05
BMTUSDT,2025-03-17T20:00Z,-0.0002294000005,5e-05,4,8,0.0002794000005
MUBARAKUSDT,2025-03-17T20:00Z,4.999999874e-05,0.00066458,4,8,0.0006145800013
RAYUSDT,2025-03-17T20:00Z,4.999999874e-05,0.0001,4,8,5.000000126e-05
RAYUSDT,2025-03-18T00:00Z,4.999999874e-05,0.0001,4,8,5.000000126e-05
RAYUSDT,2025-03-18T04:00Z,4.999999874e-05,0.0001,4,8,5.000000126e-05
RAYUSDT,2025-03-18T08:00Z,4.999999874e-05,0.0001,4,8,5.000000126e-05
RAYUSDT,2025-03-18T12:00Z,4.999999874e-05,0.0001,4,8,5.000000126e-05
RAYUSDT,2025-03-18T16:00Z,4.999999874e-05,0.0001,4,8,5.000000126e-05
RAYUSDT,2025-03-18T20:00Z,4.999999874e-05,0.0001,4,8,5.000000126e-05
RAYUSDT,2025-03-19T00:00Z,4.999999874e-05,0.0001,4,8,5.000000126e-05
RAYUSDT,2025-03-19T04:00Z,4.999999874e-05,0.0001,4,8,5.000000126e-05
RAYUSDT,2025-03-19T08:00Z,4.999999874e-05,0.0001,4,8,5.000000126e-05
RAYUSDT,2025-03-19T12:00Z,4.999999874e-05,0.0001,4,8,5.000000126e-05
RAYUSDT,2025-03-19T16:00Z,4.999999874e-05,0.0001,4,8,5.000000126e-05
RAYUSDT,2025-03-19T20:00Z,4.999999874e-05,0.0001,4,8,5.000000126e-05
RAYUSDT,2025-03-20T00:00Z,4.999999874e-05,0.0001,4,8,5.000000126e-05
RAYUSDT,2025-03-20T04:00Z,4.999999874e-05,0.0001,4,8,5.000000126e-05
RAYUSDT,2025-03-20T08:00Z,4.999999874e-05,0.0001,4,8,5.000000126e-05
RAYUSDT,2025-03-20T12:00Z,4.999999874e-05,0.0001,4,8,5.000000126e-05
BIDUSDT,2025-03-20T16:00Z,0.0009683200042,0.00426483,4,8,0.003296509996
RAYUSDT,2025-03-20T16:00Z,4.999999874e-05,0.0001,4,8,5.000000126e-05
RAYUSDT,2025-03-20T20:00Z,4.999999874e-05,0.0001,4,8,5.000000126e-05
RAYUSDT,2025-03-21T00:00Z,4.999999874e-05,0.0001,4,8,5.000000126e-05
RAYUSDT,2025-03-21T04:00Z,4.999999874e-05,0.0001,4,8,5.000000126e-05
RAYUSDT,2025-03-21T08:00Z,4.999999874e-05,0.0001,4,8,5.000000126e-05
RAYUSDT,2025-03-21T12:00Z,4.999999874e-05,0.0001,4,8,5.000000126e-05
RAYUSDT,2025-03-21T16:00Z,4.999999874e-05,0.0001,4,8,5.000000126e-05
BRUSDT,2025-03-21T20:00Z,4.999999874e-05,-0.00020593,4,8,0.0002559299987
PLUMEUSDT,2025-03-21T20:00Z,4.999999874e-05,-0.00081105,4,8,0.0008610499987
RAYUSDT,2025-03-21T20:00Z,4.999999874e-05,0.0001,4,8,5.000000126e-05
RAYUSDT,2025-03-22T00:00Z,4.999999874e-05,0.0001,4,8,5.000000126e-05
RAYUSDT,2025-03-22T04:00Z,4.999999874e-05,0.0001,4,8,5.000000126e-05
RAYUSDT,2025-03-22T08:00Z,4.999999874e-05,0.0001,4,8,5.000000126e-05
RAYUSDT,2025-03-22T12:00Z,4.999999874e-05,0.0001,4,8,5.000000126e-05
RAYUSDT,2025-03-22T16:00Z,4.999999874e-05,0.0001,4,8,5.000000126e-05
RAYUSDT,2025-03-22T20:00Z,4.999999874e-05,0.0001,4,8,5.000000126e-05
RAYUSDT,2025-03-23T00:00Z,4.999999874e-05,0.0001,4,8,5.000000126e-05
RAYUSDT,2025-03-23T04:00Z,4.999999874e-05,0.0001,4,8,5.000000126e-05
RAYUSDT,2025-03-23T08:00Z,4.999999874e-05,0.0001,4,8,5.000000126e-05
RAYUSDT,2025-03-23T12:00Z,4.999999874e-05,0.0001,4,8,5.000000126e-05
RAYUSDT,2025-03-23T16:00Z,4.999999874e-05,0.0001,4,8,5.000000126e-05
RAYUSDT,2025-03-23T20:00Z,4.999999874e-05,0.0001,4,8,5.000000126e-05
RAYUSDT,2025-03-24T00:00Z,4.999999874e-05,0.0001,4,8,5.000000126e-05
RAYUSDT,2025-03-24T04:00Z,4.999999874e-05,0.0001,4,8,5.000000126e-05
RAYUSDT,2025-03-24T08:00Z,4.999999874e-05,0.0001,4,8,5.000000126e-05
RAYUSDT,2025-03-24T12:00Z,4.999999874e-05,0.0001,4,8,5.000000126e-05
RAYUSDT,2025-03-24T16:00Z,4.999999874e-05,0.0001,4,8,5.000000126e-05
NILUSDT,2025-03-24T20:00Z,4.999999874e-05,-0.00088825,4,8,0.0009382499987
RAYUSDT,2025-03-24T20:00Z,4.999999874e-05,0.0001,4,8,5.000000126e-05
RAYUSDT,2025-03-25T00:00Z,4.999999874e-05,0.0001,4,8,5.000000126e-05
RAYUSDT,2025-03-25T04:00Z,4.999999874e-05,0.0001,4,8,5.000000126e-05
RAYUSDT,2025-03-25T08:00Z,4.999999874e-05,0.0001,4,8,5.000000126e-05
RAYUSDT,2025-03-25T12:00Z,4.999999874e-05,0.0001,4,8,5.000000126e-05
RAYUSDT,2025-03-25T16:00Z,4.999999874e-05,0.0001,4,8,5.000000126e-05
PARTIUSDT,2025-03-25T20:00Z,-0.001086210017,-0.00058519,4,8,0.0005010200171
RAYUSDT,2025-03-25T20:00Z,4.999999874e-05,0.0001,4,8,5.000000126e-05
RAYUSDT,2025-03-26T00:00Z,4.999999874e-05,0.0001,4,8,5.000000126e-05
RAYUSDT,2025-03-26T04:00Z,4.999999874e-05,0.0001,4,8,5.000000126e-05
RAYUSDT,2025-03-26T08:00Z,4.999999874e-05,0.0001,4,8,5.000000126e-05
RAYUSDT,2025-03-26T12:00Z,4.999999874e-05,0.0001,4,8,5.000000126e-05
RAYUSDT,2025-03-26T16:00Z,4.999999874e-05,0.0001,4,8,5.000000126e-05
RAYUSDT,2025-03-26T20:00Z,4.999999874e-05,0.0001,4,8,5.000000126e-05
RAYUSDT,2025-03-27T00:00Z,4.999999874e-05,0.0001,4,8,5.000000126e-05
MAVIAUSDT,2025-03-27T04:00Z,2.999000026e-05,5e-05,4,4,2.000999974e-05
RAYUSDT,2025-03-27T04:00Z,4.999999874e-05,0.0001,4,8,5.000000126e-05
MAVIAUSDT,2025-03-27T08:00Z,-0.0001459600026,5e-05,4,4,0.0001959600026
RAYUSDT,2025-03-27T08:00Z,4.999999874e-05,0.0001,4,8,5.000000126e-05
MAVIAUSDT,2025-03-27T12:00Z,-0.00200473005,5e-05,4,4,0.00205473005
RAYUSDT,2025-03-27T12:00Z,4.999999874e-05,0.0001,4,8,5.000000126e-05
MAVIAUSDT,2025-03-27T16:00Z,-0.0003245100088,-0.00014596,4,4,0.0001785500088
RAYUSDT,2025-03-27T16:00Z,4.999999874e-05,0.0001,4,8,5.000000126e-05
RAYUSDT,2025-03-27T20:00Z,4.999999874e-05,0.0001,4,8,5.000000126e-05
WALUSDT,2025-03-27T20:00Z,-0.01627966017,-0.01299222,4,8,0.003287440165
RAYUSDT,2025-03-28T00:00Z,4.999999874e-05,0.0001,4,8,5.000000126e-05
RAYUSDT,2025-03-28T04:00Z,4.999999874e-05,0.0001,4,8,5.000000126e-05
RAYUSDT,2025-03-28T08:00Z,4.999999874e-05,0.0001,4,8,5.000000126e-05
RAYUSDT,2025-03-28T12:00Z,4.999999874e-05,0.0001,4,8,5.000000126e-05
RAYUSDT,2025-03-28T16:00Z,4.999999874e-05,0.0001,4,8,5.000000126e-05
RAYUSDT,2025-03-28T20:00Z,4.999999874e-05,0.0001,4,8,5.000000126e-05
RAYUSDT,2025-03-29T00:00Z,4.999999874e-05,0.0001,4,8,5.000000126e-05
RAYUSDT,2025-03-29T04:00Z,4.999999874e-05,0.0001,4,8,5.000000126e-05
RAYUSDT,2025-03-29T08:00Z,4.999999874e-05,0.0001,4,8,5.000000126e-05
RAYUSDT,2025-03-29T12:00Z,4.999999874e-05,0.0001,4,8,5.000000126e-05
RAYUSDT,2025-03-29T16:00Z,4.999999874e-05,0.0001,4,8,5.000000126e-05
RAYUSDT,2025-03-29T20:00Z,4.999999874e-05,0.0001,4,8,5.000000126e-05
RAYUSDT,2025-03-30T00:00Z,4.999999874e-05,0.0001,4,8,5.000000126e-05
RAYUSDT,2025-03-30T04:00Z,4.999999874e-05,0.0001,4,8,5.000000126e-05
RAYUSDT,2025-03-30T08:00Z,4.999999874e-05,0.0001,4,8,5.000000126e-05
RAYUSDT,2025-03-30T12:00Z,4.999999874e-05,0.0001,4,8,5.000000126e-05
RAYUSDT,2025-03-30T16:00Z,4.999999874e-05,0.0001,4,8,5.000000126e-05
RAYUSDT,2025-03-30T20:00Z,4.999999874e-05,0.0001,4,8,5.000000126e-05
RAYUSDT,2025-03-31T00:00Z,4.999999874e-05,0.0001,4,8,5.000000126e-05
RAYUSDT,2025-03-31T04:00Z,4.999999874e-05,0.0001,4,8,5.000000126e-05
RAYUSDT,2025-03-31T08:00Z,4.999999874e-05,0.0001,4,8,5.000000126e-05
RAYUSDT,2025-03-31T12:00Z,4.999999874e-05,0.0001,4,8,5.000000126e-05
FUNUSDT,2025-03-31T16:00Z,-0.001080129994,-0.00528573,4,8,0.004205600006
MLNUSDT,2025-03-31T16:00Z,-0.004718950018,-0.00863594,4,8,0.003916989982
RAYUSDT,2025-03-31T16:00Z,4.999999874e-05,0.0001,4,8,5.000000126e-05
GUNUSDT,2025-03-31T20:00Z,-0.0001221800048,-0.00055867,4,8,0.0004364899952
RAYUSDT,2025-03-31T20:00Z,4.999999874e-05,0.0001,4,8,5.000000126e-05
RAYUSDT,2025-04-01T00:00Z,4.999999874e-05,0.0001,4,8,5.000000126e-05
RAYUSDT,2025-04-01T04:00Z,4.999999874e-05,0.0001,4,8,5.000000126e-05
RAYUSDT,2025-04-01T08:00Z,4.999999874e-05,0.0001,4,8,5.000000126e-05
RAYUSDT,2025-04-01T12:00Z,4.999999874e-05,0.0001,4,8,5.000000126e-05
RAYUSDT,2025-04-01T16:00Z,4.999999874e-05,0.0001,4,8,5.000000126e-05
RAYUSDT,2025-04-01T20:00Z,4.999999874e-05,0.0001,4,8,5.000000126e-05
RAYUSDT,2025-04-02T00:00Z,4.999999874e-05,0.0001,4,8,5.000000126e-05
RAYUSDT,2025-04-02T04:00Z,4.999999874e-05,0.0001,4,8,5.000000126e-05
RAYUSDT,2025-04-02T08:00Z,4.999999874e-05,0.0001,4,8,5.000000126e-05
RAYUSDT,2025-04-02T12:00Z,4.999999874e-05,0.0001,4,8,5.000000126e-05
RAYUSDT,2025-04-02T16:00Z,4.999999874e-05,0.0001,4,8,5.000000126e-05
ATHUSDT,2025-04-02T20:00Z,-0.0008793000015,-0.00081549,4,8,6.381000154e-05
RAYUSDT,2025-04-02T20:00Z,4.999999874e-05,0.0001,4,8,5.000000126e-05
RAYUSDT,2025-04-03T00:00Z,4.999999874e-05,0.0001,4,8,5.000000126e-05
RAYUSDT,2025-04-03T04:00Z,4.999999874e-05,0.0001,4,8,5.000000126e-05
RAYUSDT,2025-04-03T08:00Z,4.999999874e-05,0.0001,4,8,5.000000126e-05
RAYUSDT,2025-04-03T12:00Z,4.999999874e-05,0.0001,4,8,5.000000126e-05
RAYUSDT,2025-04-03T16:00Z,4.999999874e-05,0.0001,4,8,5.000000126e-05
RAYUSDT,2025-04-03T20:00Z,4.999999874e-05,0.0001,4,8,5.000000126e-05
RAYUSDT,2025-04-04T00:00Z,4.999999874e-05,0.0001,4,8,5.000000126e-05
RAYUSDT,2025-04-04T04:00Z,4.999999874e-05,0.0001,4,8,5.000000126e-05
RAYUSDT,2025-04-04T08:00Z,4.999999874e-05,0.0001,4,8,5.000000126e-05
RAYUSDT,2025-04-04T12:00Z,4.999999874e-05,0.0001,4,8,5.000000126e-05
RAYUSDT,2025-04-04T16:00Z,4.999999874e-05,0.0001,4,8,5.000000126e-05
RAYUSDT,2025-04-04T20:00Z,4.999999874e-05,0.0001,4,8,5.000000126e-05
RAYUSDT,2025-04-05T00:00Z,4.999999874e-05,0.0001,4,8,5.000000126e-05
RAYUSDT,2025-04-05T04:00Z,4.999999874e-05,0.0001,4,8,5.000000126e-05
RAYUSDT,2025-04-05T08:00Z,4.999999874e-05,0.0001,4,8,5.000000126e-05
RAYUSDT,2025-04-05T12:00Z,4.999999874e-05,0.0001,4,8,5.000000126e-05
RAYUSDT,2025-04-05T16:00Z,4.999999874e-05,0.0001,4,8,5.000000126e-05
RAYUSDT,2025-04-05T20:00Z,4.999999874e-05,0.0001,4,8,5.000000126e-05
RAYUSDT,2025-04-06T00:00Z,4.999999874e-05,0.0001,4,8,5.000000126e-05
RAYUSDT,2025-04-06T04:00Z,4.999999874e-05,0.0001,4,8,5.000000126e-05
RAYUSDT,2025-04-06T08:00Z,4.999999874e-05,0.0001,4,8,5.000000126e-05
RAYUSDT,2025-04-06T12:00Z,4.999999874e-05,0.0001,4,8,5.000000126e-05
RAYUSDT,2025-04-06T16:00Z,4.999999874e-05,0.0001,4,8,5.000000126e-05
RAYUSDT,2025-04-06T20:00Z,4.999999874e-05,0.0001,4,8,5.000000126e-05
RAYUSDT,2025-04-07T00:00Z,4.999999874e-05,0.0001,4,8,5.000000126e-05
RAYUSDT,2025-04-07T04:00Z,4.999999874e-05,0.0001,4,8,5.000000126e-05
RAYUSDT,2025-04-07T08:00Z,4.999999874e-05,0.0001,4,8,5.000000126e-05
RAYUSDT,2025-04-07T12:00Z,4.999999874e-05,0.0001,4,8,5.000000126e-05
RAYUSDT,2025-04-07T16:00Z,4.999999874e-05,0.0001,4,8,5.000000126e-05
RAYUSDT,2025-04-07T20:00Z,4.999999874e-05,0.0001,4,8,5.000000126e-05
RAYUSDT,2025-04-08T00:00Z,4.999999874e-05,0.0001,4,8,5.000000126e-05
RAYUSDT,2025-04-08T04:00Z,4.999999874e-05,0.0001,4,8,5.000000126e-05
RAYUSDT,2025-04-08T08:00Z,4.999999874e-05,0.0001,4,8,5.000000126e-05
RAYUSDT,2025-04-08T12:00Z,4.999999874e-05,0.0001,4,8,5.000000126e-05
RAYUSDT,2025-04-08T16:00Z,4.999999874e-05,0.0001,4,8,5.000000126e-05
RAYUSDT,2025-04-08T20:00Z,4.999999874e-05,0.0001,4,8,5.000000126e-05
RAYUSDT,2025-04-09T00:00Z,4.999999874e-05,0.0001,4,8,5.000000126e-05
RAYUSDT,2025-04-09T04:00Z,4.999999874e-05,0.0001,4,8,5.000000126e-05
RAYUSDT,2025-04-09T08:00Z,4.999999874e-05,0.0001,4,8,5.000000126e-05
RAYUSDT,2025-04-09T12:00Z,4.999999874e-05,0.0001,4,8,5.000000126e-05
RAYUSDT,2025-04-09T16:00Z,4.999999874e-05,0.0001,4,8,5.000000126e-05
RAYUSDT,2025-04-09T20:00Z,4.999999874e-05,0.0001,4,8,5.000000126e-05
RAYUSDT,2025-04-10T00:00Z,4.999999874e-05,0.0001,4,8,5.000000126e-05
RAYUSDT,2025-04-10T04:00Z,4.999999874e-05,0.0001,4,8,5.000000126e-05
RAYUSDT,2025-04-10T08:00Z,4.999999874e-05,0.0001,4,8,5.000000126e-05
RAYUSDT,2025-04-10T12:00Z,4.999999874e-05,0.0001,4,8,5.000000126e-05
RAYUSDT,2025-04-10T16:00Z,4.999999874e-05,0.0001,4,8,5.000000126e-05
RAYUSDT,2025-04-10T20:00Z,4.999999874e-05,0.0001,4,8,5.000000126e-05
RAYUSDT,2025-04-11T00:00Z,4.999999874e-05,0.0001,4,8,5.000000126e-05
RAYUSDT,2025-04-11T04:00Z,4.999999874e-05,0.0001,4,8,5.000000126e-05
RAYUSDT,2025-04-11T08:00Z,4.999999874e-05,0.0001,4,8,5.000000126e-05
PROMPTUSDT,2025-04-11T12:00Z,-0.004078330006,-0.00378358,4,8,0.0002947500065
RAYUSDT,2025-04-11T12:00Z,4.999999874e-05,0.0001,4,8,5.000000126e-05
RAYUSDT,2025-04-11T16:00Z,4.999999874e-05,0.0001,4,8,5.000000126e-05
RAYUSDT,2025-04-11T20:00Z,4.999999874e-05,0.0001,4,8,5.000000126e-05
XCNUSDT,2025-04-11T20:00Z,-0.003488319926,-0.00398709,4,8,0.000498770074
RAYUSDT,2025-04-12T00:00Z,4.999999874e-05,0.0001,4,8,5.000000126e-05
RAYUSDT,2025-04-12T04:00Z,4.999999874e-05,0.0001,4,8,5.000000126e-05
RAYUSDT,2025-04-12T08:00Z,4.999999874e-05,0.0001,4,8,5.000000126e-05
RAYUSDT,2025-04-12T12:00Z,4.999999874e-05,0.0001,4,8,5.000000126e-05
RAYUSDT,2025-04-12T16:00Z,4.999999874e-05,0.0001,4,8,5.000000126e-05
FHEUSDT,2025-04-12T20:00Z,0.0002719800104,0.00150729,4,8,0.00123530999
PUMPUSDT,2025-04-12T20:00Z,0.0003382900031,8.823e-05,4,8,0.0002500600031
RAYUSDT,2025-04-12T20:00Z,4.999999874e-05,0.0001,4,8,5.000000126e-05
STOUSDT,2025-04-12T20:00Z,0.0007414499996,0.00337023,4,8,0.00262878
RAYUSDT,2025-04-13T00:00Z,4.999999874e-05,0.0001,4,8,5.000000126e-05
RAYUSDT,2025-04-13T04:00Z,4.999999874e-05,0.0001,4,8,5.000000126e-05
RAYUSDT,2025-04-13T08:00Z,4.999999874e-05,0.0001,4,8,5.000000126e-05
RAYUSDT,2025-04-13T12:00Z,4.999999874e-05,0.0001,4,8,5.000000126e-05
RAYUSDT,2025-04-13T16:00Z,4.999999874e-05,0.0001,4,8,5.000000126e-05
RAYUSDT,2025-04-13T20:00Z,4.999999874e-05,0.0001,4,8,5.000000126e-05
RAYUSDT,2025-04-14T00:00Z,4.999999874e-05,0.0001,4,8,5.000000126e-05
RAYUSDT,2025-04-14T04:00Z,4.999999874e-05,0.0001,4,8,5.000000126e-05
RAYUSDT,2025-04-14T08:00Z,4.999999874e-05,0.0001,4,8,5.000000126e-05
RAYUSDT,2025-04-14T12:00Z,4.999999874e-05,0.0001,4,8,5.000000126e-05
RAYUSDT,2025-04-14T16:00Z,4.999999874e-05,0.0001,4,8,5.000000126e-05
KERNELUSDT,2025-04-14T20:00Z,-0.001585280057,-0.00048061,4,8,0.001104670057
RAYUSDT,2025-04-14T20:00Z,4.999999874e-05,0.0001,4,8,5.000000126e-05
RAYUSDT,2025-04-15T00:00Z,4.999999874e-05,0.0001,4,8,5.000000126e-05
RAYUSDT,2025-04-15T04:00Z,4.999999874e-05,0.0001,4,8,5.000000126e-05
RAYUSDT,2025-04-15T08:00Z,4.999999874e-05,0.0001,4,8,5.000000126e-05
RAYUSDT,2025-04-15T12:00Z,4.999999874e-05,0.0001,4,8,5.000000126e-05
RAYUSDT,2025-04-15T16:00Z,4.999999874e-05,0.0001,4,8,5.000000126e-05
WCTUSDT,2025-04-15T16:00Z,-0.001321219956,-0.00393612,4,8,0.002614900044
RAYUSDT,2025-04-15T20:00Z,4.999999874e-05,0.0001,4,8,5.000000126e-05
RAYUSDT,2025-04-16T00:00Z,4.999999874e-05,0.0001,4,8,5.000000126e-05
RAYUSDT,2025-04-16T04:00Z,4.999999874e-05,0.0001,4,8,5.000000126e-05
RAYUSDT,2025-04-16T08:00Z,4.999999874e-05,0.0001,4,8,5.000000126e-05
AERGOUSDT,2025-04-16T12:00Z,-0.01999999955,5e-05,4,4,0.02004999955
RAYUSDT,2025-04-16T12:00Z,4.999999874e-05,0.0001,4,8,5.000000126e-05
RAYUSDT,2025-04-16T16:00Z,4.999999874e-05,0.0001,4,8,5.000000126e-05
RAYUSDT,2025-04-16T20:00Z,4.999999874e-05,0.0001,4,8,5.000000126e-05
RAYUSDT,2025-04-17T00:00Z,4.999999874e-05,0.0001,4,8,5.000000126e-05
RAYUSDT,2025-04-17T04:00Z,4.999999874e-05,0.0001,4,8,5.000000126e-05
RAYUSDT,2025-04-17T08:00Z,4.999999874e-05,0.0001,4,8,5.000000126e-05
RAYUSDT,2025-04-17T12:00Z,4.999999874e-05,0.0001,4,8,5.000000126e-05
RAYUSDT,2025-04-17T16:00Z,4.999999874e-05,0.0001,4,8,5.000000126e-05
RAYUSDT,2025-04-17T20:00Z,4.999999874e-05,0.0001,4,8,5.000000126e-05
RAYUSDT,2025-04-18T00:00Z,4.999999874e-05,0.0001,4,8,5.000000126e-05
RAYUSDT,2025-04-18T04:00Z,4.999999874e-05,0.0001,4,8,5.000000126e-05
RAYUSDT,2025-04-18T08:00Z,4.999999874e-05,0.0001,4,8,5.000000126e-05
RAYUSDT,2025-04-18T12:00Z,4.999999874e-05,0.0001,4,8,5.000000126e-05
RAYUSDT,2025-04-18T16:00Z,4.999999874e-05,0.0001,4,8,5.000000126e-05
RAYUSDT,2025-04-18T20:00Z,4.999999874e-05,0.0001,4,8,5.000000126e-05
BANKUSDT,2025-04-19T00:00Z,0.002238200046,0.00027773,4,8,0.001960470046
RAYUSDT,2025-04-19T00:00Z,4.999999874e-05,0.0001,4,8,5.000000126e-05
RAYUSDT,2025-04-19T04:00Z,4.999999874e-05,0.0001,4,8,5.000000126e-05
RAYUSDT,2025-04-19T08:00Z,4.999999874e-05,0.0001,4,8,5.000000126e-05
RAYUSDT,2025-04-19T12:00Z,4.999999874e-05,0.0001,4,8,5.000000126e-05
RAYUSDT,2025-04-19T16:00Z,4.999999874e-05,0.0001,4,8,5.000000126e-05
RAYUSDT,2025-04-19T20:00Z,4.999999874e-05,0.0001,4,8,5.000000126e-05
RAYUSDT,2025-04-20T00:00Z,4.999999874e-05,0.0001,4,8,5.000000126e-05
RAYUSDT,2025-04-20T04:00Z,4.999999874e-05,0.0001,4,8,5.000000126e-05
RAYUSDT,2025-04-20T08:00Z,4.999999874e-05,0.0001,4,8,5.000000126e-05
BROCCOLIF3BUSDT,2025-04-20T12:00Z,0.00281198998,0.01011322,4,8,0.00730123002
NKNUSDT,2025-04-20T12:00Z,-0.01169759035,-0.01790626,4,8,0.006208669649
RAYUSDT,2025-04-20T12:00Z,4.999999874e-05,0.0001,4,8,5.000000126e-05
RAYUSDT,2025-04-20T16:00Z,4.999999874e-05,0.0001,4,8,5.000000126e-05
RAYUSDT,2025-04-20T20:00Z,4.999999874e-05,0.0001,4,8,5.000000126e-05
RAYUSDT,2025-04-21T00:00Z,4.999999874e-05,0.0001,4,8,5.000000126e-05
RAYUSDT,2025-04-21T04:00Z,4.999999874e-05,0.0001,4,8,5.000000126e-05
RAYUSDT,2025-04-21T08:00Z,4.999999874e-05,0.0001,4,8,5.000000126e-05
RAYUSDT,2025-04-21T12:00Z,4.999999874e-05,0.0001,4,8,5.000000126e-05
RAYUSDT,2025-04-21T16:00Z,4.999999874e-05,0.0001,4,8,5.000000126e-05
EPTUSDT,2025-04-21T20:00Z,-0.0005276100128,-0.00103329,4,8,0.0005056799872
MAGICUSDT,2025-04-21T20:00Z,-0.0218934603,-0.03,4,8,0.008106539696
RAYUSDT,2025-04-21T20:00Z,4.999999874e-05,0.0001,4,8,5.000000126e-05
RAYUSDT,2025-04-22T00:00Z,4.999999874e-05,0.0001,4,8,5.000000126e-05
RAYUSDT,2025-04-22T04:00Z,4.999999874e-05,0.0001,4,8,5.000000126e-05
RAYUSDT,2025-04-22T08:00Z,4.999999874e-05,0.0001,4,8,5.000000126e-05
RAYUSDT,2025-04-22T12:00Z,4.999999874e-05,0.0001,4,8,5.000000126e-05
DEEPUSDT,2025-04-22T16:00Z,-0.001330169966,-0.00145658,4,8,0.0001264100345
RAYUSDT,2025-04-22T16:00Z,4.999999874e-05,0.0001,4,8,5.000000126e-05
HYPERUSDT,2025-04-22T20:00Z,4.999999874e-05,-6.771e-05,4,8,0.0001177099987
RAYUSDT,2025-04-22T20:00Z,4.999999874e-05,0.0001,4,8,5.000000126e-05
RAYUSDT,2025-04-23T00:00Z,4.999999874e-05,0.0001,4,8,5.000000126e-05
RAYUSDT,2025-04-23T04:00Z,4.999999874e-05,0.0001,4,8,5.000000126e-05
RAYUSDT,2025-04-23T08:00Z,4.999999874e-05,0.0001,4,8,5.000000126e-05
RAYUSDT,2025-04-23T12:00Z,4.999999874e-05,0.0001,4,8,5.000000126e-05
RAYUSDT,2025-04-23T16:00Z,4.999999874e-05,0.0001,4,8,5.000000126e-05
RAYUSDT,2025-04-23T20:00Z,4.999999874e-05,0.0001,4,8,5.000000126e-05
RAYUSDT,2025-04-24T00:00Z,4.999999874e-05,0.0001,4,8,5.000000126e-05
RAYUSDT,2025-04-24T04:00Z,4.999999874e-05,0.0001,4,8,5.000000126e-05
RAYUSDT,2025-04-24T08:00Z,4.999999874e-05,0.0001,4,8,5.000000126e-05
RAYUSDT,2025-04-24T12:00Z,4.999999874e-05,0.0001,4,8,5.000000126e-05
RAYUSDT,2025-04-24T16:00Z,4.999999874e-05,0.0001,4,8,5.000000126e-05
RAYUSDT,2025-04-24T20:00Z,4.999999874e-05,0.0001,4,8,5.000000126e-05
RAYUSDT,2025-04-25T00:00Z,4.999999874e-05,0.0001,4,8,5.000000126e-05
RAYUSDT,2025-04-25T04:00Z,4.999999874e-05,0.0001,4,8,5.000000126e-05
RAYUSDT,2025-04-25T08:00Z,4.999999874e-05,0.0001,4,8,5.000000126e-05
MEMEFIUSDT,2025-04-25T12:00Z,0.0001605900034,5e-05,4,8,0.0001105900034
RAYUSDT,2025-04-25T12:00Z,4.999999874e-05,0.0001,4,8,5.000000126e-05
RAYUSDT,2025-04-25T16:00Z,4.999999874e-05,0.0001,4,8,5.000000126e-05
RAYUSDT,2025-04-25T20:00Z,4.999999874e-05,0.0001,4,8,5.000000126e-05
RAYUSDT,2025-04-26T00:00Z,4.999999874e-05,0.0001,4,8,5.000000126e-05
RAYUSDT,2025-04-26T04:00Z,4.999999874e-05,0.0001,4,8,5.000000126e-05
RAYUSDT,2025-04-26T08:00Z,4.999999874e-05,0.0001,4,8,5.000000126e-05
RAYUSDT,2025-04-26T12:00Z,4.999999874e-05,0.0001,4,8,5.000000126e-05
RAYUSDT,2025-04-26T16:00Z,4.999999874e-05,0.0001,4,8,5.000000126e-05
RAYUSDT,2025-04-26T20:00Z,4.999999874e-05,0.0001,4,8,5.000000126e-05
RAYUSDT,2025-04-27T00:00Z,4.999999874e-05,0.0001,4,8,5.000000126e-05
RAYUSDT,2025-04-27T04:00Z,4.999999874e-05,0.0001,4,8,5.000000126e-05
RAYUSDT,2025-04-27T08:00Z,4.999999874e-05,0.0001,4,8,5.000000126e-05
RAYUSDT,2025-04-27T12:00Z,4.999999874e-05,0.0001,4,8,5.000000126e-05
RAYUSDT,2025-04-27T16:00Z,4.999999874e-05,0.0001,4,8,5.000000126e-05
RAYUSDT,2025-04-27T20:00Z,4.999999874e-05,0.0001,4,8,5.000000126e-05
RAYUSDT,2025-04-28T00:00Z,4.999999874e-05,0.0001,4,8,5.000000126e-05
RAYUSDT,2025-04-28T04:00Z,4.999999874e-05,0.0001,4,8,5.000000126e-05
RAYUSDT,2025-04-28T08:00Z,4.999999874e-05,0.0001,4,8,5.000000126e-05
RAYUSDT,2025-04-28T12:00Z,4.999999874e-05,0.0001,4,8,5.000000126e-05
JSTUSDT,2025-04-28T16:00Z,4.999999874e-05,-9.557e-05,4,8,0.0001455699987
RAYUSDT,2025-04-28T16:00Z,4.999999874e-05,0.0001,4,8,5.000000126e-05
SIGNUSDT,2025-04-28T16:00Z,-9.028000204e-05,-0.00386046,4,8,0.003770179998
RAYUSDT,2025-04-28T20:00Z,4.999999874e-05,0.0001,4,8,5.000000126e-05
RAYUSDT,2025-04-29T00:00Z,4.999999874e-05,0.0001,4,8,5.000000126e-05
RAYUSDT,2025-04-29T04:00Z,4.999999874e-05,0.0001,4,8,5.000000126e-05
RAYUSDT,2025-04-29T08:00Z,4.999999874e-05,0.0001,4,8,5.000000126e-05
RAYUSDT,2025-04-29T12:00Z,4.999999874e-05,0.0001,4,8,5.000000126e-05
RAYUSDT,2025-04-29T16:00Z,4.999999874e-05,0.0001,4,8,5.000000126e-05
RAYUSDT,2025-04-29T20:00Z,4.999999874e-05,0.0001,4,8,5.000000126e-05
RAYUSDT,2025-04-30T00:00Z,4.999999874e-05,0.0001,4,8,5.000000126e-05
RAYUSDT,2025-04-30T04:00Z,4.999999874e-05,0.0001,4,8,5.000000126e-05
RAYUSDT,2025-04-30T08:00Z,4.999999874e-05,0.0001,4,8,5.000000126e-05
CTKUSDT,2025-04-30T12:00Z,4.999999874e-05,0.0001,4,8,5.000000126e-05
RAYUSDT,2025-04-30T12:00Z,4.999999874e-05,0.0001,4,8,5.000000126e-05
CTKUSDT,2025-04-30T16:00Z,4.999999874e-05,0.0001,4,8,5.000000126e-05
PUNDIXUSDT,2025-04-30T16:00Z,-0.002850709949,-0.00164167,4,8,0.001209039949
RAYUSDT,2025-04-30T16:00Z,4.999999874e-05,0.0001,4,8,5.000000126e-05
AIOTUSDT,2025-04-30T20:00Z,0.001018550014,0.00509555,4,8,0.004076999986
CTKUSDT,2025-04-30T20:00Z,4.999999874e-05,0.0001,4,8,5.000000126e-05
RAYUSDT,2025-04-30T20:00Z,4.999999874e-05,0.0001,4,8,5.000000126e-05
CTKUSDT,2025-05-01T00:00Z,4.999999874e-05,0.0001,4,8,5.000000126e-05
RAYUSDT,2025-05-01T00:00Z,4.999999874e-05,0.0001,4,8,5.000000126e-05
CTKUSDT,2025-05-01T04:00Z,4.999999874e-05,0.0001,4,8,5.000000126e-05
RAYUSDT,2025-05-01T04:00Z,4.999999874e-05,0.0001,4,8,5.000000126e-05
CTKUSDT,2025-05-01T08:00Z,4.999999874e-05,0.0001,4,8,5.000000126e-05
RAYUSDT,2025-05-01T08:00Z,4.999999874e-05,0.0001,4,8,5.000000126e-05
CTKUSDT,2025-05-01T12:00Z,4.999999874e-05,0.0001,4,8,5.000000126e-05
RAYUSDT,2025-05-01T12:00Z,4.999999874e-05,0.0001,4,8,5.000000126e-05
CTKUSDT,2025-05-01T16:00Z,4.999999874e-05,0.0001,4,8,5.000000126e-05
RAYUSDT,2025-05-01T16:00Z,4.999999874e-05,0.0001,4,8,5.000000126e-05
CTKUSDT,2025-05-01T20:00Z,4.999999874e-05,0.0001,4,8,5.000000126e-05
RAYUSDT,2025-05-01T20:00Z,4.999999874e-05,0.0001,4,8,5.000000126e-05
CTKUSDT,2025-05-02T00:00Z,4.999999874e-05,0.0001,4,8,5.000000126e-05
RAYUSDT,2025-05-02T00:00Z,4.999999874e-05,0.0001,4,8,5.000000126e-05
CTKUSDT,2025-05-02T04:00Z,4.999999874e-05,0.0001,4,8,5.000000126e-05
RAYUSDT,2025-05-02T04:00Z,4.999999874e-05,0.0001,4,8,5.000000126e-05
RAYUSDT,2025-05-02T08:00Z,4.999999874e-05,0.0001,4,8,5.000000126e-05
RAYUSDT,2025-05-02T12:00Z,4.999999874e-05,0.0001,4,8,5.000000126e-05
RAYUSDT,2025-05-02T16:00Z,4.999999874e-05,0.0001,4,8,5.000000126e-05
RAYUSDT,2025-05-02T20:00Z,4.999999874e-05,0.0001,4,8,5.000000126e-05
RAYUSDT,2025-05-03T00:00Z,4.999999874e-05,0.0001,4,8,5.000000126e-05
RAYUSDT,2025-05-03T04:00Z,4.999999874e-05,0.0001,4,8,5.000000126e-05
RAYUSDT,2025-05-03T08:00Z,4.999999874e-05,0.0001,4,8,5.000000126e-05
RAYUSDT,2025-05-03T12:00Z,4.999999874e-05,0.0001,4,8,5.000000126e-05
RAYUSDT,2025-05-03T16:00Z,4.999999874e-05,0.0001,4,8,5.000000126e-05
RAYUSDT,2025-05-03T20:00Z,4.999999874e-05,0.0001,4,8,5.000000126e-05
RAYUSDT,2025-05-04T00:00Z,4.999999874e-05,0.0001,4,8,5.000000126e-05
RAYUSDT,2025-05-04T04:00Z,4.999999874e-05,0.0001,4,8,5.000000126e-05
RAYUSDT,2025-05-04T08:00Z,4.999999874e-05,0.0001,4,8,5.000000126e-05
RAYUSDT,2025-05-04T12:00Z,4.999999874e-05,0.0001,4,8,5.000000126e-05
RAYUSDT,2025-05-04T16:00Z,4.999999874e-05,0.0001,4,8,5.000000126e-05
RAYUSDT,2025-05-04T20:00Z,4.999999874e-05,0.0001,4,8,5.000000126e-05
RAYUSDT,2025-05-05T00:00Z,4.999999874e-05,0.0001,4,8,5.000000126e-05
RAYUSDT,2025-05-05T04:00Z,4.999999874e-05,0.0001,4,8,5.000000126e-05
RAYUSDT,2025-05-05T08:00Z,4.999999874e-05,0.0001,4,8,5.000000126e-05
RAYUSDT,2025-05-05T12:00Z,4.999999874e-05,0.0001,4,8,5.000000126e-05
RAYUSDT,2025-05-05T16:00Z,4.999999874e-05,0.0001,4,8,5.000000126e-05
RAYUSDT,2025-05-05T20:00Z,4.999999874e-05,0.0001,4,8,5.000000126e-05
RAYUSDT,2025-05-06T00:00Z,4.999999874e-05,0.0001,4,8,5.000000126e-05
RAYUSDT,2025-05-06T04:00Z,4.999999874e-05,0.0001,4,8,5.000000126e-05
RAYUSDT,2025-05-06T08:00Z,4.999999874e-05,0.0001,4,8,5.000000126e-05
RAYUSDT,2025-05-06T12:00Z,4.999999874e-05,0.0001,4,8,5.000000126e-05
ALPINEUSDT,2025-05-06T16:00Z,4.999999874e-05,-0.0036337,4,8,0.003683699999
RAYUSDT,2025-05-06T16:00Z,4.999999874e-05,0.0001,4,8,5.000000126e-05
B2USDT,2025-05-06T20:00Z,0.001929259975,5e-05,4,8,0.001879259975
RAYUSDT,2025-05-06T20:00Z,4.999999874e-05,0.0001,4,8,5.000000126e-05
RAYUSDT,2025-05-07T00:00Z,4.999999874e-05,0.0001,4,8,5.000000126e-05
RAYUSDT,2025-05-07T04:00Z,4.999999874e-05,0.0001,4,8,5.000000126e-05
RAYUSDT,2025-05-07T08:00Z,4.999999874e-05,0.0001,4,8,5.000000126e-05
RAYUSDT,2025-05-07T12:00Z,4.999999874e-05,0.0001,4,8,5.000000126e-05
OBOLUSDT,2025-05-07T16:00Z,4.999999874e-05,-0.00255728,4,8,0.002607279999
RAYUSDT,2025-05-07T16:00Z,4.999999874e-05,0.0001,4,8,5.000000126e-05
RAYUSDT,2025-05-07T20:00Z,4.999999874e-05,0.0001,4,8,5.000000126e-05
RAYUSDT,2025-05-08T00:00Z,4.999999874e-05,0.0001,4,8,5.000000126e-05
RAYUSDT,2025-05-08T04:00Z,4.999999874e-05,0.0001,4,8,5.000000126e-05
RAYUSDT,2025-05-08T08:00Z,4.999999874e-05,0.0001,4,8,5.000000126e-05
RAYUSDT,2025-05-08T12:00Z,4.999999874e-05,0.0001,4,8,5.000000126e-05
RAYUSDT,2025-05-08T16:00Z,4.999999874e-05,0.0001,4,8,5.000000126e-05
RAYUSDT,2025-05-08T20:00Z,4.999999874e-05,0.0001,4,8,5.000000126e-05
RAYUSDT,2025-05-09T00:00Z,4.999999874e-05,0.0001,4,8,5.000000126e-05
RAYUSDT,2025-05-09T04:00Z,4.999999874e-05,0.0001,4,8,5.000000126e-05
RAYUSDT,2025-05-09T08:00Z,4.999999874e-05,0.0001,4,8,5.000000126e-05
RAYUSDT,2025-05-09T12:00Z,4.999999874e-05,0.0001,4,8,5.000000126e-05
RAYUSDT,2025-05-09T16:00Z,4.999999874e-05,0.0001,4,8,5.000000126e-05
DOODUSDT,2025-05-09T20:00Z,0.0004306799965,0.00105601,4,8,0.0006253300035
RAYUSDT,2025-05-09T20:00Z,4.999999874e-05,0.0001,4,8,5.000000126e-05
RAYUSDT,2025-05-10T00:00Z,4.999999874e-05,0.0001,4,8,5.000000126e-05
RAYUSDT,2025-05-10T04:00Z,4.999999874e-05,0.0001,4,8,5.000000126e-05
RAYUSDT,2025-05-10T08:00Z,4.999999874e-05,0.0001,4,8,5.000000126e-05
RAYUSDT,2025-05-10T12:00Z,4.999999874e-05,0.0001,4,8,5.000000126e-05
RAYUSDT,2025-05-10T16:00Z,4.999999874e-05,0.0001,4,8,5.000000126e-05
RAYUSDT,2025-05-10T20:00Z,4.999999874e-05,0.0001,4,8,5.000000126e-05
RAYUSDT,2025-05-11T00:00Z,4.999999874e-05,0.0001,4,8,5.000000126e-05
RAYUSDT,2025-05-11T04:00Z,4.999999874e-05,0.0001,4,8,5.000000126e-05
RAYUSDT,2025-05-11T08:00Z,4.999999874e-05,0.0001,4,8,5.000000126e-05
RAYUSDT,2025-05-11T12:00Z,4.999999874e-05,0.0001,4,8,5.000000126e-05
RAYUSDT,2025-05-11T16:00Z,4.999999874e-05,0.0001,4,8,5.000000126e-05
RAYUSDT,2025-05-11T20:00Z,4.999999874e-05,0.0001,4,8,5.000000126e-05
RAYUSDT,2025-05-12T00:00Z,4.999999874e-05,0.0001,4,8,5.000000126e-05
RAYUSDT,2025-05-12T04:00Z,4.999999874e-05,0.0001,4,8,5.000000126e-05
RAYUSDT,2025-05-12T08:00Z,4.999999874e-05,0.0001,4,8,5.000000126e-05
RAYUSDT,2025-05-12T12:00Z,4.999999874e-05,0.0001,4,8,5.000000126e-05
RAYUSDT,2025-05-12T16:00Z,4.999999874e-05,0.0001,4,8,5.000000126e-05
RAYUSDT,2025-05-12T20:00Z,4.999999874e-05,0.0001,4,8,5.000000126e-05
RAYUSDT,2025-05-13T00:00Z,4.999999874e-05,0.0001,4,8,5.000000126e-05
RAYUSDT,2025-05-13T04:00Z,4.999999874e-05,0.0001,4,8,5.000000126e-05
RAYUSDT,2025-05-13T08:00Z,4.999999874e-05,0.0001,4,8,5.000000126e-05
RAYUSDT,2025-05-13T12:00Z,4.999999874e-05,0.0001,4,8,5.000000126e-05
RAYUSDT,2025-05-13T16:00Z,4.999999874e-05,0.0001,4,8,5.000000126e-05
SKYAIUSDT,2025-05-13T16:00Z,0.000745819998,0.00046421,4,8,0.000281609998
RAYUSDT,2025-05-13T20:00Z,4.999999874e-05,0.0001,4,8,5.000000126e-05
RAYUSDT,2025-05-14T00:00Z,4.999999874e-05,0.0001,4,8,5.000000126e-05
RAYUSDT,2025-05-14T04:00Z,4.999999874e-05,0.0001,4,8,5.000000126e-05
RAYUSDT,2025-05-14T08:00Z,4.999999874e-05,0.0001,4,8,5.000000126e-05
RAYUSDT,2025-05-14T12:00Z,4.999999874e-05,0.0001,4,8,5.000000126e-05
RAYUSDT,2025-05-14T16:00Z,4.999999874e-05,0.0001,4,8,5.000000126e-05
RAYUSDT,2025-05-14T20:00Z,4.999999874e-05,0.0001,4,8,5.000000126e-05
RAYUSDT,2025-05-15T00:00Z,4.999999874e-05,0.0001,4,8,5.000000126e-05
RAYUSDT,2025-05-15T04:00Z,4.999999874e-05,0.0001,4,8,5.000000126e-05
RAYUSDT,2025-05-15T08:00Z,4.999999874e-05,0.0001,4,8,5.000000126e-05
NXPCUSDT,2025-05-15T12:00Z,-0.00334899989,-0.00843988,4,8,0.00509088011
RAYUSDT,2025-05-15T12:00Z,4.999999874e-05,0.0001,4,8,5.000000126e-05
RAYUSDT,2025-05-15T16:00Z,4.999999874e-05,0.0001,4,8,5.000000126e-05
RAYUSDT,2025-05-15T20:00Z,4.999999874e-05,0.0001,4,8,5.000000126e-05
RAYUSDT,2025-05-16T00:00Z,4.999999874e-05,0.0001,4,8,5.000000126e-05
RAYUSDT,2025-05-16T04:00Z,4.999999874e-05,0.0001,4,8,5.000000126e-05
RAYUSDT,2025-05-16T08:00Z,4.999999874e-05,0.0001,4,8,5.000000126e-05
CVCUSDT,2025-05-16T12:00Z,4.999999874e-05,0.0001,4,8,5.000000126e-05
RAYUSDT,2025-05-16T12:00Z,4.999999874e-05,0.0001,4,8,5.000000126e-05
CVCUSDT,2025-05-16T16:00Z,-0.0001676999964,0.0001,4,8,0.0002676999964
RAYUSDT,2025-05-16T16:00Z,4.999999874e-05,0.0001,4,8,5.000000126e-05
CVCUSDT,2025-05-16T20:00Z,-0.0002687299857,0.0001,4,8,0.0003687299857
RAYUSDT,2025-05-16T20:00Z,4.999999874e-05,0.0001,4,8,5.000000126e-05
CVCUSDT,2025-05-17T00:00Z,-6.641999789e-05,0.0001,4,8,0.0001664199979
RAYUSDT,2025-05-17T00:00Z,4.999999874e-05,0.0001,4,8,5.000000126e-05
CVCUSDT,2025-05-17T04:00Z,-0.0001537799981,0.0001,4,8,0.0002537799981
RAYUSDT,2025-05-17T04:00Z,4.999999874e-05,0.0001,4,8,5.000000126e-05
CVCUSDT,2025-05-17T08:00Z,4.999999874e-05,0.0001,4,8,5.000000126e-05
RAYUSDT,2025-05-17T08:00Z,4.999999874e-05,0.0001,4,8,5.000000126e-05
CVCUSDT,2025-05-17T12:00Z,-0.0004437000025,0.0001,4,8,0.0005437000025
RAYUSDT,2025-05-17T12:00Z,4.999999874e-05,0.0001,4,8,5.000000126e-05
CVCUSDT,2025-05-17T16:00Z,-0.0004034200101,0.0001,4,8,0.0005034200101
RAYUSDT,2025-05-17T16:00Z,4.999999874e-05,0.0001,4,8,5.000000126e-05
CVCUSDT,2025-05-17T20:00Z,-0.0002696799929,0.0001,4,8,0.0003696799929
RAYUSDT,2025-05-17T20:00Z,4.999999874e-05,0.0001,4,8,5.000000126e-05
CVCUSDT,2025-05-18T00:00Z,-0.0004834599968,0.0001,4,8,0.0005834599968
RAYUSDT,2025-05-18T00:00Z,4.999999874e-05,0.0001,4,8,5.000000126e-05
CVCUSDT,2025-05-18T04:00Z,-0.0001628900063,0.0001,4,8,0.0002628900063
RAYUSDT,2025-05-18T04:00Z,4.999999874e-05,0.0001,4,8,5.000000126e-05
CVCUSDT,2025-05-18T08:00Z,4.999999874e-05,0.0001,4,8,5.000000126e-05
RAYUSDT,2025-05-18T08:00Z,4.999999874e-05,0.0001,4,8,5.000000126e-05
CVCUSDT,2025-05-18T12:00Z,4.999999874e-05,0.0001,4,8,5.000000126e-05
RAYUSDT,2025-05-18T12:00Z,4.999999874e-05,0.0001,4,8,5.000000126e-05
CVCUSDT,2025-05-18T16:00Z,4.999999874e-05,0.0001,4,8,5.000000126e-05
RAYUSDT,2025-05-18T16:00Z,4.999999874e-05,0.0001,4,8,5.000000126e-05
CVCUSDT,2025-05-18T20:00Z,4.999999874e-05,0.0001,4,8,5.000000126e-05
RAYUSDT,2025-05-18T20:00Z,4.999999874e-05,0.0001,4,8,5.000000126e-05
CVCUSDT,2025-05-19T00:00Z,4.999999874e-05,0.0001,4,8,5.000000126e-05
RAYUSDT,2025-05-19T00:00Z,4.999999874e-05,0.0001,4,8,5.000000126e-05
CVCUSDT,2025-05-19T04:00Z,4.999999874e-05,0.0001,4,8,5.000000126e-05
RAYUSDT,2025-05-19T04:00Z,4.999999874e-05,0.0001,4,8,5.000000126e-05
CVCUSDT,2025-05-19T08:00Z,4.999999874e-05,0.0001,4,8,5.000000126e-05
RAYUSDT,2025-05-19T08:00Z,4.999999874e-05,0.0001,4,8,5.000000126e-05
CVCUSDT,2025-05-19T12:00Z,4.999999874e-05,0.0001,4,8,5.000000126e-05
RAYUSDT,2025-05-19T12:00Z,4.999999874e-05,0.0001,4,8,5.000000126e-05
CVCUSDT,2025-05-19T16:00Z,4.999999874e-05,0.0001,4,8,5.000000126e-05
RAYUSDT,2025-05-19T16:00Z,4.999999874e-05,0.0001,4,8,5.000000126e-05
CVCUSDT,2025-05-19T20:00Z,4.999999874e-05,0.0001,4,8,5.000000126e-05
RAYUSDT,2025-05-19T20:00Z,4.999999874e-05,0.0001,4,8,5.000000126e-05
CVCUSDT,2025-05-20T00:00Z,4.999999874e-05,0.0001,4,8,5.000000126e-05
RAYUSDT,2025-05-20T00:00Z,4.999999874e-05,0.0001,4,8,5.000000126e-05
CVCUSDT,2025-05-20T04:00Z,4.999999874e-05,0.0001,4,8,5.000000126e-05
RAYUSDT,2025-05-20T04:00Z,4.999999874e-05,0.0001,4,8,5.000000126e-05
CVCUSDT,2025-05-20T08:00Z,-6.703999679e-05,0.0001,4,8,0.0001670399968
RAYUSDT,2025-05-20T08:00Z,4.999999874e-05,0.0001,4,8,5.000000126e-05
CVCUSDT,2025-05-20T12:00Z,4.999999874e-05,0.0001,4,8,5.000000126e-05
RAYUSDT,2025-05-20T12:00Z,4.999999874e-05,0.0001,4,8,5.000000126e-05
AGTUSDT,2025-05-20T16:00Z,-0.0008549600025,-0.00024543,4,8,0.0006095300025
CVCUSDT,2025-05-20T16:00Z,-0.000126400002,0.0001,4,8,0.000226400002
RAYUSDT,2025-05-20T16:00Z,4.999999874e-05,0.0001,4,8,5.000000126e-05
CVCUSDT,2025-05-20T20:00Z,-0.0001026800019,5e-05,4,4,0.0001526800019
RAYUSDT,2025-05-20T20:00Z,4.999999874e-05,0.0001,4,8,5.000000126e-05
RAYUSDT,2025-05-21T00:00Z,4.999999874e-05,0.0001,4,8,5.000000126e-05
RAYUSDT,2025-05-21T04:00Z,4.999999874e-05,0.0001,4,8,5.000000126e-05
RAYUSDT,2025-05-21T08:00Z,4.999999874e-05,0.0001,4,8,5.000000126e-05
RAYUSDT,2025-05-21T12:00Z,4.999999874e-05,0.0001,4,8,5.000000126e-05
RAYUSDT,2025-05-21T16:00Z,4.999999874e-05,0.0001,4,8,5.000000126e-05
RAYUSDT,2025-05-21T20:00Z,4.999999874e-05,0.0001,4,8,5.000000126e-05
RAYUSDT,2025-05-22T00:00Z,4.999999874e-05,0.0001,4,8,5.000000126e-05
RAYUSDT,2025-05-22T04:00Z,4.999999874e-05,0.0001,4,8,5.000000126e-05
RAYUSDT,2025-05-22T08:00Z,4.999999874e-05,0.0001,4,8,5.000000126e-05
RAYUSDT,2025-05-22T12:00Z,4.999999874e-05,0.0001,4,8,5.000000126e-05
RAYUSDT,2025-05-22T16:00Z,4.999999874e-05,0.0001,4,8,5.000000126e-05
RAYUSDT,2025-05-22T20:00Z,4.999999874e-05,0.0001,4,8,5.000000126e-05
RAYUSDT,2025-05-23T00:00Z,4.999999874e-05,0.0001,4,8,5.000000126e-05
RAYUSDT,2025-05-23T04:00Z,4.999999874e-05,0.0001,4,8,5.000000126e-05
RAYUSDT,2025-05-23T08:00Z,4.999999874e-05,0.0001,4,8,5.000000126e-05
RAYUSDT,2025-05-23T12:00Z,4.999999874e-05,0.0001,4,8,5.000000126e-05
RAYUSDT,2025-05-23T16:00Z,4.999999874e-05,0.0001,4,8,5.000000126e-05
RAYUSDT,2025-05-23T20:00Z,4.999999874e-05,0.0001,4,8,5.000000126e-05
RAYUSDT,2025-05-24T00:00Z,4.999999874e-05,0.0001,4,8,5.000000126e-05
RAYUSDT,2025-05-24T04:00Z,4.999999874e-05,0.0001,4,8,5.000000126e-05
RAYUSDT,2025-05-24T08:00Z,4.999999874e-05,0.0001,4,8,5.000000126e-05
RAYUSDT,2025-05-24T12:00Z,4.999999874e-05,0.0001,4,8,5.000000126e-05
RAYUSDT,2025-05-24T16:00Z,4.999999874e-05,0.0001,4,8,5.000000126e-05
RAYUSDT,2025-05-24T20:00Z,4.999999874e-05,0.0001,4,8,5.000000126e-05
RAYUSDT,2025-05-25T00:00Z,4.999999874e-05,0.0001,4,8,5.000000126e-05
RAYUSDT,2025-05-25T04:00Z,4.999999874e-05,0.0001,4,8,5.000000126e-05
RAYUSDT,2025-05-25T08:00Z,4.999999874e-05,0.0001,4,8,5.000000126e-05
RAYUSDT,2025-05-25T12:00Z,4.999999874e-05,0.0001,4,8,5.000000126e-05
RAYUSDT,2025-05-25T16:00Z,4.999999874e-05,0.0001,4,8,5.000000126e-05
RAYUSDT,2025-05-25T20:00Z,4.999999874e-05,0.0001,4,8,5.000000126e-05
RAYUSDT,2025-05-26T00:00Z,4.999999874e-05,0.0001,4,8,5.000000126e-05
RAYUSDT,2025-05-26T04:00Z,4.999999874e-05,0.0001,4,8,5.000000126e-05
RAYUSDT,2025-05-26T08:00Z,4.999999874e-05,0.0001,4,8,5.000000126e-05
RAYUSDT,2025-05-26T12:00Z,4.999999874e-05,0.0001,4,8,5.000000126e-05
RAYUSDT,2025-05-26T16:00Z,4.999999874e-05,0.0001,4,8,5.000000126e-05
HUMAUSDT,2025-05-26T20:00Z,-0.0009135099826,-0.00265214,4,8,0.001738630017
RAYUSDT,2025-05-26T20:00Z,4.999999874e-05,0.0001,4,8,5.000000126e-05
RAYUSDT,2025-05-27T00:00Z,4.999999874e-05,0.0001,4,8,5.000000126e-05
RAYUSDT,2025-05-27T04:00Z,4.999999874e-05,0.0001,4,8,5.000000126e-05
RAYUSDT,2025-05-27T08:00Z,4.999999874e-05,0.0001,4,8,5.000000126e-05
RAYUSDT,2025-05-27T12:00Z,4.999999874e-05,0.0001,4,8,5.000000126e-05
RAYUSDT,2025-05-27T16:00Z,4.999999874e-05,0.0001,4,8,5.000000126e-05
RAYUSDT,2025-05-27T20:00Z,4.999999874e-05,0.0001,4,8,5.000000126e-05
RAYUSDT,2025-05-28T00:00Z,4.999999874e-05,0.0001,4,8,5.000000126e-05
RAYUSDT,2025-05-28T04:00Z,4.999999874e-05,0.0001,4,8,5.000000126e-05
RAYUSDT,2025-05-28T08:00Z,4.999999874e-05,0.0001,4,8,5.000000126e-05
RAYUSDT,2025-05-28T12:00Z,4.999999874e-05,0.0001,4,8,5.000000126e-05
RAYUSDT,2025-05-28T16:00Z,4.999999874e-05,0.0001,4,8,5.000000126e-05
RAYUSDT,2025-05-28T20:00Z,4.999999874e-05,0.0001,4,8,5.000000126e-05
SOPHUSDT,2025-05-28T20:00Z,-0.003104340052,-0.02,1,8,0.01689565995
RAYUSDT,2025-05-29T00:00Z,4.999999874e-05,0.0001,4,8,5.000000126e-05
RAYUSDT,2025-05-29T04:00Z,4.999999874e-05,0.0001,4,8,5.000000126e-05
RAYUSDT,2025-05-29T08:00Z,4.999999874e-05,0.0001,4,8,5.000000126e-05
RAYUSDT,2025-05-29T12:00Z,4.999999874e-05,0.0001,4,8,5.000000126e-05
MERLUSDT,2025-05-29T16:00Z,-0.0001631100022,-0.00043613,4,8,0.0002730199978
RAYUSDT,2025-05-29T16:00Z,4.999999874e-05,0.0001,4,8,5.000000126e-05
RAYUSDT,2025-05-29T20:00Z,4.999999874e-05,0.0001,4,8,5.000000126e-05
RAYUSDT,2025-05-30T00:00Z,4.999999874e-05,0.0001,4,8,5.000000126e-05
RAYUSDT,2025-05-30T04:00Z,4.999999874e-05,0.0001,4,8,5.000000126e-05
RAYUSDT,2025-05-30T08:00Z,4.999999874e-05,0.0001,4,8,5.000000126e-05
RAYUSDT,2025-05-30T12:00Z,4.999999874e-05,0.0001,4,8,5.000000126e-05
HYPEUSDT,2025-05-30T16:00Z,5.161000081e-05,5e-05,4,8,1.61000081e-06
RAYUSDT,2025-05-30T16:00Z,4.999999874e-05,0.0001,4,8,5.000000126e-05
RAYUSDT,2025-05-30T20:00Z,4.999999874e-05,0.0001,4,8,5.000000126e-05
RAYUSDT,2025-05-31T00:00Z,4.999999874e-05,0.0001,4,8,5.000000126e-05
RAYUSDT,2025-05-31T04:00Z,4.999999874e-05,0.0001,4,8,5.000000126e-05
RAYUSDT,2025-05-31T08:00Z,4.999999874e-05,0.0001,4,8,5.000000126e-05
RAYUSDT,2025-05-31T12:00Z,4.999999874e-05,0.0001,4,8,5.000000126e-05
RAYUSDT,2025-05-31T16:00Z,4.999999874e-05,0.0001,4,8,5.000000126e-05
RAYUSDT,2025-05-31T20:00Z,4.999999874e-05,0.0001,4,8,5.000000126e-05
RAYUSDT,2025-06-01T00:00Z,4.999999874e-05,0.0001,4,8,5.000000126e-05
RAYUSDT,2025-06-01T04:00Z,4.999999874e-05,0.0001,4,8,5.000000126e-05
RAYUSDT,2025-06-01T08:00Z,4.999999874e-05,0.0001,4,8,5.000000126e-05
RAYUSDT,2025-06-01T12:00Z,4.999999874e-05,0.0001,4,8,5.000000126e-05
RAYUSDT,2025-06-01T16:00Z,4.999999874e-05,0.0001,4,8,5.000000126e-05
RAYUSDT,2025-06-01T20:00Z,4.999999874e-05,0.0001,4,8,5.000000126e-05
RAYUSDT,2025-06-02T00:00Z,4.999999874e-05,0.0001,4,8,5.000000126e-05
RAYUSDT,2025-06-02T04:00Z,4.999999874e-05,0.0001,4,8,5.000000126e-05
RAYUSDT,2025-06-02T08:00Z,4.999999874e-05,0.0001,4,8,5.000000126e-05
RAYUSDT,2025-06-02T12:00Z,4.999999874e-05,0.0001,4,8,5.000000126e-05
RAYUSDT,2025-06-02T16:00Z,4.999999874e-05,0.0001,4,8,5.000000126e-05
RAYUSDT,2025-06-02T20:00Z,4.999999874e-05,0.0001,4,8,5.000000126e-05
RAYUSDT,2025-06-03T00:00Z,4.999999874e-05,0.0001,4,8,5.000000126e-05
RAYUSDT,2025-06-03T04:00Z,4.999999874e-05,0.0001,4,8,5.000000126e-05
RAYUSDT,2025-06-03T08:00Z,4.999999874e-05,0.0001,4,8,5.000000126e-05
RAYUSDT,2025-06-03T12:00Z,4.999999874e-05,0.0001,4,8,5.000000126e-05
BDXNUSDT,2025-06-03T16:00Z,0.0001851700072,0.00020995,4,8,2.477999283e-05
RAYUSDT,2025-06-03T16:00Z,4.999999874e-05,0.0001,4,8,5.000000126e-05
RAYUSDT,2025-06-03T20:00Z,4.999999874e-05,0.0001,4,8,5.000000126e-05
RAYUSDT,2025-06-04T00:00Z,4.999999874e-05,0.0001,4,8,5.000000126e-05
RAYUSDT,2025-06-04T04:00Z,4.999999874e-05,0.0001,4,8,5.000000126e-05
RAYUSDT,2025-06-04T08:00Z,4.999999874e-05,0.0001,4,8,5.000000126e-05
RAYUSDT,2025-06-04T12:00Z,4.999999874e-05,0.0001,4,8,5.000000126e-05
RAYUSDT,2025-06-04T16:00Z,4.999999874e-05,0.0001,4,8,5.000000126e-05
RAYUSDT,2025-06-04T20:00Z,4.999999874e-05,0.0001,4,8,5.000000126e-05
RAYUSDT,2025-06-05T00:00Z,4.999999874e-05,0.0001,4,8,5.000000126e-05
RAYUSDT,2025-06-05T04:00Z,4.999999874e-05,0.0001,4,8,5.000000126e-05
RAYUSDT,2025-06-05T08:00Z,4.999999874e-05,0.0001,4,8,5.000000126e-05
RAYUSDT,2025-06-05T12:00Z,4.999999874e-05,0.0001,4,8,5.000000126e-05
RAYUSDT,2025-06-05T16:00Z,4.999999874e-05,0.0001,4,8,5.000000126e-05
RAYUSDT,2025-06-05T20:00Z,4.999999874e-05,0.0001,4,8,5.000000126e-05
RVNUSDT,2025-06-05T20:00Z,-0.004128030036,-0.02,1,8,0.01587196996
RAYUSDT,2025-06-06T00:00Z,4.999999874e-05,0.0001,4,8,5.000000126e-05
RAYUSDT,2025-06-06T04:00Z,4.999999874e-05,0.0001,4,8,5.000000126e-05
RAYUSDT,2025-06-06T08:00Z,4.999999874e-05,0.0001,4,8,5.000000126e-05
RAYUSDT,2025-06-06T12:00Z,4.999999874e-05,0.0001,4,8,5.000000126e-05
RAYUSDT,2025-06-06T16:00Z,4.999999874e-05,0.0001,4,8,5.000000126e-05
RAYUSDT,2025-06-06T20:00Z,4.999999874e-05,0.0001,4,8,5.000000126e-05
RAYUSDT,2025-06-07T00:00Z,4.999999874e-05,0.0001,4,8,5.000000126e-05
MASKUSDT,2025-06-07T04:00Z,-0.00266858004,-0.0075,1,8,0.00483141996
RAYUSDT,2025-06-07T04:00Z,4.999999874e-05,0.0001,4,8,5.000000126e-05
RAYUSDT,2025-06-07T08:00Z,4.999999874e-05,0.0001,4,8,5.000000126e-05
RAYUSDT,2025-06-07T12:00Z,4.999999874e-05,0.0001,4,8,5.000000126e-05
RAYUSDT,2025-06-07T16:00Z,4.999999874e-05,0.0001,4,8,5.000000126e-05
RAYUSDT,2025-06-07T20:00Z,4.999999874e-05,0.0001,4,8,5.000000126e-05
RAYUSDT,2025-06-08T00:00Z,4.999999874e-05,0.0001,4,8,5.000000126e-05
RAYUSDT,2025-06-08T04:00Z,4.999999874e-05,0.0001,4,8,5.000000126e-05
RAYUSDT,2025-06-08T08:00Z,4.999999874e-05,0.0001,4,8,5.000000126e-05
RAYUSDT,2025-06-08T12:00Z,4.999999874e-05,0.0001,4,8,5.000000126e-05
RAYUSDT,2025-06-08T16:00Z,4.999999874e-05,0.0001,4,8,5.000000126e-05
RAYUSDT,2025-06-08T20:00Z,4.999999874e-05,0.0001,4,8,5.000000126e-05
RAYUSDT,2025-06-09T00:00Z,4.999999874e-05,0.0001,4,8,5.000000126e-05
RAYUSDT,2025-06-09T04:00Z,4.999999874e-05,0.0001,4,8,5.000000126e-05
RAYUSDT,2025-06-09T08:00Z,4.999999874e-05,0.0001,4,8,5.000000126e-05
RAYUSDT,2025-06-09T12:00Z,4.999999874e-05,0.0001,4,8,5.000000126e-05
RAYUSDT,2025-06-09T16:00Z,4.999999874e-05,0.0001,4,8,5.000000126e-05
SKATEUSDT,2025-06-09T16:00Z,-0.0004730199871,-0.00314199,4,8,0.002668970013
RAYUSDT,2025-06-09T20:00Z,4.999999874e-05,0.0001,4,8,5.000000126e-05
RAYUSDT,2025-06-10T00:00Z,4.999999874e-05,0.0001,4,8,5.000000126e-05
RAYUSDT,2025-06-10T04:00Z,4.999999874e-05,0.0001,4,8,5.000000126e-05
RAYUSDT,2025-06-10T08:00Z,4.999999874e-05,0.0001,4,8,5.000000126e-05
RAYUSDT,2025-06-10T12:00Z,4.999999874e-05,0.0001,4,8,5.000000126e-05
HOMEUSDT,2025-06-10T16:00Z,-0.004191080108,-0.01658437,4,8,0.01239328989
RAYUSDT,2025-06-10T16:00Z,4.999999874e-05,0.0001,4,8,5.000000126e-05
RAYUSDT,2025-06-10T20:00Z,4.999999874e-05,0.0001,4,8,5.000000126e-05
RAYUSDT,2025-06-11T00:00Z,4.999999874e-05,0.0001,4,8,5.000000126e-05
RAYUSDT,2025-06-11T04:00Z,4.999999874e-05,0.0001,4,8,5.000000126e-05
RAYUSDT,2025-06-11T08:00Z,4.999999874e-05,0.0001,4,8,5.000000126e-05
RAYUSDT,2025-06-11T12:00Z,4.999999874e-05,0.0001,4,8,5.000000126e-05
RAYUSDT,2025-06-11T16:00Z,4.999999874e-05,0.0001,4,8,5.000000126e-05
RAYUSDT,2025-06-11T20:00Z,4.999999874e-05,0.0001,4,8,5.000000126e-05
RAYUSDT,2025-06-12T00:00Z,4.999999874e-05,0.0001,4,8,5.000000126e-05
RAYUSDT,2025-06-12T04:00Z,4.999999874e-05,0.0001,4,8,5.000000126e-05
RAYUSDT,2025-06-12T08:00Z,4.999999874e-05,0.0001,4,8,5.000000126e-05
RAYUSDT,2025-06-12T12:00Z,4.999999874e-05,0.0001,4,8,5.000000126e-05
RAYUSDT,2025-06-12T16:00Z,4.999999874e-05,0.0001,4,8,5.000000126e-05
RAYUSDT,2025-06-12T20:00Z,4.999999874e-05,0.0001,4,8,5.000000126e-05
RAYUSDT,2025-06-13T00:00Z,4.999999874e-05,0.0001,4,8,5.000000126e-05
RAYUSDT,2025-06-13T04:00Z,4.999999874e-05,0.0001,4,8,5.000000126e-05
RAYUSDT,2025-06-13T08:00Z,4.999999874e-05,0.0001,4,8,5.000000126e-05
RAYUSDT,2025-06-13T12:00Z,4.999999874e-05,0.0001,4,8,5.000000126e-05
RAYUSDT,2025-06-13T16:00Z,4.999999874e-05,0.0001,4,8,5.000000126e-05
RAYUSDT,2025-06-13T20:00Z,4.999999874e-05,0.0001,4,8,5.000000126e-05
RAYUSDT,2025-06-14T00:00Z,4.999999874e-05,0.0001,4,8,5.000000126e-05
RAYUSDT,2025-06-14T04:00Z,4.999999874e-05,0.0001,4,8,5.000000126e-05
RAYUSDT,2025-06-14T08:00Z,4.999999874e-05,0.0001,4,8,5.000000126e-05
RAYUSDT,2025-06-14T12:00Z,4.999999874e-05,0.0001,4,8,5.000000126e-05
RAYUSDT,2025-06-14T16:00Z,4.999999874e-05,0.0001,4,8,5.000000126e-05
RAYUSDT,2025-06-14T20:00Z,4.999999874e-05,0.0001,4,8,5.000000126e-05
RAYUSDT,2025-06-15T00:00Z,4.999999874e-05,0.0001,4,8,5.000000126e-05
RAYUSDT,2025-06-15T04:00Z,4.999999874e-05,0.0001,4,8,5.000000126e-05
RAYUSDT,2025-06-15T08:00Z,4.999999874e-05,0.0001,4,8,5.000000126e-05
RAYUSDT,2025-06-15T12:00Z,4.999999874e-05,0.0001,4,8,5.000000126e-05
RAYUSDT,2025-06-15T16:00Z,4.999999874e-05,0.0001,4,8,5.000000126e-05
RAYUSDT,2025-06-15T20:00Z,4.999999874e-05,0.0001,4,8,5.000000126e-05
RAYUSDT,2025-06-16T00:00Z,4.999999874e-05,0.0001,4,8,5.000000126e-05
RAYUSDT,2025-06-16T04:00Z,4.999999874e-05,0.0001,4,8,5.000000126e-05
RAYUSDT,2025-06-16T08:00Z,4.999999874e-05,0.0001,4,8,5.000000126e-05
RAYUSDT,2025-06-16T12:00Z,4.999999874e-05,0.0001,4,8,5.000000126e-05
RAYUSDT,2025-06-16T16:00Z,4.999999874e-05,0.0001,4,8,5.000000126e-05
RAYUSDT,2025-06-16T20:00Z,4.999999874e-05,0.0001,4,8,5.000000126e-05
RAYUSDT,2025-06-17T00:00Z,4.999999874e-05,0.0001,4,8,5.000000126e-05
RAYUSDT,2025-06-17T04:00Z,4.999999874e-05,0.0001,4,8,5.000000126e-05
RAYUSDT,2025-06-17T08:00Z,4.999999874e-05,0.0001,4,8,5.000000126e-05
RAYUSDT,2025-06-17T12:00Z,4.999999874e-05,0.0001,4,8,5.000000126e-05
RAYUSDT,2025-06-17T16:00Z,4.999999874e-05,0.0001,4,8,5.000000126e-05
SPKUSDT,2025-06-17T16:00Z,-0.007609040011,-0.01138768,4,8,0.003778639989
RAYUSDT,2025-06-17T20:00Z,4.999999874e-05,0.0001,4,8,5.000000126e-05
RAYUSDT,2025-06-18T00:00Z,4.999999874e-05,0.0001,4,8,5.000000126e-05
RAYUSDT,2025-06-18T04:00Z,4.999999874e-05,0.0001,4,8,5.000000126e-05
RAYUSDT,2025-06-18T08:00Z,4.999999874e-05,0.0001,4,8,5.000000126e-05
RAYUSDT,2025-06-18T12:00Z,4.999999874e-05,0.0001,4,8,5.000000126e-05
RAYUSDT,2025-06-18T16:00Z,4.999999874e-05,0.0001,4,8,5.000000126e-05
RAYUSDT,2025-06-18T20:00Z,4.999999874e-05,0.0001,4,8,5.000000126e-05
RAYUSDT,2025-06-19T00:00Z,4.999999874e-05,0.0001,4,8,5.000000126e-05
RAYUSDT,2025-06-19T04:00Z,4.999999874e-05,0.0001,4,8,5.000000126e-05
RAYUSDT,2025-06-19T08:00Z,4.999999874e-05,0.0001,4,8,5.000000126e-05
RAYUSDT,2025-06-19T12:00Z,4.999999874e-05,0.0001,4,8,5.000000126e-05
RAYUSDT,2025-06-19T16:00Z,4.999999874e-05,0.0001,4,8,5.000000126e-05
RAYUSDT,2025-06-19T20:00Z,4.999999874e-05,0.0001,4,8,5.000000126e-05
HUSDT,2025-06-25T16:00Z,-0.002168169944,-0.00540669,4,8,0.003238520056
BULLAUSDT,2025-07-04T16:00Z,-0.0002238400048,-0.00091281,4,8,0.0006889699952
IDOLUSDT,2025-07-04T16:00Z,4.999999874e-05,-0.00402844,4,8,0.004078439999
MUSDT,2025-07-07T16:00Z,4.999999874e-05,-0.00796395,4,8,0.008013949999
TANSSIUSDT,2025-07-09T16:00Z,0.0001322699973,-0.0005629,4,8,0.0006951699973
AINUSDT,2025-07-10T16:00Z,0.000601799984,0.00061844,4,8,1.6640016e-05
CROSSUSDT,2025-07-10T16:00Z,4.999999874e-05,-0.00044462,4,8,0.0004946199987
CUSDT,2025-07-15T16:00Z,4.999999874e-05,-0.00137735,4,8,0.001427349999
TACUSDT,2025-07-15T16:00Z,4.999999874e-05,-0.00215101,4,8,0.002201009999
VELVETUSDT,2025-07-15T16:00Z,0.001110809972,0.00096593,4,8,0.0001448799716
XTZUSDT,2025-07-20T12:00Z,-0.001950590056,-0.0075,1,8,0.005549409944
TAUSDT,2025-07-21T12:00Z,0.001349200029,0.00112012,4,8,0.0002290800289
CVXUSDT,2025-07-23T12:00Z,-0.001015300048,0.0001,4,8,0.001115300048
SLPUSDT,2025-07-23T12:00Z,4.678999903e-05,5e-05,4,4,3.210000967e-06
CVXUSDT,2025-07-23T16:00Z,4.999999874e-05,0.0001,4,8,5.000000126e-05
SLPUSDT,2025-07-23T16:00Z,3.396000102e-05,5e-05,4,4,1.603999898e-05
CVXUSDT,2025-07-23T20:00Z,4.999999874e-05,0.0001,4,8,5.000000126e-05
CVXUSDT,2025-07-24T00:00Z,4.999999874e-05,0.0001,4,8,5.000000126e-05
CVXUSDT,2025-07-24T04:00Z,4.999999874e-05,0.0001,4,8,5.000000126e-05
CVXUSDT,2025-07-24T08:00Z,4.999999874e-05,0.0001,4,8,5.000000126e-05
CVXUSDT,2025-07-24T12:00Z,4.999999874e-05,0.0001,4,8,5.000000126e-05
CVXUSDT,2025-07-24T16:00Z,4.428000102e-05,0.0001,4,8,5.571999898e-05
SLPUSDT,2025-07-24T16:00Z,-0.0002846900024,5e-05,4,4,0.0003346900024
CVXUSDT,2025-07-24T20:00Z,4.999999874e-05,0.0001,4,8,5.000000126e-05
CVXUSDT,2025-07-25T00:00Z,4.999999874e-05,0.0001,4,8,5.000000126e-05
CVXUSDT,2025-07-25T04:00Z,4.999999874e-05,0.0001,4,8,5.000000126e-05
CVXUSDT,2025-07-25T08:00Z,4.999999874e-05,0.0001,4,8,5.000000126e-05
SLPUSDT,2025-07-25T12:00Z,-0.000231020007,5e-05,4,4,0.000281020007
SLPUSDT,2025-07-25T16:00Z,-0.0004372000112,5e-05,4,4,0.0004872000112
TAGUSDT,2025-07-25T16:00Z,4.999999874e-05,-0.00206702,4,8,0.002117019999
SLPUSDT,2025-07-26T04:00Z,-0.0005160199944,5e-05,4,4,0.0005660199944
SLPUSDT,2025-07-26T20:00Z,-3.477000064e-05,5e-05,4,4,8.477000064e-05
ESPORTSUSDT,2025-07-29T16:00Z,4.999999874e-05,0.00048202,4,8,0.0004320200013
TOWNSUSDT,2025-08-05T20:00Z,-0.0008603699971,-0.00723918,4,8,0.006378810003
INUSDT,2025-08-07T16:00Z,0.0007356900023,5e-05,4,8,0.0006856900023
AIOUSDT,2025-08-13T16:00Z,0.0004166300059,0.00344247,4,8,0.003025839994
XNYUSDT,2025-08-13T16:00Z,0.0006957000005,0.00479757,4,8,0.004101869999
CUDISUSDT,2025-08-20T16:00Z,-0.0005422100076,0.00010067,4,8,0.0006428800076
SAPIENUSDT,2025-08-21T00:00Z,4.999999874e-05,0.00181852,4,8,0.001768520001
BASUSDT,2025-08-26T20:00Z,0.001343789976,5e-05,4,8,0.001293789976
BTRUSDT,2025-08-27T16:00Z,0.0008290500264,0.00115693,4,8,0.0003278799736
QUSDT,2025-09-02T12:00Z,0.0005634399713,0.0011272,4,8,0.0005637600287
ARIAUSDT,2025-09-03T16:00Z,4.999999874e-05,-0.00095018,4,8,0.001000179999
TAKEUSDT,2025-09-03T16:00Z,0.001193220029,0.00086995,4,8,0.0003232700287
FLOCKUSDT,2025-09-09T12:00Z,-0.006375770085,5e-05,4,8,0.006425770085
SKYUSDT,2025-09-09T12:00Z,4.999999874e-05,0.0004033,4,8,0.0003533000013
UBUSDT,2025-09-12T16:00Z,0.001116369967,0.00121216,4,8,9.579003265e-05
STBLUSDT,2025-09-17T12:00Z,0.001889039995,0.00236631,4,8,0.0004772700049
TOSHIUSDT,2025-09-17T12:00Z,-0.006899259984,-0.01271771,4,8,0.005818450016
BLESSUSDT,2025-09-23T16:00Z,0.001476729987,0.00123285,4,8,0.0002438799872
FLUIDUSDT,2025-09-24T16:00Z,-0.0001816000004,-0.00514601,4,8,0.00496441
COAIUSDT,2025-09-25T12:00Z,-0.0009296599892,-9.763e-05,4,8,0.0008320299892
HANAUSDT,2025-09-26T16:00Z,0.003253909992,-0.00351358,4,8,0.006767489992
XANUSDT,2025-09-29T16:00Z,0.00105471001,0.0007231,4,8,0.0003316100101
EVAAUSDT,2025-10-03T16:00Z,0.00133533997,0.00011434,4,8,0.00122099997
LYNUSDT,2025-10-06T12:00Z,0.0004680000129,-0.02,1,8,0.02046800001
4USDT,2025-10-08T16:00Z,0.002651409945,0.00431728,4,8,0.001665870055
GIGGLEUSDT,2025-10-09T16:00Z,0.002422909951,0.00229427,4,8,0.0001286399508
ZBTUSDT,2025-10-17T16:00Z,-0.004475339781,-0.02,1,8,0.01552466022
LABUSDT,2025-10-17T20:00Z,4.999999874e-05,0.00119079,4,8,0.001140790001
RIVERUSDT,2025-10-17T20:00Z,0.0005480599939,-0.00606611,4,8,0.006614169994
BLUAIUSDT,2025-10-21T16:00Z,0.001437810017,-0.00112044,4,8,0.002558250017
42USDT,2025-10-27T16:00Z,0.0001209399998,-0.00095799,4,8,0.00107893
ATUSDT,2025-10-29T16:00Z,-0.002619629959,-0.01320805,4,8,0.01058842004
UAIUSDT,2025-11-06T16:00Z,0.0001914400054,-0.00015507,4,8,0.0003465100054
KAVAUSDT,2025-11-09T12:00Z,-0.003884359961,-0.02,1,8,0.01611564004
PIEVERSEUSDT,2025-11-14T16:00Z,4.999999874e-05,-0.00064386,4,8,0.0006938599987
BOBUSDT,2025-11-21T16:00Z,-0.0008071699995,-0.00163329,4,8,0.0008261200005
SKLUSDT,2025-11-29T20:00Z,-0.001320539974,-0.02,1,8,0.01867946003
RLSUSDT,2025-12-02T16:00Z,0.00045657999,-0.00055601,4,8,0.00101258999
LUNA2USDT,2025-12-05T20:00Z,-0.0025798399,-0.02,1,8,0.0174201601
POWERUSDT,2025-12-06T16:00Z,0.0001669500052,0.00072333,4,8,0.0005563799948
WETUSDT,2025-12-10T12:00Z,-0.00144018,5e-05,4,8,0.00149018
NIGHTUSDT,2025-12-10T16:00Z,-0.004056829959,-0.00176273,4,8,0.002294099959
LRCUSDT,2025-12-11T04:00Z,-0.003753920086,-0.02,1,8,0.01624607991
CYSUSDT,2025-12-12T16:00Z,0.0004092100135,0.00114069,4,8,0.0007314799865
USUSDT,2025-12-12T16:00Z,-0.001368470024,-9.626e-05,4,8,0.001272210024
RAVEUSDT,2025-12-14T20:00Z,-0.01587779075,-0.01313238,4,8,0.002745410749
GUAUSDT,2025-12-21T16:00Z,-0.0005420600064,-0.01292586,4,8,0.01238379999
IRUSDT,2025-12-21T16:00Z,-0.002537440043,-0.01318388,4,8,0.01064643996
ZKPUSDT,2025-12-21T16:00Z,4.999999874e-05,0.00018131,4,8,0.0001313100013
LITUSDT,2025-12-23T20:00Z,4.999999874e-05,0.0001,4,8,5.000000126e-05
LITUSDT,2025-12-24T00:00Z,4.999999874e-05,0.0001,4,8,5.000000126e-05
LITUSDT,2025-12-24T04:00Z,4.999999874e-05,0.0001,4,8,5.000000126e-05
LITUSDT,2025-12-24T08:00Z,4.999999874e-05,0.0001,4,8,5.000000126e-05
FLOWUSDT,2025-12-27T20:00Z,-0.001004450023,-0.02,1,8,0.01899554998
ONTUSDT,2025-12-27T20:00Z,-0.000544850016,-0.02,1,8,0.01945514998
STORJUSDT,2025-12-28T04:00Z,-0.0003140800109,-0.02,1,8,0.01968591999
ZRXUSDT,2025-12-30T12:00Z,-0.005181130022,-0.02,1,8,0.01481886998
COLLECTUSDT,2025-12-31T20:00Z,0.001974409912,0.00141422,4,8,0.0005601899118
GMTUSDT,2026-01-09T20:00Z,-0.0003950799874,-0.02,1,8,0.01960492001
SPORTFUNUSDT,2026-01-16T20:00Z,-0.001574250055,-0.00109044,4,8,0.0004838100545
AXSUSDT,2026-01-17T20:00Z,-0.0004792399995,-0.02,1,8,0.01952076
DUSKUSDT,2026-01-19T12:00Z,-0.002217710018,-0.02,1,8,0.01778228998
AIAUSDT,2026-01-20T08:00Z,4.999999874e-05,0.00060939,4,1,0.0005593900013
ACUUSDT,2026-01-21T20:00Z,-0.0003991500125,-0.0008647,4,8,0.0004655499875
ELSAUSDT,2026-01-22T12:00Z,-0.001489900053,-0.02,1,8,0.01851009995
SKRUSDT,2026-01-22T16:00Z,-0.002850889927,-0.00041244,4,8,0.002438449927
SPACEUSDT,2026-01-23T16:00Z,0.001029770006,0.0003795,4,8,0.0006502700064
BIRBUSDT,2026-01-29T12:00Z,-0.01405317988,-0.01394171,4,8,0.0001114698825
GWEIUSDT,2026-01-29T12:00Z,-0.0001745399932,5e-05,4,8,0.0002245399932
INXUSDT,2026-01-31T00:00Z,-0.0001467399998,-0.00221222,4,8,0.00206548
ZILUSDT,2026-02-02T20:00Z,-0.002866880037,-0.02,1,8,0.01713311996
ROBOUSDT,2026-02-27T16:00Z,-5.210000018e-05,0.0001593,4,8,0.0002114000002
ALICEUSDT,2026-02-28T04:00Z,-0.0002341100044,-0.02,1,8,0.01976589
TLMUSDT,2026-03-02T04:00Z,1.249999968e-05,-0.02,1,8,0.0200125
ICXUSDT,2026-03-11T12:00Z,-0.0008253100095,-0.02,1,8,0.01917468999
OGNUSDT,2026-03-12T04:00Z,-0.0008709799731,-0.02,1,8,0.01912902003
CFGUSDT,2026-03-16T20:00Z,-0.003162340028,-0.00924837,4,8,0.006086029972
ANKRUSDT,2026-03-18T12:00Z,-0.001361830044,-0.02,1,8,0.01863816996
ENJUSDT,2026-03-18T12:00Z,-0.006336119957,-0.02,1,8,0.01366388004
RDNTUSDT,2026-03-21T20:00Z,-0.001132310019,-0.02,1,8,0.01886768998
ORDERUSDT,2026-03-22T12:00Z,-0.0009284400148,-0.02,1,8,0.01907155999
BSBUSDT,2026-03-25T16:00Z,0.0001207899986,5e-05,4,8,7.078999862e-05
XAUTUSDT,2026-03-26T20:00Z,-5.153999882e-05,-6.51e-06,4,8,4.502999882e-05
BLURUSDT,2026-04-01T12:00Z,-0.004323970061,-0.02,1,8,0.01567602994
GENIUSUSDT,2026-04-16T08:00Z,4.999999874e-05,0.00184899,4,8,0.001798990001
OPGUSDT,2026-04-22T20:00Z,0.0002346999972,0.00031724,4,8,8.254000276e-05
BDXNUSDT,2026-04-28T12:00Z,4.999999874e-05,0.0046011,8,4,0.004551100001
BDXNUSDT,2026-04-28T16:00Z,4.999999874e-05,0.0046011,4,4,0.004551100001
BDXNUSDT,2026-04-28T20:00Z,4.999999874e-05,0.0046011,4,4,0.004551100001
BDXNUSDT,2026-04-29T00:00Z,4.999999874e-05,0.0046011,4,4,0.004551100001
BDXNUSDT,2026-04-29T04:00Z,4.999999874e-05,0.0046011,4,4,0.004551100001
BDXNUSDT,2026-04-29T08:00Z,4.999999874e-05,0.0046011,4,4,0.004551100001
BDXNUSDT,2026-04-29T12:00Z,4.999999874e-05,0.0046011,4,4,0.004551100001
BDXNUSDT,2026-04-29T16:00Z,4.999999874e-05,0.0046011,4,4,0.004551100001
AIGENSYNUSDT,2026-04-29T20:00Z,0.001645650016,0.00059543,4,8,0.001050220016
BDXNUSDT,2026-04-29T20:00Z,4.999999874e-05,0.0046011,4,4,0.004551100001
BDXNUSDT,2026-04-30T00:00Z,4.999999874e-05,0.0046011,4,4,0.004551100001
BDXNUSDT,2026-04-30T04:00Z,4.999999874e-05,0.0046011,4,4,0.004551100001
BDXNUSDT,2026-04-30T08:00Z,4.999999874e-05,0.0046011,4,4,0.004551100001
BDXNUSDT,2026-04-30T12:00Z,4.999999874e-05,0.0046011,4,4,0.004551100001
BDXNUSDT,2026-04-30T16:00Z,4.999999874e-05,0.0046011,4,4,0.004551100001
BDXNUSDT,2026-04-30T20:00Z,4.999999874e-05,0.0046011,4,4,0.004551100001
BDXNUSDT,2026-05-01T00:00Z,4.999999874e-05,0.0046011,4,4,0.004551100001
BDXNUSDT,2026-05-01T04:00Z,4.999999874e-05,0.0046011,4,4,0.004551100001
BDXNUSDT,2026-05-01T08:00Z,4.999999874e-05,0.0046011,4,4,0.004551100001
BDXNUSDT,2026-05-01T12:00Z,4.999999874e-05,0.0046011,4,4,0.004551100001
BDXNUSDT,2026-05-01T16:00Z,4.999999874e-05,0.0046011,4,4,0.004551100001
BDXNUSDT,2026-05-01T20:00Z,4.999999874e-05,0.0046011,4,4,0.004551100001
BDXNUSDT,2026-05-02T00:00Z,4.999999874e-05,0.0046011,4,4,0.004551100001
BDXNUSDT,2026-05-02T04:00Z,4.999999874e-05,0.0046011,4,4,0.004551100001
BDXNUSDT,2026-05-02T08:00Z,4.999999874e-05,0.0046011,4,4,0.004551100001
BDXNUSDT,2026-05-02T12:00Z,4.999999874e-05,0.0046011,4,4,0.004551100001
BDXNUSDT,2026-05-02T16:00Z,4.999999874e-05,0.0046011,4,4,0.004551100001
BDXNUSDT,2026-05-02T20:00Z,4.999999874e-05,0.0046011,4,4,0.004551100001
BDXNUSDT,2026-05-03T00:00Z,4.999999874e-05,0.0046011,4,4,0.004551100001
BDXNUSDT,2026-05-03T04:00Z,4.999999874e-05,0.0046011,4,4,0.004551100001
BDXNUSDT,2026-05-03T08:00Z,4.999999874e-05,0.0046011,4,4,0.004551100001
BDXNUSDT,2026-05-03T12:00Z,4.999999874e-05,0.0046011,4,4,0.004551100001
BDXNUSDT,2026-05-03T16:00Z,4.999999874e-05,0.0046011,4,4,0.004551100001
BDXNUSDT,2026-05-03T20:00Z,4.999999874e-05,0.0046011,4,4,0.004551100001
BDXNUSDT,2026-05-04T00:00Z,4.999999874e-05,0.0046011,4,4,0.004551100001
BDXNUSDT,2026-05-04T04:00Z,4.999999874e-05,0.0046011,4,4,0.004551100001
BDXNUSDT,2026-05-04T08:00Z,4.999999874e-05,0.0046011,4,4,0.004551100001
BDXNUSDT,2026-05-04T12:00Z,4.999999874e-05,0.0046011,4,4,0.004551100001
BDXNUSDT,2026-05-04T16:00Z,4.999999874e-05,0.0046011,4,4,0.004551100001
BDXNUSDT,2026-05-04T20:00Z,4.999999874e-05,0.0046011,4,4,0.004551100001
BDXNUSDT,2026-05-05T00:00Z,4.999999874e-05,0.0046011,4,4,0.004551100001
BDXNUSDT,2026-05-05T04:00Z,4.999999874e-05,0.0046011,4,4,0.004551100001
BDXNUSDT,2026-05-05T08:00Z,4.999999874e-05,0.0046011,4,4,0.004551100001
BDXNUSDT,2026-05-05T12:00Z,4.999999874e-05,0.0046011,4,4,0.004551100001
BDXNUSDT,2026-05-05T16:00Z,4.999999874e-05,0.0046011,4,4,0.004551100001
BDXNUSDT,2026-05-05T20:00Z,4.999999874e-05,0.0046011,4,4,0.004551100001
BDXNUSDT,2026-05-06T00:00Z,4.999999874e-05,0.0046011,4,4,0.004551100001
BDXNUSDT,2026-05-06T04:00Z,4.999999874e-05,0.0046011,4,4,0.004551100001
BDXNUSDT,2026-05-06T08:00Z,4.999999874e-05,0.0046011,4,4,0.004551100001
BDXNUSDT,2026-05-06T12:00Z,4.999999874e-05,0.0046011,4,4,0.004551100001
BDXNUSDT,2026-05-06T16:00Z,4.999999874e-05,0.0046011,4,4,0.004551100001
BDXNUSDT,2026-05-06T20:00Z,4.999999874e-05,0.0046011,4,4,0.004551100001
BDXNUSDT,2026-05-07T00:00Z,4.999999874e-05,0.0046011,4,4,0.004551100001
BDXNUSDT,2026-05-07T04:00Z,4.999999874e-05,0.0046011,4,4,0.004551100001
BDXNUSDT,2026-05-07T08:00Z,4.999999874e-05,0.0046011,4,4,0.004551100001
BDXNUSDT,2026-05-07T12:00Z,4.999999874e-05,0.0046011,4,4,0.004551100001
BDXNUSDT,2026-05-07T16:00Z,4.999999874e-05,0.0046011,4,4,0.004551100001
BDXNUSDT,2026-05-07T20:00Z,4.999999874e-05,0.0046011,4,4,0.004551100001
BDXNUSDT,2026-05-08T00:00Z,4.999999874e-05,0.0046011,4,4,0.004551100001
BDXNUSDT,2026-05-08T04:00Z,4.999999874e-05,0.0046011,4,4,0.004551100001
BDXNUSDT,2026-05-08T08:00Z,4.999999874e-05,0.0046011,4,4,0.004551100001
BDXNUSDT,2026-05-08T12:00Z,4.999999874e-05,0.0046011,4,4,0.004551100001
BDXNUSDT,2026-05-08T16:00Z,4.999999874e-05,0.0046011,4,4,0.004551100001
BDXNUSDT,2026-05-08T20:00Z,4.999999874e-05,0.0046011,4,4,0.004551100001
BDXNUSDT,2026-05-09T00:00Z,4.999999874e-05,0.0046011,4,4,0.004551100001
BDXNUSDT,2026-05-09T04:00Z,4.999999874e-05,0.0046011,4,4,0.004551100001
BDXNUSDT,2026-05-09T08:00Z,4.999999874e-05,0.0046011,4,4,0.004551100001
BDXNUSDT,2026-05-09T12:00Z,4.999999874e-05,0.0046011,4,4,0.004551100001
BDXNUSDT,2026-05-09T16:00Z,4.999999874e-05,0.0046011,4,4,0.004551100001
BDXNUSDT,2026-05-09T20:00Z,4.999999874e-05,0.0046011,4,4,0.004551100001
BDXNUSDT,2026-05-10T00:00Z,4.999999874e-05,0.0046011,4,4,0.004551100001
BDXNUSDT,2026-05-10T04:00Z,4.999999874e-05,0.0046011,4,4,0.004551100001
BDXNUSDT,2026-05-10T08:00Z,4.999999874e-05,0.0046011,4,4,0.004551100001
BDXNUSDT,2026-05-10T12:00Z,4.999999874e-05,0.0046011,4,4,0.004551100001
BDXNUSDT,2026-05-10T16:00Z,4.999999874e-05,0.0046011,4,4,0.004551100001
BDXNUSDT,2026-05-10T20:00Z,4.999999874e-05,0.0046011,4,4,0.004551100001
BDXNUSDT,2026-05-11T00:00Z,4.999999874e-05,0.0046011,4,4,0.004551100001
BDXNUSDT,2026-05-11T04:00Z,4.999999874e-05,0.0046011,4,4,0.004551100001
BDXNUSDT,2026-05-11T08:00Z,4.999999874e-05,0.0046011,4,4,0.004551100001
BDXNUSDT,2026-05-11T12:00Z,4.999999874e-05,0.0046011,4,4,0.004551100001
BDXNUSDT,2026-05-11T16:00Z,4.999999874e-05,0.0046011,4,4,0.004551100001
BDXNUSDT,2026-05-11T20:00Z,4.999999874e-05,0.0046011,4,4,0.004551100001
BDXNUSDT,2026-05-12T00:00Z,4.999999874e-05,0.0046011,4,4,0.004551100001
BDXNUSDT,2026-05-12T04:00Z,4.999999874e-05,0.0046011,4,4,0.004551100001
BDXNUSDT,2026-05-12T08:00Z,4.999999874e-05,0.0046011,4,4,0.004551100001
BDXNUSDT,2026-05-12T12:00Z,4.999999874e-05,0.0046011,4,4,0.004551100001
BDXNUSDT,2026-05-12T16:00Z,4.999999874e-05,0.0046011,4,4,0.004551100001
BDXNUSDT,2026-05-12T20:00Z,4.999999874e-05,0.0046011,4,4,0.004551100001
BDXNUSDT,2026-05-13T00:00Z,4.999999874e-05,0.0046011,4,4,0.004551100001
BDXNUSDT,2026-05-13T04:00Z,4.999999874e-05,0.0046011,4,4,0.004551100001
BDXNUSDT,2026-05-13T08:00Z,4.999999874e-05,0.0046011,4,4,0.004551100001
BDXNUSDT,2026-05-13T12:00Z,4.999999874e-05,0.0046011,4,4,0.004551100001
BDXNUSDT,2026-05-13T16:00Z,4.999999874e-05,0.0046011,4,4,0.004551100001
BDXNUSDT,2026-05-13T20:00Z,4.999999874e-05,0.0046011,4,4,0.004551100001
BDXNUSDT,2026-05-14T00:00Z,4.999999874e-05,0.0046011,4,4,0.004551100001
BDXNUSDT,2026-05-14T04:00Z,4.999999874e-05,0.0046011,4,4,0.004551100001
BDXNUSDT,2026-05-14T08:00Z,4.999999874e-05,0.0046011,4,4,0.004551100001
BDXNUSDT,2026-05-14T12:00Z,4.999999874e-05,0.0046011,4,4,0.004551100001
PHAROSUSDT,2026-05-14T12:00Z,4.999999874e-05,0.00038663,4,8,0.0003366300013
STARUSDT,2026-05-14T12:00Z,0.001463089953,0.00213186,4,8,0.0006687700468
BDXNUSDT,2026-05-14T16:00Z,4.999999874e-05,0.0046011,4,4,0.004551100001
BDXNUSDT,2026-05-14T20:00Z,4.999999874e-05,0.0046011,4,4,0.004551100001
BDXNUSDT,2026-05-15T00:00Z,4.999999874e-05,0.0046011,4,4,0.004551100001
BDXNUSDT,2026-05-15T04:00Z,4.999999874e-05,0.0046011,4,4,0.004551100001
BDXNUSDT,2026-05-15T08:00Z,4.999999874e-05,0.0046011,4,4,0.004551100001
BDXNUSDT,2026-05-15T12:00Z,4.999999874e-05,0.0046011,4,4,0.004551100001
BDXNUSDT,2026-05-15T16:00Z,4.999999874e-05,0.0046011,4,4,0.004551100001
BDXNUSDT,2026-05-15T20:00Z,4.999999874e-05,0.0046011,4,4,0.004551100001
BDXNUSDT,2026-05-16T00:00Z,4.999999874e-05,0.0046011,4,4,0.004551100001
BDXNUSDT,2026-05-16T04:00Z,4.999999874e-05,0.0046011,4,4,0.004551100001
BDXNUSDT,2026-05-16T08:00Z,4.999999874e-05,0.0046011,4,4,0.004551100001
BDXNUSDT,2026-05-16T12:00Z,4.999999874e-05,0.0046011,4,4,0.004551100001
BDXNUSDT,2026-05-16T16:00Z,4.999999874e-05,0.0046011,4,4,0.004551100001
BDXNUSDT,2026-05-16T20:00Z,4.999999874e-05,0.0046011,4,4,0.004551100001
BDXNUSDT,2026-05-17T00:00Z,4.999999874e-05,0.0046011,4,4,0.004551100001
BDXNUSDT,2026-05-17T04:00Z,4.999999874e-05,0.0046011,4,4,0.004551100001
BDXNUSDT,2026-05-17T08:00Z,4.999999874e-05,0.0046011,4,4,0.004551100001
BDXNUSDT,2026-05-17T12:00Z,4.999999874e-05,0.0046011,4,4,0.004551100001
BDXNUSDT,2026-05-17T16:00Z,4.999999874e-05,0.0046011,4,4,0.004551100001
BDXNUSDT,2026-05-17T20:00Z,4.999999874e-05,0.0046011,4,4,0.004551100001
BDXNUSDT,2026-05-18T00:00Z,4.999999874e-05,0.0046011,4,4,0.004551100001
BDXNUSDT,2026-05-18T04:00Z,4.999999874e-05,0.0046011,4,4,0.004551100001
BDXNUSDT,2026-05-18T08:00Z,4.999999874e-05,0.0046011,4,4,0.004551100001
BDXNUSDT,2026-05-18T12:00Z,4.999999874e-05,0.0046011,4,4,0.004551100001
BDXNUSDT,2026-05-18T16:00Z,4.999999874e-05,0.0046011,4,4,0.004551100001
BDXNUSDT,2026-05-18T20:00Z,4.999999874e-05,0.0046011,4,4,0.004551100001
BDXNUSDT,2026-05-19T00:00Z,4.999999874e-05,0.0046011,4,4,0.004551100001
BDXNUSDT,2026-05-19T04:00Z,4.999999874e-05,0.0046011,4,4,0.004551100001
BDXNUSDT,2026-05-19T08:00Z,4.999999874e-05,0.0046011,4,4,0.004551100001
BDXNUSDT,2026-05-19T12:00Z,4.999999874e-05,0.0046011,4,4,0.004551100001
BDXNUSDT,2026-05-19T16:00Z,4.999999874e-05,0.0046011,4,4,0.004551100001
BDXNUSDT,2026-05-19T20:00Z,4.999999874e-05,0.0046011,4,4,0.004551100001
BDXNUSDT,2026-05-20T00:00Z,4.999999874e-05,0.0046011,4,4,0.004551100001
BDXNUSDT,2026-05-20T04:00Z,4.999999874e-05,0.0046011,4,4,0.004551100001
BDXNUSDT,2026-05-20T08:00Z,4.999999874e-05,0.0046011,4,4,0.004551100001
BDXNUSDT,2026-05-20T12:00Z,4.999999874e-05,0.0046011,4,4,0.004551100001
BDXNUSDT,2026-05-20T16:00Z,4.999999874e-05,0.0046011,4,4,0.004551100001
BDXNUSDT,2026-05-20T20:00Z,4.999999874e-05,0.0046011,4,4,0.004551100001
BDXNUSDT,2026-05-21T00:00Z,4.999999874e-05,0.0046011,4,4,0.004551100001
BDXNUSDT,2026-05-21T04:00Z,4.999999874e-05,0.0046011,4,4,0.004551100001
BDXNUSDT,2026-05-21T08:00Z,4.999999874e-05,0.0046011,4,4,0.004551100001
BDXNUSDT,2026-05-21T12:00Z,4.999999874e-05,0.0046011,4,4,0.004551100001
BDXNUSDT,2026-05-21T16:00Z,4.999999874e-05,0.0046011,4,4,0.004551100001
BDXNUSDT,2026-05-21T20:00Z,4.999999874e-05,0.0046011,4,4,0.004551100001
BDXNUSDT,2026-05-22T00:00Z,4.999999874e-05,0.0046011,4,4,0.004551100001
BDXNUSDT,2026-05-22T04:00Z,4.999999874e-05,0.0046011,4,4,0.004551100001
BDXNUSDT,2026-05-22T08:00Z,4.999999874e-05,0.0046011,4,4,0.004551100001
BDXNUSDT,2026-05-22T12:00Z,4.999999874e-05,0.0046011,4,4,0.004551100001
BDXNUSDT,2026-05-22T16:00Z,4.999999874e-05,0.0046011,4,4,0.004551100001
BDXNUSDT,2026-05-22T20:00Z,4.999999874e-05,0.0046011,4,4,0.004551100001
BDXNUSDT,2026-05-23T00:00Z,4.999999874e-05,0.0046011,4,4,0.004551100001
BDXNUSDT,2026-05-23T04:00Z,4.999999874e-05,0.0046011,4,4,0.004551100001
BDXNUSDT,2026-05-23T08:00Z,4.999999874e-05,0.0046011,4,4,0.004551100001
BDXNUSDT,2026-05-23T12:00Z,4.999999874e-05,0.0046011,4,4,0.004551100001
BDXNUSDT,2026-05-23T16:00Z,4.999999874e-05,0.0046011,4,4,0.004551100001
BDXNUSDT,2026-05-23T20:00Z,4.999999874e-05,0.0046011,4,4,0.004551100001
BDXNUSDT,2026-05-24T00:00Z,4.999999874e-05,0.0046011,4,4,0.004551100001
BDXNUSDT,2026-05-24T04:00Z,4.999999874e-05,0.0046011,4,4,0.004551100001
BDXNUSDT,2026-05-24T08:00Z,4.999999874e-05,0.0046011,4,4,0.004551100001
BDXNUSDT,2026-05-24T12:00Z,4.999999874e-05,0.0046011,4,4,0.004551100001
BDXNUSDT,2026-05-24T16:00Z,4.999999874e-05,0.0046011,4,4,0.004551100001
BDXNUSDT,2026-05-24T20:00Z,4.999999874e-05,0.0046011,4,4,0.004551100001
BDXNUSDT,2026-05-25T00:00Z,4.999999874e-05,0.0046011,4,4,0.004551100001
BDXNUSDT,2026-05-25T04:00Z,4.999999874e-05,0.0046011,4,4,0.004551100001
BDXNUSDT,2026-05-25T08:00Z,4.999999874e-05,0.0046011,4,4,0.004551100001
BDXNUSDT,2026-05-25T12:00Z,4.999999874e-05,0.0046011,4,4,0.004551100001
BDXNUSDT,2026-05-25T16:00Z,4.999999874e-05,0.0046011,4,4,0.004551100001
BDXNUSDT,2026-05-25T20:00Z,4.999999874e-05,0.0046011,4,4,0.004551100001
BDXNUSDT,2026-05-26T00:00Z,4.999999874e-05,0.0046011,4,4,0.004551100001
BDXNUSDT,2026-05-26T04:00Z,4.999999874e-05,0.0046011,4,4,0.004551100001
BDXNUSDT,2026-05-26T08:00Z,4.999999874e-05,0.0046011,4,4,0.004551100001
BDXNUSDT,2026-05-26T12:00Z,4.999999874e-05,0.0046011,4,4,0.004551100001
BDXNUSDT,2026-05-26T16:00Z,4.999999874e-05,0.0046011,4,4,0.004551100001
BDXNUSDT,2026-05-26T20:00Z,4.999999874e-05,0.0046011,4,4,0.004551100001
BDXNUSDT,2026-05-27T00:00Z,4.999999874e-05,0.0046011,4,4,0.004551100001
BDXNUSDT,2026-05-27T04:00Z,4.999999874e-05,0.0046011,4,4,0.004551100001
BDXNUSDT,2026-05-27T08:00Z,4.999999874e-05,0.0046011,4,4,0.004551100001
BDXNUSDT,2026-05-27T12:00Z,4.999999874e-05,0.0046011,4,4,0.004551100001
BDXNUSDT,2026-05-27T16:00Z,4.999999874e-05,0.0046011,4,4,0.004551100001
BDXNUSDT,2026-05-27T20:00Z,4.999999874e-05,0.0046011,4,4,0.004551100001
BDXNUSDT,2026-05-28T00:00Z,4.999999874e-05,0.0046011,4,4,0.004551100001
BDXNUSDT,2026-05-28T04:00Z,4.999999874e-05,0.0046011,4,4,0.004551100001
BDXNUSDT,2026-05-28T08:00Z,4.999999874e-05,0.0046011,4,4,0.004551100001
BDXNUSDT,2026-05-28T12:00Z,4.999999874e-05,0.0046011,4,4,0.004551100001
BDXNUSDT,2026-05-28T16:00Z,4.999999874e-05,0.0046011,4,4,0.004551100001
CTRUSDT,2026-05-28T16:00Z,4.999999874e-05,0.00012644,4,8,7.644000126e-05
BDXNUSDT,2026-05-28T20:00Z,4.999999874e-05,0.0046011,4,4,0.004551100001
BDXNUSDT,2026-05-29T00:00Z,4.999999874e-05,0.0046011,4,4,0.004551100001
BDXNUSDT,2026-05-29T04:00Z,4.999999874e-05,0.0046011,4,4,0.004551100001
BDXNUSDT,2026-05-29T08:00Z,4.999999874e-05,0.0046011,4,4,0.004551100001
BDXNUSDT,2026-05-29T12:00Z,4.999999874e-05,0.0046011,4,4,0.004551100001
BDXNUSDT,2026-05-29T16:00Z,4.999999874e-05,0.0046011,4,4,0.004551100001
BDXNUSDT,2026-05-29T20:00Z,4.999999874e-05,0.0046011,4,4,0.004551100001
IDUSDT,2026-05-29T20:00Z,-0.001367460005,-0.02,1,8,0.01863254
BDXNUSDT,2026-05-30T00:00Z,4.999999874e-05,0.0046011,4,4,0.004551100001
BDXNUSDT,2026-05-30T04:00Z,4.999999874e-05,0.0046011,4,4,0.004551100001
BDXNUSDT,2026-05-30T08:00Z,4.999999874e-05,0.0046011,4,4,0.004551100001
BDXNUSDT,2026-05-30T12:00Z,4.999999874e-05,0.0046011,4,4,0.004551100001
BDXNUSDT,2026-05-30T16:00Z,4.999999874e-05,0.0046011,4,4,0.004551100001
BDXNUSDT,2026-05-30T20:00Z,4.999999874e-05,0.0046011,4,4,0.004551100001
BDXNUSDT,2026-05-31T00:00Z,4.999999874e-05,0.0046011,4,4,0.004551100001
BDXNUSDT,2026-05-31T04:00Z,4.999999874e-05,0.0046011,4,4,0.004551100001
BDXNUSDT,2026-05-31T08:00Z,4.999999874e-05,0.0046011,4,4,0.004551100001
BDXNUSDT,2026-05-31T12:00Z,4.999999874e-05,0.0046011,4,4,0.004551100001
BDXNUSDT,2026-05-31T16:00Z,4.999999874e-05,0.0046011,4,4,0.004551100001
BDXNUSDT,2026-05-31T20:00Z,4.999999874e-05,0.0046011,4,4,0.004551100001
BDXNUSDT,2026-06-01T00:00Z,4.999999874e-05,0.0046011,4,4,0.004551100001
BDXNUSDT,2026-06-01T04:00Z,4.999999874e-05,0.0046011,4,4,0.004551100001
BDXNUSDT,2026-06-01T08:00Z,4.999999874e-05,0.0046011,4,4,0.004551100001
BDXNUSDT,2026-06-01T12:00Z,4.999999874e-05,0.0046011,4,4,0.004551100001
SLXUSDT,2026-06-01T12:00Z,-0.002689040033,-0.01022903,4,8,0.007539989967
BDXNUSDT,2026-06-01T16:00Z,4.999999874e-05,0.0046011,4,4,0.004551100001
BDXNUSDT,2026-06-01T20:00Z,4.999999874e-05,0.0046011,4,4,0.004551100001
BDXNUSDT,2026-06-02T00:00Z,4.999999874e-05,0.0046011,4,4,0.004551100001
BDXNUSDT,2026-06-02T04:00Z,4.999999874e-05,0.0046011,4,4,0.004551100001
BDXNUSDT,2026-06-02T08:00Z,4.999999874e-05,0.0046011,4,4,0.004551100001
SXPUSDT,2026-06-02T08:00Z,9.999999747e-05,-0.01080766,8,8,0.01090766
BDXNUSDT,2026-06-02T12:00Z,4.999999874e-05,0.0046011,4,4,0.004551100001
SXPUSDT,2026-06-02T12:00Z,9.999999747e-05,-0.01080766,8,8,0.01090766
BDXNUSDT,2026-06-02T16:00Z,4.999999874e-05,0.0046011,4,4,0.004551100001
SXPUSDT,2026-06-02T16:00Z,9.999999747e-05,-0.01080766,8,8,0.01090766
BDXNUSDT,2026-06-02T20:00Z,4.999999874e-05,0.0046011,4,4,0.004551100001
SXPUSDT,2026-06-02T20:00Z,9.999999747e-05,-0.01080766,8,8,0.01090766
BDXNUSDT,2026-06-03T00:00Z,4.999999874e-05,0.0046011,4,4,0.004551100001
SXPUSDT,2026-06-03T00:00Z,9.999999747e-05,-0.01080766,8,8,0.01090766
BDXNUSDT,2026-06-03T04:00Z,4.999999874e-05,0.0046011,4,4,0.004551100001
SXPUSDT,2026-06-03T04:00Z,9.999999747e-05,-0.01080766,8,8,0.01090766
BDXNUSDT,2026-06-03T08:00Z,4.999999874e-05,0.0046011,4,4,0.004551100001
SXPUSDT,2026-06-03T08:00Z,9.999999747e-05,-0.01080766,8,8,0.01090766
BDXNUSDT,2026-06-03T12:00Z,4.999999874e-05,0.0046011,4,4,0.004551100001
SXPUSDT,2026-06-03T12:00Z,9.999999747e-05,-0.01080766,8,8,0.01090766
BDXNUSDT,2026-06-03T16:00Z,4.999999874e-05,0.0046011,4,4,0.004551100001
SXPUSDT,2026-06-03T16:00Z,9.999999747e-05,-0.01080766,8,8,0.01090766
BDXNUSDT,2026-06-03T20:00Z,4.999999874e-05,0.0046011,4,4,0.004551100001
SXPUSDT,2026-06-03T20:00Z,9.999999747e-05,-0.01080766,8,8,0.01090766
BDXNUSDT,2026-06-04T00:00Z,4.999999874e-05,0.0046011,4,4,0.004551100001
SXPUSDT,2026-06-04T00:00Z,9.999999747e-05,-0.01080766,8,8,0.01090766
BDXNUSDT,2026-06-04T04:00Z,4.999999874e-05,0.0046011,4,4,0.004551100001
SXPUSDT,2026-06-04T04:00Z,9.999999747e-05,-0.01080766,8,8,0.01090766
BDXNUSDT,2026-06-04T08:00Z,4.999999874e-05,0.0046011,4,4,0.004551100001
SXPUSDT,2026-06-04T08:00Z,9.999999747e-05,-0.01080766,8,8,0.01090766
BDXNUSDT,2026-06-04T12:00Z,4.999999874e-05,0.0046011,4,4,0.004551100001
SXPUSDT,2026-06-04T12:00Z,9.999999747e-05,-0.01080766,8,8,0.01090766
BDXNUSDT,2026-06-04T16:00Z,4.999999874e-05,0.0046011,4,4,0.004551100001
SXPUSDT,2026-06-04T16:00Z,9.999999747e-05,-0.01080766,8,8,0.01090766
BDXNUSDT,2026-06-04T20:00Z,4.999999874e-05,0.0046011,4,4,0.004551100001
BTWUSDT,2026-06-04T20:00Z,0.0005120299757,0.00083018,4,8,0.0003181500243
SXPUSDT,2026-06-04T20:00Z,9.999999747e-05,-0.01080766,8,8,0.01090766
ZESTUSDT,2026-06-04T20:00Z,0.0002707400126,0.00111393,4,8,0.0008431899874
BDXNUSDT,2026-06-05T00:00Z,4.999999874e-05,0.0046011,4,4,0.004551100001
SXPUSDT,2026-06-05T00:00Z,9.999999747e-05,-0.01080766,8,8,0.01090766
BDXNUSDT,2026-06-05T04:00Z,4.999999874e-05,0.0046011,4,4,0.004551100001
SXPUSDT,2026-06-05T04:00Z,9.999999747e-05,-0.01080766,8,8,0.01090766
BDXNUSDT,2026-06-05T08:00Z,4.999999874e-05,0.0046011,4,4,0.004551100001
SXPUSDT,2026-06-05T08:00Z,9.999999747e-05,-0.01080766,8,8,0.01090766
BDXNUSDT,2026-06-05T12:00Z,4.999999874e-05,0.0046011,4,4,0.004551100001
SXPUSDT,2026-06-05T12:00Z,9.999999747e-05,-0.01080766,8,8,0.01090766
BDXNUSDT,2026-06-05T16:00Z,4.999999874e-05,0.0046011,4,4,0.004551100001
SXPUSDT,2026-06-05T16:00Z,9.999999747e-05,-0.01080766,8,8,0.01090766
BDXNUSDT,2026-06-05T20:00Z,4.999999874e-05,0.0046011,4,4,0.004551100001
SXPUSDT,2026-06-05T20:00Z,9.999999747e-05,-0.01080766,8,8,0.01090766
BDXNUSDT,2026-06-06T00:00Z,4.999999874e-05,0.0046011,4,4,0.004551100001
SXPUSDT,2026-06-06T00:00Z,9.999999747e-05,-0.01080766,8,8,0.01090766
BDXNUSDT,2026-06-06T04:00Z,4.999999874e-05,0.0046011,4,4,0.004551100001
SXPUSDT,2026-06-06T04:00Z,9.999999747e-05,-0.01080766,8,8,0.01090766
BDXNUSDT,2026-06-06T08:00Z,4.999999874e-05,0.0046011,4,4,0.004551100001
SXPUSDT,2026-06-06T08:00Z,9.999999747e-05,-0.01080766,8,8,0.01090766
BDXNUSDT,2026-06-06T12:00Z,4.999999874e-05,0.0046011,4,4,0.004551100001
SXPUSDT,2026-06-06T12:00Z,9.999999747e-05,-0.01080766,8,8,0.01090766
BDXNUSDT,2026-06-06T16:00Z,4.999999874e-05,0.0046011,4,4,0.004551100001
SXPUSDT,2026-06-06T16:00Z,9.999999747e-05,-0.01080766,8,8,0.01090766
BDXNUSDT,2026-06-06T20:00Z,4.999999874e-05,0.0046011,4,4,0.004551100001
SXPUSDT,2026-06-06T20:00Z,9.999999747e-05,-0.01080766,8,8,0.01090766
BDXNUSDT,2026-06-07T00:00Z,4.999999874e-05,0.0046011,4,4,0.004551100001
SXPUSDT,2026-06-07T00:00Z,9.999999747e-05,-0.01080766,8,8,0.01090766
BDXNUSDT,2026-06-07T04:00Z,4.999999874e-05,0.0046011,4,4,0.004551100001
SXPUSDT,2026-06-07T04:00Z,9.999999747e-05,-0.01080766,8,8,0.01090766
BDXNUSDT,2026-06-07T08:00Z,4.999999874e-05,0.0046011,4,4,0.004551100001
SXPUSDT,2026-06-07T08:00Z,9.999999747e-05,-0.01080766,8,8,0.01090766
BDXNUSDT,2026-06-07T12:00Z,4.999999874e-05,0.0046011,4,4,0.004551100001
SXPUSDT,2026-06-07T12:00Z,9.999999747e-05,-0.01080766,8,8,0.01090766
BDXNUSDT,2026-06-07T16:00Z,4.999999874e-05,0.0046011,4,4,0.004551100001
SXPUSDT,2026-06-07T16:00Z,9.999999747e-05,-0.01080766,8,8,0.01090766
BDXNUSDT,2026-06-07T20:00Z,4.999999874e-05,0.0046011,4,4,0.004551100001
SXPUSDT,2026-06-07T20:00Z,9.999999747e-05,-0.01080766,8,8,0.01090766
BDXNUSDT,2026-06-08T00:00Z,4.999999874e-05,0.0046011,4,4,0.004551100001
SXPUSDT,2026-06-08T00:00Z,9.999999747e-05,-0.01080766,8,8,0.01090766
BDXNUSDT,2026-06-08T04:00Z,4.999999874e-05,0.0046011,4,4,0.004551100001
SXPUSDT,2026-06-08T04:00Z,9.999999747e-05,-0.01080766,8,8,0.01090766
BDXNUSDT,2026-06-08T08:00Z,4.999999874e-05,0.0046011,4,4,0.004551100001
SXPUSDT,2026-06-08T08:00Z,9.999999747e-05,-0.01080766,8,8,0.01090766
BDXNUSDT,2026-06-08T12:00Z,4.999999874e-05,0.0046011,4,4,0.004551100001
SXPUSDT,2026-06-08T12:00Z,9.999999747e-05,-0.01080766,8,8,0.01090766
BDXNUSDT,2026-06-08T16:00Z,4.999999874e-05,0.0046011,4,4,0.004551100001
SXPUSDT,2026-06-08T16:00Z,9.999999747e-05,-0.01080766,8,8,0.01090766
BDXNUSDT,2026-06-08T20:00Z,4.999999874e-05,0.0046011,4,4,0.004551100001
SXPUSDT,2026-06-08T20:00Z,9.999999747e-05,-0.01080766,8,8,0.01090766
BDXNUSDT,2026-06-09T00:00Z,4.999999874e-05,0.0046011,4,4,0.004551100001
SXPUSDT,2026-06-09T00:00Z,9.999999747e-05,-0.01080766,8,8,0.01090766
BDXNUSDT,2026-06-09T04:00Z,4.999999874e-05,0.0046011,4,4,0.004551100001
SXPUSDT,2026-06-09T04:00Z,9.999999747e-05,-0.01080766,8,8,0.01090766
BDXNUSDT,2026-06-09T08:00Z,4.999999874e-05,0.0046011,4,4,0.004551100001
SXPUSDT,2026-06-09T08:00Z,9.999999747e-05,-0.01080766,8,8,0.01090766
BDXNUSDT,2026-06-09T12:00Z,4.999999874e-05,0.0046011,4,4,0.004551100001
SXPUSDT,2026-06-09T12:00Z,9.999999747e-05,-0.01080766,8,8,0.01090766
BDXNUSDT,2026-06-09T16:00Z,4.999999874e-05,0.0046011,4,4,0.004551100001
SXPUSDT,2026-06-09T16:00Z,9.999999747e-05,-0.01080766,8,8,0.01090766
BDXNUSDT,2026-06-09T20:00Z,4.999999874e-05,0.0046011,4,4,0.004551100001
SXPUSDT,2026-06-09T20:00Z,9.999999747e-05,-0.01080766,8,8,0.01090766
BDXNUSDT,2026-06-10T00:00Z,4.999999874e-05,0.0046011,4,4,0.004551100001
SXPUSDT,2026-06-10T00:00Z,9.999999747e-05,-0.01080766,8,8,0.01090766
BDXNUSDT,2026-06-10T04:00Z,4.999999874e-05,0.0046011,4,4,0.004551100001
SXPUSDT,2026-06-10T04:00Z,9.999999747e-05,-0.01080766,8,8,0.01090766
BDXNUSDT,2026-06-10T08:00Z,4.999999874e-05,0.0046011,4,4,0.004551100001
SXPUSDT,2026-06-10T08:00Z,9.999999747e-05,-0.01080766,8,8,0.01090766
BDXNUSDT,2026-06-10T12:00Z,4.999999874e-05,0.0046011,4,4,0.004551100001
SXPUSDT,2026-06-10T12:00Z,9.999999747e-05,-0.01080766,8,8,0.01090766
BDXNUSDT,2026-06-10T16:00Z,4.999999874e-05,0.0046011,4,4,0.004551100001
SXPUSDT,2026-06-10T16:00Z,9.999999747e-05,-0.01080766,8,8,0.01090766
BDXNUSDT,2026-06-10T20:00Z,4.999999874e-05,0.0046011,4,4,0.004551100001
SXPUSDT,2026-06-10T20:00Z,9.999999747e-05,-0.01080766,8,8,0.01090766
BDXNUSDT,2026-06-11T00:00Z,4.999999874e-05,0.0046011,4,4,0.004551100001
SXPUSDT,2026-06-11T00:00Z,9.999999747e-05,-0.01080766,8,8,0.01090766
BDXNUSDT,2026-06-11T04:00Z,4.999999874e-05,0.0046011,4,4,0.004551100001
SXPUSDT,2026-06-11T04:00Z,9.999999747e-05,-0.01080766,8,8,0.01090766
BDXNUSDT,2026-06-11T08:00Z,4.999999874e-05,0.0046011,4,4,0.004551100001
SXPUSDT,2026-06-11T08:00Z,9.999999747e-05,-0.01080766,8,8,0.01090766
BDXNUSDT,2026-06-11T12:00Z,4.999999874e-05,0.0046011,4,4,0.004551100001
SXPUSDT,2026-06-11T12:00Z,9.999999747e-05,-0.01080766,8,8,0.01090766
BDXNUSDT,2026-06-11T16:00Z,4.999999874e-05,0.0046011,4,4,0.004551100001
SXPUSDT,2026-06-11T16:00Z,9.999999747e-05,-0.01080766,8,8,0.01090766
BDXNUSDT,2026-06-11T20:00Z,4.999999874e-05,0.0046011,4,4,0.004551100001
SXPUSDT,2026-06-11T20:00Z,9.999999747e-05,-0.01080766,8,8,0.01090766
BDXNUSDT,2026-06-12T00:00Z,4.999999874e-05,0.0046011,4,4,0.004551100001
SXPUSDT,2026-06-12T00:00Z,9.999999747e-05,-0.01080766,8,8,0.01090766
BDXNUSDT,2026-06-12T04:00Z,4.999999874e-05,0.0046011,4,4,0.004551100001
SXPUSDT,2026-06-12T04:00Z,9.999999747e-05,-0.01080766,8,8,0.01090766
BDXNUSDT,2026-06-12T08:00Z,4.999999874e-05,0.0046011,4,4,0.004551100001
SXPUSDT,2026-06-12T08:00Z,9.999999747e-05,-0.01080766,8,8,0.01090766
BDXNUSDT,2026-06-12T12:00Z,4.999999874e-05,0.0046011,4,4,0.004551100001
SXPUSDT,2026-06-12T12:00Z,9.999999747e-05,-0.01080766,8,8,0.01090766
BDXNUSDT,2026-06-12T16:00Z,4.999999874e-05,0.0046011,4,4,0.004551100001
SXPUSDT,2026-06-12T16:00Z,9.999999747e-05,-0.01080766,8,8,0.01090766
BDXNUSDT,2026-06-12T20:00Z,4.999999874e-05,0.0046011,4,4,0.004551100001
SXPUSDT,2026-06-12T20:00Z,9.999999747e-05,-0.01080766,8,8,0.01090766
BDXNUSDT,2026-06-13T00:00Z,4.999999874e-05,0.0046011,4,4,0.004551100001
SXPUSDT,2026-06-13T00:00Z,9.999999747e-05,-0.01080766,8,8,0.01090766
BDXNUSDT,2026-06-13T04:00Z,4.999999874e-05,0.0046011,4,4,0.004551100001
SXPUSDT,2026-06-13T04:00Z,9.999999747e-05,-0.01080766,8,8,0.01090766
BDXNUSDT,2026-06-13T08:00Z,4.999999874e-05,0.0046011,4,4,0.004551100001
SXPUSDT,2026-06-13T08:00Z,9.999999747e-05,-0.01080766,8,8,0.01090766
BDXNUSDT,2026-06-13T12:00Z,4.999999874e-05,0.0046011,4,4,0.004551100001
STGUSDT,2026-06-13T12:00Z,-0.01787045971,-0.02,1,8,0.002129540294
SXPUSDT,2026-06-13T12:00Z,9.999999747e-05,-0.01080766,8,8,0.01090766
BDXNUSDT,2026-06-13T16:00Z,4.999999874e-05,0.0046011,4,4,0.004551100001
SXPUSDT,2026-06-13T16:00Z,9.999999747e-05,-0.01080766,8,8,0.01090766
BDXNUSDT,2026-06-13T20:00Z,4.999999874e-05,0.0046011,4,4,0.004551100001
SXPUSDT,2026-06-13T20:00Z,9.999999747e-05,-0.01080766,8,8,0.01090766
BDXNUSDT,2026-06-14T00:00Z,4.999999874e-05,0.0046011,4,4,0.004551100001
SXPUSDT,2026-06-14T00:00Z,9.999999747e-05,-0.01080766,8,8,0.01090766
BDXNUSDT,2026-06-14T04:00Z,4.999999874e-05,0.0046011,4,4,0.004551100001
SXPUSDT,2026-06-14T04:00Z,9.999999747e-05,-0.01080766,8,8,0.01090766
BDXNUSDT,2026-06-14T08:00Z,4.999999874e-05,0.0046011,4,4,0.004551100001
SXPUSDT,2026-06-14T08:00Z,9.999999747e-05,-0.01080766,8,8,0.01090766
BDXNUSDT,2026-06-14T12:00Z,4.999999874e-05,0.0046011,4,4,0.004551100001
SXPUSDT,2026-06-14T12:00Z,9.999999747e-05,-0.01080766,8,8,0.01090766
BDXNUSDT,2026-06-14T16:00Z,4.999999874e-05,0.0046011,4,4,0.004551100001
SXPUSDT,2026-06-14T16:00Z,9.999999747e-05,-0.01080766,8,8,0.01090766
BDXNUSDT,2026-06-14T20:00Z,4.999999874e-05,0.0046011,4,4,0.004551100001
SXPUSDT,2026-06-14T20:00Z,9.999999747e-05,-0.01080766,8,8,0.01090766
BDXNUSDT,2026-06-15T00:00Z,4.999999874e-05,0.0046011,4,4,0.004551100001
SXPUSDT,2026-06-15T00:00Z,9.999999747e-05,-0.01080766,8,8,0.01090766
BDXNUSDT,2026-06-15T04:00Z,4.999999874e-05,0.0046011,4,4,0.004551100001
SXPUSDT,2026-06-15T04:00Z,9.999999747e-05,-0.01080766,8,8,0.01090766
BDXNUSDT,2026-06-15T08:00Z,4.999999874e-05,0.0046011,4,4,0.004551100001
SXPUSDT,2026-06-15T08:00Z,9.999999747e-05,-0.01080766,8,8,0.01090766
BDXNUSDT,2026-06-15T12:00Z,4.999999874e-05,0.0046011,4,4,0.004551100001
SXPUSDT,2026-06-15T12:00Z,9.999999747e-05,-0.01080766,8,8,0.01090766
BDXNUSDT,2026-06-15T16:00Z,4.999999874e-05,0.0046011,4,4,0.004551100001
SXPUSDT,2026-06-15T16:00Z,9.999999747e-05,-0.01080766,8,8,0.01090766
BDXNUSDT,2026-06-15T20:00Z,4.999999874e-05,0.0046011,4,4,0.004551100001
SXPUSDT,2026-06-15T20:00Z,9.999999747e-05,-0.01080766,8,8,0.01090766
BDXNUSDT,2026-06-16T00:00Z,4.999999874e-05,0.0046011,4,4,0.004551100001
SXPUSDT,2026-06-16T00:00Z,9.999999747e-05,-0.01080766,8,8,0.01090766
BDXNUSDT,2026-06-16T04:00Z,4.999999874e-05,0.0046011,4,4,0.004551100001
SXPUSDT,2026-06-16T04:00Z,9.999999747e-05,-0.01080766,8,8,0.01090766
BDXNUSDT,2026-06-16T08:00Z,4.999999874e-05,0.0046011,4,4,0.004551100001
SXPUSDT,2026-06-16T08:00Z,9.999999747e-05,-0.01080766,8,8,0.01090766
BDXNUSDT,2026-06-16T12:00Z,4.999999874e-05,0.0046011,4,4,0.004551100001
SXPUSDT,2026-06-16T12:00Z,9.999999747e-05,-0.01080766,8,8,0.01090766
BDXNUSDT,2026-06-16T16:00Z,4.999999874e-05,0.0046011,4,4,0.004551100001
SXPUSDT,2026-06-16T16:00Z,9.999999747e-05,-0.01080766,8,8,0.01090766
BDXNUSDT,2026-06-16T20:00Z,4.999999874e-05,0.0046011,4,4,0.004551100001
SXPUSDT,2026-06-16T20:00Z,9.999999747e-05,-0.01080766,8,8,0.01090766
BDXNUSDT,2026-06-17T00:00Z,4.999999874e-05,0.0046011,4,4,0.004551100001
SXPUSDT,2026-06-17T00:00Z,9.999999747e-05,-0.01080766,8,8,0.01090766
BDXNUSDT,2026-06-17T04:00Z,4.999999874e-05,0.0046011,4,4,0.004551100001
SXPUSDT,2026-06-17T04:00Z,9.999999747e-05,-0.01080766,8,8,0.01090766
BDXNUSDT,2026-06-17T08:00Z,4.999999874e-05,0.0046011,4,4,0.004551100001
SXPUSDT,2026-06-17T08:00Z,9.999999747e-05,-0.01080766,8,8,0.01090766
BDXNUSDT,2026-06-17T12:00Z,4.999999874e-05,0.0046011,4,4,0.004551100001
SXPUSDT,2026-06-17T12:00Z,9.999999747e-05,-0.01080766,8,8,0.01090766
BDXNUSDT,2026-06-17T16:00Z,4.999999874e-05,0.0046011,4,4,0.004551100001
SXPUSDT,2026-06-17T16:00Z,9.999999747e-05,-0.01080766,8,8,0.01090766
BDXNUSDT,2026-06-17T20:00Z,4.999999874e-05,0.0046011,4,4,0.004551100001
SXPUSDT,2026-06-17T20:00Z,9.999999747e-05,-0.01080766,8,8,0.01090766
BDXNUSDT,2026-06-18T00:00Z,4.999999874e-05,0.0046011,4,4,0.004551100001
SXPUSDT,2026-06-18T00:00Z,9.999999747e-05,-0.01080766,8,8,0.01090766
BDXNUSDT,2026-06-18T04:00Z,4.999999874e-05,0.0046011,4,4,0.004551100001
SXPUSDT,2026-06-18T04:00Z,9.999999747e-05,-0.01080766,8,8,0.01090766
BDXNUSDT,2026-06-18T08:00Z,4.999999874e-05,0.0046011,4,4,0.004551100001
SXPUSDT,2026-06-18T08:00Z,9.999999747e-05,-0.01080766,8,8,0.01090766
BDXNUSDT,2026-06-18T12:00Z,4.999999874e-05,0.0046011,4,4,0.004551100001
SXPUSDT,2026-06-18T12:00Z,9.999999747e-05,-0.01080766,8,8,0.01090766
BDXNUSDT,2026-06-18T16:00Z,4.999999874e-05,0.0046011,4,4,0.004551100001
SXPUSDT,2026-06-18T16:00Z,9.999999747e-05,-0.01080766,8,8,0.01090766
BDXNUSDT,2026-06-18T20:00Z,4.999999874e-05,0.0046011,4,4,0.004551100001
REUSDT,2026-06-18T20:00Z,-0.002186059952,-0.00127557,4,8,0.0009104899518
SXPUSDT,2026-06-18T20:00Z,9.999999747e-05,-0.01080766,8,8,0.01090766
BDXNUSDT,2026-06-19T00:00Z,4.999999874e-05,0.0046011,4,4,0.004551100001
SXPUSDT,2026-06-19T00:00Z,9.999999747e-05,-0.01080766,8,8,0.01090766
BDXNUSDT,2026-06-19T04:00Z,4.999999874e-05,0.0046011,4,4,0.004551100001
SXPUSDT,2026-06-19T04:00Z,9.999999747e-05,-0.01080766,8,8,0.01090766
BDXNUSDT,2026-06-19T08:00Z,4.999999874e-05,0.0046011,4,4,0.004551100001
SXPUSDT,2026-06-19T08:00Z,9.999999747e-05,-0.01080766,8,8,0.01090766
BDXNUSDT,2026-06-19T12:00Z,4.999999874e-05,0.0046011,4,4,0.004551100001
SXPUSDT,2026-06-19T12:00Z,9.999999747e-05,-0.01080766,8,8,0.01090766
BDXNUSDT,2026-06-19T16:00Z,4.999999874e-05,0.0046011,4,4,0.004551100001
SXPUSDT,2026-06-19T16:00Z,9.999999747e-05,-0.01080766,8,8,0.01090766
BDXNUSDT,2026-06-19T20:00Z,4.999999874e-05,0.0046011,4,4,0.004551100001
SXPUSDT,2026-06-19T20:00Z,9.999999747e-05,-0.01080766,8,8,0.01090766
BDXNUSDT,2026-06-20T00:00Z,4.999999874e-05,0.0046011,4,4,0.004551100001
SXPUSDT,2026-06-20T00:00Z,9.999999747e-05,-0.01080766,8,8,0.01090766
BDXNUSDT,2026-06-20T04:00Z,4.999999874e-05,0.0046011,4,4,0.004551100001
SXPUSDT,2026-06-20T04:00Z,9.999999747e-05,-0.01080766,8,8,0.01090766
BDXNUSDT,2026-06-20T08:00Z,4.999999874e-05,0.0046011,4,4,0.004551100001
SXPUSDT,2026-06-20T08:00Z,9.999999747e-05,-0.01080766,8,8,0.01090766
BDXNUSDT,2026-06-20T12:00Z,4.999999874e-05,0.0046011,4,4,0.004551100001
SXPUSDT,2026-06-20T12:00Z,9.999999747e-05,-0.01080766,8,8,0.01090766
BDXNUSDT,2026-06-20T16:00Z,4.999999874e-05,0.0046011,4,4,0.004551100001
SXPUSDT,2026-06-20T16:00Z,9.999999747e-05,-0.01080766,8,8,0.01090766
BDXNUSDT,2026-06-20T20:00Z,4.999999874e-05,0.0046011,4,4,0.004551100001
SXPUSDT,2026-06-20T20:00Z,9.999999747e-05,-0.01080766,8,8,0.01090766
BDXNUSDT,2026-06-21T00:00Z,4.999999874e-05,0.0046011,4,4,0.004551100001
SXPUSDT,2026-06-21T00:00Z,9.999999747e-05,-0.01080766,8,8,0.01090766
BDXNUSDT,2026-06-21T04:00Z,4.999999874e-05,0.0046011,4,4,0.004551100001
SXPUSDT,2026-06-21T04:00Z,9.999999747e-05,-0.01080766,8,8,0.01090766
BDXNUSDT,2026-06-21T08:00Z,4.999999874e-05,0.0046011,4,4,0.004551100001
SXPUSDT,2026-06-21T08:00Z,9.999999747e-05,-0.01080766,8,8,0.01090766
BDXNUSDT,2026-06-21T12:00Z,4.999999874e-05,0.0046011,4,4,0.004551100001
SXPUSDT,2026-06-21T12:00Z,9.999999747e-05,-0.01080766,8,8,0.01090766
BDXNUSDT,2026-06-21T16:00Z,4.999999874e-05,0.0046011,4,4,0.004551100001
SXPUSDT,2026-06-21T16:00Z,9.999999747e-05,-0.01080766,8,8,0.01090766
BDXNUSDT,2026-06-21T20:00Z,4.999999874e-05,0.0046011,4,4,0.004551100001
SXPUSDT,2026-06-21T20:00Z,9.999999747e-05,-0.01080766,8,8,0.01090766
BDXNUSDT,2026-06-22T00:00Z,4.999999874e-05,0.0046011,4,4,0.004551100001
SXPUSDT,2026-06-22T00:00Z,9.999999747e-05,-0.01080766,8,8,0.01090766
BDXNUSDT,2026-06-22T04:00Z,4.999999874e-05,0.0046011,4,4,0.004551100001
SXPUSDT,2026-06-22T04:00Z,9.999999747e-05,-0.01080766,8,8,0.01090766
BDXNUSDT,2026-06-22T08:00Z,4.999999874e-05,0.0046011,4,4,0.004551100001
SXPUSDT,2026-06-22T08:00Z,9.999999747e-05,-0.01080766,8,8,0.01090766
BDXNUSDT,2026-06-22T12:00Z,4.999999874e-05,0.0046011,4,4,0.004551100001
SXPUSDT,2026-06-22T12:00Z,9.999999747e-05,-0.01080766,8,8,0.01090766
BDXNUSDT,2026-06-22T16:00Z,4.999999874e-05,0.0046011,4,4,0.004551100001
SXPUSDT,2026-06-22T16:00Z,9.999999747e-05,-0.01080766,8,8,0.01090766
BDXNUSDT,2026-06-22T20:00Z,4.999999874e-05,0.0046011,4,4,0.004551100001
SXPUSDT,2026-06-22T20:00Z,9.999999747e-05,-0.01080766,8,8,0.01090766
BDXNUSDT,2026-06-23T00:00Z,4.999999874e-05,0.0046011,4,4,0.004551100001
SXPUSDT,2026-06-23T00:00Z,9.999999747e-05,-0.01080766,8,8,0.01090766
BDXNUSDT,2026-06-23T04:00Z,4.999999874e-05,0.0046011,4,4,0.004551100001
SXPUSDT,2026-06-23T04:00Z,9.999999747e-05,-0.01080766,8,8,0.01090766
BDXNUSDT,2026-06-23T08:00Z,4.999999874e-05,0.0046011,4,4,0.004551100001
SXPUSDT,2026-06-23T08:00Z,9.999999747e-05,-0.01080766,8,8,0.01090766
ARXUSDT,2026-06-23T12:00Z,-0.004608389921,-0.00565786,4,8,0.001049470079
BDXNUSDT,2026-06-23T12:00Z,4.999999874e-05,0.0046011,4,4,0.004551100001
SXPUSDT,2026-06-23T12:00Z,9.999999747e-05,-0.01080766,8,8,0.01090766
BDXNUSDT,2026-06-23T16:00Z,4.999999874e-05,0.0046011,4,4,0.004551100001
SXPUSDT,2026-06-23T16:00Z,9.999999747e-05,-0.01080766,8,8,0.01090766
BDXNUSDT,2026-06-23T20:00Z,4.999999874e-05,0.0046011,4,4,0.004551100001
SXPUSDT,2026-06-23T20:00Z,9.999999747e-05,-0.01080766,8,8,0.01090766
BDXNUSDT,2026-06-24T00:00Z,4.999999874e-05,0.0046011,4,4,0.004551100001
SXPUSDT,2026-06-24T00:00Z,9.999999747e-05,-0.01080766,8,8,0.01090766
BDXNUSDT,2026-06-24T04:00Z,4.999999874e-05,0.0046011,4,4,0.004551100001
SXPUSDT,2026-06-24T04:00Z,9.999999747e-05,-0.01080766,8,8,0.01090766
BDXNUSDT,2026-06-24T08:00Z,4.999999874e-05,0.0046011,8,4,0.004551100001
SXPUSDT,2026-06-24T08:00Z,9.999999747e-05,-0.01080766,8,8,0.01090766
1000000BOBUSDT,2026-06-24T12:00Z,4.999999874e-05,0.00039909,4,8,0.0003490900013
1000BONKUSDT,2026-06-24T12:00Z,-1.504000011e-05,9.64e-06,4,8,2.468000011e-05
1000CATUSDT,2026-06-24T12:00Z,-0.0002271099947,5e-05,4,8,0.0002771099947
1MBABYDOGEUSDT,2026-06-24T12:00Z,7.160000223e-06,3.487e-05,4,8,2.770999978e-05
4USDT,2026-06-24T12:00Z,6.484000187e-05,0.0001003,4,8,3.545999813e-05
ACXUSDT,2026-06-24T12:00Z,-2.309999945e-05,5e-05,4,8,7.309999945e-05
AGTUSDT,2026-06-24T12:00Z,4.999999874e-05,9.407e-05,4,8,4.407000126e-05
AIGENSYNUSDT,2026-06-24T12:00Z,-0.0003374700027,5e-05,4,8,0.0003874700027
ALICEUSDT,2026-06-24T12:00Z,-0.004214410204,-0.00797903,4,8,0.003764619796
ALLOUSDT,2026-06-24T12:00Z,-1.920000068e-05,3.113e-05,4,8,5.033000068e-05
ANIMEUSDT,2026-06-24T12:00Z,5.519999831e-06,-1.21e-06,4,8,6.729999831e-06
API3USDT,2026-06-24T12:00Z,-4.353999975e-05,4.27e-06,4,8,4.780999975e-05
ARIAUSDT,2026-06-24T12:00Z,0.0001057100017,0.00036626,4,8,0.0002605499983
AUCTIONUSDT,2026-06-24T12:00Z,-1.126000006e-05,5e-05,4,8,6.126000006e-05
AVNTUSDT,2026-06-24T12:00Z,4.999999874e-05,-0.0002457,4,8,0.0002956999987
AXSUSDT,2026-06-24T12:00Z,-1.207999958e-05,-4.59e-05,4,8,3.382000042e-05
BANUSDT,2026-06-24T12:00Z,6.772000052e-05,5e-05,4,8,1.772000052e-05
BARDUSDT,2026-06-24T12:00Z,-0.0001010699998,-0.00012625,4,8,2.51800002e-05
BASUSDT,2026-06-24T12:00Z,0.0008219400188,0.00019522,4,8,0.0006267200188
BDXNUSDT,2026-06-24T12:00Z,4.999999874e-05,0.0046011,4,4,0.004551100001
BERAUSDT,2026-06-24T12:00Z,1.205999979e-05,-2.599e-05,4,8,3.804999979e-05
BIOUSDT,2026-06-24T12:00Z,-8.800000069e-05,-5.31e-06,4,8,8.269000069e-05
BLURUSDT,2026-06-24T12:00Z,4.999999874e-05,1.608e-05,4,8,3.391999874e-05
BOMEUSDT,2026-06-24T12:00Z,4.999999874e-05,-7.686e-05,4,8,0.0001268599987
BROCCOLIF3BUSDT,2026-06-24T12:00Z,4.999999874e-05,-0.00011201,4,8,0.0001620099987
BRUSDT,2026-06-24T12:00Z,4.999999874e-05,0.00013985,4,8,8.985000126e-05
BSBUSDT,2026-06-24T12:00Z,9.637999756e-05,0.00019212,4,8,9.574000244e-05
BTWUSDT,2026-06-24T12:00Z,0.000120910001,6.808e-05,4,8,5.283000099e-05
BULLAUSDT,2026-06-24T12:00Z,0.00046303001,0.00042542,4,8,3.761001e-05
BUSDT,2026-06-24T12:00Z,0.0001248000044,5e-05,4,8,7.480000441e-05
CAKEUSDT,2026-06-24T12:00Z,4.999999874e-05,2.543e-05,4,8,2.456999874e-05
CHIPUSDT,2026-06-24T12:00Z,-0.0003051400126,-0.00035751,4,8,5.236998736e-05
CLOUSDT,2026-06-24T12:00Z,4.569000157e-05,-0.00034325,4,8,0.0003889400016
CTRUSDT,2026-06-24T12:00Z,5.641000098e-05,5e-05,4,8,6.41000098e-06
CUSDT,2026-06-24T12:00Z,9.53000017e-06,5e-05,4,8,4.046999983e-05
CVXUSDT,2026-06-24T12:00Z,2.400999983e-05,-0.00011323,4,8,0.0001372399998
CYBERUSDT,2026-06-24T12:00Z,3.508000009e-05,-1.139e-05,4,8,4.647000009e-05
DEXEUSDT,2026-06-24T12:00Z,0.0001365600037,9.399e-05,4,8,4.257000374e-05
DIAUSDT,2026-06-24T12:00Z,4.999999874e-05,-2.518e-05,4,8,7.517999874e-05
EDENUSDT,2026-06-24T12:00Z,3.502999971e-05,5e-05,4,8,1.497000029e-05
EDGEUSDT,2026-06-24T12:00Z,0.000168159997,0.0002513,4,8,8.314000303e-05
EIGENUSDT,2026-06-24T12:00Z,-2.728999971e-05,1.955e-05,4,8,4.683999971e-05
ENAUSDT,2026-06-24T12:00Z,3.935999848e-05,7.83e-06,4,8,3.152999848e-05
ENJUSDT,2026-06-24T12:00Z,4.999999874e-05,-7.465e-05,4,8,0.0001246499987
ENSOUSDT,2026-06-24T12:00Z,1.583000085e-05,5e-05,4,8,3.416999915e-05
ESPUSDT,2026-06-24T12:00Z,4.999999874e-05,-4.91e-06,4,8,5.490999874e-05
EVAAUSDT,2026-06-24T12:00Z,0.0003533400013,0.00036427,4,8,1.092999869e-05
FIDAUSDT,2026-06-24T12:00Z,-0.001002519974,-0.00062021,4,8,0.0003823099736
FLOWUSDT,2026-06-24T12:00Z,1.016999977e-05,5e-05,4,8,3.983000023e-05
FORMUSDT,2026-06-24T12:00Z,3.042999924e-05,-3.338e-05,4,8,6.380999924e-05
FRAXUSDT,2026-06-24T12:00Z,-2.336999933e-05,5e-05,4,8,7.336999933e-05
FUSDT,2026-06-24T12:00Z,4.999999874e-05,2.251e-05,4,8,2.748999874e-05
GUNUSDT,2026-06-24T12:00Z,-7.665000157e-05,-0.00013352,4,8,5.686999843e-05
GUSDT,2026-06-24T12:00Z,-8.97999962e-06,-0.00060929,4,8,0.0006003100004
HAEDALUSDT,2026-06-24T12:00Z,4.999999874e-05,3.464e-05,4,8,1.535999874e-05
HANAUSDT,2026-06-24T12:00Z,0.0006086700014,0.00053763,4,8,7.104000138e-05
HEIUSDT,2026-06-24T12:00Z,-0.000590969983,-0.0002038,4,8,0.000387169983
HIVEUSDT,2026-06-24T12:00Z,-0.0001523499959,-0.00010231,4,8,5.003999591e-05
HOMEUSDT,2026-06-24T12:00Z,-0.0003217599879,-0.00045255,4,8,0.0001307900121
HUSDT,2026-06-24T12:00Z,2.194999979e-05,5e-05,4,8,2.805000021e-05
HYPERUSDT,2026-06-24T12:00Z,4.999999874e-05,-1.114e-05,4,8,6.113999874e-05
ICNTUSDT,2026-06-24T12:00Z,2.450000011e-06,5e-05,4,8,4.754999999e-05
IDUSDT,2026-06-24T12:00Z,-0.0008288000245,-0.00133152,4,8,0.0005027199755
INITUSDT,2026-06-24T12:00Z,-4.310000077e-05,2.462e-05,4,8,6.772000077e-05
JTOUSDT,2026-06-24T12:00Z,4.819999958e-06,2.076e-05,4,8,1.594000004e-05
JUPUSDT,2026-06-24T12:00Z,-4.499999875e-07,-3.96e-05,4,8,3.915000001e-05
KOMAUSDT,2026-06-24T12:00Z,0.0003074700071,-0.00013713,4,8,0.0004446000071
LABUSDT,2026-06-24T12:00Z,-0.007366280071,-0.00346202,4,8,0.003904260071
LAUSDT,2026-06-24T12:00Z,2.807999954e-05,5e-05,4,8,2.192000046e-05
LAYERUSDT,2026-06-24T12:00Z,-0.0007199799875,-0.00088091,4,8,0.0001609300125
LINEAUSDT,2026-06-24T12:00Z,3.885000115e-05,5e-05,4,8,1.114999885e-05
LPTUSDT,2026-06-24T12:00Z,-3.030000016e-06,-2.621e-05,4,8,2.317999998e-05
LSKUSDT,2026-06-24T12:00Z,-7.103000098e-05,-0.00029735,4,8,0.000226319999
LYNUSDT,2026-06-24T12:00Z,4.999999874e-05,0.00018198,4,8,0.0001319800013
MAGICUSDT,2026-06-24T12:00Z,1.539000004e-05,3.773e-05,4,8,2.233999996e-05
MASKUSDT,2026-06-24T12:00Z,3.910000032e-06,5e-05,4,8,4.608999997e-05
MEGAUSDT,2026-06-24T12:00Z,-5.950999912e-05,-5.87e-06,4,8,5.363999912e-05
MEMEUSDT,2026-06-24T12:00Z,2.361999941e-05,5e-05,4,8,2.638000059e-05
MEUSDT,2026-06-24T12:00Z,-0.0001330499945,-0.00013195,4,8,1.099994474e-06
MIRAUSDT,2026-06-24T12:00Z,3.031000051e-05,5e-05,4,8,1.968999949e-05
MMTUSDT,2026-06-24T12:00Z,4.999999874e-05,4.412e-05,4,8,5.879998737e-06
MONUSDT,2026-06-24T12:00Z,-4.129999979e-06,5e-05,4,8,5.412999998e-05
MORPHOUSDT,2026-06-24T12:00Z,-0.0001177000013,6.11e-06,4,8,0.0001238100013
MOVEUSDT,2026-06-24T12:00Z,-4.971000089e-05,-0.00012398,4,8,7.426999911e-05
MOVRUSDT,2026-06-24T12:00Z,-1.521000013e-05,5e-05,4,8,6.521000013e-05
NEIROUSDT,2026-06-24T12:00Z,1.641999916e-05,6.51e-06,4,8,9.909999156e-06
NEWTUSDT,2026-06-24T12:00Z,-0.0003301299876,-9.586e-05,4,8,0.0002342699876
NOMUSDT,2026-06-24T12:00Z,-2.314000085e-05,5e-05,4,8,7.314000085e-05
NOTUSDT,2026-06-24T12:00Z,-6.191000284e-05,5e-05,4,8,0.0001119100028
ONDOUSDT,2026-06-24T12:00Z,-6.248000136e-05,-8.205e-05,4,8,1.956999864e-05
ONGUSDT,2026-06-24T12:00Z,4.999999874e-05,-3.415e-05,4,8,8.414999874e-05
ORCAUSDT,2026-06-24T12:00Z,-0.0001048400009,-0.00023056,4,8,0.0001257199991
ORDIUSDT,2026-06-24T12:00Z,2.368999958e-05,3.873e-05,4,8,1.504000042e-05
PAXGUSDT,2026-06-24T12:00Z,8.730000445e-06,8.27e-06,4,8,4.600004452e-07
PENGUUSDT,2026-06-24T12:00Z,-0.0001282900048,-0.00019444,4,8,6.61499952e-05
PIEVERSEUSDT,2026-06-24T12:00Z,0.0001282400044,5e-05,4,8,7.824000441e-05
PIPPINUSDT,2026-06-24T12:00Z,5.523000073e-05,5e-05,4,8,5.230000726e-06
PIXELUSDT,2026-06-24T12:00Z,-3.80800011e-05,5e-05,4,8,8.80800011e-05
PLAYUSDT,2026-06-24T12:00Z,0.0001227699977,0.00015715,4,8,3.438000231e-05
PLUMEUSDT,2026-06-24T12:00Z,4.999999874e-05,3.217e-05,4,8,1.782999874e-05
PNUTUSDT,2026-06-24T12:00Z,3.020999975e-05,5e-05,4,8,1.979000025e-05
POLUSDT,2026-06-24T12:00Z,2.657000005e-05,-5.89e-06,4,8,3.246000005e-05
POLYXUSDT,2026-06-24T12:00Z,4.999999874e-05,1.205e-05,4,8,3.794999874e-05
PORTALUSDT,2026-06-24T12:00Z,-0.0002197300055,-0.00066594,4,8,0.0004462099945
POWRUSDT,2026-06-24T12:00Z,4.999999874e-05,-8.822e-05,4,8,0.0001382199987
PTBUSDT,2026-06-24T12:00Z,0.0003406599863,0.00018138,4,8,0.0001592799863
PUMPBTCUSDT,2026-06-24T12:00Z,4.999999874e-05,0.00048328,4,8,0.0004332800013
PUMPUSDT,2026-06-24T12:00Z,2.085999949e-05,1.598e-05,4,8,4.879999495e-06
PUNDIXUSDT,2026-06-24T12:00Z,-2.795e-05,1.7e-06,4,8,2.965e-05
PYTHUSDT,2026-06-24T12:00Z,2.775999928e-05,-1.167e-05,4,8,3.942999928e-05
RAREUSDT,2026-06-24T12:00Z,-0.0001742199966,-0.00010332,4,8,7.089999655e-05
RAVEUSDT,2026-06-24T12:00Z,0.0001250500063,0.00017434,4,8,4.928999368e-05
RAYSOLUSDT,2026-06-24T12:00Z,-1.689000055e-05,-8.898e-05,4,8,7.208999945e-05
RENDERUSDT,2026-06-24T12:00Z,-1.691000034e-05,5e-05,4,8,6.691000034e-05
RESOLVUSDT,2026-06-24T12:00Z,-0.0001971599995,-0.00016204,4,8,3.511999952e-05
REUSDT,2026-06-24T12:00Z,-0.002111860085,-0.00144432,4,8,0.0006675400853
RIFUSDT,2026-06-24T12:00Z,4.999999874e-05,2.004e-05,4,8,2.995999874e-05
ROBOUSDT,2026-06-24T12:00Z,-0.0001145100032,5e-05,4,8,0.0001645100032
RPLUSDT,2026-06-24T12:00Z,-0.0002475999936,-0.00014083,4,8,0.0001067699936
SAHARAUSDT,2026-06-24T12:00Z,-0.002187160077,-0.00229016,4,8,0.0001029999234
SCRUSDT,2026-06-24T12:00Z,5.219999821e-06,5e-05,4,8,4.478000018e-05
SHELLUSDT,2026-06-24T12:00Z,-7.372999971e-05,-8.668e-05,4,8,1.295000029e-05
SIRENUSDT,2026-06-24T12:00Z,0.0004579699889,0.00043706,4,8,2.090998893e-05
SKYUSDT,2026-06-24T12:00Z,1.458000042e-05,5e-05,4,8,3.541999958e-05
SLXUSDT,2026-06-24T12:00Z,0.0004017500032,0.00071387,4,8,0.0003121199968
SOLVUSDT,2026-06-24T12:00Z,-2.126999971e-05,5e-05,4,8,7.126999971e-05
SONICUSDT,2026-06-24T12:00Z,-0.0001711899968,-0.00036078,4,8,0.0001895900032
SPORTFUNUSDT,2026-06-24T12:00Z,0.0004425999941,0.00020465,4,8,0.0002379499941
STARUSDT,2026-06-24T12:00Z,-0.0001059900023,5e-05,4,8,0.0001559900023
STGUSDT,2026-06-24T12:00Z,-0.0002020200045,-0.00016425,4,8,3.777000451e-05
STRKUSDT,2026-06-24T12:00Z,6.039999789e-06,3.819e-05,4,8,3.215000021e-05
SUNUSDT,2026-06-24T12:00Z,4.999999874e-05,-4.461e-05,4,8,9.460999874e-05
SUSDT,2026-06-24T12:00Z,-2.399999914e-07,1.644e-05,4,8,1.667999999e-05
SXPUSDT,2026-06-24T12:00Z,9.999999747e-05,-0.01080766,8,8,0.01090766
SXTUSDT,2026-06-24T12:00Z,4.999999874e-05,-0.00010592,4,8,0.0001559199987
SYNUSDT,2026-06-24T12:00Z,-0.00135847996,-0.00080362,4,8,0.0005548599599
SYRUPUSDT,2026-06-24T12:00Z,2.970999958e-05,-0.00013687,4,8,0.0001665799996
TACUSDT,2026-06-24T12:00Z,4.999999874e-05,0.0001136,4,8,6.360000126e-05
TAIKOUSDT,2026-06-24T12:00Z,-0.001262819977,-0.00196393,4,8,0.0007011100235
TAOUSDT,2026-06-24T12:00Z,8.879999768e-06,3.956e-05,4,8,3.068000023e-05
TAUSDT,2026-06-24T12:00Z,0.0001770300005,5e-05,4,8,0.0001270300005
TIAUSDT,2026-06-24T12:00Z,2.608000068e-05,1.642e-05,4,8,9.66000068e-06
TNSRUSDT,2026-06-24T12:00Z,-0.0003865500039,-0.0002766,4,8,0.0001099500039
TOWNSUSDT,2026-06-24T12:00Z,-5.098999827e-05,5.85e-06,4,8,5.683999827e-05
TRUMPUSDT,2026-06-24T12:00Z,-0.0001187300004,-0.00011926,4,8,5.299996051e-07
TUSDT,2026-06-24T12:00Z,-9.039999895e-06,6.33e-06,4,8,1.53699999e-05
UBUSDT,2026-06-24T12:00Z,4.999999874e-05,-0.00014489,4,8,0.0001948899987
USUALUSDT,2026-06-24T12:00Z,-3.713000115e-05,5e-05,4,8,8.713000115e-05
VELVETUSDT,2026-06-24T12:00Z,0.0001177200029,0.00010785,4,8,9.870002891e-06
VICUSDT,2026-06-24T12:00Z,-0.00153588003,-0.00211534,4,8,0.0005794599699
VIRTUALUSDT,2026-06-24T12:00Z,-7.216999802e-05,-5.812e-05,4,8,1.404999802e-05
VVVUSDT,2026-06-24T12:00Z,-0.0004383499909,-0.0005341,4,8,9.575000913e-05
WIFUSDT,2026-06-24T12:00Z,-9.07499998e-05,2.356e-05,4,8,0.0001143099998
WUSDT,2026-06-24T12:00Z,-1.789999988e-05,5e-05,4,8,6.789999988e-05
XAIUSDT,2026-06-24T12:00Z,4.999999874e-05,-4.266e-05,4,8,9.265999874e-05
XAUTUSDT,2026-06-24T12:00Z,-2.065999979e-05,-1.9e-06,4,8,1.875999979e-05
XPINUSDT,2026-06-24T12:00Z,0.0001445100061,0.00019899,4,8,5.447999393e-05
YGGUSDT,2026-06-24T12:00Z,8.439999874e-06,5e-05,4,8,4.156000013e-05
ZAMAUSDT,2026-06-24T12:00Z,4.999999874e-05,3.021e-05,4,8,1.978999874e-05
ZEREBROUSDT,2026-06-24T12:00Z,7.585999992e-05,9.485e-05,4,8,1.899000008e-05
ZESTUSDT,2026-06-24T12:00Z,8.951999916e-05,5e-05,4,8,3.951999916e-05
ZETAUSDT,2026-06-24T12:00Z,1.430999964e-05,5e-05,4,8,3.569000036e-05
ZILUSDT,2026-06-24T12:00Z,4.999999874e-05,3.15e-06,4,8,4.684999874e-05
ZKUSDT,2026-06-24T12:00Z,-9.326000145e-05,5e-05,4,8,0.0001432600014
ZRXUSDT,2026-06-24T12:00Z,4.999999874e-05,4.565e-05,4,8,4.349998737e-06
BDXNUSDT,2026-06-24T16:00Z,4.999999874e-05,0.0046011,4,4,0.004551100001
OUSDT,2026-06-24T16:00Z,4.999999874e-05,3.796e-05,4,8,1.203999874e-05
SXPUSDT,2026-06-24T16:00Z,9.999999747e-05,-0.01080766,8,8,0.01090766
BDXNUSDT,2026-06-24T20:00Z,4.999999874e-05,0.0046011,4,4,0.004551100001
SXPUSDT,2026-06-24T20:00Z,9.999999747e-05,-0.01080766,8,8,0.01090766
BDXNUSDT,2026-06-25T00:00Z,4.999999874e-05,0.0046011,4,4,0.004551100001
SXPUSDT,2026-06-25T00:00Z,9.999999747e-05,-0.01080766,8,8,0.01090766
BDXNUSDT,2026-06-25T04:00Z,4.999999874e-05,0.0046011,4,4,0.004551100001
SXPUSDT,2026-06-25T04:00Z,9.999999747e-05,-0.01080766,8,8,0.01090766
BDXNUSDT,2026-06-25T08:00Z,4.999999874e-05,0.0046011,4,4,0.004551100001
SXPUSDT,2026-06-25T08:00Z,9.999999747e-05,-0.01080766,8,8,0.01090766
BDXNUSDT,2026-06-25T12:00Z,4.999999874e-05,0.0046011,4,4,0.004551100001
SXPUSDT,2026-06-25T12:00Z,9.999999747e-05,-0.01080766,8,8,0.01090766
BDXNUSDT,2026-06-25T16:00Z,4.999999874e-05,0.0046011,4,4,0.004551100001
SXPUSDT,2026-06-25T16:00Z,9.999999747e-05,-0.01080766,8,8,0.01090766
BDXNUSDT,2026-06-25T20:00Z,4.999999874e-05,0.0046011,4,4,0.004551100001
SXPUSDT,2026-06-25T20:00Z,9.999999747e-05,-0.01080766,8,8,0.01090766
BDXNUSDT,2026-06-26T00:00Z,4.999999874e-05,0.0046011,4,4,0.004551100001
SXPUSDT,2026-06-26T00:00Z,9.999999747e-05,-0.01080766,8,8,0.01090766
BDXNUSDT,2026-06-26T04:00Z,4.999999874e-05,0.0046011,4,4,0.004551100001
SXPUSDT,2026-06-26T04:00Z,9.999999747e-05,-0.01080766,8,8,0.01090766
BDXNUSDT,2026-06-26T08:00Z,4.999999874e-05,0.0046011,4,4,0.004551100001
SXPUSDT,2026-06-26T08:00Z,9.999999747e-05,-0.01080766,8,8,0.01090766
BDXNUSDT,2026-06-26T12:00Z,4.999999874e-05,0.0046011,4,4,0.004551100001
SXPUSDT,2026-06-26T12:00Z,9.999999747e-05,-0.01080766,8,8,0.01090766
BDXNUSDT,2026-06-26T16:00Z,4.999999874e-05,0.0046011,4,4,0.004551100001
SXPUSDT,2026-06-26T16:00Z,9.999999747e-05,-0.01080766,8,8,0.01090766
BDXNUSDT,2026-06-26T20:00Z,4.999999874e-05,0.0046011,4,4,0.004551100001
SXPUSDT,2026-06-26T20:00Z,9.999999747e-05,-0.01080766,8,8,0.01090766
BDXNUSDT,2026-06-27T00:00Z,4.999999874e-05,0.0046011,4,4,0.004551100001
SXPUSDT,2026-06-27T00:00Z,9.999999747e-05,-0.01080766,8,8,0.01090766
BDXNUSDT,2026-06-27T04:00Z,4.999999874e-05,0.0046011,4,4,0.004551100001
SXPUSDT,2026-06-27T04:00Z,9.999999747e-05,-0.01080766,8,8,0.01090766
BDXNUSDT,2026-06-27T08:00Z,4.999999874e-05,0.0046011,4,4,0.004551100001
SXPUSDT,2026-06-27T08:00Z,9.999999747e-05,-0.01080766,8,8,0.01090766
BDXNUSDT,2026-06-27T12:00Z,4.999999874e-05,0.0046011,4,4,0.004551100001
SXPUSDT,2026-06-27T12:00Z,9.999999747e-05,-0.01080766,8,8,0.01090766
BDXNUSDT,2026-06-27T16:00Z,4.999999874e-05,0.0046011,4,4,0.004551100001
CAPUSDT,2026-06-27T16:00Z,0.0001369100064,0.00016321,4,8,2.62999936e-05
SXPUSDT,2026-06-27T16:00Z,9.999999747e-05,-0.01080766,8,8,0.01090766
BDXNUSDT,2026-06-27T20:00Z,4.999999874e-05,0.0046011,4,4,0.004551100001
SXPUSDT,2026-06-27T20:00Z,9.999999747e-05,-0.01080766,8,8,0.01090766
BDXNUSDT,2026-06-28T00:00Z,4.999999874e-05,0.0046011,4,4,0.004551100001
SXPUSDT,2026-06-28T00:00Z,9.999999747e-05,-0.01080766,8,8,0.01090766
BDXNUSDT,2026-06-28T04:00Z,4.999999874e-05,0.0046011,4,4,0.004551100001
SXPUSDT,2026-06-28T04:00Z,9.999999747e-05,-0.01080766,8,8,0.01090766
BDXNUSDT,2026-06-28T08:00Z,4.999999874e-05,0.0046011,4,4,0.004551100001
SXPUSDT,2026-06-28T08:00Z,9.999999747e-05,-0.01080766,8,8,0.01090766
BDXNUSDT,2026-06-28T12:00Z,4.999999874e-05,0.0046011,4,4,0.004551100001
SXPUSDT,2026-06-28T12:00Z,9.999999747e-05,-0.01080766,8,8,0.01090766
BDXNUSDT,2026-06-28T16:00Z,4.999999874e-05,0.0046011,4,4,0.004551100001
SXPUSDT,2026-06-28T16:00Z,9.999999747e-05,-0.01080766,8,8,0.01090766
BDXNUSDT,2026-06-28T20:00Z,4.999999874e-05,0.0046011,4,4,0.004551100001
SXPUSDT,2026-06-28T20:00Z,9.999999747e-05,-0.01080766,8,8,0.01090766
BDXNUSDT,2026-06-29T00:00Z,4.999999874e-05,0.0046011,4,4,0.004551100001
SXPUSDT,2026-06-29T00:00Z,9.999999747e-05,-0.01080766,8,8,0.01090766
BDXNUSDT,2026-06-29T04:00Z,4.999999874e-05,0.0046011,4,4,0.004551100001
SXPUSDT,2026-06-29T04:00Z,9.999999747e-05,-0.01080766,8,8,0.01090766
BDXNUSDT,2026-06-29T08:00Z,4.999999874e-05,0.0046011,4,4,0.004551100001
SXPUSDT,2026-06-29T08:00Z,9.999999747e-05,-0.01080766,8,8,0.01090766
BDXNUSDT,2026-06-29T12:00Z,4.999999874e-05,0.0046011,4,4,0.004551100001
SXPUSDT,2026-06-29T12:00Z,9.999999747e-05,-0.01080766,8,8,0.01090766
BDXNUSDT,2026-06-29T16:00Z,4.999999874e-05,0.0046011,4,4,0.004551100001
SXPUSDT,2026-06-29T16:00Z,9.999999747e-05,-0.01080766,8,8,0.01090766
BDXNUSDT,2026-06-29T20:00Z,4.999999874e-05,0.0046011,4,4,0.004551100001
SXPUSDT,2026-06-29T20:00Z,9.999999747e-05,-0.01080766,8,8,0.01090766
BDXNUSDT,2026-06-30T00:00Z,4.999999874e-05,0.0046011,4,4,0.004551100001
SXPUSDT,2026-06-30T00:00Z,9.999999747e-05,-0.01080766,8,8,0.01090766
BDXNUSDT,2026-06-30T04:00Z,4.999999874e-05,0.0046011,4,4,0.004551100001
SXPUSDT,2026-06-30T04:00Z,9.999999747e-05,-0.01080766,8,8,0.01090766
BDXNUSDT,2026-06-30T08:00Z,4.999999874e-05,0.0046011,4,4,0.004551100001
SXPUSDT,2026-06-30T08:00Z,9.999999747e-05,-0.01080766,8,8,0.01090766
BDXNUSDT,2026-06-30T12:00Z,4.999999874e-05,0.0046011,4,4,0.004551100001
SXPUSDT,2026-06-30T12:00Z,9.999999747e-05,-0.01080766,8,8,0.01090766
BDXNUSDT,2026-06-30T16:00Z,4.999999874e-05,0.0046011,4,4,0.004551100001
SXPUSDT,2026-06-30T16:00Z,9.999999747e-05,-0.01080766,8,8,0.01090766
BDXNUSDT,2026-06-30T20:00Z,4.999999874e-05,0.0046011,4,4,0.004551100001
SXPUSDT,2026-06-30T20:00Z,9.999999747e-05,-0.01080766,8,8,0.01090766
BDXNUSDT,2026-07-01T00:00Z,4.999999874e-05,0.0046011,4,4,0.004551100001
SXPUSDT,2026-07-01T00:00Z,9.999999747e-05,-0.01080766,8,8,0.01090766
BDXNUSDT,2026-07-01T04:00Z,4.999999874e-05,0.0046011,4,4,0.004551100001
SXPUSDT,2026-07-01T04:00Z,9.999999747e-05,-0.01080766,8,8,0.01090766
BDXNUSDT,2026-07-01T08:00Z,4.999999874e-05,0.0046011,4,4,0.004551100001
SXPUSDT,2026-07-01T08:00Z,9.999999747e-05,-0.01080766,8,8,0.01090766
BDXNUSDT,2026-07-01T12:00Z,4.999999874e-05,0.0046011,4,4,0.004551100001
SXPUSDT,2026-07-01T12:00Z,9.999999747e-05,-0.01080766,8,8,0.01090766
BDXNUSDT,2026-07-01T16:00Z,4.999999874e-05,0.0046011,4,4,0.004551100001
SXPUSDT,2026-07-01T16:00Z,9.999999747e-05,-0.01080766,8,8,0.01090766
BDXNUSDT,2026-07-01T20:00Z,4.999999874e-05,0.0046011,4,4,0.004551100001
SXPUSDT,2026-07-01T20:00Z,9.999999747e-05,-0.01080766,8,8,0.01090766
AERGOUSDT,2026-07-02T00:00Z,-0.001891650027,5e-05,4,4,0.001941650027
BDXNUSDT,2026-07-02T00:00Z,4.999999874e-05,0.0046011,4,4,0.004551100001
SXPUSDT,2026-07-02T00:00Z,9.999999747e-05,-0.01080766,8,8,0.01090766
AERGOUSDT,2026-07-02T04:00Z,-0.006285099778,5e-05,4,4,0.006335099778
BDXNUSDT,2026-07-02T04:00Z,4.999999874e-05,0.0046011,4,4,0.004551100001
SXPUSDT,2026-07-02T04:00Z,9.999999747e-05,-0.01080766,8,8,0.01090766
AERGOUSDT,2026-07-02T08:00Z,-0.006377540063,5e-05,4,4,0.006427540063
BDXNUSDT,2026-07-02T08:00Z,4.999999874e-05,0.0046011,4,4,0.004551100001
SXPUSDT,2026-07-02T08:00Z,9.999999747e-05,-0.01080766,8,8,0.01090766
AERGOUSDT,2026-07-02T12:00Z,-0.002967919922,5e-05,4,4,0.003017919922
BDXNUSDT,2026-07-02T12:00Z,4.999999874e-05,0.0046011,4,4,0.004551100001
SXPUSDT,2026-07-02T12:00Z,9.999999747e-05,-0.01080766,8,8,0.01090766
AERGOUSDT,2026-07-02T16:00Z,-0.004221369978,5e-05,4,4,0.004271369978
BDXNUSDT,2026-07-02T16:00Z,4.999999874e-05,0.0046011,4,4,0.004551100001
SXPUSDT,2026-07-02T16:00Z,9.999999747e-05,-0.01080766,8,8,0.01090766
AERGOUSDT,2026-07-02T20:00Z,-0.003255269956,5e-05,4,4,0.003305269956
BDXNUSDT,2026-07-02T20:00Z,4.999999874e-05,0.0046011,4,4,0.004551100001
SXPUSDT,2026-07-02T20:00Z,9.999999747e-05,-0.01080766,8,8,0.01090766
AERGOUSDT,2026-07-03T00:00Z,-0.003655970097,5e-05,4,4,0.003705970097
BDXNUSDT,2026-07-03T00:00Z,4.999999874e-05,0.0046011,4,4,0.004551100001
SXPUSDT,2026-07-03T00:00Z,9.999999747e-05,-0.01080766,8,8,0.01090766
AERGOUSDT,2026-07-03T04:00Z,-0.001298030023,5e-05,4,4,0.001348030023
BDXNUSDT,2026-07-03T04:00Z,4.999999874e-05,0.0046011,4,4,0.004551100001
SXPUSDT,2026-07-03T04:00Z,9.999999747e-05,-0.01080766,8,8,0.01090766
AERGOUSDT,2026-07-03T08:00Z,-0.003675909946,5e-05,4,4,0.003725909946
BDXNUSDT,2026-07-03T08:00Z,4.999999874e-05,0.0046011,4,4,0.004551100001
SXPUSDT,2026-07-03T08:00Z,9.999999747e-05,-0.01080766,8,8,0.01090766
BDXNUSDT,2026-07-03T12:00Z,4.999999874e-05,0.0046011,4,4,0.004551100001
DATAIPUSDT,2026-07-03T12:00Z,0.0003705600102,0.00032148,4,8,4.90800102e-05
SXPUSDT,2026-07-03T12:00Z,9.999999747e-05,-0.01080766,8,8,0.01090766
AERGOUSDT,2026-07-03T16:00Z,-0.001210490009,5e-05,4,4,0.001260490009
BDXNUSDT,2026-07-03T16:00Z,4.999999874e-05,0.0046011,4,4,0.004551100001
SXPUSDT,2026-07-03T16:00Z,9.999999747e-05,-0.01080766,8,8,0.01090766
AERGOUSDT,2026-07-03T20:00Z,-0.00106124999,5e-05,4,4,0.00111124999
BDXNUSDT,2026-07-03T20:00Z,4.999999874e-05,0.0046011,4,4,0.004551100001
SXPUSDT,2026-07-03T20:00Z,9.999999747e-05,-0.01080766,8,8,0.01090766
AERGOUSDT,2026-07-04T00:00Z,-0.001017519971,5e-05,4,4,0.001067519971
BDXNUSDT,2026-07-04T00:00Z,4.999999874e-05,0.0046011,4,4,0.004551100001
SXPUSDT,2026-07-04T00:00Z,9.999999747e-05,-0.01080766,8,8,0.01090766
AERGOUSDT,2026-07-04T04:00Z,-0.001236079959,5e-05,4,4,0.001286079959
BDXNUSDT,2026-07-04T04:00Z,4.999999874e-05,0.0046011,4,4,0.004551100001
SXPUSDT,2026-07-04T04:00Z,9.999999747e-05,-0.01080766,8,8,0.01090766
AERGOUSDT,2026-07-04T08:00Z,-0.0006255700137,5e-05,4,4,0.0006755700137
BDXNUSDT,2026-07-04T08:00Z,4.999999874e-05,0.0046011,4,4,0.004551100001
SXPUSDT,2026-07-04T08:00Z,9.999999747e-05,-0.01080766,8,8,0.01090766
BDXNUSDT,2026-07-04T12:00Z,4.999999874e-05,0.0046011,4,4,0.004551100001
SXPUSDT,2026-07-04T12:00Z,9.999999747e-05,-0.01080766,8,8,0.01090766
BDXNUSDT,2026-07-04T16:00Z,4.999999874e-05,0.0046011,4,4,0.004551100001
SXPUSDT,2026-07-04T16:00Z,9.999999747e-05,-0.01080766,8,8,0.01090766
BDXNUSDT,2026-07-04T20:00Z,4.999999874e-05,0.0046011,4,4,0.004551100001
SXPUSDT,2026-07-04T20:00Z,9.999999747e-05,-0.01080766,8,8,0.01090766
BDXNUSDT,2026-07-05T00:00Z,4.999999874e-05,0.0046011,4,4,0.004551100001
SXPUSDT,2026-07-05T00:00Z,9.999999747e-05,-0.01080766,8,8,0.01090766
AERGOUSDT,2026-07-05T04:00Z,0.0003220599901,5e-05,4,4,0.0002720599901
BDXNUSDT,2026-07-05T04:00Z,4.999999874e-05,0.0046011,4,4,0.004551100001
SXPUSDT,2026-07-05T04:00Z,9.999999747e-05,-0.01080766,8,8,0.01090766
AERGOUSDT,2026-07-05T08:00Z,0.0001575100032,5e-05,4,4,0.0001075100032
BDXNUSDT,2026-07-05T08:00Z,4.999999874e-05,0.0046011,4,4,0.004551100001
SXPUSDT,2026-07-05T08:00Z,9.999999747e-05,-0.01080766,8,8,0.01090766
BDXNUSDT,2026-07-05T12:00Z,4.999999874e-05,0.0046011,4,4,0.004551100001
SXPUSDT,2026-07-05T12:00Z,9.999999747e-05,-0.01080766,8,8,0.01090766
AERGOUSDT,2026-07-05T16:00Z,0.0003521800099,5e-05,4,4,0.0003021800099
BDXNUSDT,2026-07-05T16:00Z,4.999999874e-05,0.0046011,4,4,0.004551100001
SXPUSDT,2026-07-05T16:00Z,9.999999747e-05,-0.01080766,8,8,0.01090766
AERGOUSDT,2026-07-05T20:00Z,0.0001338199945,5e-05,4,4,8.381999452e-05
BDXNUSDT,2026-07-05T20:00Z,4.999999874e-05,0.0046011,4,4,0.004551100001
SXPUSDT,2026-07-05T20:00Z,9.999999747e-05,-0.01080766,8,8,0.01090766
BDXNUSDT,2026-07-06T00:00Z,4.999999874e-05,0.0046011,4,4,0.004551100001
SXPUSDT,2026-07-06T00:00Z,9.999999747e-05,-0.01080766,8,8,0.01090766
BDXNUSDT,2026-07-06T04:00Z,4.999999874e-05,0.0046011,4,4,0.004551100001
SXPUSDT,2026-07-06T04:00Z,9.999999747e-05,-0.01080766,8,8,0.01090766
AERGOUSDT,2026-07-06T08:00Z,-7.878000179e-05,5e-05,4,4,0.0001287800018
BDXNUSDT,2026-07-06T08:00Z,4.999999874e-05,0.0046011,4,4,0.004551100001
SXPUSDT,2026-07-06T08:00Z,9.999999747e-05,-0.01080766,8,8,0.01090766
BDXNUSDT,2026-07-06T12:00Z,4.999999874e-05,0.0046011,4,4,0.004551100001
SXPUSDT,2026-07-06T12:00Z,9.999999747e-05,-0.01080766,8,8,0.01090766
BDXNUSDT,2026-07-06T16:00Z,4.999999874e-05,0.0046011,4,4,0.004551100001
SXPUSDT,2026-07-06T16:00Z,9.999999747e-05,-0.01080766,8,8,0.01090766
BDXNUSDT,2026-07-06T20:00Z,4.999999874e-05,0.0046011,4,4,0.004551100001
SXPUSDT,2026-07-06T20:00Z,9.999999747e-05,-0.01080766,8,8,0.01090766
BDXNUSDT,2026-07-07T00:00Z,4.999999874e-05,0.0046011,4,4,0.004551100001
SXPUSDT,2026-07-07T00:00Z,9.999999747e-05,-0.01080766,8,8,0.01090766
BDXNUSDT,2026-07-07T04:00Z,4.999999874e-05,0.0046011,4,4,0.004551100001
SXPUSDT,2026-07-07T04:00Z,9.999999747e-05,-0.01080766,8,8,0.01090766
AERGOUSDT,2026-07-07T08:00Z,5.779999992e-05,5e-05,4,4,7.799999922e-06
BDXNUSDT,2026-07-07T08:00Z,4.999999874e-05,0.0046011,4,4,0.004551100001
SXPUSDT,2026-07-07T08:00Z,9.999999747e-05,-0.01080766,8,8,0.01090766
BDXNUSDT,2026-07-07T12:00Z,4.999999874e-05,0.0046011,4,4,0.004551100001
SXPUSDT,2026-07-07T12:00Z,9.999999747e-05,-0.01080766,8,8,0.01090766
BDXNUSDT,2026-07-07T16:00Z,4.999999874e-05,0.0046011,4,4,0.004551100001
SXPUSDT,2026-07-07T16:00Z,9.999999747e-05,-0.01080766,8,8,0.01090766
AERGOUSDT,2026-07-07T20:00Z,0.0003450800141,5e-05,4,4,0.0002950800141
BDXNUSDT,2026-07-07T20:00Z,4.999999874e-05,0.0046011,4,4,0.004551100001
SXPUSDT,2026-07-07T20:00Z,9.999999747e-05,-0.01080766,8,8,0.01090766
AERGOUSDT,2026-07-08T00:00Z,0.0006065299967,5e-05,4,4,0.0005565299967
BDXNUSDT,2026-07-08T00:00Z,4.999999874e-05,0.0046011,4,4,0.004551100001
SXPUSDT,2026-07-08T00:00Z,9.999999747e-05,-0.01080766,8,8,0.01090766
BDXNUSDT,2026-07-08T04:00Z,4.999999874e-05,0.0046011,4,4,0.004551100001
SXPUSDT,2026-07-08T04:00Z,9.999999747e-05,-0.01080766,8,8,0.01090766
BDXNUSDT,2026-07-08T08:00Z,4.999999874e-05,0.0046011,4,4,0.004551100001
SXPUSDT,2026-07-08T08:00Z,9.999999747e-05,-0.01080766,8,8,0.01090766
BDXNUSDT,2026-07-08T12:00Z,4.999999874e-05,0.0046011,4,4,0.004551100001
SXPUSDT,2026-07-08T12:00Z,9.999999747e-05,-0.01080766,8,8,0.01090766
BDXNUSDT,2026-07-08T16:00Z,4.999999874e-05,0.0046011,4,4,0.004551100001
SXPUSDT,2026-07-08T16:00Z,9.999999747e-05,-0.01080766,8,8,0.01090766
AERGOUSDT,2026-07-08T20:00Z,0.0002797099878,5e-05,4,4,0.0002297099878
BDXNUSDT,2026-07-08T20:00Z,4.999999874e-05,0.0046011,4,4,0.004551100001
SXPUSDT,2026-07-08T20:00Z,9.999999747e-05,-0.01080766,8,8,0.01090766
AERGOUSDT,2026-07-09T00:00Z,0.0003182899964,5e-05,4,4,0.0002682899964
BDXNUSDT,2026-07-09T00:00Z,4.999999874e-05,0.0046011,4,4,0.004551100001
SXPUSDT,2026-07-09T00:00Z,9.999999747e-05,-0.01080766,8,8,0.01090766
AERGOUSDT,2026-07-09T04:00Z,0.0003490899981,5e-05,4,4,0.0002990899981
BDXNUSDT,2026-07-09T04:00Z,4.999999874e-05,0.0046011,4,4,0.004551100001
SXPUSDT,2026-07-09T04:00Z,9.999999747e-05,-0.01080766,8,8,0.01090766
AERGOUSDT,2026-07-09T08:00Z,0.0003275600029,5e-05,4,4,0.0002775600029
BDXNUSDT,2026-07-09T08:00Z,4.999999874e-05,0.0046011,4,4,0.004551100001
SXPUSDT,2026-07-09T08:00Z,9.999999747e-05,-0.01080766,8,8,0.01090766
BDXNUSDT,2026-07-09T12:00Z,4.999999874e-05,0.0046011,4,4,0.004551100001
SXPUSDT,2026-07-09T12:00Z,9.999999747e-05,-0.01080766,8,8,0.01090766
AERGOUSDT,2026-07-09T16:00Z,0.0001191499978,5e-05,4,4,6.914999777e-05
BDXNUSDT,2026-07-09T16:00Z,4.999999874e-05,0.0046011,4,4,0.004551100001
SXPUSDT,2026-07-09T16:00Z,9.999999747e-05,-0.01080766,8,8,0.01090766
AERGOUSDT,2026-07-09T20:00Z,0.0002585299953,5e-05,4,4,0.0002085299953
BDXNUSDT,2026-07-09T20:00Z,4.999999874e-05,0.0046011,4,4,0.004551100001
SXPUSDT,2026-07-09T20:00Z,9.999999747e-05,-0.01080766,8,8,0.01090766
AERGOUSDT,2026-07-10T00:00Z,0.0001335800043,5e-05,4,4,8.358000433e-05
BDXNUSDT,2026-07-10T00:00Z,4.999999874e-05,0.0046011,4,4,0.004551100001
SXPUSDT,2026-07-10T00:00Z,9.999999747e-05,-0.01080766,8,8,0.01090766
AERGOUSDT,2026-07-10T04:00Z,0.0003322300036,5e-05,4,4,0.0002822300036
BDXNUSDT,2026-07-10T04:00Z,4.999999874e-05,0.0046011,4,4,0.004551100001
SXPUSDT,2026-07-10T04:00Z,9.999999747e-05,-0.01080766,8,8,0.01090766
AERGOUSDT,2026-07-10T08:00Z,6.952999684e-05,5e-05,4,4,1.952999684e-05
BDXNUSDT,2026-07-10T08:00Z,4.999999874e-05,0.0046011,4,4,0.004551100001
SXPUSDT,2026-07-10T08:00Z,9.999999747e-05,-0.01080766,8,8,0.01090766
BDXNUSDT,2026-07-10T12:00Z,4.999999874e-05,0.0046011,4,4,0.004551100001
SXPUSDT,2026-07-10T12:00Z,9.999999747e-05,-0.01080766,8,8,0.01090766
BDXNUSDT,2026-07-10T16:00Z,4.999999874e-05,0.0046011,4,4,0.004551100001
SXPUSDT,2026-07-10T16:00Z,9.999999747e-05,-0.01080766,8,8,0.01090766
BDXNUSDT,2026-07-10T20:00Z,4.999999874e-05,0.0046011,4,4,0.004551100001
SXPUSDT,2026-07-10T20:00Z,9.999999747e-05,-0.01080766,8,8,0.01090766
BDXNUSDT,2026-07-11T00:00Z,4.999999874e-05,0.0046011,4,4,0.004551100001
SXPUSDT,2026-07-11T00:00Z,9.999999747e-05,-0.01080766,8,8,0.01090766
AERGOUSDT,2026-07-11T04:00Z,0.000454049994,5e-05,4,4,0.000404049994
BDXNUSDT,2026-07-11T04:00Z,4.999999874e-05,0.0046011,4,4,0.004551100001
SXPUSDT,2026-07-11T04:00Z,9.999999747e-05,-0.01080766,8,8,0.01090766
BDXNUSDT,2026-07-11T08:00Z,4.999999874e-05,0.0046011,4,4,0.004551100001
SXPUSDT,2026-07-11T08:00Z,9.999999747e-05,-0.01080766,8,8,0.01090766
BDXNUSDT,2026-07-11T12:00Z,4.999999874e-05,0.0046011,4,4,0.004551100001
SXPUSDT,2026-07-11T12:00Z,9.999999747e-05,-0.01080766,8,8,0.01090766
BDXNUSDT,2026-07-11T16:00Z,4.999999874e-05,0.0046011,4,4,0.004551100001
SXPUSDT,2026-07-11T16:00Z,9.999999747e-05,-0.01080766,8,8,0.01090766
AERGOUSDT,2026-07-11T20:00Z,0.0002141699952,5e-05,4,4,0.0001641699952
BDXNUSDT,2026-07-11T20:00Z,4.999999874e-05,0.0046011,4,4,0.004551100001
SXPUSDT,2026-07-11T20:00Z,9.999999747e-05,-0.01080766,8,8,0.01090766
BDXNUSDT,2026-07-12T00:00Z,4.999999874e-05,0.0046011,4,4,0.004551100001
SXPUSDT,2026-07-12T00:00Z,9.999999747e-05,-0.01080766,8,8,0.01090766
BDXNUSDT,2026-07-12T04:00Z,4.999999874e-05,0.0046011,4,4,0.004551100001
SXPUSDT,2026-07-12T04:00Z,9.999999747e-05,-0.01080766,8,8,0.01090766
BDXNUSDT,2026-07-12T08:00Z,4.999999874e-05,0.0046011,4,4,0.004551100001
SXPUSDT,2026-07-12T08:00Z,9.999999747e-05,-0.01080766,8,8,0.01090766
BDXNUSDT,2026-07-12T12:00Z,4.999999874e-05,0.0046011,4,4,0.004551100001
SXPUSDT,2026-07-12T12:00Z,9.999999747e-05,-0.01080766,8,8,0.01090766
AERGOUSDT,2026-07-12T16:00Z,0.0001431599958,5e-05,4,4,9.315999579e-05
BDXNUSDT,2026-07-12T16:00Z,4.999999874e-05,0.0046011,4,4,0.004551100001
SXPUSDT,2026-07-12T16:00Z,9.999999747e-05,-0.01080766,8,8,0.01090766
BDXNUSDT,2026-07-12T20:00Z,4.999999874e-05,0.0046011,4,4,0.004551100001
SXPUSDT,2026-07-12T20:00Z,9.999999747e-05,-0.01080766,8,8,0.01090766
BDXNUSDT,2026-07-13T00:00Z,4.999999874e-05,0.0046011,4,4,0.004551100001
SXPUSDT,2026-07-13T00:00Z,9.999999747e-05,-0.01080766,8,8,0.01090766
BDXNUSDT,2026-07-13T04:00Z,4.999999874e-05,0.0046011,4,4,0.004551100001
SXPUSDT,2026-07-13T04:00Z,9.999999747e-05,-0.01080766,8,8,0.01090766
BDXNUSDT,2026-07-13T08:00Z,4.999999874e-05,0.0046011,4,4,0.004551100001
SXPUSDT,2026-07-13T08:00Z,9.999999747e-05,-0.01080766,8,8,0.01090766
1000XECUSDT,2026-07-13T12:00Z,-0.002048569964,-0.02,1,8,0.01795143004
AERGOUSDT,2026-07-13T12:00Z,0.001141860033,5e-05,4,4,0.001091860033
BDXNUSDT,2026-07-13T12:00Z,4.999999874e-05,0.0046011,4,4,0.004551100001
SXPUSDT,2026-07-13T12:00Z,9.999999747e-05,-0.01080766,8,8,0.01090766
AERGOUSDT,2026-07-13T16:00Z,0.0009279000224,5e-05,4,4,0.0008779000224
BDXNUSDT,2026-07-13T16:00Z,4.999999874e-05,0.0046011,4,4,0.004551100001
SXPUSDT,2026-07-13T16:00Z,9.999999747e-05,-0.01080766,8,8,0.01090766
AERGOUSDT,2026-07-13T20:00Z,0.0005684199859,5e-05,4,4,0.0005184199859
BDXNUSDT,2026-07-13T20:00Z,4.999999874e-05,0.0046011,4,4,0.004551100001
SXPUSDT,2026-07-13T20:00Z,9.999999747e-05,-0.01080766,8,8,0.01090766
AERGOUSDT,2026-07-14T00:00Z,0.0008151200018,5e-05,4,4,0.0007651200018
BDXNUSDT,2026-07-14T00:00Z,4.999999874e-05,0.0046011,4,4,0.004551100001
SXPUSDT,2026-07-14T00:00Z,9.999999747e-05,-0.01080766,8,8,0.01090766
AERGOUSDT,2026-07-14T04:00Z,0.0004716900003,5e-05,4,4,0.0004216900003
BDXNUSDT,2026-07-14T04:00Z,4.999999874e-05,0.0046011,4,4,0.004551100001
SXPUSDT,2026-07-14T04:00Z,9.999999747e-05,-0.01080766,8,8,0.01090766
AERGOUSDT,2026-07-14T08:00Z,0.0003028599895,5e-05,4,4,0.0002528599895
BDXNUSDT,2026-07-14T08:00Z,4.999999874e-05,0.0046011,4,4,0.004551100001
SXPUSDT,2026-07-14T08:00Z,9.999999747e-05,-0.01080766,8,8,0.01090766
AERGOUSDT,2026-07-14T12:00Z,0.0006101499894,5e-05,4,4,0.0005601499894
BDXNUSDT,2026-07-14T12:00Z,4.999999874e-05,0.0046011,4,4,0.004551100001
SXPUSDT,2026-07-14T12:00Z,9.999999747e-05,-0.01080766,8,8,0.01090766
AERGOUSDT,2026-07-14T16:00Z,0.001385319978,5e-05,4,4,0.001335319978
BDXNUSDT,2026-07-14T16:00Z,4.999999874e-05,0.0046011,4,4,0.004551100001
SXPUSDT,2026-07-14T16:00Z,9.999999747e-05,-0.01080766,8,8,0.01090766
AERGOUSDT,2026-07-14T20:00Z,0.0008749900153,5e-05,4,4,0.0008249900153
BDXNUSDT,2026-07-14T20:00Z,4.999999874e-05,0.0046011,4,4,0.004551100001
SXPUSDT,2026-07-14T20:00Z,9.999999747e-05,-0.01080766,8,8,0.01090766
AERGOUSDT,2026-07-15T00:00Z,0.0002631300013,5e-05,4,4,0.0002131300013
BDXNUSDT,2026-07-15T00:00Z,4.999999874e-05,0.0046011,4,4,0.004551100001
SXPUSDT,2026-07-15T00:00Z,9.999999747e-05,-0.01080766,8,8,0.01090766
AERGOUSDT,2026-07-15T04:00Z,0.0001564800041,5e-05,4,4,0.0001064800041
BDXNUSDT,2026-07-15T04:00Z,4.999999874e-05,0.0046011,4,4,0.004551100001
SXPUSDT,2026-07-15T04:00Z,9.999999747e-05,-0.01080766,8,8,0.01090766
AERGOUSDT,2026-07-15T08:00Z,0.0006951200194,5e-05,4,4,0.0006451200194
BDXNUSDT,2026-07-15T08:00Z,4.999999874e-05,0.0046011,4,4,0.004551100001
SXPUSDT,2026-07-15T08:00Z,9.999999747e-05,-0.01080766,8,8,0.01090766
AERGOUSDT,2026-07-15T12:00Z,0.0005625199992,5e-05,4,4,0.0005125199992
BDXNUSDT,2026-07-15T12:00Z,4.999999874e-05,0.0046011,4,4,0.004551100001
SXPUSDT,2026-07-15T12:00Z,9.999999747e-05,-0.01080766,8,8,0.01090766
AERGOUSDT,2026-07-15T16:00Z,0.001124399947,5e-05,4,4,0.001074399947
BDXNUSDT,2026-07-15T16:00Z,4.999999874e-05,0.0046011,4,4,0.004551100001
SXPUSDT,2026-07-15T16:00Z,9.999999747e-05,-0.01080766,8,8,0.01090766
AERGOUSDT,2026-07-15T20:00Z,0.001642539981,5e-05,4,4,0.001592539981
BDXNUSDT,2026-07-15T20:00Z,4.999999874e-05,0.0046011,4,4,0.004551100001
SXPUSDT,2026-07-15T20:00Z,9.999999747e-05,-0.01080766,8,8,0.01090766
AERGOUSDT,2026-07-16T00:00Z,0.001084930031,5e-05,4,4,0.001034930031
BDXNUSDT,2026-07-16T00:00Z,4.999999874e-05,0.0046011,4,4,0.004551100001
SXPUSDT,2026-07-16T00:00Z,9.999999747e-05,-0.01080766,8,8,0.01090766
AERGOUSDT,2026-07-16T04:00Z,0.0004829399986,5e-05,4,4,0.0004329399986
BDXNUSDT,2026-07-16T04:00Z,4.999999874e-05,0.0046011,4,4,0.004551100001
SXPUSDT,2026-07-16T04:00Z,9.999999747e-05,-0.01080766,8,8,0.01090766
AERGOUSDT,2026-07-16T08:00Z,0.0006494600093,5e-05,4,4,0.0005994600093
BDXNUSDT,2026-07-16T08:00Z,4.999999874e-05,0.0046011,4,4,0.004551100001
SXPUSDT,2026-07-16T08:00Z,9.999999747e-05,-0.01080766,8,8,0.01090766
AERGOUSDT,2026-07-16T12:00Z,0.001031990047,5e-05,4,4,0.0009819900466
BDXNUSDT,2026-07-16T12:00Z,4.999999874e-05,0.0046011,4,4,0.004551100001
SXPUSDT,2026-07-16T12:00Z,9.999999747e-05,-0.01080766,8,8,0.01090766
AERGOUSDT,2026-07-16T16:00Z,0.000470310013,5e-05,4,4,0.000420310013
BDXNUSDT,2026-07-16T16:00Z,4.999999874e-05,0.0046011,4,4,0.004551100001
SXPUSDT,2026-07-16T16:00Z,9.999999747e-05,-0.01080766,8,8,0.01090766
AERGOUSDT,2026-07-16T20:00Z,0.0008272699779,5e-05,4,4,0.0007772699779
BDXNUSDT,2026-07-16T20:00Z,4.999999874e-05,0.0046011,4,4,0.004551100001
SXPUSDT,2026-07-16T20:00Z,9.999999747e-05,-0.01080766,8,8,0.01090766
AERGOUSDT,2026-07-17T00:00Z,0.0008209900116,5e-05,4,4,0.0007709900116
BDXNUSDT,2026-07-17T00:00Z,4.999999874e-05,0.0046011,4,4,0.004551100001
SXPUSDT,2026-07-17T00:00Z,9.999999747e-05,-0.01080766,8,8,0.01090766
AERGOUSDT,2026-07-17T04:00Z,0.0006020999863,5e-05,4,4,0.0005520999863
BDXNUSDT,2026-07-17T04:00Z,4.999999874e-05,0.0046011,4,4,0.004551100001
SXPUSDT,2026-07-17T04:00Z,9.999999747e-05,-0.01080766,8,8,0.01090766
AERGOUSDT,2026-07-17T08:00Z,0.0002638399892,5e-05,4,4,0.0002138399892
BDXNUSDT,2026-07-17T08:00Z,4.999999874e-05,0.0046011,4,4,0.004551100001
SXPUSDT,2026-07-17T08:00Z,9.999999747e-05,-0.01080766,8,8,0.01090766
AERGOUSDT,2026-07-17T12:00Z,0.0008282299968,5e-05,4,4,0.0007782299968
BDXNUSDT,2026-07-17T12:00Z,4.999999874e-05,0.0046011,4,4,0.004551100001
SXPUSDT,2026-07-17T12:00Z,9.999999747e-05,-0.01080766,8,8,0.01090766
BDXNUSDT,2026-07-17T16:00Z,4.999999874e-05,0.0046011,4,4,0.004551100001
SXPUSDT,2026-07-17T16:00Z,9.999999747e-05,-0.01080766,8,8,0.01090766
AERGOUSDT,2026-07-17T20:00Z,0.0004247500037,5e-05,4,4,0.0003747500037
BDXNUSDT,2026-07-17T20:00Z,4.999999874e-05,0.0046011,4,4,0.004551100001
SXPUSDT,2026-07-17T20:00Z,9.999999747e-05,-0.01080766,8,8,0.01090766
AERGOUSDT,2026-07-18T00:00Z,0.000897609978,5e-05,4,4,0.000847609978
BDXNUSDT,2026-07-18T00:00Z,4.999999874e-05,0.0046011,4,4,0.004551100001
SXPUSDT,2026-07-18T00:00Z,9.999999747e-05,-0.01080766,8,8,0.01090766
AERGOUSDT,2026-07-18T04:00Z,0.0004284100141,5e-05,4,4,0.0003784100141
BDXNUSDT,2026-07-18T04:00Z,4.999999874e-05,0.0046011,4,4,0.004551100001
SXPUSDT,2026-07-18T04:00Z,9.999999747e-05,-0.01080766,8,8,0.01090766
AERGOUSDT,2026-07-18T08:00Z,0.0003449399956,5e-05,4,4,0.0002949399956
BDXNUSDT,2026-07-18T08:00Z,4.999999874e-05,0.0046011,4,4,0.004551100001
SXPUSDT,2026-07-18T08:00Z,9.999999747e-05,-0.01080766,8,8,0.01090766
AERGOUSDT,2026-07-18T12:00Z,6.436999684e-05,5e-05,4,4,1.436999684e-05
BDXNUSDT,2026-07-18T12:00Z,4.999999874e-05,0.0046011,4,4,0.004551100001
SXPUSDT,2026-07-18T12:00Z,9.999999747e-05,-0.01080766,8,8,0.01090766
AERGOUSDT,2026-07-18T16:00Z,6.168999971e-05,5e-05,4,4,1.168999971e-05
BDXNUSDT,2026-07-18T16:00Z,4.999999874e-05,0.0046011,4,4,0.004551100001
SXPUSDT,2026-07-18T16:00Z,9.999999747e-05,-0.01080766,8,8,0.01090766
BDXNUSDT,2026-07-18T20:00Z,4.999999874e-05,0.0046011,4,4,0.004551100001
SXPUSDT,2026-07-18T20:00Z,9.999999747e-05,-0.01080766,8,8,0.01090766
BDXNUSDT,2026-07-19T00:00Z,4.999999874e-05,0.0046011,4,4,0.004551100001
SXPUSDT,2026-07-19T00:00Z,9.999999747e-05,-0.01080766,8,8,0.01090766
BDXNUSDT,2026-07-19T04:00Z,4.999999874e-05,0.0046011,4,4,0.004551100001
SXPUSDT,2026-07-19T04:00Z,9.999999747e-05,-0.01080766,8,8,0.01090766
BDXNUSDT,2026-07-19T08:00Z,4.999999874e-05,0.0046011,4,4,0.004551100001
SXPUSDT,2026-07-19T08:00Z,9.999999747e-05,-0.01080766,8,8,0.01090766
BDXNUSDT,2026-07-19T12:00Z,4.999999874e-05,0.0046011,4,4,0.004551100001
SXPUSDT,2026-07-19T12:00Z,9.999999747e-05,-0.01080766,8,8,0.01090766
BDXNUSDT,2026-07-19T16:00Z,4.999999874e-05,0.0046011,4,4,0.004551100001
SXPUSDT,2026-07-19T16:00Z,9.999999747e-05,-0.01080766,8,8,0.01090766
AERGOUSDT,2026-07-19T20:00Z,0.000209809994,5e-05,4,4,0.000159809994
BDXNUSDT,2026-07-19T20:00Z,4.999999874e-05,0.0046011,4,4,0.004551100001
SXPUSDT,2026-07-19T20:00Z,9.999999747e-05,-0.01080766,8,8,0.01090766
AERGOUSDT,2026-07-20T00:00Z,0.0001350499952,5e-05,4,4,8.504999515e-05
BDXNUSDT,2026-07-20T00:00Z,4.999999874e-05,0.0046011,4,4,0.004551100001
SXPUSDT,2026-07-20T00:00Z,9.999999747e-05,-0.01080766,8,8,0.01090766
BDXNUSDT,2026-07-20T04:00Z,4.999999874e-05,0.0046011,4,4,0.004551100001
SXPUSDT,2026-07-20T04:00Z,9.999999747e-05,-0.01080766,8,8,0.01090766
AERGOUSDT,2026-07-20T08:00Z,0.0001120700035,5e-05,4,4,6.207000352e-05
BDXNUSDT,2026-07-20T08:00Z,4.999999874e-05,0.0046011,4,4,0.004551100001
SXPUSDT,2026-07-20T08:00Z,9.999999747e-05,-0.01080766,8,8,0.01090766
BDXNUSDT,2026-07-20T12:00Z,4.999999874e-05,0.0046011,4,4,0.004551100001
SXPUSDT,2026-07-20T12:00Z,9.999999747e-05,-0.01080766,8,8,0.01090766
BDXNUSDT,2026-07-20T16:00Z,4.999999874e-05,0.0046011,4,4,0.004551100001
SXPUSDT,2026-07-20T16:00Z,9.999999747e-05,-0.01080766,8,8,0.01090766
BDXNUSDT,2026-07-20T20:00Z,4.999999874e-05,0.0046011,4,4,0.004551100001
SXPUSDT,2026-07-20T20:00Z,9.999999747e-05,-0.01080766,8,8,0.01090766
BDXNUSDT,2026-07-21T00:00Z,4.999999874e-05,0.0046011,4,4,0.004551100001
SXPUSDT,2026-07-21T00:00Z,9.999999747e-05,-0.01080766,8,8,0.01090766
BDXNUSDT,2026-07-21T04:00Z,4.999999874e-05,0.0046011,4,4,0.004551100001
SXPUSDT,2026-07-21T04:00Z,9.999999747e-05,-0.01080766,8,8,0.01090766
BDXNUSDT,2026-07-21T08:00Z,4.999999874e-05,0.0046011,4,4,0.004551100001
SXPUSDT,2026-07-21T08:00Z,9.999999747e-05,-0.01080766,8,8,0.01090766
BDXNUSDT,2026-07-21T12:00Z,4.999999874e-05,0.0046011,4,4,0.004551100001
SXPUSDT,2026-07-21T12:00Z,9.999999747e-05,-0.01080766,8,8,0.01090766
AERGOUSDT,2026-07-21T16:00Z,7.801000174e-05,5e-05,4,4,2.801000174e-05
BDXNUSDT,2026-07-21T16:00Z,4.999999874e-05,0.0046011,4,4,0.004551100001
SXPUSDT,2026-07-21T16:00Z,9.999999747e-05,-0.01080766,8,8,0.01090766
AERGOUSDT,2026-07-21T20:00Z,0.0008796899929,5e-05,4,4,0.0008296899929
BDXNUSDT,2026-07-21T20:00Z,4.999999874e-05,0.0046011,4,4,0.004551100001
SXPUSDT,2026-07-21T20:00Z,9.999999747e-05,-0.01080766,8,8,0.01090766
AERGOUSDT,2026-07-22T00:00Z,0.0008137400146,5e-05,4,4,0.0007637400146
BDXNUSDT,2026-07-22T00:00Z,4.999999874e-05,0.0046011,4,4,0.004551100001
SXPUSDT,2026-07-22T00:00Z,9.999999747e-05,-0.01080766,8,8,0.01090766
AERGOUSDT,2026-07-22T04:00Z,0.001407569973,5e-05,4,4,0.001357569973
BDXNUSDT,2026-07-22T04:00Z,4.999999874e-05,0.0046011,4,4,0.004551100001
SXPUSDT,2026-07-22T04:00Z,9.999999747e-05,-0.01080766,8,8,0.01090766
AERGOUSDT,2026-07-22T08:00Z,0.0004635099904,5e-05,4,4,0.0004135099904
BDXNUSDT,2026-07-22T08:00Z,4.999999874e-05,0.0046011,4,4,0.004551100001
SXPUSDT,2026-07-22T08:00Z,9.999999747e-05,-0.01080766,8,8,0.01090766
AERGOUSDT,2026-07-22T12:00Z,0.0005734000006,5e-05,4,4,0.0005234000006
BDXNUSDT,2026-07-22T12:00Z,4.999999874e-05,0.0046011,4,4,0.004551100001
SXPUSDT,2026-07-22T12:00Z,9.999999747e-05,-0.01080766,8,8,0.01090766
AERGOUSDT,2026-07-22T16:00Z,0.001367780031,5e-05,4,4,0.001317780031
BDXNUSDT,2026-07-22T16:00Z,4.999999874e-05,0.0046011,4,4,0.004551100001
SXPUSDT,2026-07-22T16:00Z,9.999999747e-05,-0.01080766,8,8,0.01090766
AERGOUSDT,2026-07-22T20:00Z,0.001062880037,5e-05,4,4,0.001012880037
BDXNUSDT,2026-07-22T20:00Z,4.999999874e-05,0.0046011,4,4,0.004551100001
SXPUSDT,2026-07-22T20:00Z,9.999999747e-05,-0.01080766,8,8,0.01090766
AERGOUSDT,2026-07-23T00:00Z,0.001564470003,5e-05,4,4,0.001514470003
BDXNUSDT,2026-07-23T00:00Z,4.999999874e-05,0.0046011,4,4,0.004551100001
SXPUSDT,2026-07-23T00:00Z,9.999999747e-05,-0.01080766,8,8,0.01090766
AERGOUSDT,2026-07-23T04:00Z,0.001480069943,5e-05,4,4,0.001430069943
BDXNUSDT,2026-07-23T04:00Z,4.999999874e-05,0.0046011,4,4,0.004551100001
SXPUSDT,2026-07-23T04:00Z,9.999999747e-05,-0.01080766,8,8,0.01090766
AERGOUSDT,2026-07-23T08:00Z,0.00436122017,5e-05,4,4,0.00431122017
BDXNUSDT,2026-07-23T08:00Z,4.999999874e-05,0.0046011,4,4,0.004551100001
SXPUSDT,2026-07-23T08:00Z,9.999999747e-05,-0.01080766,8,8,0.01090766
AERGOUSDT,2026-07-23T12:00Z,0.005358519964,5e-05,4,4,0.005308519964
BDXNUSDT,2026-07-23T12:00Z,4.999999874e-05,0.0046011,4,4,0.004551100001
SXPUSDT,2026-07-23T12:00Z,9.999999747e-05,-0.01080766,8,8,0.01090766
AERGOUSDT,2026-07-23T16:00Z,0.005908439867,5e-05,4,4,0.005858439867
BDXNUSDT,2026-07-23T16:00Z,4.999999874e-05,0.0046011,4,4,0.004551100001
SXPUSDT,2026-07-23T16:00Z,9.999999747e-05,-0.01080766,8,8,0.01090766
AERGOUSDT,2026-07-23T20:00Z,0.006349999923,5e-05,4,4,0.006299999923
BDXNUSDT,2026-07-23T20:00Z,4.999999874e-05,0.0046011,4,4,0.004551100001
SXPUSDT,2026-07-23T20:00Z,9.999999747e-05,-0.01080766,8,8,0.01090766
AERGOUSDT,2026-07-24T00:00Z,0.00387876993,5e-05,4,4,0.00382876993
BDXNUSDT,2026-07-24T00:00Z,4.999999874e-05,0.0046011,4,4,0.004551100001
SXPUSDT,2026-07-24T00:00Z,9.999999747e-05,-0.01080766,8,8,0.01090766
AERGOUSDT,2026-07-24T04:00Z,0.004330520052,5e-05,4,4,0.004280520052
BDXNUSDT,2026-07-24T04:00Z,4.999999874e-05,0.0046011,4,4,0.004551100001
SXPUSDT,2026-07-24T04:00Z,9.999999747e-05,-0.01080766,8,8,0.01090766
AERGOUSDT,2026-07-24T08:00Z,0.004330520052,5e-05,4,4,0.004280520052
BDXNUSDT,2026-07-24T08:00Z,4.999999874e-05,0.0046011,4,4,0.004551100001
SXPUSDT,2026-07-24T08:00Z,9.999999747e-05,-0.01080766,8,8,0.01090766
BDXNUSDT,2026-07-24T12:00Z,4.999999874e-05,0.0046011,4,4,0.004551100001
SXPUSDT,2026-07-24T12:00Z,9.999999747e-05,-0.01080766,8,8,0.01090766
BDXNUSDT,2026-07-24T16:00Z,4.999999874e-05,0.0046011,4,4,0.004551100001
SXPUSDT,2026-07-24T16:00Z,9.999999747e-05,-0.01080766,8,8,0.01090766
BDXNUSDT,2026-07-24T20:00Z,4.999999874e-05,0.0046011,4,4,0.004551100001
SXPUSDT,2026-07-24T20:00Z,9.999999747e-05,-0.01080766,8,8,0.01090766
BDXNUSDT,2026-07-25T00:00Z,4.999999874e-05,0.0046011,4,4,0.004551100001
SXPUSDT,2026-07-25T00:00Z,9.999999747e-05,-0.01080766,8,8,0.01090766
BDXNUSDT,2026-07-25T04:00Z,4.999999874e-05,0.0046011,4,4,0.004551100001
SXPUSDT,2026-07-25T04:00Z,9.999999747e-05,-0.01080766,8,8,0.01090766
BDXNUSDT,2026-07-25T08:00Z,4.999999874e-05,0.0046011,4,4,0.004551100001
SXPUSDT,2026-07-25T08:00Z,9.999999747e-05,-0.01080766,8,8,0.01090766
BDXNUSDT,2026-07-25T12:00Z,4.999999874e-05,0.0046011,4,4,0.004551100001
SXPUSDT,2026-07-25T12:00Z,9.999999747e-05,-0.01080766,8,8,0.01090766
BDXNUSDT,2026-07-25T16:00Z,4.999999874e-05,0.0046011,4,4,0.004551100001
SXPUSDT,2026-07-25T16:00Z,9.999999747e-05,-0.01080766,8,8,0.01090766
BDXNUSDT,2026-07-25T20:00Z,4.999999874e-05,0.0046011,4,4,0.004551100001
SXPUSDT,2026-07-25T20:00Z,9.999999747e-05,-0.01080766,8,8,0.01090766
BDXNUSDT,2026-07-26T00:00Z,4.999999874e-05,0.0046011,4,4,0.004551100001
SXPUSDT,2026-07-26T00:00Z,9.999999747e-05,-0.01080766,8,8,0.01090766
BDXNUSDT,2026-07-26T04:00Z,4.999999874e-05,0.0046011,4,4,0.004551100001
SXPUSDT,2026-07-26T04:00Z,9.999999747e-05,-0.01080766,8,8,0.01090766
BDXNUSDT,2026-07-26T08:00Z,4.999999874e-05,0.0046011,4,4,0.004551100001
SXPUSDT,2026-07-26T08:00Z,9.999999747e-05,-0.01080766,8,8,0.01090766
BDXNUSDT,2026-07-26T12:00Z,4.999999874e-05,0.0046011,4,4,0.004551100001
SXPUSDT,2026-07-26T12:00Z,9.999999747e-05,-0.01080766,8,8,0.01090766
BDXNUSDT,2026-07-26T16:00Z,4.999999874e-05,0.0046011,4,4,0.004551100001
SXPUSDT,2026-07-26T16:00Z,9.999999747e-05,-0.01080766,8,8,0.01090766
BDXNUSDT,2026-07-26T20:00Z,4.999999874e-05,0.0046011,4,4,0.004551100001
SXPUSDT,2026-07-26T20:00Z,9.999999747e-05,-0.01080766,8,8,0.01090766
BDXNUSDT,2026-07-27T00:00Z,4.999999874e-05,0.0046011,4,4,0.004551100001
SXPUSDT,2026-07-27T00:00Z,9.999999747e-05,-0.01080766,8,8,0.01090766
BDXNUSDT,2026-07-27T04:00Z,4.999999874e-05,0.0046011,4,4,0.004551100001
SXPUSDT,2026-07-27T04:00Z,9.999999747e-05,-0.01080766,8,8,0.01090766
BDXNUSDT,2026-07-27T08:00Z,4.999999874e-05,0.0046011,4,4,0.004551100001
SXPUSDT,2026-07-27T08:00Z,9.999999747e-05,-0.01080766,8,8,0.01090766
BDXNUSDT,2026-07-27T12:00Z,4.999999874e-05,0.0046011,4,4,0.004551100001
SXPUSDT,2026-07-27T12:00Z,9.999999747e-05,-0.01080766,8,8,0.01090766
BDXNUSDT,2026-07-27T16:00Z,4.999999874e-05,0.0046011,4,4,0.004551100001
SXPUSDT,2026-07-27T16:00Z,9.999999747e-05,-0.01080766,8,8,0.01090766
BDXNUSDT,2026-07-27T20:00Z,4.999999874e-05,0.0046011,4,4,0.004551100001
SXPUSDT,2026-07-27T20:00Z,9.999999747e-05,-0.01080766,8,8,0.01090766
BDXNUSDT,2026-07-28T00:00Z,4.999999874e-05,0.0046011,4,4,0.004551100001
SXPUSDT,2026-07-28T00:00Z,9.999999747e-05,-0.01080766,8,8,0.01090766
BDXNUSDT,2026-07-28T04:00Z,4.999999874e-05,0.0046011,4,4,0.004551100001
COTIUSDT,2026-07-28T04:00Z,-0.001523589948,-0.02,1,8,0.01847641005
SXPUSDT,2026-07-28T04:00Z,9.999999747e-05,-0.01080766,8,8,0.01090766
BDXNUSDT,2026-07-28T08:00Z,4.999999874e-05,0.0046011,4,4,0.004551100001
SXPUSDT,2026-07-28T08:00Z,9.999999747e-05,-0.01080766,8,8,0.01090766
BDXNUSDT,2026-07-28T12:00Z,4.999999874e-05,0.0046011,4,4,0.004551100001
SXPUSDT,2026-07-28T12:00Z,9.999999747e-05,-0.01080766,8,8,0.01090766
BDXNUSDT,2026-07-28T16:00Z,4.999999874e-05,0.0046011,4,4,0.004551100001
SXPUSDT,2026-07-28T16:00Z,9.999999747e-05,-0.01080766,8,8,0.01090766
BDXNUSDT,2026-07-28T20:00Z,4.999999874e-05,0.0046011,4,4,0.004551100001
SXPUSDT,2026-07-28T20:00Z,9.999999747e-05,-0.01080766,8,8,0.01090766
BDXNUSDT,2026-07-29T00:00Z,4.999999874e-05,0.0046011,4,4,0.004551100001
SXPUSDT,2026-07-29T00:00Z,9.999999747e-05,-0.01080766,8,8,0.01090766
BDXNUSDT,2026-07-29T04:00Z,4.999999874e-05,0.0046011,4,4,0.004551100001
SXPUSDT,2026-07-29T04:00Z,9.999999747e-05,-0.01080766,8,8,0.01090766
BDXNUSDT,2026-07-29T08:00Z,4.999999874e-05,0.0046011,4,4,0.004551100001
SXPUSDT,2026-07-29T08:00Z,9.999999747e-05,-0.01080766,8,8,0.01090766
BDXNUSDT,2026-07-29T12:00Z,4.999999874e-05,0.0046011,4,4,0.004551100001
SXPUSDT,2026-07-29T12:00Z,9.999999747e-05,-0.01080766,8,8,0.01090766
BDXNUSDT,2026-07-29T16:00Z,4.999999874e-05,0.0046011,4,4,0.004551100001
SXPUSDT,2026-07-29T16:00Z,9.999999747e-05,-0.01080766,8,8,0.01090766
BDXNUSDT,2026-07-29T20:00Z,4.999999874e-05,0.0046011,4,4,0.004551100001
SXPUSDT,2026-07-29T20:00Z,9.999999747e-05,-0.01080766,8,8,0.01090766
BDXNUSDT,2026-07-30T00:00Z,4.999999874e-05,0.0046011,4,4,0.004551100001
SXPUSDT,2026-07-30T00:00Z,9.999999747e-05,-0.01080766,8,8,0.01090766
BDXNUSDT,2026-07-30T04:00Z,4.999999874e-05,0.0046011,4,4,0.004551100001
SXPUSDT,2026-07-30T04:00Z,9.999999747e-05,-0.01080766,8,8,0.01090766
BDXNUSDT,2026-07-30T08:00Z,4.999999874e-05,0.0046011,4,4,0.004551100001
SXPUSDT,2026-07-30T08:00Z,9.999999747e-05,-0.01080766,8,8,0.01090766
BDXNUSDT,2026-07-30T12:00Z,4.999999874e-05,0.0046011,4,4,0.004551100001
SXPUSDT,2026-07-30T12:00Z,9.999999747e-05,-0.01080766,8,8,0.01090766
BDXNUSDT,2026-07-30T16:00Z,4.999999874e-05,0.0046011,4,4,0.004551100001
SXPUSDT,2026-07-30T16:00Z,9.999999747e-05,-0.01080766,8,8,0.01090766
BDXNUSDT,2026-07-30T20:00Z,4.999999874e-05,0.0046011,4,4,0.004551100001
SXPUSDT,2026-07-30T20:00Z,9.999999747e-05,-0.01080766,8,8,0.01090766
BDXNUSDT,2026-07-31T00:00Z,4.999999874e-05,0.0046011,4,4,0.004551100001
SXPUSDT,2026-07-31T00:00Z,9.999999747e-05,-0.01080766,8,8,0.01090766
BDXNUSDT,2026-07-31T04:00Z,4.999999874e-05,0.0046011,4,4,0.004551100001
SXPUSDT,2026-07-31T04:00Z,9.999999747e-05,-0.01080766,8,8,0.01090766
BDXNUSDT,2026-07-31T08:00Z,4.999999874e-05,0.0046011,4,4,0.004551100001
SXPUSDT,2026-07-31T08:00Z,9.999999747e-05,-0.01080766,8,8,0.01090766
BDXNUSDT,2026-07-31T12:00Z,4.999999874e-05,0.0046011,4,4,0.004551100001
SXPUSDT,2026-07-31T12:00Z,9.999999747e-05,-0.01080766,8,8,0.01090766
BDXNUSDT,2026-07-31T16:00Z,4.999999874e-05,0.0046011,4,4,0.004551100001
SXPUSDT,2026-07-31T16:00Z,9.999999747e-05,-0.01080766,8,8,0.01090766
BDXNUSDT,2026-07-31T20:00Z,4.999999874e-05,0.0046011,4,4,0.004551100001
SXPUSDT,2026-07-31T20:00Z,9.999999747e-05,-0.01080766,8,8,0.01090766
BDXNUSDT,2026-08-01T00:00Z,4.999999874e-05,0.0046011,4,4,0.004551100001
SXPUSDT,2026-08-01T00:00Z,9.999999747e-05,-0.01080766,8,8,0.01090766
BDXNUSDT,2026-08-01T04:00Z,4.999999874e-05,0.0046011,4,4,0.004551100001
SXPUSDT,2026-08-01T04:00Z,9.999999747e-05,-0.01080766,8,8,0.01090766
BDXNUSDT,2026-08-01T08:00Z,4.999999874e-05,0.0046011,4,4,0.004551100001
SXPUSDT,2026-08-01T08:00Z,9.999999747e-05,-0.01080766,8,8,0.01090766
BDXNUSDT,2026-08-01T12:00Z,4.999999874e-05,0.0046011,4,4,0.004551100001
SXPUSDT,2026-08-01T12:00Z,9.999999747e-05,-0.01080766,8,8,0.01090766
BDXNUSDT,2026-08-01T16:00Z,4.999999874e-05,0.0046011,4,4,0.004551100001
SXPUSDT,2026-08-01T16:00Z,9.999999747e-05,-0.01080766,8,8,0.01090766
BDXNUSDT,2026-08-01T20:00Z,4.999999874e-05,0.0046011,4,4,0.004551100001
SXPUSDT,2026-08-01T20:00Z,9.999999747e-05,-0.01080766,8,8,0.01090766
BDXNUSDT,2026-08-02T00:00Z,4.999999874e-05,0.0046011,4,4,0.004551100001
SXPUSDT,2026-08-02T00:00Z,9.999999747e-05,-0.01080766,8,8,0.01090766
BDXNUSDT,2026-08-02T04:00Z,4.999999874e-05,0.0046011,4,4,0.004551100001
SXPUSDT,2026-08-02T04:00Z,9.999999747e-05,-0.01080766,8,8,0.01090766
BDXNUSDT,2026-08-02T08:00Z,4.999999874e-05,0.0046011,4,4,0.004551100001
SXPUSDT,2026-08-02T08:00Z,9.999999747e-05,-0.01080766,8,8,0.01090766
BDXNUSDT,2026-08-02T12:00Z,4.999999874e-05,0.0046011,4,4,0.004551100001
SXPUSDT,2026-08-02T12:00Z,9.999999747e-05,-0.01080766,8,8,0.01090766
BDXNUSDT,2026-08-02T16:00Z,4.999999874e-05,0.0046011,4,4,0.004551100001
SXPUSDT,2026-08-02T16:00Z,9.999999747e-05,-0.01080766,8,8,0.01090766
BDXNUSDT,2026-08-02T20:00Z,4.999999874e-05,0.0046011,4,4,0.004551100001
SXPUSDT,2026-08-02T20:00Z,9.999999747e-05,-0.01080766,8,8,0.01090766
BDXNUSDT,2026-08-03T00:00Z,4.999999874e-05,0.0046011,4,4,0.004551100001
SXPUSDT,2026-08-03T00:00Z,9.999999747e-05,-0.01080766,8,8,0.01090766
BDXNUSDT,2026-08-03T04:00Z,4.999999874e-05,0.0046011,4,4,0.004551100001
SXPUSDT,2026-08-03T04:00Z,9.999999747e-05,-0.01080766,8,8,0.01090766
BDXNUSDT,2026-08-03T08:00Z,4.999999874e-05,0.0046011,4,4,0.004551100001
SXPUSDT,2026-08-03T08:00Z,9.999999747e-05,-0.01080766,8,8,0.01090766
BDXNUSDT,2026-08-03T12:00Z,4.999999874e-05,0.0046011,4,4,0.004551100001
SXPUSDT,2026-08-03T12:00Z,9.999999747e-05,-0.01080766,8,8,0.01090766
BDXNUSDT,2026-08-03T16:00Z,4.999999874e-05,0.0046011,4,4,0.004551100001
SXPUSDT,2026-08-03T16:00Z,9.999999747e-05,-0.01080766,8,8,0.01090766
BDXNUSDT,2026-08-03T20:00Z,4.999999874e-05,0.0046011,4,4,0.004551100001
SXPUSDT,2026-08-03T20:00Z,9.999999747e-05,-0.01080766,8,8,0.01090766
BDXNUSDT,2026-08-04T00:00Z,4.999999874e-05,0.0046011,4,4,0.004551100001
SXPUSDT,2026-08-04T00:00Z,9.999999747e-05,-0.01080766,8,8,0.01090766
BDXNUSDT,2026-08-04T04:00Z,4.999999874e-05,0.0046011,4,4,0.004551100001
SXPUSDT,2026-08-04T04:00Z,9.999999747e-05,-0.01080766,8,8,0.01090766
BDXNUSDT,2026-08-04T08:00Z,4.999999874e-05,0.0046011,4,4,0.004551100001
SXPUSDT,2026-08-04T08:00Z,9.999999747e-05,-0.01080766,8,8,0.01090766
BDXNUSDT,2026-08-04T12:00Z,4.999999874e-05,0.0046011,4,4,0.004551100001
SXPUSDT,2026-08-04T12:00Z,9.999999747e-05,-0.01080766,8,8,0.01090766
BDXNUSDT,2026-08-04T16:00Z,4.999999874e-05,0.0046011,4,4,0.004551100001
SXPUSDT,2026-08-04T16:00Z,9.999999747e-05,-0.01080766,8,8,0.01090766
BDXNUSDT,2026-08-04T20:00Z,4.999999874e-05,0.0046011,4,4,0.004551100001
SXPUSDT,2026-08-04T20:00Z,9.999999747e-05,-0.01080766,8,8,0.01090766
BDXNUSDT,2026-08-05T00:00Z,4.999999874e-05,0.0046011,4,4,0.004551100001
SXPUSDT,2026-08-05T00:00Z,9.999999747e-05,-0.01080766,8,8,0.01090766
BDXNUSDT,2026-08-05T04:00Z,4.999999874e-05,0.0046011,4,4,0.004551100001
SXPUSDT,2026-08-05T04:00Z,9.999999747e-05,-0.01080766,8,8,0.01090766
BDXNUSDT,2026-08-05T08:00Z,4.999999874e-05,0.0046011,4,4,0.004551100001
SXPUSDT,2026-08-05T08:00Z,9.999999747e-05,-0.01080766,8,8,0.01090766
BDXNUSDT,2026-08-05T12:00Z,4.999999874e-05,0.0046011,4,4,0.004551100001
SXPUSDT,2026-08-05T12:00Z,9.999999747e-05,-0.01080766,8,8,0.01090766
BDXNUSDT,2026-08-05T16:00Z,4.999999874e-05,0.0046011,4,4,0.004551100001
SXPUSDT,2026-08-05T16:00Z,9.999999747e-05,-0.01080766,8,8,0.01090766
BDXNUSDT,2026-08-05T20:00Z,4.999999874e-05,0.0046011,4,4,0.004551100001
SXPUSDT,2026-08-05T20:00Z,9.999999747e-05,-0.01080766,8,8,0.01090766
BDXNUSDT,2026-08-06T00:00Z,4.999999874e-05,0.0046011,4,4,0.004551100001
SXPUSDT,2026-08-06T00:00Z,9.999999747e-05,-0.01080766,8,8,0.01090766
BDXNUSDT,2026-08-06T04:00Z,4.999999874e-05,0.0046011,4,4,0.004551100001
SXPUSDT,2026-08-06T04:00Z,9.999999747e-05,-0.01080766,8,8,0.01090766
BDXNUSDT,2026-08-06T08:00Z,4.999999874e-05,0.0046011,4,4,0.004551100001
SXPUSDT,2026-08-06T08:00Z,9.999999747e-05,-0.01080766,8,8,0.01090766
BDXNUSDT,2026-08-06T12:00Z,4.999999874e-05,0.0046011,4,4,0.004551100001
SXPUSDT,2026-08-06T12:00Z,9.999999747e-05,-0.01080766,8,8,0.01090766
BDXNUSDT,2026-08-06T16:00Z,4.999999874e-05,0.0046011,4,4,0.004551100001
SXPUSDT,2026-08-06T16:00Z,9.999999747e-05,-0.01080766,8,8,0.01090766
BDXNUSDT,2026-08-06T20:00Z,4.999999874e-05,0.0046011,4,4,0.004551100001
SXPUSDT,2026-08-06T20:00Z,9.999999747e-05,-0.01080766,8,8,0.01090766
BDXNUSDT,2026-08-07T00:00Z,4.999999874e-05,0.0046011,4,4,0.004551100001
SXPUSDT,2026-08-07T00:00Z,9.999999747e-05,-0.01080766,8,8,0.01090766
BDXNUSDT,2026-08-07T04:00Z,4.999999874e-05,0.0046011,4,4,0.004551100001
HFTUSDT,2026-08-07T04:00Z,0.003225409891,0.02,1,8,0.01677459011
SXPUSDT,2026-08-07T04:00Z,9.999999747e-05,-0.01080766,8,8,0.01090766
BDXNUSDT,2026-08-07T08:00Z,4.999999874e-05,0.0046011,4,4,0.004551100001
SXPUSDT,2026-08-07T08:00Z,9.999999747e-05,-0.01080766,8,8,0.01090766
BDXNUSDT,2026-08-07T12:00Z,4.999999874e-05,0.0046011,4,4,0.004551100001
SXPUSDT,2026-08-07T12:00Z,9.999999747e-05,-0.01080766,8,8,0.01090766
BDXNUSDT,2026-08-07T16:00Z,4.999999874e-05,0.0046011,4,4,0.004551100001
SXPUSDT,2026-08-07T16:00Z,9.999999747e-05,-0.01080766,8,8,0.01090766
BDXNUSDT,2026-08-07T20:00Z,4.999999874e-05,0.0046011,4,4,0.004551100001
SXPUSDT,2026-08-07T20:00Z,9.999999747e-05,-0.01080766,8,8,0.01090766
BDXNUSDT,2026-08-08T00:00Z,4.999999874e-05,0.0046011,4,4,0.004551100001
SXPUSDT,2026-08-08T00:00Z,9.999999747e-05,-0.01080766,8,8,0.01090766
BDXNUSDT,2026-08-08T04:00Z,4.999999874e-05,0.0046011,4,4,0.004551100001
SXPUSDT,2026-08-08T04:00Z,9.999999747e-05,-0.01080766,8,8,0.01090766
BDXNUSDT,2026-08-08T08:00Z,4.999999874e-05,0.0046011,4,4,0.004551100001
SXPUSDT,2026-08-08T08:00Z,9.999999747e-05,-0.01080766,8,8,0.01090766
BDXNUSDT,2026-08-08T12:00Z,4.999999874e-05,0.0046011,4,4,0.004551100001
SXPUSDT,2026-08-08T12:00Z,9.999999747e-05,-0.01080766,8,8,0.01090766
BDXNUSDT,2026-08-08T16:00Z,4.999999874e-05,0.0046011,4,4,0.004551100001
SXPUSDT,2026-08-08T16:00Z,9.999999747e-05,-0.01080766,8,8,0.01090766
BDXNUSDT,2026-08-08T20:00Z,4.999999874e-05,0.0046011,4,4,0.004551100001
SXPUSDT,2026-08-08T20:00Z,9.999999747e-05,-0.01080766,8,8,0.01090766
BDXNUSDT,2026-08-09T00:00Z,4.999999874e-05,0.0046011,4,4,0.004551100001
SXPUSDT,2026-08-09T00:00Z,9.999999747e-05,-0.01080766,8,8,0.01090766
BDXNUSDT,2026-08-09T04:00Z,4.999999874e-05,0.0046011,4,4,0.004551100001
SXPUSDT,2026-08-09T04:00Z,9.999999747e-05,-0.01080766,8,8,0.01090766
BDXNUSDT,2026-08-09T08:00Z,4.999999874e-05,0.0046011,4,4,0.004551100001
SXPUSDT,2026-08-09T08:00Z,9.999999747e-05,-0.01080766,8,8,0.01090766
BDXNUSDT,2026-08-09T12:00Z,4.999999874e-05,0.0046011,4,4,0.004551100001
SXPUSDT,2026-08-09T12:00Z,9.999999747e-05,-0.01080766,8,8,0.01090766
BDXNUSDT,2026-08-09T16:00Z,4.999999874e-05,0.0046011,4,4,0.004551100001
SXPUSDT,2026-08-09T16:00Z,9.999999747e-05,-0.01080766,8,8,0.01090766
BDXNUSDT,2026-08-09T20:00Z,4.999999874e-05,0.0046011,4,4,0.004551100001
SXPUSDT,2026-08-09T20:00Z,9.999999747e-05,-0.01080766,8,8,0.01090766
BDXNUSDT,2026-08-10T00:00Z,4.999999874e-05,0.0046011,4,4,0.004551100001
SXPUSDT,2026-08-10T00:00Z,9.999999747e-05,-0.01080766,8,8,0.01090766
BDXNUSDT,2026-08-10T04:00Z,4.999999874e-05,0.0046011,4,4,0.004551100001
SXPUSDT,2026-08-10T04:00Z,9.999999747e-05,-0.01080766,8,8,0.01090766
BDXNUSDT,2026-08-10T08:00Z,4.999999874e-05,0.0046011,4,4,0.004551100001
SXPUSDT,2026-08-10T08:00Z,9.999999747e-05,-0.01080766,8,8,0.01090766
BDXNUSDT,2026-08-10T12:00Z,4.999999874e-05,0.0046011,4,4,0.004551100001
SXPUSDT,2026-08-10T12:00Z,9.999999747e-05,-0.01080766,8,8,0.01090766
BDXNUSDT,2026-08-10T16:00Z,4.999999874e-05,0.0046011,4,4,0.004551100001
SXPUSDT,2026-08-10T16:00Z,9.999999747e-05,-0.01080766,8,8,0.01090766
BDXNUSDT,2026-08-10T20:00Z,4.999999874e-05,0.0046011,4,4,0.004551100001
SXPUSDT,2026-08-10T20:00Z,9.999999747e-05,-0.01080766,8,8,0.01090766
BDXNUSDT,2026-08-11T00:00Z,4.999999874e-05,0.0046011,4,4,0.004551100001
SXPUSDT,2026-08-11T00:00Z,9.999999747e-05,-0.01080766,8,8,0.01090766
BDXNUSDT,2026-08-11T04:00Z,4.999999874e-05,0.0046011,4,4,0.004551100001
SXPUSDT,2026-08-11T04:00Z,9.999999747e-05,-0.01080766,8,8,0.01090766
BDXNUSDT,2026-08-11T08:00Z,4.999999874e-05,0.0046011,4,4,0.004551100001
SXPUSDT,2026-08-11T08:00Z,9.999999747e-05,-0.01080766,8,8,0.01090766
BDXNUSDT,2026-08-11T12:00Z,4.999999874e-05,0.0046011,4,4,0.004551100001
SXPUSDT,2026-08-11T12:00Z,9.999999747e-05,-0.01080766,8,8,0.01090766
BDXNUSDT,2026-08-11T16:00Z,4.999999874e-05,0.0046011,4,4,0.004551100001
SXPUSDT,2026-08-11T16:00Z,9.999999747e-05,-0.01080766,8,8,0.01090766
BDXNUSDT,2026-08-11T20:00Z,4.999999874e-05,0.0046011,4,4,0.004551100001
SXPUSDT,2026-08-11T20:00Z,9.999999747e-05,-0.01080766,8,8,0.01090766
BDXNUSDT,2026-08-12T00:00Z,4.999999874e-05,0.0046011,4,4,0.004551100001
SXPUSDT,2026-08-12T00:00Z,9.999999747e-05,-0.01080766,8,8,0.01090766
BDXNUSDT,2026-08-12T04:00Z,4.999999874e-05,0.0046011,4,4,0.004551100001
SXPUSDT,2026-08-12T04:00Z,9.999999747e-05,-0.01080766,8,8,0.01090766
BDXNUSDT,2026-08-12T08:00Z,4.999999874e-05,0.0046011,4,4,0.004551100001
SXPUSDT,2026-08-12T08:00Z,9.999999747e-05,-0.01080766,8,8,0.01090766
BDXNUSDT,2026-08-12T12:00Z,4.999999874e-05,0.0046011,4,4,0.004551100001
SXPUSDT,2026-08-12T12:00Z,9.999999747e-05,-0.01080766,8,8,0.01090766
BDXNUSDT,2026-08-12T16:00Z,4.999999874e-05,0.0046011,4,4,0.004551100001
SXPUSDT,2026-08-12T16:00Z,9.999999747e-05,-0.01080766,8,8,0.01090766
BDXNUSDT,2026-08-12T20:00Z,4.999999874e-05,0.0046011,4,4,0.004551100001
SXPUSDT,2026-08-12T20:00Z,9.999999747e-05,-0.01080766,8,8,0.01090766
BANDUSDT,2026-08-13T00:00Z,-6.27699992e-05,0.0001,8,8,0.0001627699992
BDXNUSDT,2026-08-13T00:00Z,4.999999874e-05,0.0046011,4,4,0.004551100001
KNCUSDT,2026-08-13T00:00Z,-1.344999964e-05,-0.00051301,8,8,0.0004995600004
SUPERUSDT,2026-08-13T00:00Z,4.999999874e-05,2.397e-05,4,4,2.602999874e-05
SXPUSDT,2026-08-13T00:00Z,9.999999747e-05,-0.01080766,8,8,0.01090766
ZRXUSDT,2026-08-13T00:00Z,4.999999874e-05,-0.00023526,4,4,0.0002852599987
BANDUSDT,2026-08-13T04:00Z,-6.27699992e-05,0.0001,8,8,0.0001627699992
BDXNUSDT,2026-08-13T04:00Z,4.999999874e-05,0.0046011,4,4,0.004551100001
KNCUSDT,2026-08-13T04:00Z,-1.344999964e-05,-0.00051301,8,8,0.0004995600004
SUPERUSDT,2026-08-13T04:00Z,4.999999874e-05,2.397e-05,4,4,2.602999874e-05
SXPUSDT,2026-08-13T04:00Z,9.999999747e-05,-0.01080766,8,8,0.01090766
ZRXUSDT,2026-08-13T04:00Z,4.999999874e-05,-0.00023526,4,4,0.0002852599987
BDXNUSDT,2026-08-13T08:00Z,4.999999874e-05,0.0046011,4,4,0.004551100001
KNCUSDT,2026-08-13T08:00Z,9.999999747e-05,-0.00051301,8,8,0.0006130099975
SUPERUSDT,2026-08-13T08:00Z,4.999999874e-05,2.397e-05,4,4,2.602999874e-05
SXPUSDT,2026-08-13T08:00Z,9.999999747e-05,-0.01080766,8,8,0.01090766
ZRXUSDT,2026-08-13T08:00Z,4.999999874e-05,-0.00023526,4,4,0.0002852599987
BDXNUSDT,2026-08-13T12:00Z,4.999999874e-05,0.0046011,4,4,0.004551100001
KNCUSDT,2026-08-13T12:00Z,9.999999747e-05,-0.00051301,8,8,0.0006130099975
SUPERUSDT,2026-08-13T12:00Z,4.999999874e-05,2.397e-05,4,4,2.602999874e-05
SXPUSDT,2026-08-13T12:00Z,9.999999747e-05,-0.01080766,8,8,0.01090766
ZRXUSDT,2026-08-13T12:00Z,4.999999874e-05,-0.00023526,4,4,0.0002852599987
BDXNUSDT,2026-08-13T16:00Z,4.999999874e-05,0.0046011,4,4,0.004551100001
KNCUSDT,2026-08-13T16:00Z,9.999999747e-05,-0.00051301,8,8,0.0006130099975
SUPERUSDT,2026-08-13T16:00Z,4.999999874e-05,2.397e-05,4,4,2.602999874e-05
SXPUSDT,2026-08-13T16:00Z,9.999999747e-05,-0.01080766,8,8,0.01090766
ZRXUSDT,2026-08-13T16:00Z,4.999999874e-05,-0.00023526,4,4,0.0002852599987
BDXNUSDT,2026-08-13T20:00Z,4.999999874e-05,0.0046011,4,4,0.004551100001
KNCUSDT,2026-08-13T20:00Z,9.999999747e-05,-0.00051301,8,8,0.0006130099975
SUPERUSDT,2026-08-13T20:00Z,4.999999874e-05,2.397e-05,4,4,2.602999874e-05
SXPUSDT,2026-08-13T20:00Z,9.999999747e-05,-0.01080766,8,8,0.01090766
ZRXUSDT,2026-08-13T20:00Z,4.999999874e-05,-0.00023526,4,4,0.0002852599987
ALLUSDT,2026-08-14T00:00Z,-0.000381610007,-0.00043968,8,8,5.806999297e-05
ANIMEUSDT,2026-08-14T00:00Z,4.999999874e-05,-2.539e-05,4,4,7.538999874e-05
BANDUSDT,2026-08-14T00:00Z,6.279999798e-05,0.0001,8,8,3.720000202e-05
BDXNUSDT,2026-08-14T00:00Z,4.999999874e-05,0.0046011,4,4,0.004551100001
BNTUSDT,2026-08-14T00:00Z,-0.000237839995,-0.00013565,8,8,0.000102189995
BTWUSDT,2026-08-14T00:00Z,0.001098060049,0.00079561,4,4,0.0003024500491
CAPUSDT,2026-08-14T00:00Z,-0.0007734600222,-0.00094881,4,4,0.0001753499778
CTRUSDT,2026-08-14T00:00Z,0.0005331999855,0.00020821,4,4,0.0003249899855
CYBERUSDT,2026-08-14T00:00Z,4.999999874e-05,2.675e-05,4,4,2.324999874e-05
DATAIPUSDT,2026-08-14T00:00Z,-0.001699249959,-0.00056876,4,4,0.001130489959
GOATUSDT,2026-08-14T00:00Z,0.0001985300041,5e-05,4,4,0.0001485300041
KNCUSDT,2026-08-14T00:00Z,9.999999747e-05,-0.00051301,8,8,0.0006130099975
MAVIAUSDT,2026-08-14T00:00Z,0.0004086699919,0.00055831,4,4,0.0001496400081
MTLUSDT,2026-08-14T00:00Z,-0.000397959986,-2.079e-05,8,8,0.000377169986
NMRUSDT,2026-08-14T00:00Z,-0.0003617299953,-0.00021259,4,4,0.0001491399953
OGUSDT,2026-08-14T00:00Z,4.999999874e-05,3.615e-05,4,4,1.384999874e-05
OUSDT,2026-08-14T00:00Z,0.0004165800055,0.00012714,4,4,0.0002894400055
PUMPBTCUSDT,2026-08-14T00:00Z,0.0008006800199,0.00029844,4,4,0.0005022400199
REUSDT,2026-08-14T00:00Z,-5.412999963e-05,-7.359e-05,4,4,1.946000037e-05
RPLUSDT,2026-08-14T00:00Z,4.999999874e-05,-4.192e-05,4,4,9.191999874e-05
SONICUSDT,2026-08-14T00:00Z,0.0003241600061,8.526e-05,4,4,0.0002389000061
SPORTFUNUSDT,2026-08-14T00:00Z,0.0003420700086,5e-05,4,4,0.0002920700086
STEEMUSDT,2026-08-14T00:00Z,-0.00025782999,-0.00033742,4,4,7.959000999e-05
SUPERUSDT,2026-08-14T00:00Z,4.999999874e-05,2.397e-05,4,4,2.602999874e-05
SXPUSDT,2026-08-14T00:00Z,9.999999747e-05,-0.01080766,8,8,0.01090766
XVSUSDT,2026-08-14T00:00Z,-0.0001241400023,-0.00059901,8,8,0.0004748699977
ZESTUSDT,2026-08-14T00:00Z,0.0004915199825,0.00033801,4,4,0.0001535099825
ZRXUSDT,2026-08-14T00:00Z,4.999999874e-05,-0.00023526,4,4,0.0002852599987
ALLUSDT,2026-08-14T04:00Z,-0.000381610007,-0.00043968,8,8,5.806999297e-05
ANIMEUSDT,2026-08-14T04:00Z,4.056000034e-05,-2.539e-05,4,4,6.595000034e-05
BANDUSDT,2026-08-14T04:00Z,6.279999798e-05,0.0001,8,8,3.720000202e-05
BDXNUSDT,2026-08-14T04:00Z,4.999999874e-05,0.0046011,4,4,0.004551100001
BNTUSDT,2026-08-14T04:00Z,-0.000237839995,-0.00013565,8,8,0.000102189995
BTWUSDT,2026-08-14T04:00Z,0.0007038700278,0.00079561,4,4,9.173997221e-05
CAPUSDT,2026-08-14T04:00Z,-0.0004954300239,-0.00094881,4,4,0.0004533799761
CTRUSDT,2026-08-14T04:00Z,4.999999874e-05,0.00020821,4,4,0.0001582100013
CYBERUSDT,2026-08-14T04:00Z,4.999999874e-05,2.675e-05,4,4,2.324999874e-05
DATAIPUSDT,2026-08-14T04:00Z,-0.001563520054,-0.00056876,4,4,0.0009947600543
GRVTUSDT,2026-08-14T04:00Z,0.0001874500012,5e-05,4,4,0.0001374500012
KNCUSDT,2026-08-14T04:00Z,9.999999747e-05,-0.00051301,8,8,0.0006130099975
MASKUSDT,2026-08-14T04:00Z,2.051000047e-05,5e-05,4,4,2.948999953e-05
MAVIAUSDT,2026-08-14T04:00Z,0.0001860100019,0.00055831,4,4,0.0003722999981
MTLUSDT,2026-08-14T04:00Z,-0.000397959986,-2.079e-05,8,8,0.000377169986
NMRUSDT,2026-08-14T04:00Z,-1.648999933e-05,-0.00021259,4,4,0.0001961000007
OGUSDT,2026-08-14T04:00Z,4.999999874e-05,3.615e-05,4,4,1.384999874e-05
OUSDT,2026-08-14T04:00Z,0.0002962900035,0.00012714,4,4,0.0001691500035
POLYXUSDT,2026-08-14T04:00Z,1.72e-06,5e-05,4,4,4.828e-05
PUMPBTCUSDT,2026-08-14T04:00Z,0.00113968004,0.00029844,4,4,0.0008412400401
REDUSDT,2026-08-14T04:00Z,2.825999945e-05,5e-05,4,4,2.174000055e-05
REUSDT,2026-08-14T04:00Z,-0.0001041099968,-7.359e-05,4,4,3.051999676e-05
RPLUSDT,2026-08-14T04:00Z,4.999999874e-05,-4.192e-05,4,4,9.191999874e-05
SLXUSDT,2026-08-14T04:00Z,9.649999993e-05,5e-05,4,4,4.649999993e-05
SONICUSDT,2026-08-14T04:00Z,4.999999874e-05,8.526e-05,4,4,3.526000126e-05
SPORTFUNUSDT,2026-08-14T04:00Z,9.637000039e-05,5e-05,4,4,4.637000039e-05
STEEMUSDT,2026-08-14T04:00Z,-0.0003922799951,-0.00033742,4,4,5.485999514e-05
SUPERUSDT,2026-08-14T04:00Z,4.999999874e-05,2.397e-05,4,4,2.602999874e-05
SXPUSDT,2026-08-14T04:00Z,9.999999747e-05,-0.01080766,8,8,0.01090766
XVSUSDT,2026-08-14T04:00Z,-0.0001241400023,-0.00059901,8,8,0.0004748699977
ZESTUSDT,2026-08-14T04:00Z,0.0001354700071,0.00033801,4,4,0.0002025399929
ZRXUSDT,2026-08-14T04:00Z,-1.020000013e-06,-0.00023526,4,4,0.00023424
1000000BOBUSDT,2026-08-14T08:00Z,0.0004338799918,5e-05,4,4,0.0003838799918
ALLUSDT,2026-08-14T08:00Z,-0.0002393100003,-0.00043968,8,8,0.0002003699997
ANIMEUSDT,2026-08-14T08:00Z,-4.340000032e-06,-2.539e-05,4,4,2.104999997e-05
BANDUSDT,2026-08-14T08:00Z,-0.0002901800035,0.0001,8,8,0.0003901800035
BDXNUSDT,2026-08-14T08:00Z,4.999999874e-05,0.0046011,4,4,0.004551100001
BNTUSDT,2026-08-14T08:00Z,-0.0002033600031,-0.00013565,8,8,6.771000307e-05
BTWUSDT,2026-08-14T08:00Z,0.0001050900028,0.00079561,4,4,0.0006905199972
CAPUSDT,2026-08-14T08:00Z,-0.0003774999932,-0.00094881,4,4,0.0005713100068
CTRUSDT,2026-08-14T08:00Z,4.999999874e-05,0.00020821,4,4,0.0001582100013
CYBERUSDT,2026-08-14T08:00Z,4.999999874e-05,2.675e-05,4,4,2.324999874e-05
DATAIPUSDT,2026-08-14T08:00Z,-0.0009401700227,-0.00056876,4,4,0.0003714100227
FLUXUSDT,2026-08-14T08:00Z,4.311000157e-05,5e-05,4,4,6.88999843e-06
GLMUSDT,2026-08-14T08:00Z,-6.772999768e-05,5e-05,4,4,0.0001177299977
GRVTUSDT,2026-08-14T08:00Z,0.0001709500066,5e-05,4,4,0.0001209500066
HIVEUSDT,2026-08-14T08:00Z,-5.655000132e-05,5e-05,4,4,0.0001065500013
ILVUSDT,2026-08-14T08:00Z,3.275999916e-05,5e-05,4,4,1.724000084e-05
KNCUSDT,2026-08-14T08:00Z,9.999999747e-05,-0.00051301,8,8,0.0006130099975
MASKUSDT,2026-08-14T08:00Z,-8.130000424e-06,5e-05,4,4,5.813000042e-05
MAVIAUSDT,2026-08-14T08:00Z,0.0001639700058,0.00055831,4,4,0.0003943399942
MTLUSDT,2026-08-14T08:00Z,-9.937999857e-05,-2.079e-05,8,8,7.858999857e-05
NMRUSDT,2026-08-14T08:00Z,-7.419999747e-05,-0.00021259,4,4,0.0001383900025
OGUSDT,2026-08-14T08:00Z,4.999999874e-05,3.615e-05,4,4,1.384999874e-05
OUSDT,2026-08-14T08:00Z,4.999999874e-05,0.00012714,4,4,7.714000126e-05
PUMPBTCUSDT,2026-08-14T08:00Z,4.999999874e-05,0.00029844,4,4,0.0002484400013
REUSDT,2026-08-14T08:00Z,-0.0002834599873,-7.359e-05,4,4,0.0002098699873
RPLUSDT,2026-08-14T08:00Z,4.999999874e-05,-4.192e-05,4,4,9.191999874e-05
SONICUSDT,2026-08-14T08:00Z,4.999999874e-05,8.526e-05,4,4,3.526000126e-05
STEEMUSDT,2026-08-14T08:00Z,-8.425000124e-05,-0.00033742,4,4,0.0002531699988
SUPERUSDT,2026-08-14T08:00Z,4.999999874e-05,2.397e-05,4,4,2.602999874e-05
SXPUSDT,2026-08-14T08:00Z,9.999999747e-05,-0.01080766,8,8,0.01090766
XVSUSDT,2026-08-14T08:00Z,-0.001065760036,-0.00059901,8,8,0.000466750036
ZESTUSDT,2026-08-14T08:00Z,4.999999874e-05,0.00033801,4,4,0.0002880100013
ZRXUSDT,2026-08-14T08:00Z,-0.0001477600017,-0.00023526,4,4,8.749999829e-05
1000000BOBUSDT,2026-08-14T12:00Z,0.001865099999,5e-05,4,4,0.001815099999
ALLUSDT,2026-08-14T12:00Z,-0.0002393100003,-0.00043968,8,8,0.0002003699997
ANIMEUSDT,2026-08-14T12:00Z,4.999999874e-05,-2.539e-05,4,4,7.538999874e-05
BANDUSDT,2026-08-14T12:00Z,-0.0002901800035,0.0001,8,8,0.0003901800035
BDXNUSDT,2026-08-14T12:00Z,4.999999874e-05,0.0046011,4,4,0.004551100001
BNTUSDT,2026-08-14T12:00Z,-0.0002033600031,-0.00013565,8,8,6.771000307e-05
BTWUSDT,2026-08-14T12:00Z,0.0008067400195,0.00079561,4,4,1.113001947e-05
CAPUSDT,2026-08-14T12:00Z,-0.0003410099889,-0.00094881,4,4,0.0006078000111
CLANKERUSDT,2026-08-14T12:00Z,0.0001187800008,5e-05,4,4,6.878000078e-05
CTRUSDT,2026-08-14T12:00Z,6.798999675e-05,0.00020821,4,4,0.0001402200032
CYBERUSDT,2026-08-14T12:00Z,-0.0001638599933,2.675e-05,4,4,0.0001906099933
DATAIPUSDT,2026-08-14T12:00Z,-0.0005475300131,-0.00056876,4,4,2.122998686e-05
GLMUSDT,2026-08-14T12:00Z,-5.498999963e-05,5e-05,4,4,0.0001049899996
GRAMUSDT,2026-08-14T12:00Z,4.104999971e-05,5e-05,4,4,8.950000291e-06
GRVTUSDT,2026-08-14T12:00Z,0.0002242600021,5e-05,4,4,0.0001742600021
KNCUSDT,2026-08-14T12:00Z,9.999999747e-05,-0.00051301,8,8,0.0006130099975
MAVIAUSDT,2026-08-14T12:00Z,6.71700036e-05,0.00055831,4,4,0.0004911399964
MTLUSDT,2026-08-14T12:00Z,-9.937999857e-05,-2.079e-05,8,8,7.858999857e-05
NMRUSDT,2026-08-14T12:00Z,4.999999874e-05,-0.00021259,4,4,0.0002625899987
OGUSDT,2026-08-14T12:00Z,4.999999874e-05,3.615e-05,4,4,1.384999874e-05
OUSDT,2026-08-14T12:00Z,0.000131260007,0.00012714,4,4,4.120007038e-06
PUMPBTCUSDT,2026-08-14T12:00Z,4.999999874e-05,0.00029844,4,4,0.0002484400013
REDUSDT,2026-08-14T12:00Z,2.685000072e-05,5e-05,4,4,2.314999928e-05
REUSDT,2026-08-14T12:00Z,-0.0003900300071,-7.359e-05,4,4,0.0003164400071
RPLUSDT,2026-08-14T12:00Z,4.999999874e-05,-4.192e-05,4,4,9.191999874e-05
SONICUSDT,2026-08-14T12:00Z,0.0002027599985,8.526e-05,4,4,0.0001174999985
SPORTFUNUSDT,2026-08-14T12:00Z,0.0001664300071,5e-05,4,4,0.0001164300071
STEEMUSDT,2026-08-14T12:00Z,-5.736000094e-05,-0.00033742,4,4,0.0002800599991
SUNUSDT,2026-08-14T12:00Z,-9.17599973e-05,5e-05,4,4,0.0001417599973
SUPERUSDT,2026-08-14T12:00Z,-2.98899995e-05,2.397e-05,4,4,5.38599995e-05
SXPUSDT,2026-08-14T12:00Z,9.999999747e-05,-0.01080766,8,8,0.01090766
XVSUSDT,2026-08-14T12:00Z,-0.001065760036,-0.00059901,8,8,0.000466750036
ZESTUSDT,2026-08-14T12:00Z,4.999999874e-05,0.00033801,4,4,0.0002880100013
ZRXUSDT,2026-08-14T12:00Z,4.999999874e-05,-0.00023526,4,4,0.0002852599987
1000000BOBUSDT,2026-08-14T16:00Z,0.001203850028,5e-05,4,4,0.001153850028
ALLUSDT,2026-08-14T16:00Z,-0.0004655400116,-0.00043968,8,8,2.586001165e-05
ANIMEUSDT,2026-08-14T16:00Z,4.999999874e-05,-2.539e-05,4,4,7.538999874e-05
BDXNUSDT,2026-08-14T16:00Z,4.999999874e-05,0.0046011,4,4,0.004551100001
BNTUSDT,2026-08-14T16:00Z,6.392000068e-05,-0.00013565,8,8,0.0001995700007
BTWUSDT,2026-08-14T16:00Z,0.0008303900249,0.00079561,4,4,3.478002493e-05
CAPUSDT,2026-08-14T16:00Z,-0.0004451200075,-0.00094881,4,4,0.0005036899925
CLANKERUSDT,2026-08-14T16:00Z,0.0001253399969,5e-05,4,4,7.533999688e-05
CTRUSDT,2026-08-14T16:00Z,7.149999874e-05,0.00020821,4,4,0.0001367100013
CYBERUSDT,2026-08-14T16:00Z,3.149999975e-05,2.675e-05,4,4,4.74999975e-06
DATAIPUSDT,2026-08-14T16:00Z,-0.0007546300185,-0.00056876,4,4,0.0001858700185
GLMUSDT,2026-08-14T16:00Z,4.176999937e-05,5e-05,4,4,8.23000063e-06
KNCUSDT,2026-08-14T16:00Z,9.999999747e-05,-0.00051301,8,8,0.0006130099975
MAVIAUSDT,2026-08-14T16:00Z,9.410000348e-05,0.00055831,4,4,0.0004642099965
MTLUSDT,2026-08-14T16:00Z,9.999999747e-05,-2.079e-05,8,8,0.0001207899975
NMRUSDT,2026-08-14T16:00Z,-0.0001345000055,-0.00021259,4,4,7.808999448e-05
OGUSDT,2026-08-14T16:00Z,4.999999874e-05,3.615e-05,4,4,1.384999874e-05
OUSDT,2026-08-14T16:00Z,7.118000212e-05,0.00012714,4,4,5.595999788e-05
PUMPBTCUSDT,2026-08-14T16:00Z,4.999999874e-05,0.00029844,4,4,0.0002484400013
REUSDT,2026-08-14T16:00Z,-8.235000132e-05,-7.359e-05,4,4,8.760001321e-06
RPLUSDT,2026-08-14T16:00Z,4.999999874e-05,-4.192e-05,4,4,9.191999874e-05
SLXUSDT,2026-08-14T16:00Z,0.0002547299955,5e-05,4,4,0.0002047299955
SONICUSDT,2026-08-14T16:00Z,0.0003358300019,8.526e-05,4,4,0.0002505700019
STEEMUSDT,2026-08-14T16:00Z,1.564999911e-05,-0.00033742,4,4,0.0003530699991
SUNUSDT,2026-08-14T16:00Z,-6.330000178e-05,5e-05,4,4,0.0001133000018
SUPERUSDT,2026-08-14T16:00Z,4.999999874e-05,2.397e-05,4,4,2.602999874e-05
SXPUSDT,2026-08-14T16:00Z,9.999999747e-05,-0.01080766,8,8,0.01090766
XVSUSDT,2026-08-14T16:00Z,-0.000254190003,-0.00059901,8,8,0.000344819997
ZESTUSDT,2026-08-14T16:00Z,0.0001961399976,0.00033801,4,4,0.0001418700024
ZRXUSDT,2026-08-14T16:00Z,3.441000081e-05,-0.00023526,4,4,0.0002696700008
1000000BOBUSDT,2026-08-14T20:00Z,0.00192265003,5e-05,4,4,0.00187265003
ALLUSDT,2026-08-14T20:00Z,-0.0004655400116,-0.00043968,8,8,2.586001165e-05
ANIMEUSDT,2026-08-14T20:00Z,4.999999874e-05,-2.539e-05,4,4,7.538999874e-05
BDXNUSDT,2026-08-14T20:00Z,4.999999874e-05,0.0046011,4,4,0.004551100001
BNTUSDT,2026-08-14T20:00Z,6.392000068e-05,-0.00013565,8,8,0.0001995700007
BTWUSDT,2026-08-14T20:00Z,0.001026920043,0.00079561,4,4,0.0002313100429
CAPUSDT,2026-08-14T20:00Z,-0.005552620161,-0.00094881,4,4,0.004603810161
CTRUSDT,2026-08-14T20:00Z,4.999999874e-05,0.00020821,4,4,0.0001582100013
CYBERUSDT,2026-08-14T20:00Z,-4.632000127e-05,2.675e-05,4,4,7.307000127e-05
DATAIPUSDT,2026-08-14T20:00Z,-0.0006070900126,-0.00056876,4,4,3.833001264e-05
FRAXUSDT,2026-08-14T20:00Z,-0.0001832200069,5e-05,4,4,0.0002332200069
GLMUSDT,2026-08-14T20:00Z,-0.0001150600001,5e-05,4,4,0.0001650600001
KNCUSDT,2026-08-14T20:00Z,9.999999747e-05,-0.00051301,8,8,0.0006130099975
MAVIAUSDT,2026-08-14T20:00Z,0.0004319199943,0.00055831,4,4,0.0001263900057
MTLUSDT,2026-08-14T20:00Z,9.999999747e-05,-2.079e-05,8,8,0.0001207899975
NMRUSDT,2026-08-14T20:00Z,-7.767000352e-05,-0.00021259,4,4,0.0001349199965
OGUSDT,2026-08-14T20:00Z,4.999999874e-05,3.615e-05,4,4,1.384999874e-05
OUSDT,2026-08-14T20:00Z,4.999999874e-05,0.00012714,4,4,7.714000126e-05
PUMPBTCUSDT,2026-08-14T20:00Z,4.999999874e-05,0.00029844,4,4,0.0002484400013
REUSDT,2026-08-14T20:00Z,-8.084000001e-05,-7.359e-05,4,4,7.25000001e-06
RPLUSDT,2026-08-14T20:00Z,4.999999874e-05,-4.192e-05,4,4,9.191999874e-05
SONICUSDT,2026-08-14T20:00Z,4.999999874e-05,8.526e-05,4,4,3.526000126e-05
SPORTFUNUSDT,2026-08-14T20:00Z,7.799000014e-05,5e-05,4,4,2.799000014e-05
STEEMUSDT,2026-08-14T20:00Z,-0.0001548900036,-0.00033742,4,4,0.0001825299964
SUPERUSDT,2026-08-14T20:00Z,4.999999874e-05,2.397e-05,4,4,2.602999874e-05
SXPUSDT,2026-08-14T20:00Z,9.999999747e-05,-0.01080766,8,8,0.01090766
WCTUSDT,2026-08-14T20:00Z,-3.045999983e-05,5e-05,4,4,8.045999983e-05
XVSUSDT,2026-08-14T20:00Z,-0.000254190003,-0.00059901,8,8,0.000344819997
ZESTUSDT,2026-08-14T20:00Z,0.0002573099919,0.00033801,4,4,8.070000813e-05
ZRXUSDT,2026-08-14T20:00Z,4.999999874e-05,-0.00023526,4,4,0.0002852599987
1000000BOBUSDT,2026-08-15T00:00Z,0.0004582400143,5e-05,4,4,0.0004082400143
ALLUSDT,2026-08-15T00:00Z,9.999999747e-05,-0.00043968,8,8,0.0005396799975
ANIMEUSDT,2026-08-15T00:00Z,4.999999874e-05,-2.539e-05,4,4,7.538999874e-05
BDXNUSDT,2026-08-15T00:00Z,4.999999874e-05,0.0046011,4,4,0.004551100001
BNTUSDT,2026-08-15T00:00Z,4.131999958e-05,-0.00013565,8,8,0.0001769699996
BTWUSDT,2026-08-15T00:00Z,0.001209969982,0.00079561,4,4,0.0004143599816
CAPUSDT,2026-08-15T00:00Z,-0.005726759788,-0.00094881,4,4,0.004777949788
CELRUSDT,2026-08-15T00:00Z,8.258999878e-05,0.0001,8,8,1.741000122e-05
CLANKERUSDT,2026-08-15T00:00Z,0.0001216200035,5e-05,4,4,7.162000348e-05
CTRUSDT,2026-08-15T00:00Z,4.999999874e-05,0.00020821,4,4,0.0001582100013
CYBERUSDT,2026-08-15T00:00Z,4.999999874e-05,2.675e-05,4,4,2.324999874e-05
DATAIPUSDT,2026-08-15T00:00Z,-0.0004701500002,-0.00056876,4,4,9.860999982e-05
GRVTUSDT,2026-08-15T00:00Z,5.488999886e-05,5e-05,4,4,4.889998864e-06
KNCUSDT,2026-08-15T00:00Z,9.999999747e-05,-0.00051301,8,8,0.0006130099975
MAVIAUSDT,2026-08-15T00:00Z,0.000123699996,0.00055831,4,4,0.000434610004
MTLUSDT,2026-08-15T00:00Z,9.999999747e-05,-2.079e-05,8,8,0.0001207899975
NMRUSDT,2026-08-15T00:00Z,4.999999874e-05,-0.00021259,4,4,0.0002625899987
OGUSDT,2026-08-15T00:00Z,4.999999874e-05,3.615e-05,4,4,1.384999874e-05
OUSDT,2026-08-15T00:00Z,0.0001326199999,0.00012714,4,4,5.479999931e-06
PUMPBTCUSDT,2026-08-15T00:00Z,-5.342000077e-05,0.00029844,4,4,0.0003518600008
REUSDT,2026-08-15T00:00Z,-9.686999692e-05,-7.359e-05,4,4,2.327999692e-05
RPLUSDT,2026-08-15T00:00Z,-9.724999836e-05,-4.192e-05,4,4,5.532999836e-05
SLXUSDT,2026-08-15T00:00Z,0.0001062500014,5e-05,4,4,5.625000141e-05
SONICUSDT,2026-08-15T00:00Z,4.999999874e-05,8.526e-05,4,4,3.526000126e-05
STEEMUSDT,2026-08-15T00:00Z,-0.0001620099938,-0.00033742,4,4,0.0001754100062
SUPERUSDT,2026-08-15T00:00Z,4.999999874e-05,2.397e-05,4,4,2.602999874e-05
SXPUSDT,2026-08-15T00:00Z,9.999999747e-05,-0.01080766,8,8,0.01090766
XVSUSDT,2026-08-15T00:00Z,-0.0001094899999,-0.00059901,8,8,0.0004895200001
ZESTUSDT,2026-08-15T00:00Z,0.0003848999913,0.00033801,4,4,4.688999133e-05
ZRXUSDT,2026-08-15T00:00Z,-0.0001119299995,-0.00023526,4,4,0.0001233300005
1000000BOBUSDT,2026-08-15T04:00Z,0.0002706300002,5e-05,4,4,0.0002206300002
ALLUSDT,2026-08-15T04:00Z,9.999999747e-05,-0.00043968,8,8,0.0005396799975
ANIMEUSDT,2026-08-15T04:00Z,4.999999874e-05,-2.539e-05,4,4,7.538999874e-05
BDXNUSDT,2026-08-15T04:00Z,4.999999874e-05,0.0046011,4,4,0.004551100001
BNTUSDT,2026-08-15T04:00Z,4.131999958e-05,-0.00013565,8,8,0.0001769699996
BTWUSDT,2026-08-15T04:00Z,0.0006671100273,0.00079561,4,4,0.0001284999727
CAPUSDT,2026-08-15T04:00Z,-0.008120119572,-0.00094881,4,4,0.007171309572
CELRUSDT,2026-08-15T04:00Z,8.258999878e-05,0.0001,8,8,1.741000122e-05
CTRUSDT,2026-08-15T04:00Z,0.0001836400043,0.00020821,4,4,2.456999575e-05
CYBERUSDT,2026-08-15T04:00Z,-2.092000068e-05,2.675e-05,4,4,4.767000068e-05
DATAIPUSDT,2026-08-15T04:00Z,-0.001040969975,-0.00056876,4,4,0.0004722099753
GLMUSDT,2026-08-15T04:00Z,-3.320999895e-05,5e-05,4,4,8.320999895e-05
GRVTUSDT,2026-08-15T04:00Z,0.0001182299966,5e-05,4,4,6.822999659e-05
ILVUSDT,2026-08-15T04:00Z,3.00899992e-05,5e-05,4,4,1.99100008e-05
KNCUSDT,2026-08-15T04:00Z,9.999999747e-05,-0.00051301,8,8,0.0006130099975
MAVIAUSDT,2026-08-15T04:00Z,0.0002230499958,0.00055831,4,4,0.0003352600042
MTLUSDT,2026-08-15T04:00Z,9.999999747e-05,-2.079e-05,8,8,0.0001207899975
NMRUSDT,2026-08-15T04:00Z,-0.0001251000067,-0.00021259,4,4,8.74899933e-05
OGUSDT,2026-08-15T04:00Z,4.999999874e-05,3.615e-05,4,4,1.384999874e-05
OUSDT,2026-08-15T04:00Z,0.0003713300102,0.00012714,4,4,0.0002441900102
PUMPBTCUSDT,2026-08-15T04:00Z,4.999999874e-05,0.00029844,4,4,0.0002484400013
REUSDT,2026-08-15T04:00Z,4.062000153e-05,-7.359e-05,4,4,0.0001142100015
RPLUSDT,2026-08-15T04:00Z,-0.0001144199996,-4.192e-05,4,4,7.249999959e-05
SLXUSDT,2026-08-15T04:00Z,0.0001093399987,5e-05,4,4,5.933999874e-05
SONICUSDT,2026-08-15T04:00Z,4.999999874e-05,8.526e-05,4,4,3.526000126e-05
STEEMUSDT,2026-08-15T04:00Z,-1.037000038e-05,-0.00033742,4,4,0.0003270499996
SUPERUSDT,2026-08-15T04:00Z,4.999999874e-05,2.397e-05,4,4,2.602999874e-05
SXPUSDT,2026-08-15T04:00Z,9.999999747e-05,-0.01080766,8,8,0.01090766
XVSUSDT,2026-08-15T04:00Z,-0.0001094899999,-0.00059901,8,8,0.0004895200001
ZESTUSDT,2026-08-15T04:00Z,0.000406259991,0.00033801,4,4,6.8249991e-05
ZRXUSDT,2026-08-15T04:00Z,-0.0001177399972,-0.00023526,4,4,0.0001175200028
1000000BOBUSDT,2026-08-15T08:00Z,0.0008148900233,5e-05,4,4,0.0007648900233
ALLUSDT,2026-08-15T08:00Z,-0.0003964900097,-0.00043968,8,8,4.318999027e-05
ALPINEUSDT,2026-08-15T08:00Z,0.0001220400009,5e-05,4,4,7.204000086e-05
ANIMEUSDT,2026-08-15T08:00Z,4.999999874e-05,-2.539e-05,4,4,7.538999874e-05
BDXNUSDT,2026-08-15T08:00Z,4.999999874e-05,0.0046011,4,4,0.004551100001
BNTUSDT,2026-08-15T08:00Z,8.482999692e-05,-0.00013565,8,8,0.0002204799969
BTWUSDT,2026-08-15T08:00Z,0.0009282699903,0.00079561,4,4,0.0001326599903
CAPUSDT,2026-08-15T08:00Z,-0.005766760092,-0.00094881,4,4,0.004817950092
CTRUSDT,2026-08-15T08:00Z,0.0004190499894,0.00020821,4,4,0.0002108399894
CYBERUSDT,2026-08-15T08:00Z,4.999999874e-05,2.675e-05,4,4,2.324999874e-05
DATAIPUSDT,2026-08-15T08:00Z,-0.0005154400133,-0.00056876,4,4,5.331998674e-05
FLUXUSDT,2026-08-15T08:00Z,-8.27699987e-05,5e-05,4,4,0.0001327699987
GRVTUSDT,2026-08-15T08:00Z,7.07500003e-05,5e-05,4,4,2.07500003e-05
KNCUSDT,2026-08-15T08:00Z,9.999999747e-05,-0.00051301,8,8,0.0006130099975
MAVIAUSDT,2026-08-15T08:00Z,0.0001664799929,0.00055831,4,4,0.0003918300071
MTLUSDT,2026-08-15T08:00Z,9.999999747e-05,-2.079e-05,8,8,0.0001207899975
NMRUSDT,2026-08-15T08:00Z,-8.851999883e-05,-0.00021259,4,4,0.0001240700012
OGUSDT,2026-08-15T08:00Z,4.999999874e-05,3.615e-05,4,4,1.384999874e-05
OUSDT,2026-08-15T08:00Z,0.0001998100051,0.00012714,4,4,7.267000514e-05
PUMPBTCUSDT,2026-08-15T08:00Z,0.001478460035,0.00029844,4,4,0.001180020035
REUSDT,2026-08-15T08:00Z,3.541999831e-05,-7.359e-05,4,4,0.0001090099983
RPLUSDT,2026-08-15T08:00Z,4.999999874e-05,-4.192e-05,4,4,9.191999874e-05
SONICUSDT,2026-08-15T08:00Z,0.0002778400085,8.526e-05,4,4,0.0001925800085
STEEMUSDT,2026-08-15T08:00Z,-1.392000013e-05,-0.00033742,4,4,0.0003234999999
SUNUSDT,2026-08-15T08:00Z,4.121000165e-05,5e-05,4,4,8.789998345e-06
SUPERUSDT,2026-08-15T08:00Z,4.999999874e-05,2.397e-05,4,4,2.602999874e-05
SXPUSDT,2026-08-15T08:00Z,9.999999747e-05,-0.01080766,8,8,0.01090766
XVSUSDT,2026-08-15T08:00Z,-0.0006643600063,-0.00059901,8,8,6.535000634e-05
ZESTUSDT,2026-08-15T08:00Z,0.0005609400105,0.00033801,4,4,0.0002229300105
ZRXUSDT,2026-08-15T08:00Z,-2.370999937e-05,-0.00023526,4,4,0.0002115500006
1000000BOBUSDT,2026-08-15T12:00Z,0.001577759976,5e-05,4,4,0.001527759976
ALLUSDT,2026-08-15T12:00Z,-0.0003964900097,-0.00043968,8,8,4.318999027e-05
ANIMEUSDT,2026-08-15T12:00Z,3.013999958e-05,-2.539e-05,4,4,5.552999958e-05
BDXNUSDT,2026-08-15T12:00Z,4.999999874e-05,0.0046011,4,4,0.004551100001
BNTUSDT,2026-08-15T12:00Z,8.482999692e-05,-0.00013565,8,8,0.0002204799969
BTWUSDT,2026-08-15T12:00Z,0.0009957900038,0.00079561,4,4,0.0002001800038
CAPUSDT,2026-08-15T12:00Z,-0.002954340074,-0.00094881,4,4,0.002005530074
CLANKERUSDT,2026-08-15T12:00Z,0.0002656099969,5e-05,4,4,0.0002156099969
COWUSDT,2026-08-15T12:00Z,-0.01914134063,5e-05,4,4,0.01919134063
CTRUSDT,2026-08-15T12:00Z,0.0002754000016,0.00020821,4,4,6.719000156e-05
CYBERUSDT,2026-08-15T12:00Z,4.999999874e-05,2.675e-05,4,4,2.324999874e-05
DATAIPUSDT,2026-08-15T12:00Z,-2.336000034e-05,-0.00056876,4,4,0.0005453999997
KNCUSDT,2026-08-15T12:00Z,9.999999747e-05,-0.00051301,8,8,0.0006130099975
MAVIAUSDT,2026-08-15T12:00Z,4.999999874e-05,0.00055831,4,4,0.0005083100013
MTLUSDT,2026-08-15T12:00Z,9.999999747e-05,-2.079e-05,8,8,0.0001207899975
NMRUSDT,2026-08-15T12:00Z,4.999999874e-05,-0.00021259,4,4,0.0002625899987
OGUSDT,2026-08-15T12:00Z,4.999999874e-05,3.615e-05,4,4,1.384999874e-05
OUSDT,2026-08-15T12:00Z,0.0005581600126,0.00012714,4,4,0.0004310200126
PUMPBTCUSDT,2026-08-15T12:00Z,4.999999874e-05,0.00029844,4,4,0.0002484400013
REUSDT,2026-08-15T12:00Z,3.970000034e-05,-7.359e-05,4,4,0.0001132900003
RPLUSDT,2026-08-15T12:00Z,3.576000017e-05,-4.192e-05,4,4,7.768000017e-05
SONICUSDT,2026-08-15T12:00Z,7.760000153e-05,8.526e-05,4,4,7.659998468e-06
SPORTFUNUSDT,2026-08-15T12:00Z,0.000446710008,5e-05,4,4,0.000396710008
STEEMUSDT,2026-08-15T12:00Z,4.999999874e-05,-0.00033742,4,4,0.0003874199987
SUPERUSDT,2026-08-15T12:00Z,4.999999874e-05,2.397e-05,4,4,2.602999874e-05
SXPUSDT,2026-08-15T12:00Z,9.999999747e-05,-0.01080766,8,8,0.01090766
XVSUSDT,2026-08-15T12:00Z,-0.0006643600063,-0.00059901,8,8,6.535000634e-05
ZESTUSDT,2026-08-15T12:00Z,0.0003625699901,0.00033801,4,4,2.45599901e-05
ZRXUSDT,2026-08-15T12:00Z,4.999999874e-05,-0.00023526,4,4,0.0002852599987
1000000BOBUSDT,2026-08-15T16:00Z,0.0002429500018,5e-05,4,4,0.0001929500018
ALLUSDT,2026-08-15T16:00Z,-0.0004224799923,-0.00043968,8,8,1.720000773e-05
ANIMEUSDT,2026-08-15T16:00Z,4.999999874e-05,-2.539e-05,4,4,7.538999874e-05
BDXNUSDT,2026-08-15T16:00Z,4.999999874e-05,0.0046011,4,4,0.004551100001
BNTUSDT,2026-08-15T16:00Z,9.999999747e-05,-0.00013565,8,8,0.0002356499975
BTWUSDT,2026-08-15T16:00Z,0.0007652100176,0.00079561,4,4,3.039998244e-05
CAPUSDT,2026-08-15T16:00Z,-0.00206485996,-0.00094881,4,4,0.00111604996
CELRUSDT,2026-08-15T16:00Z,-6.538000162e-05,0.0001,8,8,0.0001653800016
CLANKERUSDT,2026-08-15T16:00Z,0.0002230300015,5e-05,4,4,0.0001730300015
COWUSDT,2026-08-15T16:00Z,-0.01493318006,5e-05,4,4,0.01498318006
CTRUSDT,2026-08-15T16:00Z,0.0004764600017,0.00020821,4,4,0.0002682500017
CYBERUSDT,2026-08-15T16:00Z,4.999999874e-05,2.675e-05,4,4,2.324999874e-05
DATAIPUSDT,2026-08-15T16:00Z,4.999999874e-05,-0.00056876,4,4,0.0006187599987
GRVTUSDT,2026-08-15T16:00Z,5.899000098e-05,5e-05,4,4,8.99000098e-06
KNCUSDT,2026-08-15T16:00Z,9.999999747e-05,-0.00051301,8,8,0.0006130099975
MAVIAUSDT,2026-08-15T16:00Z,0.0001566599967,0.00055831,4,4,0.0004016500033
MTLUSDT,2026-08-15T16:00Z,9.999999747e-05,-2.079e-05,8,8,0.0001207899975
NMRUSDT,2026-08-15T16:00Z,4.999999874e-05,-0.00021259,4,4,0.0002625899987
OGUSDT,2026-08-15T16:00Z,4.999999874e-05,3.615e-05,4,4,1.384999874e-05
OUSDT,2026-08-15T16:00Z,0.0005622499739,0.00012714,4,4,0.0004351099739
PUMPBTCUSDT,2026-08-15T16:00Z,0.0005086199963,0.00029844,4,4,0.0002101799963
REUSDT,2026-08-15T16:00Z,-5.099999908e-05,-7.359e-05,4,4,2.259000092e-05
RPLUSDT,2026-08-15T16:00Z,4.999999874e-05,-4.192e-05,4,4,9.191999874e-05
SONICUSDT,2026-08-15T16:00Z,4.999999874e-05,8.526e-05,4,4,3.526000126e-05
SPORTFUNUSDT,2026-08-15T16:00Z,0.0004514099855,5e-05,4,4,0.0004014099855
STEEMUSDT,2026-08-15T16:00Z,3.303999983e-05,-0.00033742,4,4,0.0003704599998
SUNUSDT,2026-08-15T16:00Z,-2.812999992e-05,5e-05,4,4,7.812999992e-05
SUPERUSDT,2026-08-15T16:00Z,4.999999874e-05,2.397e-05,4,4,2.602999874e-05
SXPUSDT,2026-08-15T16:00Z,9.999999747e-05,-0.01080766,8,8,0.01090766
XVSUSDT,2026-08-15T16:00Z,9.999999747e-05,-0.00059901,8,8,0.0006990099975
ZESTUSDT,2026-08-15T16:00Z,0.0006506100181,0.00033801,4,4,0.0003126000181
ZRXUSDT,2026-08-15T16:00Z,4.999999874e-05,-0.00023526,4,4,0.0002852599987
1000000BOBUSDT,2026-08-15T20:00Z,0.0004476699978,5e-05,4,4,0.0003976699978
ALLUSDT,2026-08-15T20:00Z,-0.0004224799923,-0.00043968,8,8,1.720000773e-05
ALPINEUSDT,2026-08-15T20:00Z,0.0001304199977,5e-05,4,4,8.041999773e-05
ANIMEUSDT,2026-08-15T20:00Z,-7.02499965e-05,-2.539e-05,4,4,4.48599965e-05
BDXNUSDT,2026-08-15T20:00Z,4.999999874e-05,0.0046011,4,4,0.004551100001
BNTUSDT,2026-08-15T20:00Z,9.999999747e-05,-0.00013565,8,8,0.0002356499975
BTWUSDT,2026-08-15T20:00Z,0.0008825000259,0.00079561,4,4,8.689002591e-05
CAPUSDT,2026-08-15T20:00Z,-0.001590040047,-0.00094881,4,4,0.0006412300467
CELRUSDT,2026-08-15T20:00Z,-6.538000162e-05,0.0001,8,8,0.0001653800016
COWUSDT,2026-08-15T20:00Z,-0.009939109907,5e-05,4,4,0.009989109907
CTRUSDT,2026-08-15T20:00Z,0.0004492799926,0.00020821,4,4,0.0002410699926
CYBERUSDT,2026-08-15T20:00Z,-0.000164380006,2.675e-05,4,4,0.000191130006
DATAIPUSDT,2026-08-15T20:00Z,4.999999874e-05,-0.00056876,4,4,0.0006187599987
ETHWUSDT,2026-08-15T20:00Z,9.197000327e-05,5e-05,4,4,4.197000327e-05
GLMUSDT,2026-08-15T20:00Z,-3.063999975e-05,5e-05,4,4,8.063999975e-05
GRVTUSDT,2026-08-15T20:00Z,5.83100009e-05,5e-05,4,4,8.310000895e-06
HIVEUSDT,2026-08-15T20:00Z,-0.0001418500033,5e-05,4,4,0.0001918500033
KNCUSDT,2026-08-15T20:00Z,9.999999747e-05,-0.00051301,8,8,0.0006130099975
MAVIAUSDT,2026-08-15T20:00Z,0.0003189099953,0.00055831,4,4,0.0002394000047
MTLUSDT,2026-08-15T20:00Z,9.999999747e-05,-2.079e-05,8,8,0.0001207899975
NMRUSDT,2026-08-15T20:00Z,-0.0002228800004,-0.00021259,4,4,1.029000036e-05
OGUSDT,2026-08-15T20:00Z,4.999999874e-05,3.615e-05,4,4,1.384999874e-05
OUSDT,2026-08-15T20:00Z,0.0002145400067,0.00012714,4,4,8.740000671e-05
PUMPBTCUSDT,2026-08-15T20:00Z,0.0007004200015,0.00029844,4,4,0.0004019800015
REUSDT,2026-08-15T20:00Z,-1.80499992e-05,-7.359e-05,4,4,5.55400008e-05
RPLUSDT,2026-08-15T20:00Z,-0.0002380200021,-4.192e-05,4,4,0.0001961000021
SLXUSDT,2026-08-15T20:00Z,0.0001357099973,5e-05,4,4,8.570999727e-05
SONICUSDT,2026-08-15T20:00Z,4.999999874e-05,8.526e-05,4,4,3.526000126e-05
SPORTFUNUSDT,2026-08-15T20:00Z,0.0009768500458,5e-05,4,4,0.0009268500458
STEEMUSDT,2026-08-15T20:00Z,-2.868000047e-05,-0.00033742,4,4,0.0003087399995
SUNUSDT,2026-08-15T20:00Z,-0.0001601099939,5e-05,4,4,0.0002101099939
SUPERUSDT,2026-08-15T20:00Z,4.999999874e-05,2.397e-05,4,4,2.602999874e-05
SXPUSDT,2026-08-15T20:00Z,9.999999747e-05,-0.01080766,8,8,0.01090766
XVSUSDT,2026-08-15T20:00Z,9.999999747e-05,-0.00059901,8,8,0.0006990099975
ZESTUSDT,2026-08-15T20:00Z,0.0006319499807,0.00033801,4,4,0.0002939399807
ZRXUSDT,2026-08-15T20:00Z,-0.000274460006,-0.00023526,4,4,3.920000604e-05
1000000BOBUSDT,2026-08-16T00:00Z,0.0005653299741,5e-05,4,4,0.0005153299741
ALLUSDT,2026-08-16T00:00Z,-0.0002466999867,-0.00043968,8,8,0.0001929800133
ANIMEUSDT,2026-08-16T00:00Z,-3.382000068e-05,-2.539e-05,4,4,8.430000681e-06
ASRUSDT,2026-08-16T00:00Z,4.782999895e-05,5e-05,4,4,2.170001052e-06
ASTRUSDT,2026-08-16T00:00Z,-9.865000175e-05,0.0001,8,8,0.0001986500017
AXLUSDT,2026-08-16T00:00Z,-0.0002944000007,5e-05,4,4,0.0003444000007
BANDUSDT,2026-08-16T00:00Z,-0.0001187000016,0.0001,8,8,0.0002187000016
BDXNUSDT,2026-08-16T00:00Z,4.999999874e-05,0.0046011,4,4,0.004551100001
BNTUSDT,2026-08-16T00:00Z,9.999999747e-05,-0.00013565,8,8,0.0002356499975
BTWUSDT,2026-08-16T00:00Z,0.000772689993,0.00079561,4,4,2.292000697e-05
CAPUSDT,2026-08-16T00:00Z,-0.001727310009,-0.00094881,4,4,0.0007785000093
CELRUSDT,2026-08-16T00:00Z,6.036999912e-05,0.0001,8,8,3.963000088e-05
COWUSDT,2026-08-16T00:00Z,-0.009675409645,5e-05,4,4,0.009725409645
CTRUSDT,2026-08-16T00:00Z,0.0004781300086,0.00020821,4,4,0.0002699200086
CYBERUSDT,2026-08-16T00:00Z,3.076999928e-05,2.675e-05,4,4,4.019999285e-06
DATAIPUSDT,2026-08-16T00:00Z,-6.967999798e-05,-0.00056876,4,4,0.000499080002
ETHWUSDT,2026-08-16T00:00Z,0.0004925300018,5e-05,4,4,0.0004425300018
GRAMUSDT,2026-08-16T00:00Z,4.224000077e-05,5e-05,4,4,7.759999234e-06
KNCUSDT,2026-08-16T00:00Z,-7.929000276e-05,-0.00051301,8,8,0.0004337199972
MASKUSDT,2026-08-16T00:00Z,1.066000004e-05,5e-05,4,4,3.933999996e-05
MAVIAUSDT,2026-08-16T00:00Z,0.0001067300036,0.00055831,4,4,0.0004515799964
MTLUSDT,2026-08-16T00:00Z,-3.242000093e-05,-2.079e-05,8,8,1.163000093e-05
NMRUSDT,2026-08-16T00:00Z,-8.953000361e-05,-0.00021259,4,4,0.0001230599964
OGUSDT,2026-08-16T00:00Z,4.999999874e-05,3.615e-05,4,4,1.384999874e-05
OUSDT,2026-08-16T00:00Z,0.0003319600073,0.00012714,4,4,0.0002048200073
PUMPBTCUSDT,2026-08-16T00:00Z,4.999999874e-05,0.00029844,4,4,0.0002484400013
REDUSDT,2026-08-16T00:00Z,-0.002774310065,5e-05,4,4,0.002824310065
REUSDT,2026-08-16T00:00Z,-4.401999831e-05,-7.359e-05,4,4,2.957000169e-05
RPLUSDT,2026-08-16T00:00Z,-0.0002321600041,-4.192e-05,4,4,0.0001902400041
SLXUSDT,2026-08-16T00:00Z,5.787999908e-05,5e-05,4,4,7.879999076e-06
SONICUSDT,2026-08-16T00:00Z,4.999999874e-05,8.526e-05,4,4,3.526000126e-05
SPORTFUNUSDT,2026-08-16T00:00Z,0.0009643299854,5e-05,4,4,0.0009143299854
STEEMUSDT,2026-08-16T00:00Z,-0.0001091200029,-0.00033742,4,4,0.0002282999971
SUPERUSDT,2026-08-16T00:00Z,4.999999874e-05,2.397e-05,4,4,2.602999874e-05
SXPUSDT,2026-08-16T00:00Z,9.999999747e-05,-0.01080766,8,8,0.01090766
XVSUSDT,2026-08-16T00:00Z,-0.0002609099902,-0.00059901,8,8,0.0003381000098
ZESTUSDT,2026-08-16T00:00Z,0.0004221900017,0.00033801,4,4,8.41800017e-05
ZRXUSDT,2026-08-16T00:00Z,-8.070000331e-05,-0.00023526,4,4,0.0001545599967
1000000BOBUSDT,2026-08-16T04:00Z,0.0003791700001,5e-05,4,4,0.0003291700001
ALLUSDT,2026-08-16T04:00Z,-0.0002466999867,-0.00043968,8,8,0.0001929800133
ANIMEUSDT,2026-08-16T04:00Z,4.999999874e-05,-2.539e-05,4,4,7.538999874e-05
ASTRUSDT,2026-08-16T04:00Z,-9.865000175e-05,0.0001,8,8,0.0001986500017
BANDUSDT,2026-08-16T04:00Z,-0.0001187000016,0.0001,8,8,0.0002187000016
BDXNUSDT,2026-08-16T04:00Z,4.999999874e-05,0.0046011,4,4,0.004551100001
BNTUSDT,2026-08-16T04:00Z,9.999999747e-05,-0.00013565,8,8,0.0002356499975
BTWUSDT,2026-08-16T04:00Z,0.0007867499953,0.00079561,4,4,8.860004686e-06
CAPUSDT,2026-08-16T04:00Z,-0.001313209999,-0.00094881,4,4,0.0003643999994
CELRUSDT,2026-08-16T04:00Z,6.036999912e-05,0.0001,8,8,3.963000088e-05
CLANKERUSDT,2026-08-16T04:00Z,0.0001763900073,5e-05,4,4,0.0001263900073
COWUSDT,2026-08-16T04:00Z,-0.006671510171,5e-05,4,4,0.006721510171
CTRUSDT,2026-08-16T04:00Z,0.0003636199981,0.00020821,4,4,0.0001554099981
CYBERUSDT,2026-08-16T04:00Z,-4.721000005e-05,2.675e-05,4,4,7.396000005e-05
DATAIPUSDT,2026-08-16T04:00Z,4.999999874e-05,-0.00056876,4,4,0.0006187599987
GRVTUSDT,2026-08-16T04:00Z,8.563000301e-05,5e-05,4,4,3.563000301e-05
KNCUSDT,2026-08-16T04:00Z,-7.929000276e-05,-0.00051301,8,8,0.0004337199972
MASKUSDT,2026-08-16T04:00Z,-5.462999979e-05,5e-05,4,4,0.0001046299998
MAVIAUSDT,2026-08-16T04:00Z,4.999999874e-05,0.00055831,4,4,0.0005083100013
MTLUSDT,2026-08-16T04:00Z,-3.242000093e-05,-2.079e-05,8,8,1.163000093e-05
NMRUSDT,2026-08-16T04:00Z,-0.000425700011,-0.00021259,4,4,0.000213110011
OGUSDT,2026-08-16T04:00Z,4.999999874e-05,3.615e-05,4,4,1.384999874e-05
OUSDT,2026-08-16T04:00Z,0.0002982000005,0.00012714,4,4,0.0001710600005
PUMPBTCUSDT,2026-08-16T04:00Z,4.999999874e-05,0.00029844,4,4,0.0002484400013
REUSDT,2026-08-16T04:00Z,-1.129999987e-06,-7.359e-05,4,4,7.246000001e-05
RPLUSDT,2026-08-16T04:00Z,4.999999874e-05,-4.192e-05,4,4,9.191999874e-05
SONICUSDT,2026-08-16T04:00Z,0.0003062099859,8.526e-05,4,4,0.0002209499859
SPORTFUNUSDT,2026-08-16T04:00Z,0.00048771,5e-05,4,4,0.00043771
STEEMUSDT,2026-08-16T04:00Z,-0.0002047299931,-0.00033742,4,4,0.0001326900069
SUPERUSDT,2026-08-16T04:00Z,4.999999874e-05,2.397e-05,4,4,2.602999874e-05
SXPUSDT,2026-08-16T04:00Z,9.999999747e-05,-0.01080766,8,8,0.01090766
XVSUSDT,2026-08-16T04:00Z,-0.0002609099902,-0.00059901,8,8,0.0003381000098
ZESTUSDT,2026-08-16T04:00Z,7.585999992e-05,0.00033801,4,4,0.0002621500001
ZRXUSDT,2026-08-16T04:00Z,4.999999874e-05,-0.00023526,4,4,0.0002852599987
1000000BOBUSDT,2026-08-16T08:00Z,0.0001448399998,5e-05,4,4,9.483999985e-05
ALLUSDT,2026-08-16T08:00Z,-0.0005138799897,-0.00043968,8,8,7.419998974e-05
ANIMEUSDT,2026-08-16T08:00Z,-3.866000043e-05,-2.539e-05,4,4,1.327000043e-05
BANDUSDT,2026-08-16T08:00Z,1.426000017e-05,0.0001,8,8,8.573999983e-05
BDXNUSDT,2026-08-16T08:00Z,4.999999874e-05,0.0046011,4,4,0.004551100001
BNTUSDT,2026-08-16T08:00Z,9.999999747e-05,-0.00013565,8,8,0.0002356499975
BTWUSDT,2026-08-16T08:00Z,0.001078009955,0.00079561,4,4,0.0002823999547
CAPUSDT,2026-08-16T08:00Z,-0.0007729299832,-0.00094881,4,4,0.0001758800168
CELRUSDT,2026-08-16T08:00Z,6.476999988e-05,0.0001,8,8,3.523000012e-05
CLANKERUSDT,2026-08-16T08:00Z,7.093999739e-05,5e-05,4,4,2.093999739e-05
COWUSDT,2026-08-16T08:00Z,-0.01236557961,5e-05,4,4,0.01241557961
CTRUSDT,2026-08-16T08:00Z,0.0003881900047,0.00020821,4,4,0.0001799800047
CYBERUSDT,2026-08-16T08:00Z,4.139000157e-05,2.675e-05,4,4,1.464000157e-05
DATAIPUSDT,2026-08-16T08:00Z,4.999999874e-05,-0.00056876,4,4,0.0006187599987
FLUXUSDT,2026-08-16T08:00Z,2.90299995e-05,5e-05,4,4,2.09700005e-05
GRVTUSDT,2026-08-16T08:00Z,0.0001171399999,5e-05,4,4,6.713999993e-05
KNCUSDT,2026-08-16T08:00Z,9.999999747e-05,-0.00051301,8,8,0.0006130099975
MAVIAUSDT,2026-08-16T08:00Z,0.0001610199979,0.00055831,4,4,0.0003972900021
MTLUSDT,2026-08-16T08:00Z,9.999999747e-05,-2.079e-05,8,8,0.0001207899975
NMRUSDT,2026-08-16T08:00Z,4.999999874e-05,-0.00021259,4,4,0.0002625899987
OGUSDT,2026-08-16T08:00Z,4.999999874e-05,3.615e-05,4,4,1.384999874e-05
OUSDT,2026-08-16T08:00Z,0.0004637099919,0.00012714,4,4,0.0003365699919
PUMPBTCUSDT,2026-08-16T08:00Z,4.999999874e-05,0.00029844,4,4,0.0002484400013
REUSDT,2026-08-16T08:00Z,2.404000043e-05,-7.359e-05,4,4,9.763000043e-05
RPLUSDT,2026-08-16T08:00Z,4.999999874e-05,-4.192e-05,4,4,9.191999874e-05
SONICUSDT,2026-08-16T08:00Z,9.881999722e-05,8.526e-05,4,4,1.355999722e-05
SPORTFUNUSDT,2026-08-16T08:00Z,0.0003924200137,5e-05,4,4,0.0003424200137
STEEMUSDT,2026-08-16T08:00Z,-6.031999874e-05,-0.00033742,4,4,0.0002771000013
SUPERUSDT,2026-08-16T08:00Z,4.999999874e-05,2.397e-05,4,4,2.602999874e-05
SXPUSDT,2026-08-16T08:00Z,9.999999747e-05,-0.01080766,8,8,0.01090766
XVSUSDT,2026-08-16T08:00Z,-0.000363410014,-0.00059901,8,8,0.000235599986
ZESTUSDT,2026-08-16T08:00Z,0.0003547300003,0.00033801,4,4,1.672000025e-05
ZRXUSDT,2026-08-16T08:00Z,-5.094999869e-05,-0.00023526,4,4,0.0001843100013
1000000BOBUSDT,2026-08-16T12:00Z,0.0007492100121,5e-05,4,4,0.0006992100121
ALLUSDT,2026-08-16T12:00Z,-0.0005138799897,-0.00043968,8,8,7.419998974e-05
ANIMEUSDT,2026-08-16T12:00Z,-2.854999912e-05,-2.539e-05,4,4,3.159999115e-06
BANDUSDT,2026-08-16T12:00Z,1.426000017e-05,0.0001,8,8,8.573999983e-05
BDXNUSDT,2026-08-16T12:00Z,4.999999874e-05,0.0046011,4,4,0.004551100001
BNTUSDT,2026-08-16T12:00Z,9.999999747e-05,-0.00013565,8,8,0.0002356499975
BTWUSDT,2026-08-16T12:00Z,0.001076790038,0.00079561,4,4,0.0002811800385
CAPUSDT,2026-08-16T12:00Z,-0.0007951899897,-0.00094881,4,4,0.0001536200103
CELRUSDT,2026-08-16T12:00Z,6.476999988e-05,0.0001,8,8,3.523000012e-05
CLANKERUSDT,2026-08-16T12:00Z,0.0001529400033,5e-05,4,4,0.0001029400033
COWUSDT,2026-08-16T12:00Z,-0.004496459849,5e-05,4,4,0.004546459849
CTRUSDT,2026-08-16T12:00Z,0.000126739993,0.00020821,4,4,8.147000701e-05
CYBERUSDT,2026-08-16T12:00Z,4.999999874e-05,2.675e-05,4,4,2.324999874e-05
DATAIPUSDT,2026-08-16T12:00Z,4.999999874e-05,-0.00056876,4,4,0.0006187599987
GLMUSDT,2026-08-16T12:00Z,-7.73799984e-05,5e-05,4,4,0.0001273799984
GRVTUSDT,2026-08-16T12:00Z,0.0001532299939,5e-05,4,4,0.0001032299939
KNCUSDT,2026-08-16T12:00Z,9.999999747e-05,-0.00051301,8,8,0.0006130099975
MAVIAUSDT,2026-08-16T12:00Z,0.0002575599938,0.00055831,4,4,0.0003007500062
MTLUSDT,2026-08-16T12:00Z,9.999999747e-05,-2.079e-05,8,8,0.0001207899975
NMRUSDT,2026-08-16T12:00Z,-0.0001048900012,-0.00021259,4,4,0.0001076999988
OGUSDT,2026-08-16T12:00Z,4.999999874e-05,3.615e-05,4,4,1.384999874e-05
OUSDT,2026-08-16T12:00Z,0.000238380002,0.00012714,4,4,0.000111240002
PUMPBTCUSDT,2026-08-16T12:00Z,4.999999874e-05,0.00029844,4,4,0.0002484400013
REUSDT,2026-08-16T12:00Z,-3.229999948e-06,-7.359e-05,4,4,7.036000005e-05
RPLUSDT,2026-08-16T12:00Z,4.999999874e-05,-4.192e-05,4,4,9.191999874e-05
SLPUSDT,2026-08-16T12:00Z,-6.664000102e-05,5e-05,4,4,0.000116640001
SONICUSDT,2026-08-16T12:00Z,4.999999874e-05,8.526e-05,4,4,3.526000126e-05
SPORTFUNUSDT,2026-08-16T12:00Z,0.0004464100057,5e-05,4,4,0.0003964100057
STEEMUSDT,2026-08-16T12:00Z,3.481000022e-05,-0.00033742,4,4,0.0003722300002
SUNUSDT,2026-08-16T12:00Z,-4.438000178e-05,5e-05,4,4,9.438000178e-05
SUPERUSDT,2026-08-16T12:00Z,-8.99999975e-07,2.397e-05,4,4,2.486999997e-05
SXPUSDT,2026-08-16T12:00Z,9.999999747e-05,-0.01080766,8,8,0.01090766
XVSUSDT,2026-08-16T12:00Z,-0.000363410014,-0.00059901,8,8,0.000235599986
ZESTUSDT,2026-08-16T12:00Z,0.0005630300147,0.00033801,4,4,0.0002250200147
ZRXUSDT,2026-08-16T12:00Z,-3.20500003e-05,-0.00023526,4,4,0.0002032099997
1000000BOBUSDT,2026-08-16T16:00Z,0.0001577899966,5e-05,4,4,0.0001077899966
ALLUSDT,2026-08-16T16:00Z,-0.0002068400063,-0.00043968,8,8,0.0002328399937
ANIMEUSDT,2026-08-16T16:00Z,4.999999874e-05,-2.539e-05,4,4,7.538999874e-05
ASTRUSDT,2026-08-16T16:00Z,-5.432000034e-05,0.0001,8,8,0.0001543200003
BANDUSDT,2026-08-16T16:00Z,-2.445000064e-05,0.0001,8,8,0.0001244500006
BDXNUSDT,2026-08-16T16:00Z,4.999999874e-05,0.0046011,4,4,0.004551100001
BNTUSDT,2026-08-16T16:00Z,9.999999747e-05,-0.00013565,8,8,0.0002356499975
BTWUSDT,2026-08-16T16:00Z,0.0008542899741,0.00079561,4,4,5.867997409e-05
CAPUSDT,2026-08-16T16:00Z,-0.0006526900106,-0.00094881,4,4,0.0002961199894
CLANKERUSDT,2026-08-16T16:00Z,0.0001468400005,5e-05,4,4,9.684000053e-05
COWUSDT,2026-08-16T16:00Z,-0.002358270111,5e-05,4,4,0.002408270111
CTRUSDT,2026-08-16T16:00Z,0.0003808100009,0.00020821,4,4,0.0001726000009
CYBERUSDT,2026-08-16T16:00Z,4.999999874e-05,2.675e-05,4,4,2.324999874e-05
DATAIPUSDT,2026-08-16T16:00Z,4.999999874e-05,-0.00056876,4,4,0.0006187599987
ILVUSDT,2026-08-16T16:00Z,4.715999967e-05,5e-05,4,4,2.840000333e-06
KNCUSDT,2026-08-16T16:00Z,1.533000068e-05,-0.00051301,8,8,0.0005283400007
MAVIAUSDT,2026-08-16T16:00Z,4.999999874e-05,0.00055831,4,4,0.0005083100013
MTLUSDT,2026-08-16T16:00Z,8.861999959e-05,-2.079e-05,8,8,0.0001094099996
NMRUSDT,2026-08-16T16:00Z,-4.160000026e-05,-0.00021259,4,4,0.0001709899997
OGUSDT,2026-08-16T16:00Z,4.999999874e-05,3.615e-05,4,4,1.384999874e-05
OUSDT,2026-08-16T16:00Z,0.000293960009,0.00012714,4,4,0.000166820009
PUMPBTCUSDT,2026-08-16T16:00Z,4.999999874e-05,0.00029844,4,4,0.0002484400013
REDUSDT,2026-08-16T16:00Z,1.764999979e-05,5e-05,4,4,3.235000021e-05
REUSDT,2026-08-16T16:00Z,-6.186000246e-05,-7.359e-05,4,4,1.172999754e-05
RPLUSDT,2026-08-16T16:00Z,4.999999874e-05,-4.192e-05,4,4,9.191999874e-05
SONICUSDT,2026-08-16T16:00Z,0.0002522699942,8.526e-05,4,4,0.0001670099942
SPORTFUNUSDT,2026-08-16T16:00Z,0.0002194599947,5e-05,4,4,0.0001694599947
STEEMUSDT,2026-08-16T16:00Z,-6.587000098e-05,-0.00033742,4,4,0.000271549999
SUPERUSDT,2026-08-16T16:00Z,4.999999874e-05,2.397e-05,4,4,2.602999874e-05
SXPUSDT,2026-08-16T16:00Z,9.999999747e-05,-0.01080766,8,8,0.01090766
XVSUSDT,2026-08-16T16:00Z,-0.0002499500115,-0.00059901,8,8,0.0003490599885
ZESTUSDT,2026-08-16T16:00Z,0.0009363500285,0.00033801,4,4,0.0005983400285
ZRXUSDT,2026-08-16T16:00Z,4.999999874e-05,-0.00023526,4,4,0.0002852599987
1000000BOBUSDT,2026-08-16T20:00Z,0.000969220011,5e-05,4,4,0.000919220011
ALLUSDT,2026-08-16T20:00Z,-0.0002068400063,-0.00043968,8,8,0.0002328399937
ANIMEUSDT,2026-08-16T20:00Z,-7.41900003e-05,-2.539e-05,4,4,4.88000003e-05
ASTRUSDT,2026-08-16T20:00Z,-5.432000034e-05,0.0001,8,8,0.0001543200003
BANDUSDT,2026-08-16T20:00Z,-2.445000064e-05,0.0001,8,8,0.0001244500006
BDXNUSDT,2026-08-16T20:00Z,4.999999874e-05,0.0046011,4,4,0.004551100001
BNTUSDT,2026-08-16T20:00Z,9.999999747e-05,-0.00013565,8,8,0.0002356499975
BTWUSDT,2026-08-16T20:00Z,0.001668290002,0.00079561,4,4,0.0008726800023
CAPUSDT,2026-08-16T20:00Z,-0.0006501799799,-0.00094881,4,4,0.0002986300201
COWUSDT,2026-08-16T20:00Z,-0.00112260005,5e-05,4,4,0.00117260005
CTRUSDT,2026-08-16T20:00Z,0.0001035800015,0.00020821,4,4,0.0001046299985
CYBERUSDT,2026-08-16T20:00Z,4.999999874e-05,2.675e-05,4,4,2.324999874e-05
DATAIPUSDT,2026-08-16T20:00Z,4.999999874e-05,-0.00056876,4,4,0.0006187599987
GLMUSDT,2026-08-16T20:00Z,-0.0002064500004,5e-05,4,4,0.0002564500004
GRVTUSDT,2026-08-16T20:00Z,0.0001598600065,5e-05,4,4,0.0001098600065
ICXUSDT,2026-08-16T20:00Z,1.72e-06,5e-05,4,4,4.828e-05
KNCUSDT,2026-08-16T20:00Z,1.533000068e-05,-0.00051301,8,8,0.0005283400007
MAVIAUSDT,2026-08-16T20:00Z,4.999999874e-05,0.00055831,4,4,0.0005083100013
MTLUSDT,2026-08-16T20:00Z,8.861999959e-05,-2.079e-05,8,8,0.0001094099996
NMRUSDT,2026-08-16T20:00Z,3.627000115e-05,-0.00021259,4,4,0.0002488600011
OGUSDT,2026-08-16T20:00Z,4.999999874e-05,3.615e-05,4,4,1.384999874e-05
OUSDT,2026-08-16T20:00Z,0.0002536000102,0.00012714,4,4,0.0001264600102
PUMPBTCUSDT,2026-08-16T20:00Z,0.0001606900041,0.00029844,4,4,0.0001377499959
REUSDT,2026-08-16T20:00Z,4.999999874e-05,-7.359e-05,4,4,0.0001235899987
RPLUSDT,2026-08-16T20:00Z,-0.0001339099981,-4.192e-05,4,4,9.198999811e-05
SLPUSDT,2026-08-16T20:00Z,-0.0001673499937,5e-05,4,4,0.0002173499937
SONICUSDT,2026-08-16T20:00Z,-0.0001212200004,8.526e-05,4,4,0.0002064800004
SPORTFUNUSDT,2026-08-16T20:00Z,0.0006040299777,5e-05,4,4,0.0005540299777
STEEMUSDT,2026-08-16T20:00Z,-0.0001070900034,-0.00033742,4,4,0.0002303299966
SUNUSDT,2026-08-16T20:00Z,4.565999916e-05,5e-05,4,4,4.340000841e-06
SUPERUSDT,2026-08-16T20:00Z,4.999999874e-05,2.397e-05,4,4,2.602999874e-05
SXPUSDT,2026-08-16T20:00Z,9.999999747e-05,-0.01080766,8,8,0.01090766
XVSUSDT,2026-08-16T20:00Z,-0.0002499500115,-0.00059901,8,8,0.0003490599885
ZESTUSDT,2026-08-16T20:00Z,0.0008062199922,0.00033801,4,4,0.0004682099922
ZRXUSDT,2026-08-16T20:00Z,-3.161000132e-05,-0.00023526,4,4,0.0002036499987
ALLUSDT,2026-08-17T00:00Z,-0.0002343300002,-0.00043968,8,8,0.0002053499998
ANIMEUSDT,2026-08-17T00:00Z,3.841999933e-05,-2.539e-05,4,4,6.380999933e-05
ARKUSDT,2026-08-17T00:00Z,-1.237000015e-05,5e-05,4,4,6.237000015e-05
ASTRUSDT,2026-08-17T00:00Z,-0.0001192900017,0.0001,8,8,0.0002192900017
AXLUSDT,2026-08-17T00:00Z,4.898000043e-05,5e-05,4,4,1.019999571e-06
BDXNUSDT,2026-08-17T00:00Z,4.999999874e-05,0.0046011,4,4,0.004551100001
BNTUSDT,2026-08-17T00:00Z,-9.4670002e-05,-0.00013565,8,8,4.0979998e-05
BTWUSDT,2026-08-17T00:00Z,0.001715330058,0.00079561,4,4,0.0009197200578
CAPUSDT,2026-08-17T00:00Z,-0.0004690799979,-0.00094881,4,4,0.0004797300021
COWUSDT,2026-08-17T00:00Z,-0.001748500043,5e-05,4,4,0.001798500043
CTRUSDT,2026-08-17T00:00Z,4.999999874e-05,0.00020821,4,4,0.0001582100013
CYBERUSDT,2026-08-17T00:00Z,4.999999874e-05,2.675e-05,4,4,2.324999874e-05
DATAIPUSDT,2026-08-17T00:00Z,-0.0001439000043,-0.00056876,4,4,0.0004248599957
FLUXUSDT,2026-08-17T00:00Z,3.477000064e-05,5e-05,4,4,1.522999936e-05
GLMUSDT,2026-08-17T00:00Z,-5.393999891e-05,5e-05,4,4,0.0001039399989
KNCUSDT,2026-08-17T00:00Z,-0.0005161499721,-0.00051301,8,8,3.1399721e-06
MAVIAUSDT,2026-08-17T00:00Z,4.999999874e-05,0.00055831,4,4,0.0005083100013
MTLUSDT,2026-08-17T00:00Z,-1.888999941e-05,-2.079e-05,8,8,1.90000059e-06
NMRUSDT,2026-08-17T00:00Z,-0.0002503599972,-0.00021259,4,4,3.776999715e-05
OGUSDT,2026-08-17T00:00Z,4.999999874e-05,3.615e-05,4,4,1.384999874e-05
OUSDT,2026-08-17T00:00Z,4.999999874e-05,0.00012714,4,4,7.714000126e-05
PUMPBTCUSDT,2026-08-17T00:00Z,5.69799995e-05,0.00029844,4,4,0.0002414600005
REDUSDT,2026-08-17T00:00Z,-8.899999557e-06,5e-05,4,4,5.889999956e-05
REUSDT,2026-08-17T00:00Z,-5.224000051e-05,-7.359e-05,4,4,2.134999949e-05
RPLUSDT,2026-08-17T00:00Z,4.999999874e-05,-4.192e-05,4,4,9.191999874e-05
SANTOSUSDT,2026-08-17T00:00Z,-7.409999853e-06,5e-05,4,4,5.740999985e-05
SONICUSDT,2026-08-17T00:00Z,-1.877000068e-05,8.526e-05,4,4,0.0001040300007
SPORTFUNUSDT,2026-08-17T00:00Z,0.0001190999974,5e-05,4,4,6.909999739e-05
STEEMUSDT,2026-08-17T00:00Z,-0.000322620006,-0.00033742,4,4,1.479999395e-05
SUNUSDT,2026-08-17T00:00Z,-6.800999836e-05,5e-05,4,4,0.0001180099984
SUPERUSDT,2026-08-17T00:00Z,4.999999874e-05,2.397e-05,4,4,2.602999874e-05
SXPUSDT,2026-08-17T00:00Z,9.999999747e-05,-0.01080766,8,8,0.01090766
XVSUSDT,2026-08-17T00:00Z,-0.0001247000037,-0.00059901,8,8,0.0004743099963
ZESTUSDT,2026-08-17T00:00Z,0.000471050007,0.00033801,4,4,0.000133040007
ZRXUSDT,2026-08-17T00:00Z,4.999999874e-05,-0.00023526,4,4,0.0002852599987
1000000BOBUSDT,2026-08-17T04:00Z,0.0003522500047,5e-05,4,4,0.0003022500047
ALLUSDT,2026-08-17T04:00Z,-0.0002343300002,-0.00043968,8,8,0.0002053499998
ANIMEUSDT,2026-08-17T04:00Z,-1.066000004e-05,-2.539e-05,4,4,1.472999996e-05
ASTRUSDT,2026-08-17T04:00Z,-0.0001192900017,0.0001,8,8,0.0002192900017
BDXNUSDT,2026-08-17T04:00Z,4.999999874e-05,0.0046011,4,4,0.004551100001
BNTUSDT,2026-08-17T04:00Z,-9.4670002e-05,-0.00013565,8,8,4.0979998e-05
BTWUSDT,2026-08-17T04:00Z,0.001387209981,0.00079561,4,4,0.0005915999807
CAPUSDT,2026-08-17T04:00Z,-0.0007086200058,-0.00094881,4,4,0.0002401899942
CLANKERUSDT,2026-08-17T04:00Z,0.000197729998,5e-05,4,4,0.000147729998
COWUSDT,2026-08-17T04:00Z,-0.001306760008,5e-05,4,4,0.001356760008
CTRUSDT,2026-08-17T04:00Z,0.0002188100043,0.00020821,4,4,1.06000043e-05
CYBERUSDT,2026-08-17T04:00Z,4.999999874e-05,2.675e-05,4,4,2.324999874e-05
DATAIPUSDT,2026-08-17T04:00Z,-9.790000149e-06,-0.00056876,4,4,0.0005589699999
FLUXUSDT,2026-08-17T04:00Z,4.886999886e-05,5e-05,4,4,1.130001136e-06
GLMUSDT,2026-08-17T04:00Z,-1.610999971e-05,5e-05,4,4,6.610999971e-05
KNCUSDT,2026-08-17T04:00Z,-0.0005161499721,-0.00051301,8,8,3.1399721e-06
MAVIAUSDT,2026-08-17T04:00Z,4.999999874e-05,0.00055831,4,4,0.0005083100013
MTLUSDT,2026-08-17T04:00Z,-1.888999941e-05,-2.079e-05,8,8,1.90000059e-06
NMRUSDT,2026-08-17T04:00Z,4.999999874e-05,-0.00021259,4,4,0.0002625899987
OGUSDT,2026-08-17T04:00Z,4.999999874e-05,3.615e-05,4,4,1.384999874e-05
OUSDT,2026-08-17T04:00Z,0.0001977899956,0.00012714,4,4,7.064999558e-05
PUMPBTCUSDT,2026-08-17T04:00Z,4.999999874e-05,0.00029844,4,4,0.0002484400013
REDUSDT,2026-08-17T04:00Z,-3.269999979e-06,5e-05,4,4,5.326999998e-05
REUSDT,2026-08-17T04:00Z,4.999999874e-05,-7.359e-05,4,4,0.0001235899987
RPLUSDT,2026-08-17T04:00Z,4.999999874e-05,-4.192e-05,4,4,9.191999874e-05
SANTOSUSDT,2026-08-17T04:00Z,-4.325999907e-05,5e-05,4,4,9.325999907e-05
SONICUSDT,2026-08-17T04:00Z,4.999999874e-05,8.526e-05,4,4,3.526000126e-05
SPORTFUNUSDT,2026-08-17T04:00Z,0.0002789899881,5e-05,4,4,0.0002289899881
STEEMUSDT,2026-08-17T04:00Z,-0.0005468599848,-0.00033742,4,4,0.0002094399848
SUPERUSDT,2026-08-17T04:00Z,4.999999874e-05,2.397e-05,4,4,2.602999874e-05
SXPUSDT,2026-08-17T04:00Z,9.999999747e-05,-0.01080766,8,8,0.01090766
XVSUSDT,2026-08-17T04:00Z,-0.0001247000037,-0.00059901,8,8,0.0004743099963
ZESTUSDT,2026-08-17T04:00Z,8.756999887e-05,0.00033801,4,4,0.0002504400011
ZRXUSDT,2026-08-17T04:00Z,-7.18500014e-05,-0.00023526,4,4,0.0001634099986
1000000BOBUSDT,2026-08-17T08:00Z,0.0007599099772,5e-05,4,4,0.0007099099772
ALLUSDT,2026-08-17T08:00Z,-0.0003115499858,-0.00043968,8,8,0.0001281300142
ANIMEUSDT,2026-08-17T08:00Z,-2.832999962e-05,-2.539e-05,4,4,2.939999623e-06
ASTRUSDT,2026-08-17T08:00Z,-0.0001088799982,0.0001,8,8,0.0002088799982
BANDUSDT,2026-08-17T08:00Z,6.536000001e-05,0.0001,8,8,3.463999999e-05
BDXNUSDT,2026-08-17T08:00Z,4.999999874e-05,0.0046011,4,4,0.004551100001
BNTUSDT,2026-08-17T08:00Z,9.999999747e-05,-0.00013565,8,8,0.0002356499975
BTWUSDT,2026-08-17T08:00Z,0.0008495500078,0.00079561,4,4,5.394000784e-05
CAPUSDT,2026-08-17T08:00Z,-0.0003161199857,-0.00094881,4,4,0.0006326900143
CELRUSDT,2026-08-17T08:00Z,6.436999684e-05,0.0001,8,8,3.563000316e-05
CKBUSDT,2026-08-17T08:00Z,2.968000081e-05,0.0001,8,8,7.031999919e-05
COWUSDT,2026-08-17T08:00Z,-0.001888399944,5e-05,4,4,0.001938399944
CTRUSDT,2026-08-17T08:00Z,0.0002451599867,0.00020821,4,4,3.694998666e-05
CYBERUSDT,2026-08-17T08:00Z,4.999999874e-05,2.675e-05,4,4,2.324999874e-05
DATAIPUSDT,2026-08-17T08:00Z,4.999999874e-05,-0.00056876,4,4,0.0006187599987
FLUXUSDT,2026-08-17T08:00Z,-7.00999999e-06,5e-05,4,4,5.700999999e-05
GLMUSDT,2026-08-17T08:00Z,-2.929999937e-06,5e-05,4,4,5.292999994e-05
HIVEUSDT,2026-08-17T08:00Z,-4.580000223e-06,5e-05,4,4,5.458000022e-05
KNCUSDT,2026-08-17T08:00Z,-0.0001313599932,-0.00051301,8,8,0.0003816500068
MASKUSDT,2026-08-17T08:00Z,-7.154000195e-05,5e-05,4,4,0.000121540002
MAVIAUSDT,2026-08-17T08:00Z,4.999999874e-05,0.00055831,4,4,0.0005083100013
MTLUSDT,2026-08-17T08:00Z,9.999999747e-05,-2.079e-05,8,8,0.0001207899975
NMRUSDT,2026-08-17T08:00Z,3.596999886e-05,-0.00021259,4,4,0.0002485599989
OGUSDT,2026-08-17T08:00Z,4.999999874e-05,3.615e-05,4,4,1.384999874e-05
OUSDT,2026-08-17T08:00Z,6.264999683e-05,0.00012714,4,4,6.449000317e-05
PUMPBTCUSDT,2026-08-17T08:00Z,9.052999667e-05,0.00029844,4,4,0.0002079100033
REDUSDT,2026-08-17T08:00Z,-5.402999886e-05,5e-05,4,4,0.0001040299989
REUSDT,2026-08-17T08:00Z,4.999999874e-05,-7.359e-05,4,4,0.0001235899987
RPLUSDT,2026-08-17T08:00Z,4.999999874e-05,-4.192e-05,4,4,9.191999874e-05
SANTOSUSDT,2026-08-17T08:00Z,-6.132000271e-05,5e-05,4,4,0.0001113200027
SLPUSDT,2026-08-17T08:00Z,-0.0001605699945,5e-05,4,4,0.0002105699945
SONICUSDT,2026-08-17T08:00Z,4.999999874e-05,8.526e-05,4,4,3.526000126e-05
SPORTFUNUSDT,2026-08-17T08:00Z,0.0002895299986,5e-05,4,4,0.0002395299986
STEEMUSDT,2026-08-17T08:00Z,-0.000178849994,-0.00033742,4,4,0.000158570006
SUPERUSDT,2026-08-17T08:00Z,4.999999874e-05,2.397e-05,4,4,2.602999874e-05
SXPUSDT,2026-08-17T08:00Z,9.999999747e-05,-0.01080766,8,8,0.01090766
XVSUSDT,2026-08-17T08:00Z,1.63299992e-05,-0.00059901,8,8,0.0006153399992
ZESTUSDT,2026-08-17T08:00Z,0.0001664599986,0.00033801,4,4,0.0001715500014
ZRXUSDT,2026-08-17T08:00Z,4.999999874e-05,-0.00023526,4,4,0.0002852599987
ALLUSDT,2026-08-17T12:00Z,-0.0003115499858,-0.00043968,8,8,0.0001281300142
ANIMEUSDT,2026-08-17T12:00Z,4.999999874e-05,-2.539e-05,4,4,7.538999874e-05
ASTRUSDT,2026-08-17T12:00Z,-0.0001088799982,0.0001,8,8,0.0002088799982
BANDUSDT,2026-08-17T12:00Z,6.536000001e-05,0.0001,8,8,3.463999999e-05
BDXNUSDT,2026-08-17T12:00Z,4.999999874e-05,0.0046011,4,4,0.004551100001
BNTUSDT,2026-08-17T12:00Z,9.999999747e-05,-0.00013565,8,8,0.0002356499975
BTWUSDT,2026-08-17T12:00Z,0.0005388099817,0.00079561,4,4,0.0002568000183
CAPUSDT,2026-08-17T12:00Z,-0.003538959892,-0.00094881,4,4,0.002590149892
CELRUSDT,2026-08-17T12:00Z,6.436999684e-05,0.0001,8,8,3.563000316e-05
CKBUSDT,2026-08-17T12:00Z,2.968000081e-05,0.0001,8,8,7.031999919e-05
COWUSDT,2026-08-17T12:00Z,-0.001481199986,5e-05,4,4,0.001531199986
CTRUSDT,2026-08-17T12:00Z,0.0001906599937,0.00020821,4,4,1.755000632e-05
CYBERUSDT,2026-08-17T12:00Z,4.999999874e-05,2.675e-05,4,4,2.324999874e-05
DATAIPUSDT,2026-08-17T12:00Z,4.999999874e-05,-0.00056876,4,4,0.0006187599987
GRAMUSDT,2026-08-17T12:00Z,1.522999992e-05,5e-05,4,4,3.477000008e-05
HIVEUSDT,2026-08-17T12:00Z,3.102999835e-05,5e-05,4,4,1.897000165e-05
ILVUSDT,2026-08-17T12:00Z,-3.618000119e-05,5e-05,4,4,8.618000119e-05
KNCUSDT,2026-08-17T12:00Z,-0.0001313599932,-0.00051301,8,8,0.0003816500068
MASKUSDT,2026-08-17T12:00Z,-0.000108430002,5e-05,4,4,0.000158430002
MAVIAUSDT,2026-08-17T12:00Z,4.999999874e-05,0.00055831,4,4,0.0005083100013
MTLUSDT,2026-08-17T12:00Z,9.999999747e-05,-2.079e-05,8,8,0.0001207899975
NMRUSDT,2026-08-17T12:00Z,4.999999874e-05,-0.00021259,4,4,0.0002625899987
OGUSDT,2026-08-17T12:00Z,4.999999874e-05,3.615e-05,4,4,1.384999874e-05
OUSDT,2026-08-17T12:00Z,4.999999874e-05,0.00012714,4,4,7.714000126e-05
PUMPBTCUSDT,2026-08-17T12:00Z,4.999999874e-05,0.00029844,4,4,0.0002484400013
REDUSDT,2026-08-17T12:00Z,4.365000132e-05,5e-05,4,4,6.349998683e-06
REUSDT,2026-08-17T12:00Z,2.875999962e-05,-7.359e-05,4,4,0.0001023499996
RPLUSDT,2026-08-17T12:00Z,4.999999874e-05,-4.192e-05,4,4,9.191999874e-05
SANTOSUSDT,2026-08-17T12:00Z,-0.0001080000002,5e-05,4,4,0.0001580000002
SONICUSDT,2026-08-17T12:00Z,4.999999874e-05,8.526e-05,4,4,3.526000126e-05
SPORTFUNUSDT,2026-08-17T12:00Z,8.024999988e-05,5e-05,4,4,3.024999988e-05
STEEMUSDT,2026-08-17T12:00Z,-7.593999908e-05,-0.00033742,4,4,0.0002614800009
SUNUSDT,2026-08-17T12:00Z,2.406000021e-05,5e-05,4,4,2.593999979e-05
SUPERUSDT,2026-08-17T12:00Z,4.999999874e-05,2.397e-05,4,4,2.602999874e-05
SXPUSDT,2026-08-17T12:00Z,9.999999747e-05,-0.01080766,8,8,0.01090766
XVSUSDT,2026-08-17T12:00Z,1.63299992e-05,-0.00059901,8,8,0.0006153399992
ZESTUSDT,2026-08-17T12:00Z,8.181000157e-05,0.00033801,4,4,0.0002561999984
ZRXUSDT,2026-08-17T12:00Z,4.999999874e-05,-0.00023526,4,4,0.0002852599987
ALLUSDT,2026-08-17T16:00Z,-0.0004842299968,-0.00043968,8,8,4.45499968e-05
ANIMEUSDT,2026-08-17T16:00Z,4.999999874e-05,-2.539e-05,4,4,7.538999874e-05
ASTRUSDT,2026-08-17T16:00Z,5.031999899e-05,0.0001,8,8,4.968000101e-05
BDXNUSDT,2026-08-17T16:00Z,4.999999874e-05,0.0046011,4,4,0.004551100001
BNTUSDT,2026-08-17T16:00Z,-0.0002420200035,-0.00013565,8,8,0.0001063700035
BTWUSDT,2026-08-17T16:00Z,0.00032585999,0.00079561,4,4,0.00046975001
CAPUSDT,2026-08-17T16:00Z,-0.002452949993,-0.00094881,4,4,0.001504139993
CELRUSDT,2026-08-17T16:00Z,8.125000022e-05,0.0001,8,8,1.874999978e-05
COWUSDT,2026-08-17T16:00Z,-0.001926900004,5e-05,4,4,0.001976900004
CTRUSDT,2026-08-17T16:00Z,4.999999874e-05,0.00020821,4,4,0.0001582100013
CYBERUSDT,2026-08-17T16:00Z,4.999999874e-05,2.675e-05,4,4,2.324999874e-05
DATAIPUSDT,2026-08-17T16:00Z,4.999999874e-05,-0.00056876,4,4,0.0006187599987
FLUXUSDT,2026-08-17T16:00Z,4.547999924e-05,5e-05,4,4,4.520000756e-06
GLMUSDT,2026-08-17T16:00Z,1.870999949e-05,5e-05,4,4,3.129000051e-05
GRAMUSDT,2026-08-17T16:00Z,-3.430000106e-06,5e-05,4,4,5.343000011e-05
HIVEUSDT,2026-08-17T16:00Z,2.332000076e-05,5e-05,4,4,2.667999924e-05
ILVUSDT,2026-08-17T16:00Z,1.083000006e-05,5e-05,4,4,3.916999994e-05
KNCUSDT,2026-08-17T16:00Z,-0.0003454399994,-0.00051301,8,8,0.0001675700006
MASKUSDT,2026-08-17T16:00Z,-2.114999916e-05,5e-05,4,4,7.114999916e-05
MAVIAUSDT,2026-08-17T16:00Z,4.999999874e-05,0.00055831,4,4,0.0005083100013
MTLUSDT,2026-08-17T16:00Z,2.839999979e-05,-2.079e-05,8,8,4.918999979e-05
NMRUSDT,2026-08-17T16:00Z,4.999999874e-05,-0.00021259,4,4,0.0002625899987
OGUSDT,2026-08-17T16:00Z,4.999999874e-05,3.615e-05,4,4,1.384999874e-05
OUSDT,2026-08-17T16:00Z,9.252999735e-05,0.00012714,4,4,3.461000265e-05
PUMPBTCUSDT,2026-08-17T16:00Z,4.999999874e-05,0.00029844,4,4,0.0002484400013
REDUSDT,2026-08-17T16:00Z,2.094000047e-05,5e-05,4,4,2.905999953e-05
REUSDT,2026-08-17T16:00Z,-5.488999886e-05,-7.359e-05,4,4,1.870000114e-05
RPLUSDT,2026-08-17T16:00Z,4.120000085e-05,-4.192e-05,4,4,8.312000085e-05
SANTOSUSDT,2026-08-17T16:00Z,1.01200003e-05,5e-05,4,4,3.98799997e-05
SONICUSDT,2026-08-17T16:00Z,4.999999874e-05,8.526e-05,4,4,3.526000126e-05
SPORTFUNUSDT,2026-08-17T16:00Z,9.798999963e-05,5e-05,4,4,4.798999963e-05
STEEMUSDT,2026-08-17T16:00Z,-8.020999667e-05,-0.00033742,4,4,0.0002572100033
SUNUSDT,2026-08-17T16:00Z,-8.466000145e-05,5e-05,4,4,0.0001346600014
SUPERUSDT,2026-08-17T16:00Z,4.999999874e-05,2.397e-05,4,4,2.602999874e-05
SXPUSDT,2026-08-17T16:00Z,9.999999747e-05,-0.01080766,8,8,0.01090766
XVSUSDT,2026-08-17T16:00Z,-0.0005892899935,-0.00059901,8,8,9.720006487e-06
ZESTUSDT,2026-08-17T16:00Z,4.999999874e-05,0.00033801,4,4,0.0002880100013
ZRXUSDT,2026-08-17T16:00Z,2.709e-05,-0.00023526,4,4,0.00026235
1000000BOBUSDT,2026-08-17T20:00Z,0.0008494199719,5e-05,4,4,0.0007994199719
ALLUSDT,2026-08-17T20:00Z,-0.0004842299968,-0.00043968,8,8,4.45499968e-05
ANIMEUSDT,2026-08-17T20:00Z,-8.196999988e-05,-2.539e-05,4,4,5.657999988e-05
ASTRUSDT,2026-08-17T20:00Z,5.031999899e-05,0.0001,8,8,4.968000101e-05
AXLUSDT,2026-08-17T20:00Z,2.280000081e-05,5e-05,4,4,2.719999919e-05
BDXNUSDT,2026-08-17T20:00Z,4.999999874e-05,0.0046011,4,4,0.004551100001
BNTUSDT,2026-08-17T20:00Z,-0.0002420200035,-0.00013565,8,8,0.0001063700035
BTWUSDT,2026-08-17T20:00Z,0.0003042600001,0.00079561,4,4,0.0004913499999
CAPUSDT,2026-08-17T20:00Z,-0.001083999989,-0.00094881,4,4,0.0001351899886
CELRUSDT,2026-08-17T20:00Z,8.125000022e-05,0.0001,8,8,1.874999978e-05
CLANKERUSDT,2026-08-17T20:00Z,0.0002033799974,5e-05,4,4,0.0001533799974
COWUSDT,2026-08-17T20:00Z,-0.002000049921,5e-05,4,4,0.002050049921
CTKUSDT,2026-08-17T20:00Z,-4.302999878e-05,5e-05,4,4,9.302999878e-05
CTRUSDT,2026-08-17T20:00Z,4.999999874e-05,0.00020821,4,4,0.0001582100013
CYBERUSDT,2026-08-17T20:00Z,4.999999874e-05,2.675e-05,4,4,2.324999874e-05
DATAIPUSDT,2026-08-17T20:00Z,-0.001344140037,-0.00056876,4,4,0.000775380037
FLUXUSDT,2026-08-17T20:00Z,-4.470000022e-06,5e-05,4,4,5.447000002e-05
GLMUSDT,2026-08-17T20:00Z,-4.447999891e-05,5e-05,4,4,9.447999891e-05
GRAMUSDT,2026-08-17T20:00Z,-1.646000055e-05,5e-05,4,4,6.646000055e-05
HIVEUSDT,2026-08-17T20:00Z,3.740000102e-05,5e-05,4,4,1.259999898e-05
ILVUSDT,2026-08-17T20:00Z,-0.000204349999,5e-05,4,4,0.000254349999
KNCUSDT,2026-08-17T20:00Z,-0.0003454399994,-0.00051301,8,8,0.0001675700006
MAVIAUSDT,2026-08-17T20:00Z,4.999999874e-05,0.00055831,4,4,0.0005083100013
MTLUSDT,2026-08-17T20:00Z,2.839999979e-05,-2.079e-05,8,8,4.918999979e-05
NMRUSDT,2026-08-17T20:00Z,3.80599995e-05,-0.00021259,4,4,0.0002506499995
OGUSDT,2026-08-17T20:00Z,4.999999874e-05,3.615e-05,4,4,1.384999874e-05
OUSDT,2026-08-17T20:00Z,4.999999874e-05,0.00012714,4,4,7.714000126e-05
PUMPBTCUSDT,2026-08-17T20:00Z,4.999999874e-05,0.00029844,4,4,0.0002484400013
REDUSDT,2026-08-17T20:00Z,3.355000081e-05,5e-05,4,4,1.644999919e-05
REUSDT,2026-08-17T20:00Z,-1.391000023e-05,-7.359e-05,4,4,5.967999977e-05
RPLUSDT,2026-08-17T20:00Z,4.999999874e-05,-4.192e-05,4,4,9.191999874e-05
SANTOSUSDT,2026-08-17T20:00Z,1.135000002e-05,5e-05,4,4,3.864999998e-05
SLPUSDT,2026-08-17T20:00Z,-1.447999966e-05,5e-05,4,4,6.447999966e-05
SONICUSDT,2026-08-17T20:00Z,4.999999874e-05,8.526e-05,4,4,3.526000126e-05
SPORTFUNUSDT,2026-08-17T20:00Z,0.0003943599877,5e-05,4,4,0.0003443599877
STEEMUSDT,2026-08-17T20:00Z,-0.0003826800094,-0.00033742,4,4,4.526000935e-05
SUPERUSDT,2026-08-17T20:00Z,4.768000144e-05,2.397e-05,4,4,2.371000144e-05
SXPUSDT,2026-08-17T20:00Z,9.999999747e-05,-0.01080766,8,8,0.01090766
XVSUSDT,2026-08-17T20:00Z,-0.0005892899935,-0.00059901,8,8,9.720006487e-06
ZESTUSDT,2026-08-17T20:00Z,4.999999874e-05,0.00033801,4,4,0.0002880100013
ZRXUSDT,2026-08-17T20:00Z,-7.049000124e-05,-0.00023526,4,4,0.0001647699988
ALLUSDT,2026-08-18T00:00Z,-0.0002649000089,-0.00043968,8,8,0.0001747799911
ANIMEUSDT,2026-08-18T00:00Z,-1.780999992e-05,-2.539e-05,4,4,7.580000082e-06
AXLUSDT,2026-08-18T00:00Z,2.522999966e-05,5e-05,4,4,2.477000034e-05
BANDUSDT,2026-08-18T00:00Z,7.318999997e-05,0.0001,8,8,2.681000003e-05
BDXNUSDT,2026-08-18T00:00Z,4.999999874e-05,0.0046011,4,4,0.004551100001
BNTUSDT,2026-08-18T00:00Z,9.999999747e-05,-0.00013565,8,8,0.0002356499975
BTWUSDT,2026-08-18T00:00Z,0.0003115499858,0.00079561,4,4,0.0004840600142
CAPUSDT,2026-08-18T00:00Z,-0.0004255200038,-0.00094881,4,4,0.0005232899962
CELRUSDT,2026-08-18T00:00Z,9.364000289e-05,0.0001,8,8,6.359997112e-06
CKBUSDT,2026-08-18T00:00Z,-9.182000213e-05,0.0001,8,8,0.0001918200021
CLANKERUSDT,2026-08-18T00:00Z,0.0002295599988,5e-05,4,4,0.0001795599988
COWUSDT,2026-08-18T00:00Z,-0.002292460063,5e-05,4,4,0.002342460063
CTRUSDT,2026-08-18T00:00Z,4.999999874e-05,0.00020821,4,4,0.0001582100013
CYBERUSDT,2026-08-18T00:00Z,4.999999874e-05,2.675e-05,4,4,2.324999874e-05
DATAIPUSDT,2026-08-18T00:00Z,-0.001390059944,-0.00056876,4,4,0.0008212999442
FLUXUSDT,2026-08-18T00:00Z,-7.775000267e-05,5e-05,4,4,0.0001277500027
GRAMUSDT,2026-08-18T00:00Z,-5.162000161e-05,5e-05,4,4,0.0001016200016
KNCUSDT,2026-08-18T00:00Z,-0.0005403900286,-0.00051301,8,8,2.738002862e-05
MAVIAUSDT,2026-08-18T00:00Z,4.999999874e-05,0.00055831,4,4,0.0005083100013
MTLUSDT,2026-08-18T00:00Z,9.999999747e-05,-2.079e-05,8,8,0.0001207899975
NMRUSDT,2026-08-18T00:00Z,4.999999874e-05,-0.00021259,4,4,0.0002625899987
OGUSDT,2026-08-18T00:00Z,4.999999874e-05,3.615e-05,4,4,1.384999874e-05
OUSDT,2026-08-18T00:00Z,4.999999874e-05,0.00012714,4,4,7.714000126e-05
PUMPBTCUSDT,2026-08-18T00:00Z,4.999999874e-05,0.00029844,4,4,0.0002484400013
PUNDIXUSDT,2026-08-18T00:00Z,1.782999971e-05,5e-05,4,4,3.217000029e-05
REUSDT,2026-08-18T00:00Z,-3.098999878e-05,-7.359e-05,4,4,4.260000122e-05
RPLUSDT,2026-08-18T00:00Z,-0.0001443299989,-4.192e-05,4,4,0.0001024099989
SANTOSUSDT,2026-08-18T00:00Z,-5.773000157e-05,5e-05,4,4,0.0001077300016
SLPUSDT,2026-08-18T00:00Z,-8.790999709e-05,5e-05,4,4,0.0001379099971
SONICUSDT,2026-08-18T00:00Z,4.999999874e-05,8.526e-05,4,4,3.526000126e-05
SPORTFUNUSDT,2026-08-18T00:00Z,0.0003285300045,5e-05,4,4,0.0002785300045
STEEMUSDT,2026-08-18T00:00Z,-0.0002519899863,-0.00033742,4,4,8.543001372e-05
SUPERUSDT,2026-08-18T00:00Z,4.999999874e-05,2.397e-05,4,4,2.602999874e-05
SXPUSDT,2026-08-18T00:00Z,9.999999747e-05,-0.01080766,8,8,0.01090766
XVSUSDT,2026-08-18T00:00Z,-0.000257429987,-0.00059901,8,8,0.000341580013
ZESTUSDT,2026-08-18T00:00Z,4.999999874e-05,0.00033801,4,4,0.0002880100013
ZRXUSDT,2026-08-18T00:00Z,3.67399989e-05,-0.00023526,4,4,0.0002719999989
ALLUSDT,2026-08-18T04:00Z,-0.0002649000089,-0.00043968,8,8,0.0001747799911
ANIMEUSDT,2026-08-18T04:00Z,3.473000106e-05,-2.539e-05,4,4,6.012000106e-05
AXLUSDT,2026-08-18T04:00Z,-0.0001587000006,5e-05,4,4,0.0002087000006
BANDUSDT,2026-08-18T04:00Z,7.318999997e-05,0.0001,8,8,2.681000003e-05
BDXNUSDT,2026-08-18T04:00Z,4.999999874e-05,0.0046011,4,4,0.004551100001
BNTUSDT,2026-08-18T04:00Z,9.999999747e-05,-0.00013565,8,8,0.0002356499975
BTWUSDT,2026-08-18T04:00Z,0.0003579900076,0.00079561,4,4,0.0004376199924
CAPUSDT,2026-08-18T04:00Z,-0.0006844499731,-0.00094881,4,4,0.0002643600269
CELRUSDT,2026-08-18T04:00Z,9.364000289e-05,0.0001,8,8,6.359997112e-06
CKBUSDT,2026-08-18T04:00Z,-9.182000213e-05,0.0001,8,8,0.0001918200021
COWUSDT,2026-08-18T04:00Z,-0.001930159982,5e-05,4,4,0.001980159982
CTRUSDT,2026-08-18T04:00Z,4.999999874e-05,0.00020821,4,4,0.0001582100013
CYBERUSDT,2026-08-18T04:00Z,-1.378999968e-05,2.675e-05,4,4,4.053999968e-05
DATAIPUSDT,2026-08-18T04:00Z,-0.001085579977,-0.00056876,4,4,0.0005168199774
GLMUSDT,2026-08-18T04:00Z,-0.0001916699985,5e-05,4,4,0.0002416699985
HIVEUSDT,2026-08-18T04:00Z,-7.900000128e-06,5e-05,4,4,5.790000013e-05
KNCUSDT,2026-08-18T04:00Z,-0.0005403900286,-0.00051301,8,8,2.738002862e-05
MASKUSDT,2026-08-18T04:00Z,-5.918999886e-05,5e-05,4,4,0.0001091899989
MAVIAUSDT,2026-08-18T04:00Z,4.999999874e-05,0.00055831,4,4,0.0005083100013
MTLUSDT,2026-08-18T04:00Z,9.999999747e-05,-2.079e-05,8,8,0.0001207899975
NMRUSDT,2026-08-18T04:00Z,-0.0002587799972,-0.00021259,4,4,4.618999724e-05
OGUSDT,2026-08-18T04:00Z,4.999999874e-05,3.615e-05,4,4,1.384999874e-05
OUSDT,2026-08-18T04:00Z,4.999999874e-05,0.00012714,4,4,7.714000126e-05
POLYXUSDT,2026-08-18T04:00Z,-4.256000102e-05,5e-05,4,4,9.256000102e-05
PUMPBTCUSDT,2026-08-18T04:00Z,4.999999874e-05,0.00029844,4,4,0.0002484400013
PUNDIXUSDT,2026-08-18T04:00Z,-0.0001120599991,5e-05,4,4,0.0001620599991
REUSDT,2026-08-18T04:00Z,-1.771999996e-05,-7.359e-05,4,4,5.587000004e-05
RPLUSDT,2026-08-18T04:00Z,4.999999874e-05,-4.192e-05,4,4,9.191999874e-05
SANTOSUSDT,2026-08-18T04:00Z,-4.273000013e-05,5e-05,4,4,9.273000013e-05
SLPUSDT,2026-08-18T04:00Z,3.391000064e-05,5e-05,4,4,1.608999936e-05
SONICUSDT,2026-08-18T04:00Z,8.633999823e-05,8.526e-05,4,4,1.079998234e-06
SPORTFUNUSDT,2026-08-18T04:00Z,6.130999827e-05,5e-05,4,4,1.130999827e-05
STEEMUSDT,2026-08-18T04:00Z,-0.0002945199958,-0.00033742,4,4,4.29000042e-05
SUNUSDT,2026-08-18T04:00Z,1.379999958e-06,5e-05,4,4,4.862000004e-05
SUPERUSDT,2026-08-18T04:00Z,1.018999956e-05,2.397e-05,4,4,1.378000044e-05
SXPUSDT,2026-08-18T04:00Z,9.999999747e-05,-0.01080766,8,8,0.01090766
VTHOUSDT,2026-08-18T04:00Z,-4.572000034e-05,5e-05,4,4,9.572000034e-05
WCTUSDT,2026-08-18T04:00Z,7.1999998e-06,5e-05,4,4,4.28000002e-05
XVSUSDT,2026-08-18T04:00Z,-0.000257429987,-0.00059901,8,8,0.000341580013
ZESTUSDT,2026-08-18T04:00Z,7.804999768e-05,0.00033801,4,4,0.0002599600023
ZRXUSDT,2026-08-18T04:00Z,-7.129000005e-05,-0.00023526,4,4,0.0001639699999
ALLUSDT,2026-08-18T08:00Z,-0.0002516600071,-0.00043968,8,8,0.0001880199929
ANIMEUSDT,2026-08-18T08:00Z,2.022000081e-05,-2.539e-05,4,4,4.561000081e-05
ASTRUSDT,2026-08-18T08:00Z,9.927999781e-05,0.0001,8,8,7.200021879e-07
BDXNUSDT,2026-08-18T08:00Z,4.999999874e-05,0.0046011,4,4,0.004551100001
BNTUSDT,2026-08-18T08:00Z,-0.0004258000117,-0.00013565,8,8,0.0002901500117
BTWUSDT,2026-08-18T08:00Z,0.0003771600022,0.00079561,4,4,0.0004184499978
CAPUSDT,2026-08-18T08:00Z,-0.000358869991,-0.00094881,4,4,0.000589940009
CLANKERUSDT,2026-08-18T08:00Z,0.0004839499888,5e-05,4,4,0.0004339499888
COWUSDT,2026-08-18T08:00Z,-0.001179539948,5e-05,4,4,0.001229539948
CTRUSDT,2026-08-18T08:00Z,4.999999874e-05,0.00020821,4,4,0.0001582100013
CYBERUSDT,2026-08-18T08:00Z,4.999999874e-05,2.675e-05,4,4,2.324999874e-05
DATAIPUSDT,2026-08-18T08:00Z,-0.0005606799969,-0.00056876,4,4,8.080003148e-06
FLUXUSDT,2026-08-18T08:00Z,4.679999984e-05,5e-05,4,4,3.200000164e-06
GLMUSDT,2026-08-18T08:00Z,1.822000013e-05,5e-05,4,4,3.177999987e-05
GRVTUSDT,2026-08-18T08:00Z,6.848000339e-05,5e-05,4,4,1.848000339e-05
HIVEUSDT,2026-08-18T08:00Z,3.574999937e-05,5e-05,4,4,1.425000063e-05
ICXUSDT,2026-08-18T08:00Z,3.395000022e-05,5e-05,4,4,1.604999978e-05
KNCUSDT,2026-08-18T08:00Z,9.999999747e-05,-0.00051301,8,8,0.0006130099975
MASKUSDT,2026-08-18T08:00Z,3.603000005e-05,5e-05,4,4,1.396999995e-05
MAVIAUSDT,2026-08-18T08:00Z,4.999999874e-05,0.00055831,4,4,0.0005083100013
MEWUSDT,2026-08-18T08:00Z,1.77000004e-06,5e-05,4,4,4.822999996e-05
MTLUSDT,2026-08-18T08:00Z,9.999999747e-05,-2.079e-05,8,8,0.0001207899975
NMRUSDT,2026-08-18T08:00Z,4.999999874e-05,-0.00021259,4,4,0.0002625899987
OGUSDT,2026-08-18T08:00Z,4.999999874e-05,3.615e-05,4,4,1.384999874e-05
OUSDT,2026-08-18T08:00Z,4.999999874e-05,0.00012714,4,4,7.714000126e-05
PUMPBTCUSDT,2026-08-18T08:00Z,4.999999874e-05,0.00029844,4,4,0.0002484400013
RAYSOLUSDT,2026-08-18T08:00Z,2.434999988e-05,5e-05,4,4,2.565000012e-05
REDUSDT,2026-08-18T08:00Z,-0.003126519965,5e-05,4,4,0.003176519965
REUSDT,2026-08-18T08:00Z,5.469999905e-06,-7.359e-05,4,4,7.905999991e-05
RPLUSDT,2026-08-18T08:00Z,4.999999874e-05,-4.192e-05,4,4,9.191999874e-05
SLPUSDT,2026-08-18T08:00Z,-0.0001674499945,5e-05,4,4,0.0002174499945
SONICUSDT,2026-08-18T08:00Z,6.479999865e-05,8.526e-05,4,4,2.046000135e-05
STEEMUSDT,2026-08-18T08:00Z,4.361000174e-05,-0.00033742,4,4,0.0003810300017
SUNUSDT,2026-08-18T08:00Z,-0.000100600002,5e-05,4,4,0.000150600002
SUPERUSDT,2026-08-18T08:00Z,4.999999874e-05,2.397e-05,4,4,2.602999874e-05
SXPUSDT,2026-08-18T08:00Z,9.999999747e-05,-0.01080766,8,8,0.01090766
XVSUSDT,2026-08-18T08:00Z,-0.0004640900006,-0.00059901,8,8,0.0001349199994
ZESTUSDT,2026-08-18T08:00Z,4.999999874e-05,0.00033801,4,4,0.0002880100013
ZRXUSDT,2026-08-18T08:00Z,4.999999874e-05,-0.00023526,4,4,0.0002852599987
ALLUSDT,2026-08-18T12:00Z,-0.0002516600071,-0.00043968,8,8,0.0001880199929
ANIMEUSDT,2026-08-18T12:00Z,4.999999874e-05,-2.539e-05,4,4,7.538999874e-05
ASTRUSDT,2026-08-18T12:00Z,9.927999781e-05,0.0001,8,8,7.200021879e-07
BDXNUSDT,2026-08-18T12:00Z,4.999999874e-05,0.0046011,4,4,0.004551100001
BNTUSDT,2026-08-18T12:00Z,-0.0004258000117,-0.00013565,8,8,0.0002901500117
BTWUSDT,2026-08-18T12:00Z,0.0002191200037,0.00079561,4,4,0.0005764899963
CAPUSDT,2026-08-18T12:00Z,-0.0002274900035,-0.00094881,4,4,0.0007213199965
CLANKERUSDT,2026-08-18T12:00Z,0.0001053800006,5e-05,4,4,5.53800006e-05
COWUSDT,2026-08-18T12:00Z,-0.001152359997,5e-05,4,4,0.001202359997
CTRUSDT,2026-08-18T12:00Z,0.0001341000025,0.00020821,4,4,7.410999753e-05
CYBERUSDT,2026-08-18T12:00Z,-2.854999912e-05,2.675e-05,4,4,5.529999912e-05
DATAIPUSDT,2026-08-18T12:00Z,-0.0005865999847,-0.00056876,4,4,1.783998467e-05
FLUXUSDT,2026-08-18T12:00Z,-0.0001209699985,5e-05,4,4,0.0001709699985
KNCUSDT,2026-08-18T12:00Z,9.999999747e-05,-0.00051301,8,8,0.0006130099975
MASKUSDT,2026-08-18T12:00Z,-1.082000017e-05,5e-05,4,4,6.082000017e-05
MAVIAUSDT,2026-08-18T12:00Z,0.0002892200137,0.00055831,4,4,0.0002690899863
MTLUSDT,2026-08-18T12:00Z,9.999999747e-05,-2.079e-05,8,8,0.0001207899975
NMRUSDT,2026-08-18T12:00Z,4.999999874e-05,-0.00021259,4,4,0.0002625899987
OGUSDT,2026-08-18T12:00Z,4.999999874e-05,3.615e-05,4,4,1.384999874e-05
OUSDT,2026-08-18T12:00Z,0.0002559899876,0.00012714,4,4,0.0001288499876
PUMPBTCUSDT,2026-08-18T12:00Z,4.999999874e-05,0.00029844,4,4,0.0002484400013
REDUSDT,2026-08-18T12:00Z,-0.006379830185,5e-05,4,4,0.006429830185
REUSDT,2026-08-18T12:00Z,-0.0001143400004,-7.359e-05,4,4,4.075000044e-05
RPLUSDT,2026-08-18T12:00Z,4.999999874e-05,-4.192e-05,4,4,9.191999874e-05
SONICUSDT,2026-08-18T12:00Z,4.999999874e-05,8.526e-05,4,4,3.526000126e-05
SPORTFUNUSDT,2026-08-18T12:00Z,0.0001798699959,5e-05,4,4,0.0001298699959
STEEMUSDT,2026-08-18T12:00Z,-6.381999992e-05,-0.00033742,4,4,0.0002736000001
SUNUSDT,2026-08-18T12:00Z,-0.0004025099915,5e-05,4,4,0.0004525099915
SUPERUSDT,2026-08-18T12:00Z,4.999999874e-05,2.397e-05,4,4,2.602999874e-05
SXPUSDT,2026-08-18T12:00Z,9.999999747e-05,-0.01080766,8,8,0.01090766
XVSUSDT,2026-08-18T12:00Z,-0.0004640900006,-0.00059901,8,8,0.0001349199994
ZESTUSDT,2026-08-18T12:00Z,0.000237469998,0.00033801,4,4,0.000100540002
ZRXUSDT,2026-08-18T12:00Z,4.999999874e-05,-0.00023526,4,4,0.0002852599987
ALLUSDT,2026-08-18T16:00Z,-0.0002199699957,-0.00043968,8,8,0.0002197100043
ANIMEUSDT,2026-08-18T16:00Z,4.999999874e-05,-2.539e-05,4,4,7.538999874e-05
BDXNUSDT,2026-08-18T16:00Z,4.999999874e-05,0.0046011,4,4,0.004551100001
BNTUSDT,2026-08-18T16:00Z,8.527000318e-05,-0.00013565,8,8,0.0002209200032
BTWUSDT,2026-08-18T16:00Z,0.0002434299968,0.00079561,4,4,0.0005521800032
CAPUSDT,2026-08-18T16:00Z,-0.0002227799996,-0.00094881,4,4,0.0007260300004
CELRUSDT,2026-08-18T16:00Z,5.619000149e-05,0.0001,8,8,4.380999851e-05
CLANKERUSDT,2026-08-18T16:00Z,7.372999971e-05,5e-05,4,4,2.372999971e-05
COWUSDT,2026-08-18T16:00Z,-0.0007645100122,5e-05,4,4,0.0008145100122
CTRUSDT,2026-08-18T16:00Z,8.491000335e-05,0.00020821,4,4,0.0001232999966
CYBERUSDT,2026-08-18T16:00Z,-0.0002144299942,2.675e-05,4,4,0.0002411799942
DATAIPUSDT,2026-08-18T16:00Z,-0.0009601199999,-0.00056876,4,4,0.0003913599999
GRAMUSDT,2026-08-18T16:00Z,3.724999988e-05,5e-05,4,4,1.275000012e-05
ILVUSDT,2026-08-18T16:00Z,-1.020000036e-05,5e-05,4,4,6.020000036e-05
KNCUSDT,2026-08-18T16:00Z,9.999999747e-05,-0.00051301,8,8,0.0006130099975
MASKUSDT,2026-08-18T16:00Z,9.17000034e-06,5e-05,4,4,4.082999966e-05
MAVIAUSDT,2026-08-18T16:00Z,4.999999874e-05,0.00055831,4,4,0.0005083100013
MTLUSDT,2026-08-18T16:00Z,9.999999747e-05,-2.079e-05,8,8,0.0001207899975
NMRUSDT,2026-08-18T16:00Z,4.999999874e-05,-0.00021259,4,4,0.0002625899987
OGUSDT,2026-08-18T16:00Z,4.999999874e-05,3.615e-05,4,4,1.384999874e-05
OUSDT,2026-08-18T16:00Z,0.000129980006,0.00012714,4,4,2.840006022e-06
PUMPBTCUSDT,2026-08-18T16:00Z,4.999999874e-05,0.00029844,4,4,0.0002484400013
REDUSDT,2026-08-18T16:00Z,-0.003893459914,5e-05,4,4,0.003943459914
REUSDT,2026-08-18T16:00Z,-0.0001083399984,-7.359e-05,4,4,3.474999841e-05
RPLUSDT,2026-08-18T16:00Z,4.999999874e-05,-4.192e-05,4,4,9.191999874e-05
SONICUSDT,2026-08-18T16:00Z,0.0001851400011,8.526e-05,4,4,9.988000112e-05
SPORTFUNUSDT,2026-08-18T16:00Z,0.0001378599991,5e-05,4,4,8.785999909e-05
STEEMUSDT,2026-08-18T16:00Z,-0.0001130899982,-0.00033742,4,4,0.0002243300018
SUNUSDT,2026-08-18T16:00Z,-0.0003976800072,5e-05,4,4,0.0004476800072
SUPERUSDT,2026-08-18T16:00Z,4.999999874e-05,2.397e-05,4,4,2.602999874e-05
SXPUSDT,2026-08-18T16:00Z,9.999999747e-05,-0.01080766,8,8,0.01090766
XVSUSDT,2026-08-18T16:00Z,9.999999747e-05,-0.00059901,8,8,0.0006990099975
ZESTUSDT,2026-08-18T16:00Z,0.000280259992,0.00033801,4,4,5.7750008e-05
ZRXUSDT,2026-08-18T16:00Z,4.999999874e-05,-0.00023526,4,4,0.0002852599987
ALLUSDT,2026-08-18T20:00Z,-0.0002199699957,-0.00043968,8,8,0.0002197100043
ALPINEUSDT,2026-08-18T20:00Z,-0.0005147199845,5e-05,4,4,0.0005647199845
ANIMEUSDT,2026-08-18T20:00Z,4.999999874e-05,-2.539e-05,4,4,7.538999874e-05
BDXNUSDT,2026-08-18T20:00Z,4.999999874e-05,0.0046011,4,4,0.004551100001
BNTUSDT,2026-08-18T20:00Z,8.527000318e-05,-0.00013565,8,8,0.0002209200032
BTWUSDT,2026-08-18T20:00Z,0.0006798200193,0.00079561,4,4,0.0001157899807
CAPUSDT,2026-08-18T20:00Z,-9.478999709e-05,-0.00094881,4,4,0.0008540200029
CELRUSDT,2026-08-18T20:00Z,5.619000149e-05,0.0001,8,8,4.380999851e-05
COWUSDT,2026-08-18T20:00Z,-0.0007890199777,5e-05,4,4,0.0008390199777
CTRUSDT,2026-08-18T20:00Z,4.999999874e-05,0.00020821,4,4,0.0001582100013
CYBERUSDT,2026-08-18T20:00Z,3.076999928e-05,2.675e-05,4,4,4.019999285e-06
DATAIPUSDT,2026-08-18T20:00Z,-0.0005236900179,-0.00056876,4,4,4.506998213e-05
FRAXUSDT,2026-08-18T20:00Z,-5.152000085e-05,5e-05,4,4,0.0001015200009
GRAMUSDT,2026-08-18T20:00Z,3.006000043e-05,5e-05,4,4,1.993999957e-05
ILVUSDT,2026-08-18T20:00Z,-0.0002328499977,5e-05,4,4,0.0002828499977
KNCUSDT,2026-08-18T20:00Z,9.999999747e-05,-0.00051301,8,8,0.0006130099975
MAVIAUSDT,2026-08-18T20:00Z,4.999999874e-05,0.00055831,4,4,0.0005083100013
MTLUSDT,2026-08-18T20:00Z,9.999999747e-05,-2.079e-05,8,8,0.0001207899975
NMRUSDT,2026-08-18T20:00Z,4.999999874e-05,-0.00021259,4,4,0.0002625899987
OGUSDT,2026-08-18T20:00Z,4.999999874e-05,3.615e-05,4,4,1.384999874e-05
OUSDT,2026-08-18T20:00Z,4.999999874e-05,0.00012714,4,4,7.714000126e-05
PUMPBTCUSDT,2026-08-18T20:00Z,4.999999874e-05,0.00029844,4,4,0.0002484400013
PUNDIXUSDT,2026-08-18T20:00Z,1.318999966e-05,5e-05,4,4,3.681000034e-05
REDUSDT,2026-08-18T20:00Z,-0.002123940038,5e-05,4,4,0.002173940038
REUSDT,2026-08-18T20:00Z,-0.0001166400034,-7.359e-05,4,4,4.30500034e-05
RPLUSDT,2026-08-18T20:00Z,-0.0001903399971,-4.192e-05,4,4,0.0001484199971
SONICUSDT,2026-08-18T20:00Z,4.999999874e-05,8.526e-05,4,4,3.526000126e-05
STEEMUSDT,2026-08-18T20:00Z,-0.0001745799964,-0.00033742,4,4,0.0001628400036
SUNUSDT,2026-08-18T20:00Z,-0.001159009989,5e-05,4,4,0.001209009989
SUPERUSDT,2026-08-18T20:00Z,4.999999874e-05,2.397e-05,4,4,2.602999874e-05
SXPUSDT,2026-08-18T20:00Z,9.999999747e-05,-0.01080766,8,8,0.01090766
VTHOUSDT,2026-08-18T20:00Z,3.113999992e-05,5e-05,4,4,1.886000008e-05
XVSUSDT,2026-08-18T20:00Z,9.999999747e-05,-0.00059901,8,8,0.0006990099975
ZESTUSDT,2026-08-18T20:00Z,0.0002949099871,0.00033801,4,4,4.310001287e-05
ZRXUSDT,2026-08-18T20:00Z,-0.0001390300022,-0.00023526,4,4,9.622999783e-05
ALLUSDT,2026-08-19T00:00Z,9.999999747e-05,-0.00043968,8,8,0.0005396799975
ANIMEUSDT,2026-08-19T00:00Z,4.999999874e-05,-2.539e-05,4,4,7.538999874e-05
ASTRUSDT,2026-08-19T00:00Z,-2.194000081e-05,0.0001,8,8,0.0001219400008
BDXNUSDT,2026-08-19T00:00Z,4.999999874e-05,0.0046011,4,4,0.004551100001
BNTUSDT,2026-08-19T00:00Z,4.80000017e-05,-0.00013565,8,8,0.0001836500017
BTWUSDT,2026-08-19T00:00Z,0.000574070029,0.00079561,4,4,0.000221539971
CAPUSDT,2026-08-19T00:00Z,-6.510000094e-05,-0.00094881,4,4,0.0008837099991
CELRUSDT,2026-08-19T00:00Z,-6.630999997e-05,0.0001,8,8,0.00016631
COWUSDT,2026-08-19T00:00Z,-0.001146649942,5e-05,4,4,0.001196649942
CTRUSDT,2026-08-19T00:00Z,8.805000107e-05,0.00020821,4,4,0.0001201599989
CYBERUSDT,2026-08-19T00:00Z,4.427000022e-05,2.675e-05,4,4,1.752000022e-05
DATAIPUSDT,2026-08-19T00:00Z,1.950000069e-06,-0.00056876,4,4,0.0005707100001
FRAXUSDT,2026-08-19T00:00Z,-0.0002126799955,5e-05,4,4,0.0002626799955
GRAMUSDT,2026-08-19T00:00Z,2.360000053e-06,5e-05,4,4,4.763999995e-05
ICXUSDT,2026-08-19T00:00Z,1.893000081e-05,5e-05,4,4,3.106999919e-05
KNCUSDT,2026-08-19T00:00Z,-0.0003335700021,-0.00051301,8,8,0.0001794399979
MAVIAUSDT,2026-08-19T00:00Z,4.999999874e-05,0.00055831,4,4,0.0005083100013
MEWUSDT,2026-08-19T00:00Z,2.737000068e-05,5e-05,4,4,2.262999932e-05
MTLUSDT,2026-08-19T00:00Z,9.999999747e-05,-2.079e-05,8,8,0.0001207899975
NMRUSDT,2026-08-19T00:00Z,4.999999874e-05,-0.00021259,4,4,0.0002625899987
OGUSDT,2026-08-19T00:00Z,4.999999874e-05,3.615e-05,4,4,1.384999874e-05
OUSDT,2026-08-19T00:00Z,4.999999874e-05,0.00012714,4,4,7.714000126e-05
PUMPBTCUSDT,2026-08-19T00:00Z,4.999999874e-05,0.00029844,4,4,0.0002484400013
REDUSDT,2026-08-19T00:00Z,-0.002128869994,5e-05,4,4,0.002178869994
REUSDT,2026-08-19T00:00Z,-3.80700003e-05,-7.359e-05,4,4,3.55199997e-05
RPLUSDT,2026-08-19T00:00Z,4.999999874e-05,-4.192e-05,4,4,9.191999874e-05
SONICUSDT,2026-08-19T00:00Z,4.999999874e-05,8.526e-05,4,4,3.526000126e-05
STEEMUSDT,2026-08-19T00:00Z,-6.540000322e-05,-0.00033742,4,4,0.0002720199968
SUNUSDT,2026-08-19T00:00Z,-0.0005403099931,5e-05,4,4,0.0005903099931
SUPERUSDT,2026-08-19T00:00Z,4.999999874e-05,2.397e-05,4,4,2.602999874e-05
SXPUSDT,2026-08-19T00:00Z,9.999999747e-05,-0.01080766,8,8,0.01090766
VTHOUSDT,2026-08-19T00:00Z,3.59600017e-05,5e-05,4,4,1.40399983e-05
XVSUSDT,2026-08-19T00:00Z,-0.0001197899983,-0.00059901,8,8,0.0004792200017
ZESTUSDT,2026-08-19T00:00Z,0.0001259200071,0.00033801,4,4,0.0002120899929
ZRXUSDT,2026-08-19T00:00Z,-0.0002148799977,-0.00023526,4,4,2.038000234e-05
ALLUSDT,2026-08-19T04:00Z,9.999999747e-05,-0.00043968,8,8,0.0005396799975
ANIMEUSDT,2026-08-19T04:00Z,4.999999874e-05,-2.539e-05,4,4,7.538999874e-05
ASTRUSDT,2026-08-19T04:00Z,-2.194000081e-05,0.0001,8,8,0.0001219400008
BDXNUSDT,2026-08-19T04:00Z,4.999999874e-05,0.0046011,4,4,0.004551100001
BNTUSDT,2026-08-19T04:00Z,4.80000017e-05,-0.00013565,8,8,0.0001836500017
BTWUSDT,2026-08-19T04:00Z,0.000549480028,0.00079561,4,4,0.000246129972
CAPUSDT,2026-08-19T04:00Z,-0.0001099599976,-0.00094881,4,4,0.0008388500024
CELRUSDT,2026-08-19T04:00Z,-6.630999997e-05,0.0001,8,8,0.00016631
COWUSDT,2026-08-19T04:00Z,-0.0008671900141,5e-05,4,4,0.0009171900141
CTRUSDT,2026-08-19T04:00Z,0.0002552499936,0.00020821,4,4,4.703999364e-05
CYBERUSDT,2026-08-19T04:00Z,-0.0001969800069,2.675e-05,4,4,0.0002237300069
DATAIPUSDT,2026-08-19T04:00Z,-0.0003358100075,-0.00056876,4,4,0.0002329499925
FRAXUSDT,2026-08-19T04:00Z,-1.972000064e-05,5e-05,4,4,6.972000064e-05
ICXUSDT,2026-08-19T04:00Z,-2.770000037e-06,5e-05,4,4,5.277000004e-05
KNCUSDT,2026-08-19T04:00Z,-0.0003335700021,-0.00051301,8,8,0.0001794399979
MASKUSDT,2026-08-19T04:00Z,-0.000123699996,5e-05,4,4,0.000173699996
MAVIAUSDT,2026-08-19T04:00Z,0.0003404600138,0.00055831,4,4,0.0002178499862
MEWUSDT,2026-08-19T04:00Z,-8.680000064e-06,5e-05,4,4,5.868000006e-05
MTLUSDT,2026-08-19T04:00Z,9.999999747e-05,-2.079e-05,8,8,0.0001207899975
NMRUSDT,2026-08-19T04:00Z,4.999999874e-05,-0.00021259,4,4,0.0002625899987
OGUSDT,2026-08-19T04:00Z,4.999999874e-05,3.615e-05,4,4,1.384999874e-05
OUSDT,2026-08-19T04:00Z,4.999999874e-05,0.00012714,4,4,7.714000126e-05
PUMPBTCUSDT,2026-08-19T04:00Z,4.999999874e-05,0.00029844,4,4,0.0002484400013
PUNDIXUSDT,2026-08-19T04:00Z,1.475000045e-05,5e-05,4,4,3.524999955e-05
REDUSDT,2026-08-19T04:00Z,-0.001014800044,5e-05,4,4,0.001064800044
REUSDT,2026-08-19T04:00Z,-4.379999882e-05,-7.359e-05,4,4,2.979000118e-05
RPLUSDT,2026-08-19T04:00Z,3.638999988e-05,-4.192e-05,4,4,7.830999988e-05
SLPUSDT,2026-08-19T04:00Z,-9.087999933e-05,5e-05,4,4,0.0001408799993
SONICUSDT,2026-08-19T04:00Z,4.999999874e-05,8.526e-05,4,4,3.526000126e-05
SPORTFUNUSDT,2026-08-19T04:00Z,6.032999954e-05,5e-05,4,4,1.032999954e-05
STEEMUSDT,2026-08-19T04:00Z,-0.0005119200214,-0.00033742,4,4,0.0001745000214
SUNUSDT,2026-08-19T04:00Z,-5.459000022e-05,5e-05,4,4,0.0001045900002
SUPERUSDT,2026-08-19T04:00Z,4.999999874e-05,2.397e-05,4,4,2.602999874e-05
SXPUSDT,2026-08-19T04:00Z,9.999999747e-05,-0.01080766,8,8,0.01090766
WCTUSDT,2026-08-19T04:00Z,-4.399999852e-06,5e-05,4,4,5.439999985e-05
XVSUSDT,2026-08-19T04:00Z,-0.0001197899983,-0.00059901,8,8,0.0004792200017
ZESTUSDT,2026-08-19T04:00Z,0.0001963599934,0.00033801,4,4,0.0001416500066
ZRXUSDT,2026-08-19T04:00Z,-0.000109239998,-0.00023526,4,4,0.000126020002
ALLUSDT,2026-08-19T08:00Z,-0.0003712800099,-0.00043968,8,8,6.839999014e-05
ANIMEUSDT,2026-08-19T08:00Z,-1.798999983e-05,-2.539e-05,4,4,7.400000167e-06
BDXNUSDT,2026-08-19T08:00Z,4.999999874e-05,0.0046011,4,4,0.004551100001
BNTUSDT,2026-08-19T08:00Z,9.999999747e-05,-0.00013565,8,8,0.0002356499975
BTWUSDT,2026-08-19T08:00Z,0.0005168700009,0.00079561,4,4,0.0002787399991
CAPUSDT,2026-08-19T08:00Z,-0.0001377800072,-0.00094881,4,4,0.0008110299928
COWUSDT,2026-08-19T08:00Z,-0.0003045799967,5e-05,4,4,0.0003545799967
CTKUSDT,2026-08-19T08:00Z,1.490999966e-05,5e-05,4,4,3.509000034e-05
CTRUSDT,2026-08-19T08:00Z,0.0004177399969,0.00020821,4,4,0.0002095299969
CYBERUSDT,2026-08-19T08:00Z,3.179000123e-05,2.675e-05,4,4,5.040001231e-06
DATAIPUSDT,2026-08-19T08:00Z,-0.0002957299876,-0.00056876,4,4,0.0002730300124
GRAMUSDT,2026-08-19T08:00Z,1.09800003e-05,5e-05,4,4,3.90199997e-05
ILVUSDT,2026-08-19T08:00Z,-2.360000053e-06,5e-05,4,4,5.236000005e-05
KNCUSDT,2026-08-19T08:00Z,9.297000361e-05,-0.00051301,8,8,0.0006059800036
MASKUSDT,2026-08-19T08:00Z,-4.270999852e-05,5e-05,4,4,9.270999852e-05
MAVIAUSDT,2026-08-19T08:00Z,0.000125229999,0.00055831,4,4,0.000433080001
MEWUSDT,2026-08-19T08:00Z,-9.719000082e-05,5e-05,4,4,0.0001471900008
MTLUSDT,2026-08-19T08:00Z,9.999999747e-05,-2.079e-05,8,8,0.0001207899975
NMRUSDT,2026-08-19T08:00Z,4.999999874e-05,-0.00021259,4,4,0.0002625899987
OGUSDT,2026-08-19T08:00Z,4.999999874e-05,3.615e-05,4,4,1.384999874e-05
OUSDT,2026-08-19T08:00Z,4.999999874e-05,0.00012714,4,4,7.714000126e-05
PUMPBTCUSDT,2026-08-19T08:00Z,4.999999874e-05,0.00029844,4,4,0.0002484400013
REDUSDT,2026-08-19T08:00Z,-0.001743010012,5e-05,4,4,0.001793010012
REUSDT,2026-08-19T08:00Z,-0.0001372400002,-7.359e-05,4,4,6.365000019e-05
RPLUSDT,2026-08-19T08:00Z,4.999999874e-05,-4.192e-05,4,4,9.191999874e-05
SONICUSDT,2026-08-19T08:00Z,4.999999874e-05,8.526e-05,4,4,3.526000126e-05
SPORTFUNUSDT,2026-08-19T08:00Z,0.0002757800103,5e-05,4,4,0.0002257800103
STEEMUSDT,2026-08-19T08:00Z,2.352000047e-05,-0.00033742,4,4,0.0003609400005
SUNUSDT,2026-08-19T08:00Z,-9.206999675e-05,5e-05,4,4,0.0001420699968
SUPERUSDT,2026-08-19T08:00Z,6.719999874e-06,2.397e-05,4,4,1.725000013e-05
SXPUSDT,2026-08-19T08:00Z,9.999999747e-05,-0.01080766,8,8,0.01090766
WCTUSDT,2026-08-19T08:00Z,1.919999931e-06,5e-05,4,4,4.808000007e-05
XVSUSDT,2026-08-19T08:00Z,-4.909999916e-05,-0.00059901,8,8,0.0005499100008
ZESTUSDT,2026-08-19T08:00Z,4.999999874e-05,0.00033801,4,4,0.0002880100013
ZRXUSDT,2026-08-19T08:00Z,-0.000300129992,-0.00023526,4,4,6.486999196e-05
ALLUSDT,2026-08-19T12:00Z,-0.0003712800099,-0.00043968,8,8,6.839999014e-05
ANIMEUSDT,2026-08-19T12:00Z,4.999999874e-05,-2.539e-05,4,4,7.538999874e-05
BDXNUSDT,2026-08-19T12:00Z,4.999999874e-05,0.0046011,4,4,0.004551100001
BNTUSDT,2026-08-19T12:00Z,9.999999747e-05,-0.00013565,8,8,0.0002356499975
BTWUSDT,2026-08-19T12:00Z,0.001414009952,0.00079561,4,4,0.000618399952
CAPUSDT,2026-08-19T12:00Z,-4.438999895e-05,-0.00094881,4,4,0.0009044200011
COWUSDT,2026-08-19T12:00Z,-0.0004911400029,5e-05,4,4,0.0005411400029
CTKUSDT,2026-08-19T12:00Z,1.043999964e-05,5e-05,4,4,3.956000036e-05
CTRUSDT,2026-08-19T12:00Z,4.999999874e-05,0.00020821,4,4,0.0001582100013
CYBERUSDT,2026-08-19T12:00Z,4.999999874e-05,2.675e-05,4,4,2.324999874e-05
DATAIPUSDT,2026-08-19T12:00Z,-0.0001689899946,-0.00056876,4,4,0.0003997700054
GRVTUSDT,2026-08-19T12:00Z,-0.0001734599937,5e-05,4,4,0.0002234599937
ILVUSDT,2026-08-19T12:00Z,2.253999992e-05,5e-05,4,4,2.746000008e-05
KNCUSDT,2026-08-19T12:00Z,9.297000361e-05,-0.00051301,8,8,0.0006059800036
MAVIAUSDT,2026-08-19T12:00Z,4.999999874e-05,0.00055831,4,4,0.0005083100013
MTLUSDT,2026-08-19T12:00Z,9.999999747e-05,-2.079e-05,8,8,0.0001207899975
NMRUSDT,2026-08-19T12:00Z,3.209999932e-06,-0.00021259,4,4,0.0002157999999
OGUSDT,2026-08-19T12:00Z,4.999999874e-05,3.615e-05,4,4,1.384999874e-05
OUSDT,2026-08-19T12:00Z,4.999999874e-05,0.00012714,4,4,7.714000126e-05
PUMPBTCUSDT,2026-08-19T12:00Z,4.999999874e-05,0.00029844,4,4,0.0002484400013
REDUSDT,2026-08-19T12:00Z,-0.001454159967,5e-05,4,4,0.001504159967
REUSDT,2026-08-19T12:00Z,-5.399999736e-07,-7.359e-05,4,4,7.305000003e-05
RPLUSDT,2026-08-19T12:00Z,4.999999874e-05,-4.192e-05,4,4,9.191999874e-05
SONICUSDT,2026-08-19T12:00Z,4.999999874e-05,8.526e-05,4,4,3.526000126e-05
SPORTFUNUSDT,2026-08-19T12:00Z,0.0002991800138,5e-05,4,4,0.0002491800138
STEEMUSDT,2026-08-19T12:00Z,-7.105999975e-05,-0.00033742,4,4,0.0002663600002
SUNUSDT,2026-08-19T12:00Z,-0.0005737399915,5e-05,4,4,0.0006237399915
SUPERUSDT,2026-08-19T12:00Z,4.999999874e-05,2.397e-05,4,4,2.602999874e-05
SXPUSDT,2026-08-19T12:00Z,9.999999747e-05,-0.01080766,8,8,0.01090766
XVSUSDT,2026-08-19T12:00Z,-4.909999916e-05,-0.00059901,8,8,0.0005499100008
ZESTUSDT,2026-08-19T12:00Z,0.0001461899956,0.00033801,4,4,0.0001918200044
ZRXUSDT,2026-08-19T12:00Z,-0.0001249100023,-0.00023526,4,4,0.0001103499977
ALLUSDT,2026-08-19T16:00Z,-0.0001105300034,-0.00043968,8,8,0.0003291499966
ANIMEUSDT,2026-08-19T16:00Z,4.999999874e-05,-2.539e-05,4,4,7.538999874e-05
BDXNUSDT,2026-08-19T16:00Z,4.999999874e-05,0.0046011,4,4,0.004551100001
BNTUSDT,2026-08-19T16:00Z,9.999999747e-05,-0.00013565,8,8,0.0002356499975
BTWUSDT,2026-08-19T16:00Z,0.00111654005,0.00079561,4,4,0.0003209300501
CAPUSDT,2026-08-19T16:00Z,4.999999874e-05,-0.00094881,4,4,0.0009988099987
CELRUSDT,2026-08-19T16:00Z,7.220000043e-06,0.0001,8,8,9.277999996e-05
CLANKERUSDT,2026-08-19T16:00Z,0.0007713600062,5e-05,4,4,0.0007213600062
COWUSDT,2026-08-19T16:00Z,-0.0003082900075,5e-05,4,4,0.0003582900075
CTRUSDT,2026-08-19T16:00Z,4.999999874e-05,0.00020821,4,4,0.0001582100013
CYBERUSDT,2026-08-19T16:00Z,4.999999874e-05,2.675e-05,4,4,2.324999874e-05
DATAIPUSDT,2026-08-19T16:00Z,4.999999874e-05,-0.00056876,4,4,0.0006187599987
GLMUSDT,2026-08-19T16:00Z,1.678999979e-05,5e-05,4,4,3.321000021e-05
KNCUSDT,2026-08-19T16:00Z,-8.332000289e-05,-0.00051301,8,8,0.0004296899971
MAVIAUSDT,2026-08-19T16:00Z,0.0002956700046,0.00055831,4,4,0.0002626399954
MTLUSDT,2026-08-19T16:00Z,9.999999747e-05,-2.079e-05,8,8,0.0001207899975
NMRUSDT,2026-08-19T16:00Z,1.845999941e-05,-0.00021259,4,4,0.0002310499994
OGUSDT,2026-08-19T16:00Z,4.999999874e-05,3.615e-05,4,4,1.384999874e-05
OUSDT,2026-08-19T16:00Z,8.664000052e-05,0.00012714,4,4,4.049999948e-05
PUMPBTCUSDT,2026-08-19T16:00Z,5.253999916e-05,0.00029844,4,4,0.0002459000008
REDUSDT,2026-08-19T16:00Z,-0.0009111199761,5e-05,4,4,0.0009611199761
REUSDT,2026-08-19T16:00Z,4.999999874e-05,-7.359e-05,4,4,0.0001235899987
RPLUSDT,2026-08-19T16:00Z,4.999999874e-05,-4.192e-05,4,4,9.191999874e-05
SONICUSDT,2026-08-19T16:00Z,0.0002945199958,8.526e-05,4,4,0.0002092599958
SPORTFUNUSDT,2026-08-19T16:00Z,0.0005419800291,5e-05,4,4,0.0004919800291
STEEMUSDT,2026-08-19T16:00Z,4.999999874e-05,-0.00033742,4,4,0.0003874199987
SUPERUSDT,2026-08-19T16:00Z,4.999999874e-05,2.397e-05,4,4,2.602999874e-05
SXPUSDT,2026-08-19T16:00Z,9.999999747e-05,-0.01080766,8,8,0.01090766
XVSUSDT,2026-08-19T16:00Z,-0.0002738700132,-0.00059901,8,8,0.0003251399868
ZESTUSDT,2026-08-19T16:00Z,4.999999874e-05,0.00033801,4,4,0.0002880100013
ZRXUSDT,2026-08-19T16:00Z,-2.526999924e-05,-0.00023526,4,4,0.0002099900008
ALLUSDT,2026-08-19T20:00Z,-0.0001105300034,-0.00043968,8,8,0.0003291499966
ALPINEUSDT,2026-08-19T20:00Z,3.20399995e-05,5e-05,4,4,1.79600005e-05
ANIMEUSDT,2026-08-19T20:00Z,4.999999874e-05,-2.539e-05,4,4,7.538999874e-05
AXLUSDT,2026-08-19T20:00Z,3.982999988e-05,5e-05,4,4,1.017000012e-05
BDXNUSDT,2026-08-19T20:00Z,4.999999874e-05,0.0046011,4,4,0.004551100001
BNTUSDT,2026-08-19T20:00Z,9.999999747e-05,-0.00013565,8,8,0.0002356499975
BTWUSDT,2026-08-19T20:00Z,0.00055651,0.00079561,4,4,0.0002391
CAPUSDT,2026-08-19T20:00Z,-4.771000022e-05,-0.00094881,4,4,0.0009010999998
CELRUSDT,2026-08-19T20:00Z,7.220000043e-06,0.0001,8,8,9.277999996e-05
COWUSDT,2026-08-19T20:00Z,-0.0005812799791,5e-05,4,4,0.0006312799791
CTRUSDT,2026-08-19T20:00Z,4.999999874e-05,0.00020821,4,4,0.0001582100013
CYBERUSDT,2026-08-19T20:00Z,4.999999874e-05,2.675e-05,4,4,2.324999874e-05
DATAIPUSDT,2026-08-19T20:00Z,4.999999874e-05,-0.00056876,4,4,0.0006187599987
KNCUSDT,2026-08-19T20:00Z,-8.332000289e-05,-0.00051301,8,8,0.0004296899971
MAVIAUSDT,2026-08-19T20:00Z,0.0001526200067,0.00055831,4,4,0.0004056899933
MTLUSDT,2026-08-19T20:00Z,9.999999747e-05,-2.079e-05,8,8,0.0001207899975
NMRUSDT,2026-08-19T20:00Z,4.999999874e-05,-0.00021259,4,4,0.0002625899987
OGUSDT,2026-08-19T20:00Z,4.999999874e-05,3.615e-05,4,4,1.384999874e-05
OUSDT,2026-08-19T20:00Z,4.999999874e-05,0.00012714,4,4,7.714000126e-05
PUMPBTCUSDT,2026-08-19T20:00Z,4.999999874e-05,0.00029844,4,4,0.0002484400013
REDUSDT,2026-08-19T20:00Z,-0.0003768799943,5e-05,4,4,0.0004268799943
REUSDT,2026-08-19T20:00Z,-1.743999928e-05,-7.359e-05,4,4,5.615000072e-05
RPLUSDT,2026-08-19T20:00Z,-5.870000223e-06,-4.192e-05,4,4,3.604999978e-05
SONICUSDT,2026-08-19T20:00Z,0.0003582699865,8.526e-05,4,4,0.0002730099865
SPORTFUNUSDT,2026-08-19T20:00Z,0.0007017300231,5e-05,4,4,0.0006517300231
STEEMUSDT,2026-08-19T20:00Z,-0.0001552400063,-0.00033742,4,4,0.0001821799937
SUPERUSDT,2026-08-19T20:00Z,4.999999874e-05,2.397e-05,4,4,2.602999874e-05
SXPUSDT,2026-08-19T20:00Z,9.999999747e-05,-0.01080766,8,8,0.01090766
XVSUSDT,2026-08-19T20:00Z,-0.0002738700132,-0.00059901,8,8,0.0003251399868
ZESTUSDT,2026-08-19T20:00Z,4.999999874e-05,0.00033801,4,4,0.0002880100013
ZRXUSDT,2026-08-19T20:00Z,-8.512000204e-05,-0.00023526,4,4,0.000150139998
ALLUSDT,2026-08-20T00:00Z,9.999999747e-05,-0.00043968,8,8,0.0005396799975
ALPINEUSDT,2026-08-20T00:00Z,-4.040000022e-06,5e-05,4,4,5.404000002e-05
ANIMEUSDT,2026-08-20T00:00Z,4.999999874e-05,-2.539e-05,4,4,7.538999874e-05
AXLUSDT,2026-08-20T00:00Z,2.807999954e-05,5e-05,4,4,2.192000046e-05
BDXNUSDT,2026-08-20T00:00Z,4.999999874e-05,0.0046011,4,4,0.004551100001
BNTUSDT,2026-08-20T00:00Z,-0.001115350053,-0.00013565,8,8,0.0009797000527
BTWUSDT,2026-08-20T00:00Z,0.0004206899903,0.00079561,4,4,0.0003749200097
CAPUSDT,2026-08-20T00:00Z,-0.0001079499998,-0.00094881,4,4,0.0008408600002
CLANKERUSDT,2026-08-20T00:00Z,8.333000005e-05,5e-05,4,4,3.333000005e-05
COWUSDT,2026-08-20T00:00Z,-0.0004613499914,5e-05,4,4,0.0005113499914
CTKUSDT,2026-08-20T00:00Z,-4.184999852e-05,5e-05,4,4,9.184999852e-05
CTRUSDT,2026-08-20T00:00Z,4.999999874e-05,0.00020821,4,4,0.0001582100013
CYBERUSDT,2026-08-20T00:00Z,4.999999874e-05,2.675e-05,4,4,2.324999874e-05
DATAIPUSDT,2026-08-20T00:00Z,4.999999874e-05,-0.00056876,4,4,0.0006187599987
ILVUSDT,2026-08-20T00:00Z,3.370999912e-05,5e-05,4,4,1.629000088e-05
KNCUSDT,2026-08-20T00:00Z,9.999999747e-05,-0.00051301,8,8,0.0006130099975
MAVIAUSDT,2026-08-20T00:00Z,4.999999874e-05,0.00055831,4,4,0.0005083100013
MTLUSDT,2026-08-20T00:00Z,9.999999747e-05,-2.079e-05,8,8,0.0001207899975
NMRUSDT,2026-08-20T00:00Z,4.999999874e-05,-0.00021259,4,4,0.0002625899987
OGUSDT,2026-08-20T00:00Z,4.999999874e-05,3.615e-05,4,4,1.384999874e-05
OUSDT,2026-08-20T00:00Z,0.0001069100035,0.00012714,4,4,2.022999648e-05
PUMPBTCUSDT,2026-08-20T00:00Z,4.999999874e-05,0.00029844,4,4,0.0002484400013
REDUSDT,2026-08-20T00:00Z,-0.0005542099825,5e-05,4,4,0.0006042099825
REUSDT,2026-08-20T00:00Z,4.999999874e-05,-7.359e-05,4,4,0.0001235899987
RPLUSDT,2026-08-20T00:00Z,4.999999874e-05,-4.192e-05,4,4,9.191999874e-05
SONICUSDT,2026-08-20T00:00Z,4.999999874e-05,8.526e-05,4,4,3.526000126e-05
SPORTFUNUSDT,2026-08-20T00:00Z,0.0001960999944,5e-05,4,4,0.0001460999944
STEEMUSDT,2026-08-20T00:00Z,-6.705000123e-05,-0.00033742,4,4,0.0002703699988
SUPERUSDT,2026-08-20T00:00Z,4.999999874e-05,2.397e-05,4,4,2.602999874e-05
SXPUSDT,2026-08-20T00:00Z,9.999999747e-05,-0.01080766,8,8,0.01090766
XVSUSDT,2026-08-20T00:00Z,9.999999747e-05,-0.00059901,8,8,0.0006990099975
ZESTUSDT,2026-08-20T00:00Z,4.999999874e-05,0.00033801,4,4,0.0002880100013
ZRXUSDT,2026-08-20T00:00Z,4.999999874e-05,-0.00023526,4,4,0.0002852599987
ALLUSDT,2026-08-20T04:00Z,9.999999747e-05,-0.00043968,8,8,0.0005396799975
ANIMEUSDT,2026-08-20T04:00Z,4.999999874e-05,-2.539e-05,4,4,7.538999874e-05
BDXNUSDT,2026-08-20T04:00Z,4.999999874e-05,0.0046011,4,4,0.004551100001
BNTUSDT,2026-08-20T04:00Z,-0.001115350053,-0.00013565,8,8,0.0009797000527
BTWUSDT,2026-08-20T04:00Z,0.0004921900108,0.00079561,4,4,0.0003034199892
CAPUSDT,2026-08-20T04:00Z,4.999999874e-05,-0.00094881,4,4,0.0009988099987
CLANKERUSDT,2026-08-20T04:00Z,0.0001652399951,5e-05,4,4,0.0001152399951
COWUSDT,2026-08-20T04:00Z,-0.000613769982,5e-05,4,4,0.000663769982
CTRUSDT,2026-08-20T04:00Z,4.999999874e-05,0.00020821,4,4,0.0001582100013
CYBERUSDT,2026-08-20T04:00Z,4.999999874e-05,2.675e-05,4,4,2.324999874e-05
DATAIPUSDT,2026-08-20T04:00Z,-0.0002097599936,-0.00056876,4,4,0.0003590000064
KNCUSDT,2026-08-20T04:00Z,9.999999747e-05,-0.00051301,8,8,0.0006130099975
MAVIAUSDT,2026-08-20T04:00Z,0.0001779400045,0.00055831,4,4,0.0003803699955
METISUSDT,2026-08-20T04:00Z,-4.018999971e-05,5e-05,4,4,9.018999971e-05
MTLUSDT,2026-08-20T04:00Z,9.999999747e-05,-2.079e-05,8,8,0.0001207899975
NMRUSDT,2026-08-20T04:00Z,4.999999874e-05,-0.00021259,4,4,0.0002625899987
OGUSDT,2026-08-20T04:00Z,4.999999874e-05,3.615e-05,4,4,1.384999874e-05
OUSDT,2026-08-20T04:00Z,4.999999874e-05,0.00012714,4,4,7.714000126e-05
PUMPBTCUSDT,2026-08-20T04:00Z,4.999999874e-05,0.00029844,4,4,0.0002484400013
REDUSDT,2026-08-20T04:00Z,-0.0008066599839,5e-05,4,4,0.0008566599839
REUSDT,2026-08-20T04:00Z,3.456999912e-05,-7.359e-05,4,4,0.0001081599991
RPLUSDT,2026-08-20T04:00Z,4.999999874e-05,-4.192e-05,4,4,9.191999874e-05
SLPUSDT,2026-08-20T04:00Z,-0.0001694600069,5e-05,4,4,0.0002194600069
SONICUSDT,2026-08-20T04:00Z,4.999999874e-05,8.526e-05,4,4,3.526000126e-05
SPORTFUNUSDT,2026-08-20T04:00Z,0.0003256899945,5e-05,4,4,0.0002756899945
STEEMUSDT,2026-08-20T04:00Z,4.202999844e-05,-0.00033742,4,4,0.0003794499984
SUPERUSDT,2026-08-20T04:00Z,4.999999874e-05,2.397e-05,4,4,2.602999874e-05
SXPUSDT,2026-08-20T04:00Z,9.999999747e-05,-0.01080766,8,8,0.01090766
XVSUSDT,2026-08-20T04:00Z,9.999999747e-05,-0.00059901,8,8,0.0006990099975
ZESTUSDT,2026-08-20T04:00Z,4.999999874e-05,0.00033801,4,4,0.0002880100013
ZRXUSDT,2026-08-20T04:00Z,4.999999874e-05,-0.00023526,4,4,0.0002852599987
ALLUSDT,2026-08-20T08:00Z,9.999999747e-05,-0.00043968,8,8,0.0005396799975
ANIMEUSDT,2026-08-20T08:00Z,4.999999874e-05,-2.539e-05,4,4,7.538999874e-05
BDXNUSDT,2026-08-20T08:00Z,4.999999874e-05,0.0046011,4,4,0.004551100001
BNTUSDT,2026-08-20T08:00Z,-0.0008554899832,-0.00013565,8,8,0.0007198399832
BTWUSDT,2026-08-20T08:00Z,0.0003423200105,0.00079561,4,4,0.0004532899895
CAPUSDT,2026-08-20T08:00Z,-8.341999637e-05,-0.00094881,4,4,0.0008653900036
CKBUSDT,2026-08-20T08:00Z,4.018999971e-05,0.0001,8,8,5.981000029e-05
CLANKERUSDT,2026-08-20T08:00Z,0.0002324600064,5e-05,4,4,0.0001824600064
COWUSDT,2026-08-20T08:00Z,-0.0002609500079,5e-05,4,4,0.0003109500079
CTRUSDT,2026-08-20T08:00Z,4.999999874e-05,0.00020821,4,4,0.0001582100013
CYBERUSDT,2026-08-20T08:00Z,4.999999874e-05,2.675e-05,4,4,2.324999874e-05
DATAIPUSDT,2026-08-20T08:00Z,4.962000094e-05,-0.00056876,4,4,0.0006183800009
GRVTUSDT,2026-08-20T08:00Z,-1.389000045e-05,5e-05,4,4,6.389000045e-05
ICXUSDT,2026-08-20T08:00Z,1.947000055e-05,5e-05,4,4,3.052999945e-05
KNCUSDT,2026-08-20T08:00Z,9.999999747e-05,-0.00051301,8,8,0.0006130099975
MAVIAUSDT,2026-08-20T08:00Z,0.0002748100087,0.00055831,4,4,0.0002834999913
MTLUSDT,2026-08-20T08:00Z,9.999999747e-05,-2.079e-05,8,8,0.0001207899975
NMRUSDT,2026-08-20T08:00Z,4.999999874e-05,-0.00021259,4,4,0.0002625899987
OGUSDT,2026-08-20T08:00Z,4.999999874e-05,3.615e-05,4,4,1.384999874e-05
OUSDT,2026-08-20T08:00Z,4.999999874e-05,0.00012714,4,4,7.714000126e-05
PUMPBTCUSDT,2026-08-20T08:00Z,0.0002532099898,0.00029844,4,4,4.523001025e-05
REDUSDT,2026-08-20T08:00Z,-0.004190150183,5e-05,4,4,0.004240150183
REUSDT,2026-08-20T08:00Z,4.999999874e-05,-7.359e-05,4,4,0.0001235899987
RPLUSDT,2026-08-20T08:00Z,4.999999874e-05,-4.192e-05,4,4,9.191999874e-05
SONICUSDT,2026-08-20T08:00Z,0.0002840700035,8.526e-05,4,4,0.0001988100035
SPORTFUNUSDT,2026-08-20T08:00Z,0.0003323499986,5e-05,4,4,0.0002823499986
STEEMUSDT,2026-08-20T08:00Z,4.999999874e-05,-0.00033742,4,4,0.0003874199987
SUPERUSDT,2026-08-20T08:00Z,4.999999874e-05,2.397e-05,4,4,2.602999874e-05
SXPUSDT,2026-08-20T08:00Z,9.999999747e-05,-0.01080766,8,8,0.01090766
VTHOUSDT,2026-08-20T08:00Z,-2.158999996e-05,5e-05,4,4,7.158999996e-05
XVSUSDT,2026-08-20T08:00Z,9.999999747e-05,-0.00059901,8,8,0.0006990099975
ZESTUSDT,2026-08-20T08:00Z,4.999999874e-05,0.00033801,4,4,0.0002880100013
ZRXUSDT,2026-08-20T08:00Z,4.999999874e-05,-0.00023526,4,4,0.0002852599987
ALLUSDT,2026-08-20T12:00Z,9.999999747e-05,-0.00043968,8,8,0.0005396799975
ANIMEUSDT,2026-08-20T12:00Z,4.999999874e-05,-2.539e-05,4,4,7.538999874e-05
ASRUSDT,2026-08-20T12:00Z,6.692999887e-05,5e-05,4,4,1.692999887e-05
BDXNUSDT,2026-08-20T12:00Z,4.999999874e-05,0.0046011,4,4,0.004551100001
BNTUSDT,2026-08-20T12:00Z,-0.0008554899832,-0.00013565,8,8,0.0007198399832
BTWUSDT,2026-08-20T12:00Z,0.0003472199896,0.00079561,4,4,0.0004483900104
CAPUSDT,2026-08-20T12:00Z,-0.0001314300025,-0.00094881,4,4,0.0008173799975
CKBUSDT,2026-08-20T12:00Z,4.018999971e-05,0.0001,8,8,5.981000029e-05
CLANKERUSDT,2026-08-20T12:00Z,0.00042294999,5e-05,4,4,0.00037294999
COWUSDT,2026-08-20T12:00Z,-0.0002315900056,5e-05,4,4,0.0002815900056
CTRUSDT,2026-08-20T12:00Z,4.999999874e-05,0.00020821,4,4,0.0001582100013
CYBERUSDT,2026-08-20T12:00Z,4.999999874e-05,2.675e-05,4,4,2.324999874e-05
DATAIPUSDT,2026-08-20T12:00Z,4.999999874e-05,-0.00056876,4,4,0.0006187599987
GRVTUSDT,2026-08-20T12:00Z,-0.0001349300001,5e-05,4,4,0.0001849300001
ILVUSDT,2026-08-20T12:00Z,-3.859999924e-05,5e-05,4,4,8.859999924e-05
KNCUSDT,2026-08-20T12:00Z,9.999999747e-05,-0.00051301,8,8,0.0006130099975
MAVIAUSDT,2026-08-20T12:00Z,4.999999874e-05,0.00055831,4,4,0.0005083100013
MTLUSDT,2026-08-20T12:00Z,9.999999747e-05,-2.079e-05,8,8,0.0001207899975
NMRUSDT,2026-08-20T12:00Z,4.999999874e-05,-0.00021259,4,4,0.0002625899987
OGUSDT,2026-08-20T12:00Z,4.999999874e-05,3.615e-05,4,4,1.384999874e-05
OUSDT,2026-08-20T12:00Z,4.999999874e-05,0.00012714,4,4,7.714000126e-05
PUMPBTCUSDT,2026-08-20T12:00Z,4.999999874e-05,0.00029844,4,4,0.0002484400013
REDUSDT,2026-08-20T12:00Z,-0.001240549958,5e-05,4,4,0.001290549958
REUSDT,2026-08-20T12:00Z,4.999999874e-05,-7.359e-05,4,4,0.0001235899987
RPLUSDT,2026-08-20T12:00Z,4.999999874e-05,-4.192e-05,4,4,9.191999874e-05
SONICUSDT,2026-08-20T12:00Z,4.999999874e-05,8.526e-05,4,4,3.526000126e-05
SPORTFUNUSDT,2026-08-20T12:00Z,0.00044927001,5e-05,4,4,0.00039927001
STEEMUSDT,2026-08-20T12:00Z,4.999999874e-05,-0.00033742,4,4,0.0003874199987
SUPERUSDT,2026-08-20T12:00Z,4.999999874e-05,2.397e-05,4,4,2.602999874e-05
SXPUSDT,2026-08-20T12:00Z,9.999999747e-05,-0.01080766,8,8,0.01090766
VTHOUSDT,2026-08-20T12:00Z,1.108000015e-05,5e-05,4,4,3.891999985e-05
XVSUSDT,2026-08-20T12:00Z,9.999999747e-05,-0.00059901,8,8,0.0006990099975
ZESTUSDT,2026-08-20T12:00Z,7.845000073e-05,0.00033801,4,4,0.0002595599993
ZRXUSDT,2026-08-20T12:00Z,4.999999874e-05,-0.00023526,4,4,0.0002852599987
1000000MOGUSDT,2026-08-20T16:00Z,7.704000018e-05,5e-05,4,4,2.704000018e-05
ALLUSDT,2026-08-20T16:00Z,9.999999747e-05,-0.00043968,8,8,0.0005396799975
ANIMEUSDT,2026-08-20T16:00Z,4.999999874e-05,-2.539e-05,4,4,7.538999874e-05
BDXNUSDT,2026-08-20T16:00Z,4.999999874e-05,0.0046011,4,4,0.004551100001
BNTUSDT,2026-08-20T16:00Z,9.999999747e-05,-0.00013565,8,8,0.0002356499975
BTWUSDT,2026-08-20T16:00Z,0.0002736499882,0.00079561,4,4,0.0005219600118
CAPUSDT,2026-08-20T16:00Z,-0.0002009199961,-0.00094881,4,4,0.0007478900039
CELRUSDT,2026-08-20T16:00Z,7.023999933e-05,0.0001,8,8,2.976000067e-05
CLANKERUSDT,2026-08-20T16:00Z,0.000634039985,5e-05,4,4,0.000584039985
COWUSDT,2026-08-20T16:00Z,-0.000238520006,5e-05,4,4,0.000288520006
CTRUSDT,2026-08-20T16:00Z,4.999999874e-05,0.00020821,4,4,0.0001582100013
CYBERUSDT,2026-08-20T16:00Z,4.999999874e-05,2.675e-05,4,4,2.324999874e-05
DATAIPUSDT,2026-08-20T16:00Z,4.999999874e-05,-0.00056876,4,4,0.0006187599987
GRVTUSDT,2026-08-20T16:00Z,-0.0001069299979,5e-05,4,4,0.0001569299979
KNCUSDT,2026-08-20T16:00Z,9.999999747e-05,-0.00051301,8,8,0.0006130099975
MAVIAUSDT,2026-08-20T16:00Z,0.0001477899932,0.00055831,4,4,0.0004105200068
MTLUSDT,2026-08-20T16:00Z,9.999999747e-05,-2.079e-05,8,8,0.0001207899975
NMRUSDT,2026-08-20T16:00Z,4.999999874e-05,-0.00021259,4,4,0.0002625899987
OGUSDT,2026-08-20T16:00Z,4.999999874e-05,3.615e-05,4,4,1.384999874e-05
OUSDT,2026-08-20T16:00Z,0.0001724699978,0.00012714,4,4,4.532999778e-05
PUMPBTCUSDT,2026-08-20T16:00Z,4.999999874e-05,0.00029844,4,4,0.0002484400013
REDUSDT,2026-08-20T16:00Z,-0.000529300014,5e-05,4,4,0.000579300014
REUSDT,2026-08-20T16:00Z,4.999999874e-05,-7.359e-05,4,4,0.0001235899987
RPLUSDT,2026-08-20T16:00Z,4.999999874e-05,-4.192e-05,4,4,9.191999874e-05
SONICUSDT,2026-08-20T16:00Z,0.0003763700079,8.526e-05,4,4,0.0002911100079
SPORTFUNUSDT,2026-08-20T16:00Z,0.0004525900004,5e-05,4,4,0.0004025900004
STEEMUSDT,2026-08-20T16:00Z,4.999999874e-05,-0.00033742,4,4,0.0003874199987
SUPERUSDT,2026-08-20T16:00Z,4.999999874e-05,2.397e-05,4,4,2.602999874e-05
SXPUSDT,2026-08-20T16:00Z,9.999999747e-05,-0.01080766,8,8,0.01090766
XVSUSDT,2026-08-20T16:00Z,9.999999747e-05,-0.00059901,8,8,0.0006990099975
ZESTUSDT,2026-08-20T16:00Z,4.999999874e-05,0.00033801,4,4,0.0002880100013
ZRXUSDT,2026-08-20T16:00Z,4.999999874e-05,-0.00023526,4,4,0.0002852599987
1000000BOBUSDT,2026-08-20T20:00Z,-3.636999827e-05,5e-05,4,4,8.636999827e-05
ALLUSDT,2026-08-20T20:00Z,9.999999747e-05,-0.00043968,8,8,0.0005396799975
ANIMEUSDT,2026-08-20T20:00Z,4.999999874e-05,-2.539e-05,4,4,7.538999874e-05
ASRUSDT,2026-08-20T20:00Z,0.0001071299994,5e-05,4,4,5.712999938e-05
BDXNUSDT,2026-08-20T20:00Z,4.999999874e-05,0.0046011,4,4,0.004551100001
BNTUSDT,2026-08-20T20:00Z,9.999999747e-05,-0.00013565,8,8,0.0002356499975
BTWUSDT,2026-08-20T20:00Z,0.0002746100072,0.00079561,4,4,0.0005209999928
CAPUSDT,2026-08-20T20:00Z,-0.0004230400082,-0.00094881,4,4,0.0005257699918
CELRUSDT,2026-08-20T20:00Z,7.023999933e-05,0.0001,8,8,2.976000067e-05
COWUSDT,2026-08-20T20:00Z,-4.895000166e-05,5e-05,4,4,9.895000166e-05
CTKUSDT,2026-08-20T20:00Z,3.555000148e-05,5e-05,4,4,1.444999852e-05
CTRUSDT,2026-08-20T20:00Z,4.999999874e-05,0.00020821,4,4,0.0001582100013
CYBERUSDT,2026-08-20T20:00Z,4.999999874e-05,2.675e-05,4,4,2.324999874e-05
DATAIPUSDT,2026-08-20T20:00Z,4.999999874e-05,-0.00056876,4,4,0.0006187599987
GRVTUSDT,2026-08-20T20:00Z,-0.000228460005,5e-05,4,4,0.000278460005
ICXUSDT,2026-08-20T20:00Z,-0.0003526300134,5e-05,4,4,0.0004026300134
KNCUSDT,2026-08-20T20:00Z,9.999999747e-05,-0.00051301,8,8,0.0006130099975
MAVIAUSDT,2026-08-20T20:00Z,0.0002422800026,0.00055831,4,4,0.0003160299974
MTLUSDT,2026-08-20T20:00Z,9.999999747e-05,-2.079e-05,8,8,0.0001207899975
NMRUSDT,2026-08-20T20:00Z,4.999999874e-05,-0.00021259,4,4,0.0002625899987
OGUSDT,2026-08-20T20:00Z,4.999999874e-05,3.615e-05,4,4,1.384999874e-05
OUSDT,2026-08-20T20:00Z,0.0002029400057,0.00012714,4,4,7.580000569e-05
PUMPBTCUSDT,2026-08-20T20:00Z,4.999999874e-05,0.00029844,4,4,0.0002484400013
REDUSDT,2026-08-20T20:00Z,-0.0006754500209,5e-05,4,4,0.0007254500209
REUSDT,2026-08-20T20:00Z,4.999999874e-05,-7.359e-05,4,4,0.0001235899987
RPLUSDT,2026-08-20T20:00Z,4.999999874e-05,-4.192e-05,4,4,9.191999874e-05
SONICUSDT,2026-08-20T20:00Z,4.999999874e-05,8.526e-05,4,4,3.526000126e-05
SPORTFUNUSDT,2026-08-20T20:00Z,0.0004378900048,5e-05,4,4,0.0003878900048
STEEMUSDT,2026-08-20T20:00Z,4.999999874e-05,-0.00033742,4,4,0.0003874199987
SUPERUSDT,2026-08-20T20:00Z,4.999999874e-05,2.397e-05,4,4,2.602999874e-05
SXPUSDT,2026-08-20T20:00Z,9.999999747e-05,-0.01080766,8,8,0.01090766
VTHOUSDT,2026-08-20T20:00Z,-9.360000149e-06,5e-05,4,4,5.936000015e-05
XVSUSDT,2026-08-20T20:00Z,9.999999747e-05,-0.00059901,8,8,0.0006990099975
ZESTUSDT,2026-08-20T20:00Z,4.999999874e-05,0.00033801,4,4,0.0002880100013
ZRXUSDT,2026-08-20T20:00Z,4.999999874e-05,-0.00023526,4,4,0.0002852599987
ALLUSDT,2026-08-21T00:00Z,9.999999747e-05,-0.00043968,8,8,0.0005396799975
ANIMEUSDT,2026-08-21T00:00Z,4.999999874e-05,-2.539e-05,4,4,7.538999874e-05
ASRUSDT,2026-08-21T00:00Z,8.617999993e-05,5e-05,4,4,3.617999993e-05
BDXNUSDT,2026-08-21T00:00Z,4.999999874e-05,0.0046011,4,4,0.004551100001
BNTUSDT,2026-08-21T00:00Z,-3.680000009e-05,-0.00013565,8,8,9.884999991e-05
BTWUSDT,2026-08-21T00:00Z,0.0004526000121,0.00079561,4,4,0.0003430099879
CAPUSDT,2026-08-21T00:00Z,-0.0002246399963,-0.00094881,4,4,0.0007241700037
CLANKERUSDT,2026-08-21T00:00Z,0.0006712700124,5e-05,4,4,0.0006212700124
COWUSDT,2026-08-21T00:00Z,-0.0001369300007,5e-05,4,4,0.0001869300007
CTKUSDT,2026-08-21T00:00Z,-7.640000149e-06,5e-05,4,4,5.764000015e-05
CTRUSDT,2026-08-21T00:00Z,4.999999874e-05,0.00020821,4,4,0.0001582100013
CYBERUSDT,2026-08-21T00:00Z,-9.880000107e-06,2.675e-05,4,4,3.663000011e-05
DATAIPUSDT,2026-08-21T00:00Z,4.999999874e-05,-0.00056876,4,4,0.0006187599987
GRVTUSDT,2026-08-21T00:00Z,-0.000208159996,5e-05,4,4,0.000258159996
KNCUSDT,2026-08-21T00:00Z,9.999999747e-05,-0.00051301,8,8,0.0006130099975
MAVIAUSDT,2026-08-21T00:00Z,0.000281620014,0.00055831,4,4,0.000276689986
MTLUSDT,2026-08-21T00:00Z,9.999999747e-05,-2.079e-05,8,8,0.0001207899975
NMRUSDT,2026-08-21T00:00Z,4.999999874e-05,-0.00021259,4,4,0.0002625899987
OGUSDT,2026-08-21T00:00Z,4.999999874e-05,3.615e-05,4,4,1.384999874e-05
OUSDT,2026-08-21T00:00Z,4.999999874e-05,0.00012714,4,4,7.714000126e-05
PUMPBTCUSDT,2026-08-21T00:00Z,4.999999874e-05,0.00029844,4,4,0.0002484400013
REDUSDT,2026-08-21T00:00Z,-0.0007260100101,5e-05,4,4,0.0007760100101
REUSDT,2026-08-21T00:00Z,4.999999874e-05,-7.359e-05,4,4,0.0001235899987
RPLUSDT,2026-08-21T00:00Z,4.999999874e-05,-4.192e-05,4,4,9.191999874e-05
SONICUSDT,2026-08-21T00:00Z,0.0001182900014,8.526e-05,4,4,3.303000141e-05
SPORTFUNUSDT,2026-08-21T00:00Z,0.000323729997,5e-05,4,4,0.000273729997
STEEMUSDT,2026-08-21T00:00Z,4.999999874e-05,-0.00033742,4,4,0.0003874199987
SUPERUSDT,2026-08-21T00:00Z,4.999999874e-05,2.397e-05,4,4,2.602999874e-05
SXPUSDT,2026-08-21T00:00Z,9.999999747e-05,-0.01080766,8,8,0.01090766
XVSUSDT,2026-08-21T00:00Z,9.999999747e-05,-0.00059901,8,8,0.0006990099975
ZESTUSDT,2026-08-21T00:00Z,4.999999874e-05,0.00033801,4,4,0.0002880100013
ZRXUSDT,2026-08-21T00:00Z,4.999999874e-05,-0.00023526,4,4,0.0002852599987
1000000MOGUSDT,2026-08-21T04:00Z,0.0005651700194,5e-05,4,4,0.0005151700194
ALLUSDT,2026-08-21T04:00Z,9.999999747e-05,-0.00043968,8,8,0.0005396799975
ANIMEUSDT,2026-08-21T04:00Z,4.999999874e-05,-2.539e-05,4,4,7.538999874e-05
BDXNUSDT,2026-08-21T04:00Z,4.999999874e-05,0.0046011,4,4,0.004551100001
BNTUSDT,2026-08-21T04:00Z,-3.680000009e-05,-0.00013565,8,8,9.884999991e-05
BTWUSDT,2026-08-21T04:00Z,0.0004291200021,0.00079561,4,4,0.0003664899979
CAPUSDT,2026-08-21T04:00Z,-0.0002989399945,-0.00094881,4,4,0.0006498700055
CLANKERUSDT,2026-08-21T04:00Z,0.0002468700113,5e-05,4,4,0.0001968700113
COWUSDT,2026-08-21T04:00Z,-0.0003136399901,5e-05,4,4,0.0003636399901
CTRUSDT,2026-08-21T04:00Z,4.999999874e-05,0.00020821,4,4,0.0001582100013
CYBERUSDT,2026-08-21T04:00Z,4.999999874e-05,2.675e-05,4,4,2.324999874e-05
DATAIPUSDT,2026-08-21T04:00Z,-0.0009984800126,-0.00056876,4,4,0.0004297200126
GRVTUSDT,2026-08-21T04:00Z,-0.0001030600033,5e-05,4,4,0.0001530600033
KNCUSDT,2026-08-21T04:00Z,9.999999747e-05,-0.00051301,8,8,0.0006130099975
MAVIAUSDT,2026-08-21T04:00Z,0.0001973799954,0.00055831,4,4,0.0003609300046
MTLUSDT,2026-08-21T04:00Z,9.999999747e-05,-2.079e-05,8,8,0.0001207899975
NMRUSDT,2026-08-21T04:00Z,4.999999874e-05,-0.00021259,4,4,0.0002625899987
OGUSDT,2026-08-21T04:00Z,4.999999874e-05,3.615e-05,4,4,1.384999874e-05
OUSDT,2026-08-21T04:00Z,4.999999874e-05,0.00012714,4,4,7.714000126e-05
PUMPBTCUSDT,2026-08-21T04:00Z,4.999999874e-05,0.00029844,4,4,0.0002484400013
REDUSDT,2026-08-21T04:00Z,-0.001173179946,5e-05,4,4,0.001223179946
REUSDT,2026-08-21T04:00Z,4.999999874e-05,-7.359e-05,4,4,0.0001235899987
RPLUSDT,2026-08-21T04:00Z,4.999999874e-05,-4.192e-05,4,4,9.191999874e-05
SANTOSUSDT,2026-08-21T04:00Z,-0.000140810007,5e-05,4,4,0.000190810007
SONICUSDT,2026-08-21T04:00Z,4.999999874e-05,8.526e-05,4,4,3.526000126e-05
SPORTFUNUSDT,2026-08-21T04:00Z,0.000506840006,5e-05,4,4,0.000456840006
STEEMUSDT,2026-08-21T04:00Z,-0.0002879899985,-0.00033742,4,4,4.943000153e-05
SUPERUSDT,2026-08-21T04:00Z,4.999999874e-05,2.397e-05,4,4,2.602999874e-05
SXPUSDT,2026-08-21T04:00Z,9.999999747e-05,-0.01080766,8,8,0.01090766
XVSUSDT,2026-08-21T04:00Z,9.999999747e-05,-0.00059901,8,8,0.0006990099975
ZESTUSDT,2026-08-21T04:00Z,4.999999874e-05,0.00033801,4,4,0.0002880100013
ZRXUSDT,2026-08-21T04:00Z,4.999999874e-05,-0.00023526,4,4,0.0002852599987
1000000MOGUSDT,2026-08-21T08:00Z,0.0001706000039,5e-05,4,4,0.0001206000039
ALLUSDT,2026-08-21T08:00Z,9.999999747e-05,-0.00043968,8,8,0.0005396799975
ANIMEUSDT,2026-08-21T08:00Z,4.999999874e-05,-2.539e-05,4,4,7.538999874e-05
ARXUSDT,2026-08-21T08:00Z,0.0002527300094,5e-05,4,4,0.0002027300094
ASRUSDT,2026-08-21T08:00Z,0.0002318399929,5e-05,4,4,0.0001818399929
BDXNUSDT,2026-08-21T08:00Z,4.999999874e-05,0.0046011,4,4,0.004551100001
BNTUSDT,2026-08-21T08:00Z,9.999999747e-05,-0.00013565,8,8,0.0002356499975
BTWUSDT,2026-08-21T08:00Z,0.0004515500041,0.00079561,4,4,0.0003440599959
CAPUSDT,2026-08-21T08:00Z,-0.0001220699996,-0.00094881,4,4,0.0008267400004
CLANKERUSDT,2026-08-21T08:00Z,0.0006866300246,5e-05,4,4,0.0006366300246
COWUSDT,2026-08-21T08:00Z,-0.0004375599965,5e-05,4,4,0.0004875599965
CTKUSDT,2026-08-21T08:00Z,7.790000382e-06,5e-05,4,4,4.220999962e-05
CTRUSDT,2026-08-21T08:00Z,4.999999874e-05,0.00020821,4,4,0.0001582100013
CYBERUSDT,2026-08-21T08:00Z,4.999999874e-05,2.675e-05,4,4,2.324999874e-05
DATAIPUSDT,2026-08-21T08:00Z,4.999999874e-05,-0.00056876,4,4,0.0006187599987
GRVTUSDT,2026-08-21T08:00Z,-9.678999777e-05,5e-05,4,4,0.0001467899978
KNCUSDT,2026-08-21T08:00Z,9.999999747e-05,-0.00051301,8,8,0.0006130099975
MAVIAUSDT,2026-08-21T08:00Z,0.0002063599968,0.00055831,4,4,0.0003519500032
MTLUSDT,2026-08-21T08:00Z,9.999999747e-05,-2.079e-05,8,8,0.0001207899975
NMRUSDT,2026-08-21T08:00Z,4.999999874e-05,-0.00021259,4,4,0.0002625899987
OGUSDT,2026-08-21T08:00Z,4.999999874e-05,3.615e-05,4,4,1.384999874e-05
OUSDT,2026-08-21T08:00Z,4.999999874e-05,0.00012714,4,4,7.714000126e-05
PUMPBTCUSDT,2026-08-21T08:00Z,0.0003042600001,0.00029844,4,4,5.820000121e-06
REDUSDT,2026-08-21T08:00Z,-0.001314150053,5e-05,4,4,0.001364150053
REUSDT,2026-08-21T08:00Z,4.999999874e-05,-7.359e-05,4,4,0.0001235899987
RPLUSDT,2026-08-21T08:00Z,4.999999874e-05,-4.192e-05,4,4,9.191999874e-05
SANTOSUSDT,2026-08-21T08:00Z,-8.114000229e-05,5e-05,4,4,0.0001311400023
SONICUSDT,2026-08-21T08:00Z,4.999999874e-05,8.526e-05,4,4,3.526000126e-05
SPORTFUNUSDT,2026-08-21T08:00Z,0.0006384699955,5e-05,4,4,0.0005884699955
STEEMUSDT,2026-08-21T08:00Z,4.694000017e-05,-0.00033742,4,4,0.0003843600002
SUPERUSDT,2026-08-21T08:00Z,4.999999874e-05,2.397e-05,4,4,2.602999874e-05
SXPUSDT,2026-08-21T08:00Z,9.999999747e-05,-0.01080766,8,8,0.01090766
XVSUSDT,2026-08-21T08:00Z,9.999999747e-05,-0.00059901,8,8,0.0006990099975
ZESTUSDT,2026-08-21T08:00Z,0.0001058199996,0.00033801,4,4,0.0002321900004
ZRXUSDT,2026-08-21T08:00Z,4.999999874e-05,-0.00023526,4,4,0.0002852599987
1000000MOGUSDT,2026-08-21T12:00Z,0.0001320699957,5e-05,4,4,8.206999574e-05
ALLUSDT,2026-08-21T12:00Z,9.999999747e-05,-0.00043968,8,8,0.0005396799975
ANIMEUSDT,2026-08-21T12:00Z,4.999999874e-05,-2.539e-05,4,4,7.538999874e-05
ARXUSDT,2026-08-21T12:00Z,0.000132739995,5e-05,4,4,8.273999502e-05
ASRUSDT,2026-08-21T12:00Z,0.0002673199924,5e-05,4,4,0.0002173199924
AZTECUSDT,2026-08-21T12:00Z,0.0001076699991,5e-05,4,4,5.766999912e-05
BDXNUSDT,2026-08-21T12:00Z,4.999999874e-05,0.0046011,4,4,0.004551100001
BNTUSDT,2026-08-21T12:00Z,9.999999747e-05,-0.00013565,8,8,0.0002356499975
BTWUSDT,2026-08-21T12:00Z,0.000496010005,0.00079561,4,4,0.000299599995
CAPUSDT,2026-08-21T12:00Z,4.999999874e-05,-0.00094881,4,4,0.0009988099987
CLANKERUSDT,2026-08-21T12:00Z,0.0003452599922,5e-05,4,4,0.0002952599922
COWUSDT,2026-08-21T12:00Z,-0.0001596899965,5e-05,4,4,0.0002096899965
CTRUSDT,2026-08-21T12:00Z,5.850000161e-05,0.00020821,4,4,0.0001497099984
CYBERUSDT,2026-08-21T12:00Z,4.999999874e-05,2.675e-05,4,4,2.324999874e-05
DATAIPUSDT,2026-08-21T12:00Z,4.999999874e-05,-0.00056876,4,4,0.0006187599987
GOATUSDT,2026-08-21T12:00Z,0.0001082599993,5e-05,4,4,5.825999925e-05
KNCUSDT,2026-08-21T12:00Z,9.999999747e-05,-0.00051301,8,8,0.0006130099975
MAVIAUSDT,2026-08-21T12:00Z,0.0002793699969,0.00055831,4,4,0.0002789400031
MTLUSDT,2026-08-21T12:00Z,9.999999747e-05,-2.079e-05,8,8,0.0001207899975
NMRUSDT,2026-08-21T12:00Z,4.999999874e-05,-0.00021259,4,4,0.0002625899987
OGUSDT,2026-08-21T12:00Z,4.999999874e-05,3.615e-05,4,4,1.384999874e-05
OUSDT,2026-08-21T12:00Z,8.748000255e-05,0.00012714,4,4,3.965999745e-05
PUMPBTCUSDT,2026-08-21T12:00Z,0.0002777999907,0.00029844,4,4,2.064000927e-05
REDUSDT,2026-08-21T12:00Z,-0.0001274499955,5e-05,4,4,0.0001774499955
REUSDT,2026-08-21T12:00Z,4.999999874e-05,-7.359e-05,4,4,0.0001235899987
RPLUSDT,2026-08-21T12:00Z,4.999999874e-05,-4.192e-05,4,4,9.191999874e-05
SANTOSUSDT,2026-08-21T12:00Z,-0.0001934400061,5e-05,4,4,0.0002434400061
SLXUSDT,2026-08-21T12:00Z,0.0001443499932,5e-05,4,4,9.434999321e-05
SONICUSDT,2026-08-21T12:00Z,0.0002406900021,8.526e-05,4,4,0.0001554300021
SPORTFUNUSDT,2026-08-21T12:00Z,0.0005768699921,5e-05,4,4,0.0005268699921
STEEMUSDT,2026-08-21T12:00Z,2.990999928e-05,-0.00033742,4,4,0.0003673299993
SUPERUSDT,2026-08-21T12:00Z,4.999999874e-05,2.397e-05,4,4,2.602999874e-05
SXPUSDT,2026-08-21T12:00Z,9.999999747e-05,-0.01080766,8,8,0.01090766
XVSUSDT,2026-08-21T12:00Z,9.999999747e-05,-0.00059901,8,8,0.0006990099975
ZESTUSDT,2026-08-21T12:00Z,0.000228460005,0.00033801,4,4,0.000109549995
ZRXUSDT,2026-08-21T12:00Z,4.999999874e-05,-0.00023526,4,4,0.0002852599987
1000000BOBUSDT,2026-08-21T16:00Z,0.0004763299949,5e-05,4,4,0.0004263299949
1000000MOGUSDT,2026-08-21T16:00Z,0.0003614900052,5e-05,4,4,0.0003114900052
ALLUSDT,2026-08-21T16:00Z,9.999999747e-05,-0.00043968,8,8,0.0005396799975
ANIMEUSDT,2026-08-21T16:00Z,4.999999874e-05,-2.539e-05,4,4,7.538999874e-05
ARXUSDT,2026-08-21T16:00Z,0.0001550000015,5e-05,4,4,0.0001050000015
ASRUSDT,2026-08-21T16:00Z,0.0003688900033,5e-05,4,4,0.0003188900033
AZTECUSDT,2026-08-21T16:00Z,0.0001313200046,5e-05,4,4,8.132000458e-05
BDXNUSDT,2026-08-21T16:00Z,4.999999874e-05,0.0046011,4,4,0.004551100001
BNTUSDT,2026-08-21T16:00Z,9.999999747e-05,-0.00013565,8,8,0.0002356499975
BTWUSDT,2026-08-21T16:00Z,0.0005504200235,0.00079561,4,4,0.0002451899765
CAPUSDT,2026-08-21T16:00Z,4.999999874e-05,-0.00094881,4,4,0.0009988099987
CLANKERUSDT,2026-08-21T16:00Z,0.0004074700119,5e-05,4,4,0.0003574700119
CTRUSDT,2026-08-21T16:00Z,0.0001795999997,0.00020821,4,4,2.861000032e-05
CYBERUSDT,2026-08-21T16:00Z,4.999999874e-05,2.675e-05,4,4,2.324999874e-05
DATAIPUSDT,2026-08-21T16:00Z,4.999999874e-05,-0.00056876,4,4,0.0006187599987
GOATUSDT,2026-08-21T16:00Z,0.0001350100065,5e-05,4,4,8.501000649e-05
GRVTUSDT,2026-08-21T16:00Z,-0.0008802100201,5e-05,4,4,0.0009302100201
KNCUSDT,2026-08-21T16:00Z,9.999999747e-05,-0.00051301,8,8,0.0006130099975
MAVIAUSDT,2026-08-21T16:00Z,0.000177230002,0.00055831,4,4,0.000381079998
MOCAUSDT,2026-08-21T16:00Z,0.0001887899998,5e-05,4,4,0.0001387899998
MTLUSDT,2026-08-21T16:00Z,0.0004860800109,-2.079e-05,8,8,0.0005068700109
NMRUSDT,2026-08-21T16:00Z,4.999999874e-05,-0.00021259,4,4,0.0002625899987
OGUSDT,2026-08-21T16:00Z,4.999999874e-05,3.615e-05,4,4,1.384999874e-05
OUSDT,2026-08-21T16:00Z,4.999999874e-05,0.00012714,4,4,7.714000126e-05
PUMPBTCUSDT,2026-08-21T16:00Z,0.0001444999943,0.00029844,4,4,0.0001539400057
REDUSDT,2026-08-21T16:00Z,-0.0003803900036,5e-05,4,4,0.0004303900036
REUSDT,2026-08-21T16:00Z,4.999999874e-05,-7.359e-05,4,4,0.0001235899987
RPLUSDT,2026-08-21T16:00Z,4.999999874e-05,-4.192e-05,4,4,9.191999874e-05
SANTOSUSDT,2026-08-21T16:00Z,-0.0001032799992,5e-05,4,4,0.0001532799992
SLXUSDT,2026-08-21T16:00Z,5.425999916e-05,5e-05,4,4,4.25999916e-06
SONICUSDT,2026-08-21T16:00Z,0.0002524699958,8.526e-05,4,4,0.0001672099958
SPORTFUNUSDT,2026-08-21T16:00Z,0.0005169400247,5e-05,4,4,0.0004669400247
STEEMUSDT,2026-08-21T16:00Z,4.999999874e-05,-0.00033742,4,4,0.0003874199987
SUPERUSDT,2026-08-21T16:00Z,4.999999874e-05,2.397e-05,4,4,2.602999874e-05
SXPUSDT,2026-08-21T16:00Z,9.999999747e-05,-0.01080766,8,8,0.01090766
XVSUSDT,2026-08-21T16:00Z,9.999999747e-05,-0.00059901,8,8,0.0006990099975
ZESTUSDT,2026-08-21T16:00Z,0.0002298400068,0.00033801,4,4,0.0001081699932
ZRXUSDT,2026-08-21T16:00Z,4.999999874e-05,-0.00023526,4,4,0.0002852599987
1000000BOBUSDT,2026-08-21T20:00Z,0.0001916899928,5e-05,4,4,0.0001416899928
1000000MOGUSDT,2026-08-21T20:00Z,0.000280259992,5e-05,4,4,0.000230259992
ALLUSDT,2026-08-21T20:00Z,9.999999747e-05,-0.00043968,8,8,0.0005396799975
ANIMEUSDT,2026-08-21T20:00Z,4.999999874e-05,-2.539e-05,4,4,7.538999874e-05
ASRUSDT,2026-08-21T20:00Z,0.0001229199988,5e-05,4,4,7.291999883e-05
BDXNUSDT,2026-08-21T20:00Z,4.999999874e-05,0.0046011,4,4,0.004551100001
BNTUSDT,2026-08-21T20:00Z,9.999999747e-05,-0.00013565,8,8,0.0002356499975
BTWUSDT,2026-08-21T20:00Z,0.0005587399937,0.00079561,4,4,0.0002368700063
CAPUSDT,2026-08-21T20:00Z,4.999999874e-05,-0.00094881,4,4,0.0009988099987
CLANKERUSDT,2026-08-21T20:00Z,0.000119999997,5e-05,4,4,6.999999697e-05
COWUSDT,2026-08-21T20:00Z,-3.269000081e-05,5e-05,4,4,8.269000081e-05
CTRUSDT,2026-08-21T20:00Z,0.0001740699954,0.00020821,4,4,3.414000459e-05
CYBERUSDT,2026-08-21T20:00Z,4.999999874e-05,2.675e-05,4,4,2.324999874e-05
DATAIPUSDT,2026-08-21T20:00Z,4.999999874e-05,-0.00056876,4,4,0.0006187599987
GOATUSDT,2026-08-21T20:00Z,0.0001354900014,5e-05,4,4,8.549000141e-05
GRVTUSDT,2026-08-21T20:00Z,-0.0007226099842,5e-05,4,4,0.0007726099842
KNCUSDT,2026-08-21T20:00Z,9.999999747e-05,-0.00051301,8,8,0.0006130099975
MAVIAUSDT,2026-08-21T20:00Z,0.0001290499931,0.00055831,4,4,0.0004292600069
MTLUSDT,2026-08-21T20:00Z,0.0004860800109,-2.079e-05,8,8,0.0005068700109
NMRUSDT,2026-08-21T20:00Z,4.999999874e-05,-0.00021259,4,4,0.0002625899987
OGUSDT,2026-08-21T20:00Z,4.999999874e-05,3.615e-05,4,4,1.384999874e-05
OUSDT,2026-08-21T20:00Z,4.999999874e-05,0.00012714,4,4,7.714000126e-05
PUMPBTCUSDT,2026-08-21T20:00Z,0.0002903199929,0.00029844,4,4,8.120007072e-06
REUSDT,2026-08-21T20:00Z,4.999999874e-05,-7.359e-05,4,4,0.0001235899987
RPLUSDT,2026-08-21T20:00Z,4.999999874e-05,-4.192e-05,4,4,9.191999874e-05
SANTOSUSDT,2026-08-21T20:00Z,-0.0002710699919,5e-05,4,4,0.0003210699919
SLPUSDT,2026-08-21T20:00Z,4.266000178e-05,5e-05,4,4,7.339998218e-06
SONICUSDT,2026-08-21T20:00Z,4.999999874e-05,8.526e-05,4,4,3.526000126e-05
SPORTFUNUSDT,2026-08-21T20:00Z,0.0001259400015,5e-05,4,4,7.594000145e-05
STEEMUSDT,2026-08-21T20:00Z,4.999999874e-05,-0.00033742,4,4,0.0003874199987
SUPERUSDT,2026-08-21T20:00Z,4.999999874e-05,2.397e-05,4,4,2.602999874e-05
SXPUSDT,2026-08-21T20:00Z,9.999999747e-05,-0.01080766,8,8,0.01090766
XVSUSDT,2026-08-21T20:00Z,9.999999747e-05,-0.00059901,8,8,0.0006990099975
ZESTUSDT,2026-08-21T20:00Z,0.0001355300046,0.00033801,4,4,0.0002024799954
ZRXUSDT,2026-08-21T20:00Z,4.999999874e-05,-0.00023526,4,4,0.0002852599987
1000000MOGUSDT,2026-08-22T00:00Z,0.0005705499789,5e-05,4,4,0.0005205499789
ALLUSDT,2026-08-22T00:00Z,-2.053000026e-05,-0.00043968,8,8,0.0004191499997
ALPINEUSDT,2026-08-22T00:00Z,0.0001168399976,5e-05,4,4,6.683999765e-05
ANIMEUSDT,2026-08-22T00:00Z,4.999999874e-05,-2.539e-05,4,4,7.538999874e-05
ARXUSDT,2026-08-22T00:00Z,0.0002401100064,5e-05,4,4,0.0001901100064
ASRUSDT,2026-08-22T00:00Z,0.0004591699981,5e-05,4,4,0.0004091699981
AZTECUSDT,2026-08-22T00:00Z,0.0001712100056,5e-05,4,4,0.0001212100056
BDXNUSDT,2026-08-22T00:00Z,4.999999874e-05,0.0046011,4,4,0.004551100001
BNTUSDT,2026-08-22T00:00Z,9.999999747e-05,-0.00013565,8,8,0.0002356499975
BTWUSDT,2026-08-22T00:00Z,0.0003716200008,0.00079561,4,4,0.0004239899992
CAPUSDT,2026-08-22T00:00Z,4.999999874e-05,-0.00094881,4,4,0.0009988099987
CLANKERUSDT,2026-08-22T00:00Z,0.0002897199884,5e-05,4,4,0.0002397199884
CTRUSDT,2026-08-22T00:00Z,0.0001671100035,0.00020821,4,4,4.109999647e-05
CYBERUSDT,2026-08-22T00:00Z,4.999999874e-05,2.675e-05,4,4,2.324999874e-05
DATAIPUSDT,2026-08-22T00:00Z,4.999999874e-05,-0.00056876,4,4,0.0006187599987
GRAMUSDT,2026-08-22T00:00Z,0.0001959200017,5e-05,4,4,0.0001459200017
GRVTUSDT,2026-08-22T00:00Z,-0.0002265700023,5e-05,4,4,0.0002765700023
KNCUSDT,2026-08-22T00:00Z,9.999999747e-05,-0.00051301,8,8,0.0006130099975
MAVIAUSDT,2026-08-22T00:00Z,0.0003320999967,0.00055831,4,4,0.0002262100033
MOCAUSDT,2026-08-22T00:00Z,0.0003108500096,5e-05,4,4,0.0002608500096
MTLUSDT,2026-08-22T00:00Z,9.999999747e-05,-2.079e-05,8,8,0.0001207899975
NMRUSDT,2026-08-22T00:00Z,4.999999874e-05,-0.00021259,4,4,0.0002625899987
OGUSDT,2026-08-22T00:00Z,4.999999874e-05,3.615e-05,4,4,1.384999874e-05
OUSDT,2026-08-22T00:00Z,4.999999874e-05,0.00012714,4,4,7.714000126e-05
PUMPBTCUSDT,2026-08-22T00:00Z,5.778999912e-05,0.00029844,4,4,0.0002406500009
REUSDT,2026-08-22T00:00Z,4.999999874e-05,-7.359e-05,4,4,0.0001235899987
RPLUSDT,2026-08-22T00:00Z,4.999999874e-05,-4.192e-05,4,4,9.191999874e-05
SANTOSUSDT,2026-08-22T00:00Z,-0.0001050200008,5e-05,4,4,0.0001550200008
SLXUSDT,2026-08-22T00:00Z,0.0002820299997,5e-05,4,4,0.0002320299997
SONICUSDT,2026-08-22T00:00Z,8.859999798e-05,8.526e-05,4,4,3.33999798e-06
SPORTFUNUSDT,2026-08-22T00:00Z,8.36399995e-05,5e-05,4,4,3.36399995e-05
STEEMUSDT,2026-08-22T00:00Z,4.999999874e-05,-0.00033742,4,4,0.0003874199987
SUPERUSDT,2026-08-22T00:00Z,4.999999874e-05,2.397e-05,4,4,2.602999874e-05
SXPUSDT,2026-08-22T00:00Z,9.999999747e-05,-0.01080766,8,8,0.01090766
XVSUSDT,2026-08-22T00:00Z,9.999999747e-05,-0.00059901,8,8,0.0006990099975
ZESTUSDT,2026-08-22T00:00Z,0.0004842499911,0.00033801,4,4,0.0001462399911
ZRXUSDT,2026-08-22T00:00Z,4.999999874e-05,-0.00023526,4,4,0.0002852599987
1000000MOGUSDT,2026-08-22T04:00Z,0.0005550800124,5e-05,4,4,0.0005050800124
ALLUSDT,2026-08-22T04:00Z,-2.053000026e-05,-0.00043968,8,8,0.0004191499997
ALPINEUSDT,2026-08-22T04:00Z,0.0001667100005,5e-05,4,4,0.0001167100005
ANIMEUSDT,2026-08-22T04:00Z,4.999999874e-05,-2.539e-05,4,4,7.538999874e-05
ARXUSDT,2026-08-22T04:00Z,0.0001032799992,5e-05,4,4,5.327999917e-05
ASRUSDT,2026-08-22T04:00Z,0.0004268900084,5e-05,4,4,0.0003768900084
AZTECUSDT,2026-08-22T04:00Z,0.0005622400204,5e-05,4,4,0.0005122400204
BDXNUSDT,2026-08-22T04:00Z,4.999999874e-05,0.0046011,4,4,0.004551100001
BNTUSDT,2026-08-22T04:00Z,9.999999747e-05,-0.00013565,8,8,0.0002356499975
BTWUSDT,2026-08-22T04:00Z,0.0004087100097,0.00079561,4,4,0.0003868999903
CAPUSDT,2026-08-22T04:00Z,4.999999874e-05,-0.00094881,4,4,0.0009988099987
CLANKERUSDT,2026-08-22T04:00Z,0.0002856900101,5e-05,4,4,0.0002356900101
CTRUSDT,2026-08-22T04:00Z,0.0005941899726,0.00020821,4,4,0.0003859799726
CYBERUSDT,2026-08-22T04:00Z,4.999999874e-05,2.675e-05,4,4,2.324999874e-05
DATAIPUSDT,2026-08-22T04:00Z,-1.502000032e-05,-0.00056876,4,4,0.0005537399997
GOATUSDT,2026-08-22T04:00Z,0.0002955500095,5e-05,4,4,0.0002455500095
GRAMUSDT,2026-08-22T04:00Z,0.0001865200029,5e-05,4,4,0.0001365200029
GRVTUSDT,2026-08-22T04:00Z,-0.0003012900124,5e-05,4,4,0.0003512900124
ICXUSDT,2026-08-22T04:00Z,0.0009189100238,5e-05,4,4,0.0008689100238
KNCUSDT,2026-08-22T04:00Z,9.999999747e-05,-0.00051301,8,8,0.0006130099975
MAVIAUSDT,2026-08-22T04:00Z,0.0005371600273,0.00055831,4,4,2.114997269e-05
MELANIAUSDT,2026-08-22T04:00Z,0.0005070299958,5e-05,4,4,0.0004570299958
MOCAUSDT,2026-08-22T04:00Z,0.0004255799868,5e-05,4,4,0.0003755799868
MTLUSDT,2026-08-22T04:00Z,9.999999747e-05,-2.079e-05,8,8,0.0001207899975
NMRUSDT,2026-08-22T04:00Z,4.999999874e-05,-0.00021259,4,4,0.0002625899987
OGUSDT,2026-08-22T04:00Z,4.999999874e-05,3.615e-05,4,4,1.384999874e-05
OUSDT,2026-08-22T04:00Z,4.999999874e-05,0.00012714,4,4,7.714000126e-05
PUMPBTCUSDT,2026-08-22T04:00Z,0.0003771999909,0.00029844,4,4,7.875999091e-05
REUSDT,2026-08-22T04:00Z,4.999999874e-05,-7.359e-05,4,4,0.0001235899987
RPLUSDT,2026-08-22T04:00Z,4.999999874e-05,-4.192e-05,4,4,9.191999874e-05
SLXUSDT,2026-08-22T04:00Z,0.0001308700012,5e-05,4,4,8.087000116e-05
SONICUSDT,2026-08-22T04:00Z,0.0002466400038,8.526e-05,4,4,0.0001613800038
SPORTFUNUSDT,2026-08-22T04:00Z,0.0005766199902,5e-05,4,4,0.0005266199902
STEEMUSDT,2026-08-22T04:00Z,4.999999874e-05,-0.00033742,4,4,0.0003874199987
SUPERUSDT,2026-08-22T04:00Z,4.999999874e-05,2.397e-05,4,4,2.602999874e-05
SXPUSDT,2026-08-22T04:00Z,9.999999747e-05,-0.01080766,8,8,0.01090766
USTCUSDT,2026-08-22T04:00Z,0.0001164100031,5e-05,4,4,6.64100031e-05
XVSUSDT,2026-08-22T04:00Z,9.999999747e-05,-0.00059901,8,8,0.0006990099975
ZESTUSDT,2026-08-22T04:00Z,0.0007027100073,0.00033801,4,4,0.0003647000073
ZRXUSDT,2026-08-22T04:00Z,4.999999874e-05,-0.00023526,4,4,0.0002852599987
1000000MOGUSDT,2026-08-22T08:00Z,0.0004182700068,5e-05,4,4,0.0003682700068
ALLUSDT,2026-08-22T08:00Z,9.999999747e-05,-0.00043968,8,8,0.0005396799975
ANIMEUSDT,2026-08-22T08:00Z,4.999999874e-05,-2.539e-05,4,4,7.538999874e-05
ARKUSDT,2026-08-22T08:00Z,0.0001364500058,5e-05,4,4,8.645000581e-05
ARXUSDT,2026-08-22T08:00Z,0.0003761900007,5e-05,4,4,0.0003261900007
ASRUSDT,2026-08-22T08:00Z,7.336999988e-05,5e-05,4,4,2.336999988e-05
AZTECUSDT,2026-08-22T08:00Z,0.0001235399977,5e-05,4,4,7.353999773e-05
BDXNUSDT,2026-08-22T08:00Z,4.999999874e-05,0.0046011,4,4,0.004551100001
BNTUSDT,2026-08-22T08:00Z,9.999999747e-05,-0.00013565,8,8,0.0002356499975
BTWUSDT,2026-08-22T08:00Z,0.0006371799973,0.00079561,4,4,0.0001584300027
CAPUSDT,2026-08-22T08:00Z,4.999999874e-05,-0.00094881,4,4,0.0009988099987
CLANKERUSDT,2026-08-22T08:00Z,0.0002222000039,5e-05,4,4,0.0001722000039
CTRUSDT,2026-08-22T08:00Z,0.0002103599982,0.00020821,4,4,2.149998164e-06
CYBERUSDT,2026-08-22T08:00Z,4.999999874e-05,2.675e-05,4,4,2.324999874e-05
DATAIPUSDT,2026-08-22T08:00Z,4.999999874e-05,-0.00056876,4,4,0.0006187599987
FRAXUSDT,2026-08-22T08:00Z,0.0001120200031,5e-05,4,4,6.202000314e-05
GOATUSDT,2026-08-22T08:00Z,0.0002167899947,5e-05,4,4,0.0001667899947
GRVTUSDT,2026-08-22T08:00Z,-0.0006178200128,5e-05,4,4,0.0006678200128
KNCUSDT,2026-08-22T08:00Z,9.999999747e-05,-0.00051301,8,8,0.0006130099975
MAVIAUSDT,2026-08-22T08:00Z,4.999999874e-05,0.00055831,4,4,0.0005083100013
MOCAUSDT,2026-08-22T08:00Z,0.000158010007,5e-05,4,4,0.000108010007
MTLUSDT,2026-08-22T08:00Z,0.0001897299953,-2.079e-05,8,8,0.0002105199953
NMRUSDT,2026-08-22T08:00Z,4.999999874e-05,-0.00021259,4,4,0.0002625899987
OGUSDT,2026-08-22T08:00Z,4.999999874e-05,3.615e-05,4,4,1.384999874e-05
OUSDT,2026-08-22T08:00Z,4.999999874e-05,0.00012714,4,4,7.714000126e-05
PUMPBTCUSDT,2026-08-22T08:00Z,0.0006503399927,0.00029844,4,4,0.0003518999927
REUSDT,2026-08-22T08:00Z,4.999999874e-05,-7.359e-05,4,4,0.0001235899987
RPLUSDT,2026-08-22T08:00Z,4.999999874e-05,-4.192e-05,4,4,9.191999874e-05
SONICUSDT,2026-08-22T08:00Z,0.0002253400016,8.526e-05,4,4,0.0001400800016
SPORTFUNUSDT,2026-08-22T08:00Z,0.0005114299711,5e-05,4,4,0.0004614299711
STEEMUSDT,2026-08-22T08:00Z,4.999999874e-05,-0.00033742,4,4,0.0003874199987
SUPERUSDT,2026-08-22T08:00Z,4.999999874e-05,2.397e-05,4,4,2.602999874e-05
SXPUSDT,2026-08-22T08:00Z,9.999999747e-05,-0.01080766,8,8,0.01090766
XVSUSDT,2026-08-22T08:00Z,0.0002221900068,-0.00059901,8,8,0.0008212000068
ZESTUSDT,2026-08-22T08:00Z,4.999999874e-05,0.00033801,4,4,0.0002880100013
ZRXUSDT,2026-08-22T08:00Z,4.999999874e-05,-0.00023526,4,4,0.0002852599987
1000000MOGUSDT,2026-08-22T12:00Z,0.0003309299937,5e-05,4,4,0.0002809299937
ALLUSDT,2026-08-22T12:00Z,9.999999747e-05,-0.00043968,8,8,0.0005396799975
ALPINEUSDT,2026-08-22T12:00Z,0.0001276700059,5e-05,4,4,7.76700059e-05
ANIMEUSDT,2026-08-22T12:00Z,4.999999874e-05,-2.539e-05,4,4,7.538999874e-05
ARXUSDT,2026-08-22T12:00Z,5.062999844e-05,5e-05,4,4,6.299984409e-07
ASRUSDT,2026-08-22T12:00Z,0.0003010299988,5e-05,4,4,0.0002510299988
AZTECUSDT,2026-08-22T12:00Z,0.000221180002,5e-05,4,4,0.000171180002
BDXNUSDT,2026-08-22T12:00Z,4.999999874e-05,0.0046011,4,4,0.004551100001
BNTUSDT,2026-08-22T12:00Z,9.999999747e-05,-0.00013565,8,8,0.0002356499975
BTWUSDT,2026-08-22T12:00Z,0.0004094300093,0.00079561,4,4,0.0003861799907
CAPUSDT,2026-08-22T12:00Z,4.999999874e-05,-0.00094881,4,4,0.0009988099987
COWUSDT,2026-08-22T12:00Z,-5.215000056e-05,5e-05,4,4,0.0001021500006
CTRUSDT,2026-08-22T12:00Z,4.999999874e-05,0.00020821,4,4,0.0001582100013
CYBERUSDT,2026-08-22T12:00Z,4.999999874e-05,2.675e-05,4,4,2.324999874e-05
DATAIPUSDT,2026-08-22T12:00Z,-0.0001622699929,-0.00056876,4,4,0.0004064900071
HIVEUSDT,2026-08-22T12:00Z,0.0001237399993,5e-05,4,4,7.373999925e-05
ICXUSDT,2026-08-22T12:00Z,0.0001573699992,5e-05,4,4,0.0001073699992
KNCUSDT,2026-08-22T12:00Z,9.999999747e-05,-0.00051301,8,8,0.0006130099975
MAVIAUSDT,2026-08-22T12:00Z,4.999999874e-05,0.00055831,4,4,0.0005083100013
MTLUSDT,2026-08-22T12:00Z,0.0001897299953,-2.079e-05,8,8,0.0002105199953
NMRUSDT,2026-08-22T12:00Z,4.999999874e-05,-0.00021259,4,4,0.0002625899987
OGUSDT,2026-08-22T12:00Z,4.999999874e-05,3.615e-05,4,4,1.384999874e-05
OUSDT,2026-08-22T12:00Z,4.999999874e-05,0.00012714,4,4,7.714000126e-05
PUMPBTCUSDT,2026-08-22T12:00Z,6.013000166e-05,0.00029844,4,4,0.0002383099983
REUSDT,2026-08-22T12:00Z,4.999999874e-05,-7.359e-05,4,4,0.0001235899987
RPLUSDT,2026-08-22T12:00Z,4.999999874e-05,-4.192e-05,4,4,9.191999874e-05
SONICUSDT,2026-08-22T12:00Z,0.0006442000158,8.526e-05,4,4,0.0005589400158
STEEMUSDT,2026-08-22T12:00Z,4.999999874e-05,-0.00033742,4,4,0.0003874199987
SUNUSDT,2026-08-22T12:00Z,-2.567999945e-05,5e-05,4,4,7.567999945e-05
SUPERUSDT,2026-08-22T12:00Z,4.999999874e-05,2.397e-05,4,4,2.602999874e-05
SXPUSDT,2026-08-22T12:00Z,9.999999747e-05,-0.01080766,8,8,0.01090766
XVSUSDT,2026-08-22T12:00Z,0.0002221900068,-0.00059901,8,8,0.0008212000068
ZESTUSDT,2026-08-22T12:00Z,4.999999874e-05,0.00033801,4,4,0.0002880100013
ZRXUSDT,2026-08-22T12:00Z,4.999999874e-05,-0.00023526,4,4,0.0002852599987
1000000MOGUSDT,2026-08-22T16:00Z,0.0002194800036,5e-05,4,4,0.0001694800036
ALLUSDT,2026-08-22T16:00Z,-0.0003850799985,-0.00043968,8,8,5.460000148e-05
ANIMEUSDT,2026-08-22T16:00Z,4.999999874e-05,-2.539e-05,4,4,7.538999874e-05
BDXNUSDT,2026-08-22T16:00Z,4.999999874e-05,0.0046011,4,4,0.004551100001
BNTUSDT,2026-08-22T16:00Z,9.999999747e-05,-0.00013565,8,8,0.0002356499975
BTWUSDT,2026-08-22T16:00Z,0.0003550300025,0.00079561,4,4,0.0004405799975
CAPUSDT,2026-08-22T16:00Z,4.999999874e-05,-0.00094881,4,4,0.0009988099987
COWUSDT,2026-08-22T16:00Z,-2.12000009e-06,5e-05,4,4,5.212000009e-05
CTRUSDT,2026-08-22T16:00Z,4.999999874e-05,0.00020821,4,4,0.0001582100013
CYBERUSDT,2026-08-22T16:00Z,4.999999874e-05,2.675e-05,4,4,2.324999874e-05
DATAIPUSDT,2026-08-22T16:00Z,-2.581999979e-05,-0.00056876,4,4,0.0005429400002
GRVTUSDT,2026-08-22T16:00Z,-0.0002213099942,5e-05,4,4,0.0002713099942
KNCUSDT,2026-08-22T16:00Z,9.999999747e-05,-0.00051301,8,8,0.0006130099975
MAVIAUSDT,2026-08-22T16:00Z,4.999999874e-05,0.00055831,4,4,0.0005083100013
MTLUSDT,2026-08-22T16:00Z,9.999999747e-05,-2.079e-05,8,8,0.0001207899975
NMRUSDT,2026-08-22T16:00Z,4.999999874e-05,-0.00021259,4,4,0.0002625899987
OGUSDT,2026-08-22T16:00Z,4.999999874e-05,3.615e-05,4,4,1.384999874e-05
OUSDT,2026-08-22T16:00Z,4.999999874e-05,0.00012714,4,4,7.714000126e-05
PUMPBTCUSDT,2026-08-22T16:00Z,4.999999874e-05,0.00029844,4,4,0.0002484400013
REUSDT,2026-08-22T16:00Z,4.999999874e-05,-7.359e-05,4,4,0.0001235899987
RPLUSDT,2026-08-22T16:00Z,4.999999874e-05,-4.192e-05,4,4,9.191999874e-05
SONICUSDT,2026-08-22T16:00Z,4.999999874e-05,8.526e-05,4,4,3.526000126e-05
STEEMUSDT,2026-08-22T16:00Z,-1.533000068e-05,-0.00033742,4,4,0.0003220899993
SUPERUSDT,2026-08-22T16:00Z,4.999999874e-05,2.397e-05,4,4,2.602999874e-05
SXPUSDT,2026-08-22T16:00Z,9.999999747e-05,-0.01080766,8,8,0.01090766
XVSUSDT,2026-08-22T16:00Z,9.999999747e-05,-0.00059901,8,8,0.0006990099975
ZESTUSDT,2026-08-22T16:00Z,8.505000005e-05,0.00033801,4,4,0.0002529599999
ZRXUSDT,2026-08-22T16:00Z,4.999999874e-05,-0.00023526,4,4,0.0002852599987
1000000MOGUSDT,2026-08-22T20:00Z,0.000107660002,5e-05,4,4,5.766000196e-05
ALLUSDT,2026-08-22T20:00Z,-0.0003850799985,-0.00043968,8,8,5.460000148e-05
ALPINEUSDT,2026-08-22T20:00Z,0.0001827200031,5e-05,4,4,0.0001327200031
ANIMEUSDT,2026-08-22T20:00Z,4.999999874e-05,-2.539e-05,4,4,7.538999874e-05
ARXUSDT,2026-08-22T20:00Z,8.394000179e-05,5e-05,4,4,3.394000179e-05
BDXNUSDT,2026-08-22T20:00Z,4.999999874e-05,0.0046011,4,4,0.004551100001
BEAMXUSDT,2026-08-22T20:00Z,0.0002295799932,5e-05,4,4,0.0001795799932
BNTUSDT,2026-08-22T20:00Z,9.999999747e-05,-0.00013565,8,8,0.0002356499975
BTWUSDT,2026-08-22T20:00Z,0.0004404800129,0.00079561,4,4,0.0003551299871
CAPUSDT,2026-08-22T20:00Z,4.999999874e-05,-0.00094881,4,4,0.0009988099987
CLANKERUSDT,2026-08-22T20:00Z,0.0001410499972,5e-05,4,4,9.104999718e-05
COWUSDT,2026-08-22T20:00Z,-0.0007285799948,5e-05,4,4,0.0007785799948
CTRUSDT,2026-08-22T20:00Z,0.0002491399937,0.00020821,4,4,4.092999368e-05
CYBERUSDT,2026-08-22T20:00Z,4.999999874e-05,2.675e-05,4,4,2.324999874e-05
DATAIPUSDT,2026-08-22T20:00Z,-0.0003574599978,-0.00056876,4,4,0.0002113000022
KNCUSDT,2026-08-22T20:00Z,9.999999747e-05,-0.00051301,8,8,0.0006130099975
MAVIAUSDT,2026-08-22T20:00Z,4.999999874e-05,0.00055831,4,4,0.0005083100013
MTLUSDT,2026-08-22T20:00Z,9.999999747e-05,-2.079e-05,8,8,0.0001207899975
NMRUSDT,2026-08-22T20:00Z,4.999999874e-05,-0.00021259,4,4,0.0002625899987
OGUSDT,2026-08-22T20:00Z,4.999999874e-05,3.615e-05,4,4,1.384999874e-05
OUSDT,2026-08-22T20:00Z,3.577000098e-05,0.00012714,4,4,9.136999902e-05
PUMPBTCUSDT,2026-08-22T20:00Z,4.999999874e-05,0.00029844,4,4,0.0002484400013
REUSDT,2026-08-22T20:00Z,4.999999874e-05,-7.359e-05,4,4,0.0001235899987
RPLUSDT,2026-08-22T20:00Z,4.999999874e-05,-4.192e-05,4,4,9.191999874e-05
SANTOSUSDT,2026-08-22T20:00Z,7.611000183e-05,5e-05,4,4,2.611000183e-05
SONICUSDT,2026-08-22T20:00Z,8.207999781e-05,8.526e-05,4,4,3.18000219e-06
SPORTFUNUSDT,2026-08-22T20:00Z,0.0002414299961,5e-05,4,4,0.0001914299961
STEEMUSDT,2026-08-22T20:00Z,4.999999874e-05,-0.00033742,4,4,0.0003874199987
SUNUSDT,2026-08-22T20:00Z,4.371999967e-05,5e-05,4,4,6.280000333e-06
SUPERUSDT,2026-08-22T20:00Z,4.999999874e-05,2.397e-05,4,4,2.602999874e-05
SXPUSDT,2026-08-22T20:00Z,9.999999747e-05,-0.01080766,8,8,0.01090766
XVSUSDT,2026-08-22T20:00Z,9.999999747e-05,-0.00059901,8,8,0.0006990099975
ZESTUSDT,2026-08-22T20:00Z,5.718000102e-05,0.00033801,4,4,0.000280829999
ZRXUSDT,2026-08-22T20:00Z,4.999999874e-05,-0.00023526,4,4,0.0002852599987
ALLUSDT,2026-08-23T00:00Z,-0.0002335099998,-0.00043968,8,8,0.0002061700002
ANIMEUSDT,2026-08-23T00:00Z,4.999999874e-05,-2.539e-05,4,4,7.538999874e-05
ARXUSDT,2026-08-23T00:00Z,0.000153290006,5e-05,4,4,0.000103290006
BDXNUSDT,2026-08-23T00:00Z,4.999999874e-05,0.0046011,4,4,0.004551100001
BNTUSDT,2026-08-23T00:00Z,9.999999747e-05,-0.00013565,8,8,0.0002356499975
BTWUSDT,2026-08-23T00:00Z,0.0003449399956,0.00079561,4,4,0.0004506700044
CAPUSDT,2026-08-23T00:00Z,4.999999874e-05,-0.00094881,4,4,0.0009988099987
CLANKERUSDT,2026-08-23T00:00Z,0.0002511699859,5e-05,4,4,0.0002011699859
CTRUSDT,2026-08-23T00:00Z,0.0001292499946,0.00020821,4,4,7.896000536e-05
CYBERUSDT,2026-08-23T00:00Z,4.999999874e-05,2.675e-05,4,4,2.324999874e-05
DATAIPUSDT,2026-08-23T00:00Z,-1.832000089e-05,-0.00056876,4,4,0.0005504399991
KNCUSDT,2026-08-23T00:00Z,9.999999747e-05,-0.00051301,8,8,0.0006130099975
MAVIAUSDT,2026-08-23T00:00Z,4.999999874e-05,0.00055831,4,4,0.0005083100013
MTLUSDT,2026-08-23T00:00Z,0.0003824800078,-2.079e-05,8,8,0.0004032700078
NMRUSDT,2026-08-23T00:00Z,4.999999874e-05,-0.00021259,4,4,0.0002625899987
OGUSDT,2026-08-23T00:00Z,4.999999874e-05,3.615e-05,4,4,1.384999874e-05
OUSDT,2026-08-23T00:00Z,4.999999874e-05,0.00012714,4,4,7.714000126e-05
PUMPBTCUSDT,2026-08-23T00:00Z,0.0002737999894,0.00029844,4,4,2.464001063e-05
REUSDT,2026-08-23T00:00Z,-4.58100003e-05,-7.359e-05,4,4,2.77799997e-05
RPLUSDT,2026-08-23T00:00Z,4.999999874e-05,-4.192e-05,4,4,9.191999874e-05
SONICUSDT,2026-08-23T00:00Z,4.999999874e-05,8.526e-05,4,4,3.526000126e-05
SPORTFUNUSDT,2026-08-23T00:00Z,0.0001369999954,5e-05,4,4,8.699999545e-05
STEEMUSDT,2026-08-23T00:00Z,3.360000119e-05,-0.00033742,4,4,0.0003710200012
SUNUSDT,2026-08-23T00:00Z,3.902000026e-05,5e-05,4,4,1.097999974e-05
SUPERUSDT,2026-08-23T00:00Z,4.999999874e-05,2.397e-05,4,4,2.602999874e-05
SXPUSDT,2026-08-23T00:00Z,9.999999747e-05,-0.01080766,8,8,0.01090766
XVSUSDT,2026-08-23T00:00Z,9.999999747e-05,-0.00059901,8,8,0.0006990099975
ZESTUSDT,2026-08-23T00:00Z,0.0002304299996,0.00033801,4,4,0.0001075800004
ZRXUSDT,2026-08-23T00:00Z,4.999999874e-05,-0.00023526,4,4,0.0002852599987
ALLUSDT,2026-08-23T04:00Z,-0.0002335099998,-0.00043968,8,8,0.0002061700002
ANIMEUSDT,2026-08-23T04:00Z,4.999999874e-05,-2.539e-05,4,4,7.538999874e-05
ARKUSDT,2026-08-23T04:00Z,2.581999979e-05,5e-05,4,4,2.418000021e-05
ARXUSDT,2026-08-23T04:00Z,0.0001422299974,5e-05,4,4,9.222999744e-05
BDXNUSDT,2026-08-23T04:00Z,4.999999874e-05,0.0046011,4,4,0.004551100001
BNTUSDT,2026-08-23T04:00Z,9.999999747e-05,-0.00013565,8,8,0.0002356499975
BTWUSDT,2026-08-23T04:00Z,0.0003549400135,0.00079561,4,4,0.0004406699865
CAPUSDT,2026-08-23T04:00Z,4.999999874e-05,-0.00094881,4,4,0.0009988099987
CTRUSDT,2026-08-23T04:00Z,4.999999874e-05,0.00020821,4,4,0.0001582100013
CYBERUSDT,2026-08-23T04:00Z,4.999999874e-05,2.675e-05,4,4,2.324999874e-05
DATAIPUSDT,2026-08-23T04:00Z,-0.0002304899972,-0.00056876,4,4,0.0003382700028
FRAXUSDT,2026-08-23T04:00Z,-0.0001066199984,5e-05,4,4,0.0001566199984
GRVTUSDT,2026-08-23T04:00Z,-3.581000055e-05,5e-05,4,4,8.581000055e-05
KNCUSDT,2026-08-23T04:00Z,9.999999747e-05,-0.00051301,8,8,0.0006130099975
MAVIAUSDT,2026-08-23T04:00Z,4.999999874e-05,0.00055831,4,4,0.0005083100013
MTLUSDT,2026-08-23T04:00Z,0.0003824800078,-2.079e-05,8,8,0.0004032700078
NMRUSDT,2026-08-23T04:00Z,4.999999874e-05,-0.00021259,4,4,0.0002625899987
OGUSDT,2026-08-23T04:00Z,4.999999874e-05,3.615e-05,4,4,1.384999874e-05
OUSDT,2026-08-23T04:00Z,4.999999874e-05,0.00012714,4,4,7.714000126e-05
PUMPBTCUSDT,2026-08-23T04:00Z,4.999999874e-05,0.00029844,4,4,0.0002484400013
REUSDT,2026-08-23T04:00Z,1.70000007e-07,-7.359e-05,4,4,7.376000001e-05
RPLUSDT,2026-08-23T04:00Z,4.999999874e-05,-4.192e-05,4,4,9.191999874e-05
SONICUSDT,2026-08-23T04:00Z,4.999999874e-05,8.526e-05,4,4,3.526000126e-05
STEEMUSDT,2026-08-23T04:00Z,4.999999874e-05,-0.00033742,4,4,0.0003874199987
SUNUSDT,2026-08-23T04:00Z,-0.0004696100077,5e-05,4,4,0.0005196100077
SUPERUSDT,2026-08-23T04:00Z,4.999999874e-05,2.397e-05,4,4,2.602999874e-05
SXPUSDT,2026-08-23T04:00Z,9.999999747e-05,-0.01080766,8,8,0.01090766
XVSUSDT,2026-08-23T04:00Z,9.999999747e-05,-0.00059901,8,8,0.0006990099975
ZESTUSDT,2026-08-23T04:00Z,4.999999874e-05,0.00033801,4,4,0.0002880100013
ZRXUSDT,2026-08-23T04:00Z,4.999999874e-05,-0.00023526,4,4,0.0002852599987
ALLUSDT,2026-08-23T08:00Z,9.999999747e-05,-0.00043968,8,8,0.0005396799975
ANIMEUSDT,2026-08-23T08:00Z,4.999999874e-05,-2.539e-05,4,4,7.538999874e-05
BDXNUSDT,2026-08-23T08:00Z,4.999999874e-05,0.0046011,4,4,0.004551100001
BNTUSDT,2026-08-23T08:00Z,9.999999747e-05,-0.00013565,8,8,0.0002356499975
BTWUSDT,2026-08-23T08:00Z,0.0002990700013,0.00079561,4,4,0.0004965399987
CAPUSDT,2026-08-23T08:00Z,4.999999874e-05,-0.00094881,4,4,0.0009988099987
CLANKERUSDT,2026-08-23T08:00Z,0.0003877099953,5e-05,4,4,0.0003377099953
CTRUSDT,2026-08-23T08:00Z,0.0002693099959,0.00020821,4,4,6.109999593e-05
CYBERUSDT,2026-08-23T08:00Z,4.999999874e-05,2.675e-05,4,4,2.324999874e-05
DATAIPUSDT,2026-08-23T08:00Z,4.999999874e-05,-0.00056876,4,4,0.0006187599987
FRAXUSDT,2026-08-23T08:00Z,-8.481000259e-05,5e-05,4,4,0.0001348100026
GRVTUSDT,2026-08-23T08:00Z,-0.0003513999982,5e-05,4,4,0.0004013999982
ICXUSDT,2026-08-23T08:00Z,8.771000284e-05,5e-05,4,4,3.771000284e-05
KNCUSDT,2026-08-23T08:00Z,9.999999747e-05,-0.00051301,8,8,0.0006130099975
MAVIAUSDT,2026-08-23T08:00Z,4.999999874e-05,0.00055831,4,4,0.0005083100013
MTLUSDT,2026-08-23T08:00Z,9.999999747e-05,-2.079e-05,8,8,0.0001207899975
NMRUSDT,2026-08-23T08:00Z,4.999999874e-05,-0.00021259,4,4,0.0002625899987
OGUSDT,2026-08-23T08:00Z,4.999999874e-05,3.615e-05,4,4,1.384999874e-05
OUSDT,2026-08-23T08:00Z,4.999999874e-05,0.00012714,4,4,7.714000126e-05
PUMPBTCUSDT,2026-08-23T08:00Z,0.0009643799858,0.00029844,4,4,0.0006659399858
REUSDT,2026-08-23T08:00Z,4.999999874e-05,-7.359e-05,4,4,0.0001235899987
RPLUSDT,2026-08-23T08:00Z,4.999999874e-05,-4.192e-05,4,4,9.191999874e-05
SONICUSDT,2026-08-23T08:00Z,4.999999874e-05,8.526e-05,4,4,3.526000126e-05
SPORTFUNUSDT,2026-08-23T08:00Z,0.000207789999,5e-05,4,4,0.000157789999
STEEMUSDT,2026-08-23T08:00Z,4.999999874e-05,-0.00033742,4,4,0.0003874199987
SUNUSDT,2026-08-23T08:00Z,-0.0004012999998,5e-05,4,4,0.0004512999998
SUPERUSDT,2026-08-23T08:00Z,4.999999874e-05,2.397e-05,4,4,2.602999874e-05
SXPUSDT,2026-08-23T08:00Z,9.999999747e-05,-0.01080766,8,8,0.01090766
XVSUSDT,2026-08-23T08:00Z,9.999999747e-05,-0.00059901,8,8,0.0006990099975
ZESTUSDT,2026-08-23T08:00Z,4.999999874e-05,0.00033801,4,4,0.0002880100013
ZRXUSDT,2026-08-23T08:00Z,4.999999874e-05,-0.00023526,4,4,0.0002852599987
ALLUSDT,2026-08-23T12:00Z,9.999999747e-05,-0.00043968,8,8,0.0005396799975
ALPINEUSDT,2026-08-23T12:00Z,9.110999963e-05,5e-05,4,4,4.110999963e-05
ANIMEUSDT,2026-08-23T12:00Z,4.999999874e-05,-2.539e-05,4,4,7.538999874e-05
BDXNUSDT,2026-08-23T12:00Z,4.999999874e-05,0.0046011,4,4,0.004551100001
BNTUSDT,2026-08-23T12:00Z,9.999999747e-05,-0.00013565,8,8,0.0002356499975
BTWUSDT,2026-08-23T12:00Z,0.0001950199949,0.00079561,4,4,0.0006005900051
CAPUSDT,2026-08-23T12:00Z,4.999999874e-05,-0.00094881,4,4,0.0009988099987
CLANKERUSDT,2026-08-23T12:00Z,0.000596310012,5e-05,4,4,0.000546310012
CTRUSDT,2026-08-23T12:00Z,4.999999874e-05,0.00020821,4,4,0.0001582100013
CYBERUSDT,2026-08-23T12:00Z,4.999999874e-05,2.675e-05,4,4,2.324999874e-05
DATAIPUSDT,2026-08-23T12:00Z,4.999999874e-05,-0.00056876,4,4,0.0006187599987
ETHWUSDT,2026-08-23T12:00Z,7.768999785e-05,5e-05,4,4,2.768999785e-05
GRVTUSDT,2026-08-23T12:00Z,-0.0004461299977,5e-05,4,4,0.0004961299977
KNCUSDT,2026-08-23T12:00Z,9.999999747e-05,-0.00051301,8,8,0.0006130099975
MASKUSDT,2026-08-23T12:00Z,6.702999963e-05,5e-05,4,4,1.702999963e-05
MAVIAUSDT,2026-08-23T12:00Z,4.999999874e-05,0.00055831,4,4,0.0005083100013
MTLUSDT,2026-08-23T12:00Z,9.999999747e-05,-2.079e-05,8,8,0.0001207899975
NMRUSDT,2026-08-23T12:00Z,4.999999874e-05,-0.00021259,4,4,0.0002625899987
OGUSDT,2026-08-23T12:00Z,4.999999874e-05,3.615e-05,4,4,1.384999874e-05
OUSDT,2026-08-23T12:00Z,4.999999874e-05,0.00012714,4,4,7.714000126e-05
PUMPBTCUSDT,2026-08-23T12:00Z,4.999999874e-05,0.00029844,4,4,0.0002484400013
REUSDT,2026-08-23T12:00Z,4.999999874e-05,-7.359e-05,4,4,0.0001235899987
RPLUSDT,2026-08-23T12:00Z,4.999999874e-05,-4.192e-05,4,4,9.191999874e-05
SONICUSDT,2026-08-23T12:00Z,0.0002893900091,8.526e-05,4,4,0.0002041300091
STEEMUSDT,2026-08-23T12:00Z,4.999999874e-05,-0.00033742,4,4,0.0003874199987
SUNUSDT,2026-08-23T12:00Z,-6.253000174e-05,5e-05,4,4,0.0001125300017
SUPERUSDT,2026-08-23T12:00Z,4.999999874e-05,2.397e-05,4,4,2.602999874e-05
SXPUSDT,2026-08-23T12:00Z,9.999999747e-05,-0.01080766,8,8,0.01090766
XVSUSDT,2026-08-23T12:00Z,9.999999747e-05,-0.00059901,8,8,0.0006990099975
ZESTUSDT,2026-08-23T12:00Z,4.999999874e-05,0.00033801,4,4,0.0002880100013
ZRXUSDT,2026-08-23T12:00Z,4.999999874e-05,-0.00023526,4,4,0.0002852599987
ALLUSDT,2026-08-23T16:00Z,-0.0003394999949,-0.00043968,8,8,0.0001001800051
ALPINEUSDT,2026-08-23T16:00Z,0.0001670799975,5e-05,4,4,0.0001170799975
ANIMEUSDT,2026-08-23T16:00Z,4.999999874e-05,-2.539e-05,4,4,7.538999874e-05
BDXNUSDT,2026-08-23T16:00Z,4.999999874e-05,0.0046011,4,4,0.004551100001
BNTUSDT,2026-08-23T16:00Z,0.0001535299962,-0.00013565,8,8,0.0002891799962
BTWUSDT,2026-08-23T16:00Z,0.0002254599967,0.00079561,4,4,0.0005701500033
CAPUSDT,2026-08-23T16:00Z,2.943999971e-05,-0.00094881,4,4,0.0009782499997
CLANKERUSDT,2026-08-23T16:00Z,0.0001123699985,5e-05,4,4,6.236999853e-05
CTRUSDT,2026-08-23T16:00Z,0.0001218800026,0.00020821,4,4,8.632999745e-05
CYBERUSDT,2026-08-23T16:00Z,4.999999874e-05,2.675e-05,4,4,2.324999874e-05
DATAIPUSDT,2026-08-23T16:00Z,4.999999874e-05,-0.00056876,4,4,0.0006187599987
FRAXUSDT,2026-08-23T16:00Z,0.0001676899992,5e-05,4,4,0.0001176899992
GRVTUSDT,2026-08-23T16:00Z,-0.0006517600268,5e-05,4,4,0.0007017600268
KNCUSDT,2026-08-23T16:00Z,9.999999747e-05,-0.00051301,8,8,0.0006130099975
MAVIAUSDT,2026-08-23T16:00Z,4.999999874e-05,0.00055831,4,4,0.0005083100013
MTLUSDT,2026-08-23T16:00Z,9.999999747e-05,-2.079e-05,8,8,0.0001207899975
NMRUSDT,2026-08-23T16:00Z,4.999999874e-05,-0.00021259,4,4,0.0002625899987
OGUSDT,2026-08-23T16:00Z,4.999999874e-05,3.615e-05,4,4,1.384999874e-05
OUSDT,2026-08-23T16:00Z,4.999999874e-05,0.00012714,4,4,7.714000126e-05
PUMPBTCUSDT,2026-08-23T16:00Z,0.0002499399998,0.00029844,4,4,4.850000022e-05
REUSDT,2026-08-23T16:00Z,4.999999874e-05,-7.359e-05,4,4,0.0001235899987
RPLUSDT,2026-08-23T16:00Z,4.999999874e-05,-4.192e-05,4,4,9.191999874e-05
SONICUSDT,2026-08-23T16:00Z,0.0003668100107,8.526e-05,4,4,0.0002815500107
SPORTFUNUSDT,2026-08-23T16:00Z,7.976000052e-05,5e-05,4,4,2.976000052e-05
STEEMUSDT,2026-08-23T16:00Z,4.999999874e-05,-0.00033742,4,4,0.0003874199987
SUNUSDT,2026-08-23T16:00Z,-4.801999967e-05,5e-05,4,4,9.801999967e-05
SUPERUSDT,2026-08-23T16:00Z,4.999999874e-05,2.397e-05,4,4,2.602999874e-05
SXPUSDT,2026-08-23T16:00Z,9.999999747e-05,-0.01080766,8,8,0.01090766
XVSUSDT,2026-08-23T16:00Z,9.999999747e-05,-0.00059901,8,8,0.0006990099975
ZESTUSDT,2026-08-23T16:00Z,9.429000056e-05,0.00033801,4,4,0.0002437199994
ZRXUSDT,2026-08-23T16:00Z,4.999999874e-05,-0.00023526,4,4,0.0002852599987
ALLUSDT,2026-08-23T20:00Z,-0.0003394999949,-0.00043968,8,8,0.0001001800051
ANIMEUSDT,2026-08-23T20:00Z,4.999999874e-05,-2.539e-05,4,4,7.538999874e-05
BDXNUSDT,2026-08-23T20:00Z,4.999999874e-05,0.0046011,4,4,0.004551100001
BNTUSDT,2026-08-23T20:00Z,0.0001535299962,-0.00013565,8,8,0.0002891799962
BTWUSDT,2026-08-23T20:00Z,0.0002673600102,0.00079561,4,4,0.0005282499898
CAPUSDT,2026-08-23T20:00Z,4.999999874e-05,-0.00094881,4,4,0.0009988099987
CLANKERUSDT,2026-08-23T20:00Z,0.0001101899979,5e-05,4,4,6.018999794e-05
CTRUSDT,2026-08-23T20:00Z,4.999999874e-05,0.00020821,4,4,0.0001582100013
CYBERUSDT,2026-08-23T20:00Z,4.999999874e-05,2.675e-05,4,4,2.324999874e-05
DATAIPUSDT,2026-08-23T20:00Z,4.999999874e-05,-0.00056876,4,4,0.0006187599987
GRVTUSDT,2026-08-23T20:00Z,-0.0006916699931,5e-05,4,4,0.0007416699931
ICXUSDT,2026-08-23T20:00Z,0.0003386099997,5e-05,4,4,0.0002886099997
KNCUSDT,2026-08-23T20:00Z,9.999999747e-05,-0.00051301,8,8,0.0006130099975
MAVIAUSDT,2026-08-23T20:00Z,4.999999874e-05,0.00055831,4,4,0.0005083100013
MTLUSDT,2026-08-23T20:00Z,9.999999747e-05,-2.079e-05,8,8,0.0001207899975
NMRUSDT,2026-08-23T20:00Z,4.999999874e-05,-0.00021259,4,4,0.0002625899987
OGUSDT,2026-08-23T20:00Z,4.999999874e-05,3.615e-05,4,4,1.384999874e-05
OUSDT,2026-08-23T20:00Z,4.999999874e-05,0.00012714,4,4,7.714000126e-05
PUMPBTCUSDT,2026-08-23T20:00Z,6.620000204e-05,0.00029844,4,4,0.000232239998
REUSDT,2026-08-23T20:00Z,4.999999874e-05,-7.359e-05,4,4,0.0001235899987
RPLUSDT,2026-08-23T20:00Z,4.999999874e-05,-4.192e-05,4,4,9.191999874e-05
SONICUSDT,2026-08-23T20:00Z,8.397000056e-05,8.526e-05,4,4,1.28999944e-06
SPORTFUNUSDT,2026-08-23T20:00Z,0.0003113299899,5e-05,4,4,0.0002613299899
STEEMUSDT,2026-08-23T20:00Z,4.999999874e-05,-0.00033742,4,4,0.0003874199987
SUNUSDT,2026-08-23T20:00Z,-0.0002252900013,5e-05,4,4,0.0002752900013
SUPERUSDT,2026-08-23T20:00Z,4.999999874e-05,2.397e-05,4,4,2.602999874e-05
SXPUSDT,2026-08-23T20:00Z,9.999999747e-05,-0.01080766,8,8,0.01090766
XVSUSDT,2026-08-23T20:00Z,9.999999747e-05,-0.00059901,8,8,0.0006990099975
ZESTUSDT,2026-08-23T20:00Z,4.999999874e-05,0.00033801,4,4,0.0002880100013
ZRXUSDT,2026-08-23T20:00Z,4.999999874e-05,-0.00023526,4,4,0.0002852599987
1000000BOBUSDT,2026-08-24T00:00Z,4.790000094e-05,5e-05,4,4,2.099999064e-06
ALLUSDT,2026-08-24T00:00Z,-0.0002714800066,-0.00043968,8,8,0.0001681999934
ANIMEUSDT,2026-08-24T00:00Z,4.999999874e-05,-2.539e-05,4,4,7.538999874e-05
ARXUSDT,2026-08-24T00:00Z,0.0003293199989,5e-05,4,4,0.0002793199989
ASRUSDT,2026-08-24T00:00Z,0.0001253700029,5e-05,4,4,7.537000293e-05
BDXNUSDT,2026-08-24T00:00Z,4.999999874e-05,0.0046011,4,4,0.004551100001
BNTUSDT,2026-08-24T00:00Z,9.999999747e-05,-0.00013565,8,8,0.0002356499975
BTWUSDT,2026-08-24T00:00Z,0.0003326500009,0.00079561,4,4,0.0004629599991
CAPUSDT,2026-08-24T00:00Z,4.999999874e-05,-0.00094881,4,4,0.0009988099987
CLANKERUSDT,2026-08-24T00:00Z,0.0001739400032,5e-05,4,4,0.0001239400032
CTRUSDT,2026-08-24T00:00Z,4.999999874e-05,0.00020821,4,4,0.0001582100013
CYBERUSDT,2026-08-24T00:00Z,4.999999874e-05,2.675e-05,4,4,2.324999874e-05
DATAIPUSDT,2026-08-24T00:00Z,-0.0003409500059,-0.00056876,4,4,0.0002278099941
GRVTUSDT,2026-08-24T00:00Z,-0.0001817599987,5e-05,4,4,0.0002317599987
ICXUSDT,2026-08-24T00:00Z,0.0002676500008,5e-05,4,4,0.0002176500008
KNCUSDT,2026-08-24T00:00Z,9.999999747e-05,-0.00051301,8,8,0.0006130099975
MAVIAUSDT,2026-08-24T00:00Z,4.999999874e-05,0.00055831,4,4,0.0005083100013
MTLUSDT,2026-08-24T00:00Z,9.999999747e-05,-2.079e-05,8,8,0.0001207899975
NMRUSDT,2026-08-24T00:00Z,4.999999874e-05,-0.00021259,4,4,0.0002625899987
OGUSDT,2026-08-24T00:00Z,4.999999874e-05,3.615e-05,4,4,1.384999874e-05
OUSDT,2026-08-24T00:00Z,4.999999874e-05,0.00012714,4,4,7.714000126e-05
PUMPBTCUSDT,2026-08-24T00:00Z,4.999999874e-05,0.00029844,4,4,0.0002484400013
REUSDT,2026-08-24T00:00Z,4.999999874e-05,-7.359e-05,4,4,0.0001235899987
RPLUSDT,2026-08-24T00:00Z,4.999999874e-05,-4.192e-05,4,4,9.191999874e-05
SONICUSDT,2026-08-24T00:00Z,5.830000009e-05,8.526e-05,4,4,2.695999991e-05
SPORTFUNUSDT,2026-08-24T00:00Z,6.928000221e-05,5e-05,4,4,1.928000221e-05
STEEMUSDT,2026-08-24T00:00Z,4.999999874e-05,-0.00033742,4,4,0.0003874199987
SUNUSDT,2026-08-24T00:00Z,1.936000081e-05,5e-05,4,4,3.063999919e-05
SUPERUSDT,2026-08-24T00:00Z,4.999999874e-05,2.397e-05,4,4,2.602999874e-05
SXPUSDT,2026-08-24T00:00Z,9.999999747e-05,-0.01080766,8,8,0.01090766
XVSUSDT,2026-08-24T00:00Z,9.999999747e-05,-0.00059901,8,8,0.0006990099975
ZESTUSDT,2026-08-24T00:00Z,4.999999874e-05,0.00033801,4,4,0.0002880100013
ZRXUSDT,2026-08-24T00:00Z,4.999999874e-05,-0.00023526,4,4,0.0002852599987
1000000BOBUSDT,2026-08-24T04:00Z,-0.0001120200031,5e-05,4,4,0.0001620200031
1000CHEEMSUSDT,2026-08-24T04:00Z,-3.37700003e-05,5e-05,4,4,8.37700003e-05
ALLUSDT,2026-08-24T04:00Z,-0.0002714800066,-0.00043968,8,8,0.0001681999934
ANIMEUSDT,2026-08-24T04:00Z,4.999999874e-05,-2.539e-05,4,4,7.538999874e-05
ARKUSDT,2026-08-24T04:00Z,-9.620000128e-06,5e-05,4,4,5.962000013e-05
ARXUSDT,2026-08-24T04:00Z,0.0001666400058,5e-05,4,4,0.0001166400058
BDXNUSDT,2026-08-24T04:00Z,4.999999874e-05,0.0046011,4,4,0.004551100001
BNTUSDT,2026-08-24T04:00Z,9.999999747e-05,-0.00013565,8,8,0.0002356499975
BTWUSDT,2026-08-24T04:00Z,0.0002767900005,0.00079561,4,4,0.0005188199995
CAPUSDT,2026-08-24T04:00Z,4.999999874e-05,-0.00094881,4,4,0.0009988099987
CTRUSDT,2026-08-24T04:00Z,4.999999874e-05,0.00020821,4,4,0.0001582100013
CYBERUSDT,2026-08-24T04:00Z,4.999999874e-05,2.675e-05,4,4,2.324999874e-05
DATAIPUSDT,2026-08-24T04:00Z,-0.0004204300058,-0.00056876,4,4,0.0001483299942
GRVTUSDT,2026-08-24T04:00Z,-0.0007943399833,5e-05,4,4,0.0008443399833
KNCUSDT,2026-08-24T04:00Z,9.999999747e-05,-0.00051301,8,8,0.0006130099975
MAVIAUSDT,2026-08-24T04:00Z,4.999999874e-05,0.00055831,4,4,0.0005083100013
MTLUSDT,2026-08-24T04:00Z,9.999999747e-05,-2.079e-05,8,8,0.0001207899975
NMRUSDT,2026-08-24T04:00Z,4.999999874e-05,-0.00021259,4,4,0.0002625899987
OGUSDT,2026-08-24T04:00Z,4.999999874e-05,3.615e-05,4,4,1.384999874e-05
OUSDT,2026-08-24T04:00Z,4.999999874e-05,0.00012714,4,4,7.714000126e-05
PUMPBTCUSDT,2026-08-24T04:00Z,0.0001382100018,0.00029844,4,4,0.0001602299982
REUSDT,2026-08-24T04:00Z,4.999999874e-05,-7.359e-05,4,4,0.0001235899987
RPLUSDT,2026-08-24T04:00Z,4.999999874e-05,-4.192e-05,4,4,9.191999874e-05
SONICUSDT,2026-08-24T04:00Z,9.472000238e-05,8.526e-05,4,4,9.46000238e-06
SPORTFUNUSDT,2026-08-24T04:00Z,5.444999988e-05,5e-05,4,4,4.44999988e-06
STEEMUSDT,2026-08-24T04:00Z,4.999999874e-05,-0.00033742,4,4,0.0003874199987
SUNUSDT,2026-08-24T04:00Z,-0.000412340014,5e-05,4,4,0.000462340014
SUPERUSDT,2026-08-24T04:00Z,4.999999874e-05,2.397e-05,4,4,2.602999874e-05
SXPUSDT,2026-08-24T04:00Z,9.999999747e-05,-0.01080766,8,8,0.01090766
XVSUSDT,2026-08-24T04:00Z,9.999999747e-05,-0.00059901,8,8,0.0006990099975
ZESTUSDT,2026-08-24T04:00Z,4.999999874e-05,0.00033801,4,4,0.0002880100013
ZRXUSDT,2026-08-24T04:00Z,4.999999874e-05,-0.00023526,4,4,0.0002852599987
BDXNUSDT,2026-08-24T08:00Z,4.999999874e-05,0.0046011,4,4,0.004551100001
SXPUSDT,2026-08-24T08:00Z,9.999999747e-05,-0.01080766,8,8,0.01090766
BDXNUSDT,2026-08-24T12:00Z,4.999999874e-05,0.0046011,4,4,0.004551100001
SXPUSDT,2026-08-24T12:00Z,9.999999747e-05,-0.01080766,8,8,0.01090766
BDXNUSDT,2026-08-24T16:00Z,4.999999874e-05,0.0046011,4,4,0.004551100001
SXPUSDT,2026-08-24T16:00Z,9.999999747e-05,-0.01080766,8,8,0.01090766
BDXNUSDT,2026-08-24T20:00Z,4.999999874e-05,0.0046011,4,4,0.004551100001
SXPUSDT,2026-08-24T20:00Z,9.999999747e-05,-0.01080766,8,8,0.01090766
BDXNUSDT,2026-08-25T00:00Z,4.999999874e-05,0.0046011,4,4,0.004551100001
SXPUSDT,2026-08-25T00:00Z,9.999999747e-05,-0.01080766,8,8,0.01090766
BDXNUSDT,2026-08-25T04:00Z,4.999999874e-05,0.0046011,4,4,0.004551100001
SXPUSDT,2026-08-25T04:00Z,9.999999747e-05,-0.01080766,8,8,0.01090766
BDXNUSDT,2026-08-25T08:00Z,4.999999874e-05,0.0046011,4,4,0.004551100001
SXPUSDT,2026-08-25T08:00Z,9.999999747e-05,-0.01080766,8,8,0.01090766
BDXNUSDT,2026-08-25T12:00Z,4.999999874e-05,0.0046011,4,4,0.004551100001
SXPUSDT,2026-08-25T12:00Z,9.999999747e-05,-0.01080766,8,8,0.01090766
BDXNUSDT,2026-08-25T16:00Z,4.999999874e-05,0.0046011,4,4,0.004551100001
SXPUSDT,2026-08-25T16:00Z,9.999999747e-05,-0.01080766,8,8,0.01090766
BDXNUSDT,2026-08-25T20:00Z,4.999999874e-05,0.0046011,4,4,0.004551100001
SXPUSDT,2026-08-25T20:00Z,9.999999747e-05,-0.01080766,8,8,0.01090766
BDXNUSDT,2026-08-26T00:00Z,4.999999874e-05,0.0046011,4,4,0.004551100001
SXPUSDT,2026-08-26T00:00Z,9.999999747e-05,-0.01080766,8,8,0.01090766
BDXNUSDT,2026-08-26T04:00Z,4.999999874e-05,0.0046011,4,4,0.004551100001
SXPUSDT,2026-08-26T04:00Z,9.999999747e-05,-0.01080766,8,8,0.01090766
BDXNUSDT,2026-08-26T08:00Z,4.999999874e-05,0.0046011,4,4,0.004551100001
SXPUSDT,2026-08-26T08:00Z,9.999999747e-05,-0.01080766,8,8,0.01090766
BDXNUSDT,2026-08-26T12:00Z,4.999999874e-05,0.0046011,4,4,0.004551100001
SXPUSDT,2026-08-26T12:00Z,9.999999747e-05,-0.01080766,8,8,0.01090766
BDXNUSDT,2026-08-26T16:00Z,4.999999874e-05,0.0046011,4,4,0.004551100001
SXPUSDT,2026-08-26T16:00Z,9.999999747e-05,-0.01080766,8,8,0.01090766
BDXNUSDT,2026-08-26T20:00Z,4.999999874e-05,0.0046011,4,4,0.004551100001
SXPUSDT,2026-08-26T20:00Z,9.999999747e-05,-0.01080766,8,8,0.01090766
BDXNUSDT,2026-08-27T00:00Z,4.999999874e-05,0.0046011,4,4,0.004551100001
SXPUSDT,2026-08-27T00:00Z,9.999999747e-05,-0.01080766,8,8,0.01090766
BDXNUSDT,2026-08-27T04:00Z,4.999999874e-05,0.0046011,4,4,0.004551100001
SXPUSDT,2026-08-27T04:00Z,9.999999747e-05,-0.01080766,8,8,0.01090766
BDXNUSDT,2026-08-27T08:00Z,4.999999874e-05,0.0046011,4,4,0.004551100001
SXPUSDT,2026-08-27T08:00Z,9.999999747e-05,-0.01080766,8,8,0.01090766
BDXNUSDT,2026-08-27T12:00Z,4.999999874e-05,0.0046011,4,4,0.004551100001
SXPUSDT,2026-08-27T12:00Z,9.999999747e-05,-0.01080766,8,8,0.01090766
BDXNUSDT,2026-08-27T16:00Z,4.999999874e-05,0.0046011,4,4,0.004551100001
SXPUSDT,2026-08-27T16:00Z,9.999999747e-05,-0.01080766,8,8,0.01090766
BDXNUSDT,2026-08-27T20:00Z,4.999999874e-05,0.0046011,4,4,0.004551100001
SXPUSDT,2026-08-27T20:00Z,9.999999747e-05,-0.01080766,8,8,0.01090766
BDXNUSDT,2026-08-28T00:00Z,4.999999874e-05,0.0046011,4,4,0.004551100001
SXPUSDT,2026-08-28T00:00Z,9.999999747e-05,-0.01080766,8,8,0.01090766
BDXNUSDT,2026-08-28T04:00Z,4.999999874e-05,0.0046011,4,4,0.004551100001
SXPUSDT,2026-08-28T04:00Z,9.999999747e-05,-0.01080766,8,8,0.01090766
BDXNUSDT,2026-08-28T08:00Z,4.999999874e-05,0.0046011,4,4,0.004551100001
SXPUSDT,2026-08-28T08:00Z,9.999999747e-05,-0.01080766,8,8,0.01090766
BDXNUSDT,2026-08-28T12:00Z,4.999999874e-05,0.0046011,4,4,0.004551100001
SXPUSDT,2026-08-28T12:00Z,9.999999747e-05,-0.01080766,8,8,0.01090766
BDXNUSDT,2026-08-28T16:00Z,4.999999874e-05,0.0046011,4,4,0.004551100001
SXPUSDT,2026-08-28T16:00Z,9.999999747e-05,-0.01080766,8,8,0.01090766
BDXNUSDT,2026-08-28T20:00Z,4.999999874e-05,0.0046011,4,4,0.004551100001
SXPUSDT,2026-08-28T20:00Z,9.999999747e-05,-0.01080766,8,8,0.01090766
BDXNUSDT,2026-08-29T00:00Z,4.999999874e-05,0.0046011,4,4,0.004551100001
SXPUSDT,2026-08-29T00:00Z,9.999999747e-05,-0.01080766,8,8,0.01090766
BDXNUSDT,2026-08-29T04:00Z,4.999999874e-05,0.0046011,4,4,0.004551100001
SXPUSDT,2026-08-29T04:00Z,9.999999747e-05,-0.01080766,8,8,0.01090766
BDXNUSDT,2026-08-29T08:00Z,4.999999874e-05,0.0046011,4,4,0.004551100001
SXPUSDT,2026-08-29T08:00Z,9.999999747e-05,-0.01080766,8,8,0.01090766
BDXNUSDT,2026-08-29T12:00Z,4.999999874e-05,0.0046011,4,4,0.004551100001
SXPUSDT,2026-08-29T12:00Z,9.999999747e-05,-0.01080766,8,8,0.01090766
BDXNUSDT,2026-08-29T16:00Z,4.999999874e-05,0.0046011,4,4,0.004551100001
SXPUSDT,2026-08-29T16:00Z,9.999999747e-05,-0.01080766,8,8,0.01090766
BDXNUSDT,2026-08-29T20:00Z,4.999999874e-05,0.0046011,4,4,0.004551100001
SXPUSDT,2026-08-29T20:00Z,9.999999747e-05,-0.01080766,8,8,0.01090766
BDXNUSDT,2026-08-30T00:00Z,4.999999874e-05,0.0046011,4,4,0.004551100001
SXPUSDT,2026-08-30T00:00Z,9.999999747e-05,-0.01080766,8,8,0.01090766
BDXNUSDT,2026-08-30T04:00Z,4.999999874e-05,0.0046011,4,4,0.004551100001
SXPUSDT,2026-08-30T04:00Z,9.999999747e-05,-0.01080766,8,8,0.01090766
BDXNUSDT,2026-08-30T08:00Z,4.999999874e-05,0.0046011,4,4,0.004551100001
SXPUSDT,2026-08-30T08:00Z,9.999999747e-05,-0.01080766,8,8,0.01090766
BDXNUSDT,2026-08-30T12:00Z,4.999999874e-05,0.0046011,4,4,0.004551100001
SXPUSDT,2026-08-30T12:00Z,9.999999747e-05,-0.01080766,8,8,0.01090766
BDXNUSDT,2026-08-30T16:00Z,4.999999874e-05,0.0046011,4,4,0.004551100001
SXPUSDT,2026-08-30T16:00Z,9.999999747e-05,-0.01080766,8,8,0.01090766
BDXNUSDT,2026-08-30T20:00Z,4.999999874e-05,0.0046011,4,4,0.004551100001
SXPUSDT,2026-08-30T20:00Z,9.999999747e-05,-0.01080766,8,8,0.01090766
BDXNUSDT,2026-08-31T00:00Z,4.999999874e-05,0.0046011,4,4,0.004551100001
SXPUSDT,2026-08-31T00:00Z,9.999999747e-05,-0.01080766,8,8,0.01090766
