category,unclosed_handle_idiom,file,line,scope,kind,mode,atomic_rename_in_scope,fsync_in_scope,readback_after_in_scope,sha_in_scope,text
B,False,/dev/shm/news2_2026-09-23/devices/continuous_combo.py,89,main,write_text,,True,False,[],"[(50, 'FILE(helper)'), (58, 'FILE(helper)'), (64, 'FILE(helper)'), (70, 'FILE(helper)'), (54, 'FILE(helper)'), (55, 'FILE(helper)')]","(out/'TARGET_RECEIPT.json').write_text(json.dumps(receipt,indent=2,allow_nan=False));print(json.dumps(receipt,indent=2))"
B,False,/dev/shm/news2_2026-09-23/devices/continuous_combo.py,79,main,np.savez_compressed,,True,False,[],"[(50, 'FILE(helper)'), (58, 'FILE(helper)'), (64, 'FILE(helper)'), (70, 'FILE(helper)'), (54, 'FILE(helper)'), (55, 'FILE(helper)')]","p=out/(policy+'.npz');tmp=p.with_suffix('.tmp.npz');np.savez_compressed(tmp,E_ts=a,symbols=syms,**result);tmp.replace(p)"
C,True,/dev/shm/news2_2026-09-23/devices/fix_d4_again.py,39,<module>,open-w,w,False,False,"[43, 43]",[],"open(MD, ""w"").write(t[:start] + new + t[end:])"
C,True,/dev/shm/news2_2026-09-23/devices/fix_d4_again.py,62,<module>,json.dump,,False,False,[],[],"json.dump(r, open(J, ""w""), indent=1)"
C,True,/dev/shm/news2_2026-09-23/devices/fix_d4_again.py,62,<module>,open-w,w,False,False,[],[],"json.dump(r, open(J, ""w""), indent=1)"
C,True,/dev/shm/news2_2026-09-23/devices/fix_diag2_text.py,31,<module>,open-w,w,False,False,"[35, 35]",[],"open(MD, ""w"").write(t.replace(old, new))"
C,True,/dev/shm/news2_2026-09-23/devices/fix_diag2_text.py,44,<module>,json.dump,,False,False,[],[],"json.dump(r, open(J, ""w""), indent=1)"
C,True,/dev/shm/news2_2026-09-23/devices/fix_diag2_text.py,44,<module>,open-w,w,False,False,[],[],"json.dump(r, open(J, ""w""), indent=1)"
C,True,/dev/shm/news2_2026-09-23/devices/fix_engine_mem.py,34,<module>,json.dump,,False,False,[],[],"json.dump(r, open(p, ""w""), indent=1)"
C,True,/dev/shm/news2_2026-09-23/devices/fix_engine_mem.py,34,<module>,open-w,w,False,False,[],[],"json.dump(r, open(p, ""w""), indent=1)"
C,True,/dev/shm/news2_2026-09-23/devices/free_approved.py,96,<module>,json.dump,,False,False,[],"[(75, 'FILE(helper)'), (72, 'FILE(helper)')]","json.dump(out, open(OUT, ""w""), indent=1)"
C,True,/dev/shm/news2_2026-09-23/devices/free_approved.py,96,<module>,open-w,w,False,False,[],"[(75, 'FILE(helper)'), (72, 'FILE(helper)')]","json.dump(out, open(OUT, ""w""), indent=1)"
C,False,/dev/shm/news2_2026-09-23/devices/nc_legs.py,78,main,np.savez_compressed,,False,False,[],"[(80, 'FILE(helper)'), (84, 'FILE(helper)'), (83, 'FILE(helper)'), (83, 'FILE(helper)'), (83, 'FILE(helper)'), (83, 'FILE(helper)')]","np.savez_compressed(out, E_ts=a, symbols=np.array(syms), KZ=KZ, Z24=Z24, ZFD=ZFD, WL=WL, ready=ready, LR=LRm, QV=QV, RN8=RN8)"
C,True,/dev/shm/news2_2026-09-23/devices/nc_legs.py,85,main,json.dump,,False,False,[],"[(80, 'FILE(helper)'), (84, 'FILE(helper)'), (83, 'FILE(helper)'), (83, 'FILE(helper)'), (83, 'FILE(helper)'), (83, 'FILE(helper)')]","json.dump(rec, open(os.path.join(os.path.dirname(out), ""NC_LEGS_RECEIPT.json""), ""w""), indent=1)"
C,True,/dev/shm/news2_2026-09-23/devices/nc_legs.py,85,main,open-w,w,False,False,[],"[(80, 'FILE(helper)'), (84, 'FILE(helper)'), (83, 'FILE(helper)'), (83, 'FILE(helper)'), (83, 'FILE(helper)'), (83, 'FILE(helper)')]","json.dump(rec, open(os.path.join(os.path.dirname(out), ""NC_LEGS_RECEIPT.json""), ""w""), indent=1)"
B,False,/dev/shm/news2_2026-09-23/devices/nc_p2_build.py,52,p1,np.savez,,True,False,[],"[(30, 'FILE(helper)'), (61, 'FILE(helper)'), (63, 'FILE(helper)')]","np.savez(o + "".tmp.npz"", anchor=np.array(rec[""anchor""], np.int64), mcount=np.array(rec[""mcount""], np.int64),"
B,True,/dev/shm/news2_2026-09-23/devices/nc_p2_build.py,61,p1,json.dump,,True,False,[],"[(30, 'FILE(helper)'), (61, 'FILE(helper)'), (63, 'FILE(helper)')]","json.dump({""shard"": k, ""nshard"": n, ""devices"": devices(), ""tree_receipt_sha256"": sha(f""{TREE}/PATCH_RECEIPT.json""), ""king_span"": H.KING_SPAN,"
B,True,/dev/shm/news2_2026-09-23/devices/nc_p2_build.py,63,p1,open-w,w,True,False,[],"[(30, 'FILE(helper)'), (61, 'FILE(helper)'), (63, 'FILE(helper)')]","""numpy"": np.__version__, ""npy_disable"": os.environ.get(""NPY_DISABLE_CPU_FEATURES""), ""sha256"": sha(o)}, open(o + "".json"", ""w""), indent=1)"
C,False,/dev/shm/news2_2026-09-23/devices/nc_p2_build.py,92,merge1,np.savez,,False,False,[],"[(74, 'FILE(helper)')]","np.savez(f""{OUT}/members_hist_all.npz"", anchors=A, off=np.concatenate([[0], np.cumsum([len(x) for x in m_all])]).astype(np.int64),"
C,False,/dev/shm/news2_2026-09-23/devices/nc_p2_build.py,106,merge1,np.savez,,False,False,[],"[(74, 'FILE(helper)')]","np.savez(f""{OUT}/p1_merged.npz"", **out)"
B,False,/dev/shm/news2_2026-09-23/devices/nc_p2_build.py,142,p2,np.savez,,True,False,[],"[(129, 'FILE(helper)'), (147, 'FILE(helper)'), (149, 'FILE(helper)')]","np.savez(o + "".tmp.npz"", anchor=np.array(out[""anchor""], np.int64), count=cnt,"
B,True,/dev/shm/news2_2026-09-23/devices/nc_p2_build.py,147,p2,json.dump,,True,False,[],"[(129, 'FILE(helper)'), (147, 'FILE(helper)'), (149, 'FILE(helper)')]","json.dump({""shard"": k, ""nshard"": n, ""devices"": devices(), ""tree_receipt_sha256"": sha(f""{TREE}/PATCH_RECEIPT.json""), ""mini_span"": H.MINI_SPAN,"
B,True,/dev/shm/news2_2026-09-23/devices/nc_p2_build.py,149,p2,open-w,w,True,False,[],"[(129, 'FILE(helper)'), (147, 'FILE(helper)'), (149, 'FILE(helper)')]","""npy_disable"": os.environ.get(""NPY_DISABLE_CPU_FEATURES""), ""sha256"": sha(o)}, open(o + "".json"", ""w""), indent=1)"
B,False,/dev/shm/news2_2026-09-23/devices/nc_p2_build.py,189,merge2,np.savez,,True,False,[],"[(192, 'FILE(helper)'), (193, 'FILE(helper)'), (159, 'FILE(helper)'), (194, 'FILE(helper)')]","np.savez(o + "".tmp.npz"", anchors=np.array(anc, np.int64), count=cnt, off=off, skip=np.array(skip), base_val=base_val, symbols=np.array(I.syms),"
B,True,/dev/shm/news2_2026-09-23/devices/nc_p2_build.py,196,merge2,json.dump,,True,False,[],"[(192, 'FILE(helper)'), (193, 'FILE(helper)'), (159, 'FILE(helper)'), (194, 'FILE(helper)')]","json.dump(rec, open(f""{W}/receipts/NC_FEATURES.json"", ""w""), indent=1)"
B,True,/dev/shm/news2_2026-09-23/devices/nc_p2_build.py,196,merge2,open-w,w,True,False,[],"[(192, 'FILE(helper)'), (193, 'FILE(helper)'), (159, 'FILE(helper)'), (194, 'FILE(helper)')]","json.dump(rec, open(f""{W}/receipts/NC_FEATURES.json"", ""w""), indent=1)"
C,True,/dev/shm/news2_2026-09-23/devices/news2_adapter_specs.py,21,<module>,json.dump,,False,False,[],"[(16, 'FILE(helper)'), (17, 'FILE(helper)'), (18, 'FILE(helper)')]","json.dump(spec, open(f""{W}/configs/ADAPTER_SPEC_NEWS2_s{seed}.json"", ""w""), indent=1)"
C,True,/dev/shm/news2_2026-09-23/devices/news2_adapter_specs.py,21,<module>,open-w,w,False,False,[],"[(16, 'FILE(helper)'), (17, 'FILE(helper)'), (18, 'FILE(helper)')]","json.dump(spec, open(f""{W}/configs/ADAPTER_SPEC_NEWS2_s{seed}.json"", ""w""), indent=1)"
C,True,/dev/shm/news2_2026-09-23/devices/news2_b8_tree_bitwise.py,154,main,json.dump,,False,False,[],"[(130, 'FILE(helper)'), (133, 'FILE(helper)'), (134, 'FILE(helper)'), (137, 'FILE(helper)'), (156, 'FILE(helper)')]","json.dump(rec, open(out_path, ""w""), indent=1)"
C,True,/dev/shm/news2_2026-09-23/devices/news2_b8_tree_bitwise.py,154,main,open-w,w,False,False,[],"[(130, 'FILE(helper)'), (133, 'FILE(helper)'), (134, 'FILE(helper)'), (137, 'FILE(helper)'), (156, 'FILE(helper)')]","json.dump(rec, open(out_path, ""w""), indent=1)"
B,False,/dev/shm/news2_2026-09-23/devices/news2_combo.py,75,main,write_text,,True,False,[],"[(32, 'FILE(helper)'), (45, 'FILE(helper)'), (51, 'FILE(helper)'), (37, 'FILE(helper)'), (38, 'FILE(helper)'), (66, 'FILE(helper)')]","(out / 'TARGET_RECEIPT.json').write_text(json.dumps(receipt, indent=2, allow_nan=False)); print(json.dumps({k: receipt[k] for k in ('seed', 'member_cells_outside_book_universe')}),"
B,False,/dev/shm/news2_2026-09-23/devices/news2_combo.py,61,main,np.savez_compressed,,True,False,[],"[(32, 'FILE(helper)'), (45, 'FILE(helper)'), (51, 'FILE(helper)'), (37, 'FILE(helper)'), (38, 'FILE(helper)'), (66, 'FILE(helper)')]","p = out / (policy + '.npz'); tmp = out / (policy + '.tmp.npz'); np.savez_compressed(tmp, E_ts=au, symbols=syms, **result); tmp.replace(p)"
C,True,/dev/shm/news2_2026-09-23/devices/news2_d14_resolution.py,118,selftest,json.dump,,False,False,[],"[(114, 'FILE(helper)'), (120, 'FILE(helper)')]","json.dump(rec, open(out_path, ""w""), indent=1)"
C,True,/dev/shm/news2_2026-09-23/devices/news2_d14_resolution.py,118,selftest,open-w,w,False,False,[],"[(114, 'FILE(helper)'), (120, 'FILE(helper)')]","json.dump(rec, open(out_path, ""w""), indent=1)"
C,True,/dev/shm/news2_2026-09-23/devices/news2_d14_resolution.py,177,main,json.dump,,False,False,[],"[(167, 'FILE(helper)'), (171, 'FILE(helper)'), (178, 'FILE(helper)')]","json.dump(rec, open(out_path, ""w""), indent=1)"
C,True,/dev/shm/news2_2026-09-23/devices/news2_d14_resolution.py,177,main,open-w,w,False,False,[],"[(167, 'FILE(helper)'), (171, 'FILE(helper)'), (178, 'FILE(helper)')]","json.dump(rec, open(out_path, ""w""), indent=1)"
C,True,/dev/shm/news2_2026-09-23/devices/news2_d7_resolution.py,118,main,json.dump,,False,False,[],"[(106, 'FILE(helper)'), (114, 'FILE(helper)'), (53, 'FILE(helper)'), (120, 'FILE(helper)')]","json.dump(rec, open(out_path, ""w""), indent=1)"
C,True,/dev/shm/news2_2026-09-23/devices/news2_d7_resolution.py,118,main,open-w,w,False,False,[],"[(106, 'FILE(helper)'), (114, 'FILE(helper)'), (53, 'FILE(helper)'), (120, 'FILE(helper)')]","json.dump(rec, open(out_path, ""w""), indent=1)"
C,False,/dev/shm/news2_2026-09-23/devices/news2_d7_rows_gate.py,142,main,open-w,w,False,False,[],"[(129, 'FILE(helper)'), (130, 'FILE(helper)'), (135, 'FILE(helper)'), (146, 'FILE(helper)')]","with open(out_path, ""w"") as f:"
C,False,/dev/shm/news2_2026-09-23/devices/news2_d7_rows_gate.py,143,main,json.dump,,False,False,[],"[(129, 'FILE(helper)'), (130, 'FILE(helper)'), (135, 'FILE(helper)'), (146, 'FILE(helper)')]","json.dump(rec, f, indent=1)"
C,True,/dev/shm/news2_2026-09-23/devices/news2_d7_signal_predictor.py,103,selftest,json.dump,,False,False,[],"[(99, 'FILE(helper)'), (105, 'FILE(helper)')]","json.dump(rec, open(out_path, ""w""), indent=1)"
C,True,/dev/shm/news2_2026-09-23/devices/news2_d7_signal_predictor.py,73,selftest,json.dump,,False,False,[],"[(99, 'FILE(helper)'), (105, 'FILE(helper)')]","json.dump({""VERDICT"": ""UNAVAILABLE(baseline not green)"", ""cells"": cells}, open(out_path, ""w""), indent=1)"
C,True,/dev/shm/news2_2026-09-23/devices/news2_d7_signal_predictor.py,103,selftest,open-w,w,False,False,[],"[(99, 'FILE(helper)'), (105, 'FILE(helper)')]","json.dump(rec, open(out_path, ""w""), indent=1)"
C,True,/dev/shm/news2_2026-09-23/devices/news2_d7_signal_predictor.py,73,selftest,open-w,w,False,False,[],"[(99, 'FILE(helper)'), (105, 'FILE(helper)')]","json.dump({""VERDICT"": ""UNAVAILABLE(baseline not green)"", ""cells"": cells}, open(out_path, ""w""), indent=1)"
C,True,/dev/shm/news2_2026-09-23/devices/news2_d7_signal_predictor.py,185,main,json.dump,,False,False,[],"[(168, 'FILE(helper)'), (173, 'FILE(helper)'), (174, 'FILE(helper)'), (187, 'FILE(helper)')]","json.dump(rec, open(a.out, ""w""), indent=1)"
C,True,/dev/shm/news2_2026-09-23/devices/news2_d7_signal_predictor.py,185,main,open-w,w,False,False,[],"[(168, 'FILE(helper)'), (173, 'FILE(helper)'), (174, 'FILE(helper)'), (187, 'FILE(helper)')]","json.dump(rec, open(a.out, ""w""), indent=1)"
C,False,/dev/shm/news2_2026-09-23/devices/news2_derive_chain.py,141,main,write_text,,False,False,[],"[(130, 'FILE(helper)'), (113, 'FILE(helper)'), (114, 'FILE(helper)'), (128, 'FILE(helper)')]","(out / ""CHAIN_DERIVE_RECEIPT.json"").write_text(json.dumps(rec, indent=1))"
C,False,/dev/shm/news2_2026-09-23/devices/news2_derive_chain.py,108,main,write_text,,False,False,[],"[(130, 'FILE(helper)'), (113, 'FILE(helper)'), (114, 'FILE(helper)'), (128, 'FILE(helper)')]",(out / dst_name).write_text(text)
C,False,/dev/shm/news2_2026-09-23/devices/news2_derive_chain.py,112,main,write_text,,False,False,[],"[(130, 'FILE(helper)'), (113, 'FILE(helper)'), (114, 'FILE(helper)'), (128, 'FILE(helper)')]","(out / (dst_name + "".diff"")).write_text(diff)"
C,False,/dev/shm/news2_2026-09-23/devices/news2_derive_chain.py,127,main,write_bytes,,False,False,[],"[(130, 'FILE(helper)'), (113, 'FILE(helper)'), (114, 'FILE(helper)'), (128, 'FILE(helper)')]",(out / name).write_bytes(s.read_bytes())
C,False,/dev/shm/news2_2026-09-23/devices/news2_derive_producer.py,465,main,shutil.copyfile,,False,False,[],"[(432, 'FILE(helper)'), (438, 'FILE(helper)'), (463, 'FILE(helper)'), (477, 'FILE(helper)'), (473, 'FILE(helper)')]","shutil.copyfile(srcs[""fea171/stable_trend_reference.py""], out / ""fea171/stable_trend_reference.py"")"
C,False,/dev/shm/news2_2026-09-23/devices/news2_derive_producer.py,494,main,write_text,,False,False,[],"[(432, 'FILE(helper)'), (438, 'FILE(helper)'), (463, 'FILE(helper)'), (477, 'FILE(helper)'), (473, 'FILE(helper)')]","(out / ""PATCH_RECEIPT.json"").write_text(json.dumps(rec, indent=1, ensure_ascii=False))"
C,False,/dev/shm/news2_2026-09-23/devices/news2_derive_producer.py,462,main,write_text,,False,False,[],"[(432, 'FILE(helper)'), (438, 'FILE(helper)'), (463, 'FILE(helper)'), (477, 'FILE(helper)'), (473, 'FILE(helper)')]",(out / name).write_text(P.text)
C,False,/dev/shm/news2_2026-09-23/devices/news2_derive_producer.py,472,main,shutil.copyfile,,False,False,[],"[(432, 'FILE(helper)'), (438, 'FILE(helper)'), (463, 'FILE(helper)'), (477, 'FILE(helper)'), (473, 'FILE(helper)')]","shutil.copyfile(src, out / ""fea171"" / extra)"
C,True,/dev/shm/news2_2026-09-23/devices/news2_diag1_score_ic.py,127,main,json.dump,,False,False,[],"[(93, 'FILE(helper)'), (83, 'FILE(helper)'), (96, 'FILE(helper)'), (150, 'FILE(helper)'), (150, 'FILE(helper)')]","json.dump(rec, open(out_json, ""w""), indent=1)"
C,True,/dev/shm/news2_2026-09-23/devices/news2_diag1_score_ic.py,127,main,open-w,w,False,False,[],"[(93, 'FILE(helper)'), (83, 'FILE(helper)'), (96, 'FILE(helper)'), (150, 'FILE(helper)'), (150, 'FILE(helper)')]","json.dump(rec, open(out_json, ""w""), indent=1)"
C,True,/dev/shm/news2_2026-09-23/devices/news2_diag1_score_ic.py,149,main,open-w,w,False,False,[],"[(93, 'FILE(helper)'), (83, 'FILE(helper)'), (96, 'FILE(helper)'), (150, 'FILE(helper)'), (150, 'FILE(helper)')]","open(out_md, ""w"").write(""\n"".join(L) + ""\n"")"
C,True,/dev/shm/news2_2026-09-23/devices/news2_diag2_pass2_reach.py,145,main,json.dump,,False,False,[],"[(130, 'FILE(helper)'), (178, 'FILE(helper)'), (178, 'FILE(helper)')]","json.dump(rec, open(out_json, ""w""), indent=1)"
C,True,/dev/shm/news2_2026-09-23/devices/news2_diag2_pass2_reach.py,145,main,open-w,w,False,False,[],"[(130, 'FILE(helper)'), (178, 'FILE(helper)'), (178, 'FILE(helper)')]","json.dump(rec, open(out_json, ""w""), indent=1)"
C,True,/dev/shm/news2_2026-09-23/devices/news2_diag2_pass2_reach.py,176,main,open-w,w,False,False,[],"[(130, 'FILE(helper)'), (178, 'FILE(helper)'), (178, 'FILE(helper)')]","open(out_md, ""w"").write(""\n"".join(L) + ""\n"")"
C,True,/dev/shm/news2_2026-09-23/devices/news2_env_gate.py,132,require,json.dump,,False,False,[],[],"json.dump(rec, open(receipt_path, ""w""), indent=1)"
C,True,/dev/shm/news2_2026-09-23/devices/news2_env_gate.py,132,require,open-w,w,False,False,[],[],"json.dump(rec, open(receipt_path, ""w""), indent=1)"
C,True,/dev/shm/news2_2026-09-23/devices/news2_env_gate.py,212,selftest,json.dump,,False,False,[],[],"json.dump(rec, open(out_path, ""w""), indent=1)"
C,True,/dev/shm/news2_2026-09-23/devices/news2_env_gate.py,212,selftest,open-w,w,False,False,[],[],"json.dump(rec, open(out_path, ""w""), indent=1)"
C,False,/dev/shm/news2_2026-09-23/devices/news2_export_models.py,143,main,shutil.copy2,,False,False,"[144, 152, 153, 161]","[(96, 'FILE(helper)'), (105, 'FILE(helper)'), (116, 'FILE(helper)'), (122, 'FILE(helper)'), (125, 'FILE(helper)'), (128, 'FILE(helper)')]","shutil.copy2(k26[0][""model_path""], f""{out}/slow2026.txt""); need(sha(f""{out}/slow2026.txt"") == k26[0][""model_sha256""], ""deploy King copy"")"
C,False,/dev/shm/news2_2026-09-23/devices/news2_export_models.py,151,main,np.savez,,False,False,"[152, 153, 161]","[(96, 'FILE(helper)'), (105, 'FILE(helper)'), (116, 'FILE(helper)'), (122, 'FILE(helper)'), (125, 'FILE(helper)'), (128, 'FILE(helper)')]","np.savez(npz, **{k: v.astype(np.float32) for k, v in Wt.items()}, mu=mu, sd_=sdv, alpha=np.float32(alpha), n_cols=np.int64(171), trained_through=np.int64(tt))"
C,True,/dev/shm/news2_2026-09-23/devices/news2_export_models.py,181,main,json.dump,,False,False,[],"[(96, 'FILE(helper)'), (105, 'FILE(helper)'), (116, 'FILE(helper)'), (122, 'FILE(helper)'), (125, 'FILE(helper)'), (128, 'FILE(helper)')]","json.dump(man, open(mpath, ""w""), indent=1)"
C,True,/dev/shm/news2_2026-09-23/devices/news2_export_models.py,181,main,open-w,w,False,False,[],"[(96, 'FILE(helper)'), (105, 'FILE(helper)'), (116, 'FILE(helper)'), (122, 'FILE(helper)'), (125, 'FILE(helper)'), (128, 'FILE(helper)')]","json.dump(man, open(mpath, ""w""), indent=1)"
C,True,/dev/shm/news2_2026-09-23/devices/news2_ext.py,78,<module>,json.dump,,False,False,[],"[(43, 'FILE(helper)'), (61, 'FILE(helper)'), (79, 'FILE(helper)')]","json.dump(rec, open(OUT, ""w""), indent=1, default=float)"
C,True,/dev/shm/news2_2026-09-23/devices/news2_ext.py,78,<module>,open-w,w,False,False,[],"[(43, 'FILE(helper)'), (61, 'FILE(helper)'), (79, 'FILE(helper)')]","json.dump(rec, open(OUT, ""w""), indent=1, default=float)"
C,True,/dev/shm/news2_2026-09-23/devices/news2_f10_oof_diff.py,150,main,json.dump,,False,False,[],"[(59, 'FILE(helper)'), (63, 'FILE(helper)')]","json.dump(rec, open(a.out, ""w""), indent=2)"
C,True,/dev/shm/news2_2026-09-23/devices/news2_f10_oof_diff.py,74,main,json.dump,,False,False,[],"[(59, 'FILE(helper)'), (63, 'FILE(helper)')]","json.dump(rec, open(a.out, ""w""), indent=2)"
C,True,/dev/shm/news2_2026-09-23/devices/news2_f10_oof_diff.py,84,main,json.dump,,False,False,[],"[(59, 'FILE(helper)'), (63, 'FILE(helper)')]","json.dump(rec, open(a.out, ""w""), indent=2); print(f""{a.label}_DIFF VERDICT=UNAVAILABLE""); return 2"
C,True,/dev/shm/news2_2026-09-23/devices/news2_f10_oof_diff.py,150,main,open-w,w,False,False,[],"[(59, 'FILE(helper)'), (63, 'FILE(helper)')]","json.dump(rec, open(a.out, ""w""), indent=2)"
C,True,/dev/shm/news2_2026-09-23/devices/news2_f10_oof_diff.py,74,main,open-w,w,False,False,[],"[(59, 'FILE(helper)'), (63, 'FILE(helper)')]","json.dump(rec, open(a.out, ""w""), indent=2)"
C,True,/dev/shm/news2_2026-09-23/devices/news2_f10_oof_diff.py,84,main,open-w,w,False,False,[],"[(59, 'FILE(helper)'), (63, 'FILE(helper)')]","json.dump(rec, open(a.out, ""w""), indent=2); print(f""{a.label}_DIFF VERDICT=UNAVAILABLE""); return 2"
C,True,/dev/shm/news2_2026-09-23/devices/news2_feature_panel_diff.py,226,main,json.dump,,False,False,[],"[(52, 'FILE(helper)'), (65, 'FILE(helper)')]","json.dump(rec, open(a.out, ""w""), indent=2)"
C,True,/dev/shm/news2_2026-09-23/devices/news2_feature_panel_diff.py,73,main,json.dump,,False,False,"[126, 126]","[(52, 'FILE(helper)'), (65, 'FILE(helper)')]","json.dump(rec, open(a.out, ""w""), indent=2); print(f""{a.label} VERDICT=UNAVAILABLE""); return 2"
C,True,/dev/shm/news2_2026-09-23/devices/news2_feature_panel_diff.py,81,main,json.dump,,False,False,"[126, 126]","[(52, 'FILE(helper)'), (65, 'FILE(helper)')]","json.dump(rec, open(a.out, ""w""), indent=2); print(f""{a.label} VERDICT=UNAVAILABLE axes""); return 2"
C,True,/dev/shm/news2_2026-09-23/devices/news2_feature_panel_diff.py,88,main,json.dump,,False,False,"[126, 126]","[(52, 'FILE(helper)'), (65, 'FILE(helper)')]","json.dump(rec, open(a.out, ""w""), indent=2); print(f""{a.label} VERDICT=UNAVAILABLE axis len""); return 2"
C,True,/dev/shm/news2_2026-09-23/devices/news2_feature_panel_diff.py,96,main,json.dump,,False,False,"[126, 126]","[(52, 'FILE(helper)'), (65, 'FILE(helper)')]","json.dump(rec, open(a.out, ""w""), indent=2); print(f""{a.label} VERDICT=UNAVAILABLE off/m""); return 2"
C,True,/dev/shm/news2_2026-09-23/devices/news2_feature_panel_diff.py,110,main,json.dump,,False,False,"[126, 126]","[(52, 'FILE(helper)'), (65, 'FILE(helper)')]","json.dump(rec, open(a.out, ""w""), indent=2); print(f""{a.label} VERDICT=UNAVAILABLE dup""); return 2"
C,True,/dev/shm/news2_2026-09-23/devices/news2_feature_panel_diff.py,121,main,json.dump,,False,False,"[126, 126]","[(52, 'FILE(helper)'), (65, 'FILE(helper)')]","json.dump(rec, open(a.out, ""w""), indent=2); print(f""{a.label} VERDICT=UNAVAILABLE""); return 2"
C,True,/dev/shm/news2_2026-09-23/devices/news2_feature_panel_diff.py,148,main,json.dump,,False,False,[],"[(52, 'FILE(helper)'), (65, 'FILE(helper)')]","json.dump(rec, open(a.out, ""w""), indent=2); print(f""{a.label} VERDICT=UNAVAILABLE ncol""); return 2"
C,True,/dev/shm/news2_2026-09-23/devices/news2_feature_panel_diff.py,226,main,open-w,w,False,False,[],"[(52, 'FILE(helper)'), (65, 'FILE(helper)')]","json.dump(rec, open(a.out, ""w""), indent=2)"
C,True,/dev/shm/news2_2026-09-23/devices/news2_feature_panel_diff.py,73,main,open-w,w,False,False,"[126, 126]","[(52, 'FILE(helper)'), (65, 'FILE(helper)')]","json.dump(rec, open(a.out, ""w""), indent=2); print(f""{a.label} VERDICT=UNAVAILABLE""); return 2"
C,True,/dev/shm/news2_2026-09-23/devices/news2_feature_panel_diff.py,81,main,open-w,w,False,False,"[126, 126]","[(52, 'FILE(helper)'), (65, 'FILE(helper)')]","json.dump(rec, open(a.out, ""w""), indent=2); print(f""{a.label} VERDICT=UNAVAILABLE axes""); return 2"
C,True,/dev/shm/news2_2026-09-23/devices/news2_feature_panel_diff.py,88,main,open-w,w,False,False,"[126, 126]","[(52, 'FILE(helper)'), (65, 'FILE(helper)')]","json.dump(rec, open(a.out, ""w""), indent=2); print(f""{a.label} VERDICT=UNAVAILABLE axis len""); return 2"
C,True,/dev/shm/news2_2026-09-23/devices/news2_feature_panel_diff.py,96,main,open-w,w,False,False,"[126, 126]","[(52, 'FILE(helper)'), (65, 'FILE(helper)')]","json.dump(rec, open(a.out, ""w""), indent=2); print(f""{a.label} VERDICT=UNAVAILABLE off/m""); return 2"
C,True,/dev/shm/news2_2026-09-23/devices/news2_feature_panel_diff.py,110,main,open-w,w,False,False,"[126, 126]","[(52, 'FILE(helper)'), (65, 'FILE(helper)')]","json.dump(rec, open(a.out, ""w""), indent=2); print(f""{a.label} VERDICT=UNAVAILABLE dup""); return 2"
C,True,/dev/shm/news2_2026-09-23/devices/news2_feature_panel_diff.py,121,main,open-w,w,False,False,"[126, 126]","[(52, 'FILE(helper)'), (65, 'FILE(helper)')]","json.dump(rec, open(a.out, ""w""), indent=2); print(f""{a.label} VERDICT=UNAVAILABLE""); return 2"
C,True,/dev/shm/news2_2026-09-23/devices/news2_feature_panel_diff.py,139,main,json.dump,,False,False,[],"[(52, 'FILE(helper)'), (65, 'FILE(helper)')]","json.dump(rec, open(a.out, ""w""), indent=2)"
C,True,/dev/shm/news2_2026-09-23/devices/news2_feature_panel_diff.py,148,main,open-w,w,False,False,[],"[(52, 'FILE(helper)'), (65, 'FILE(helper)')]","json.dump(rec, open(a.out, ""w""), indent=2); print(f""{a.label} VERDICT=UNAVAILABLE ncol""); return 2"
C,True,/dev/shm/news2_2026-09-23/devices/news2_feature_panel_diff.py,139,main,open-w,w,False,False,[],"[(52, 'FILE(helper)'), (65, 'FILE(helper)')]","json.dump(rec, open(a.out, ""w""), indent=2)"
C,True,/dev/shm/news2_2026-09-23/devices/news2_fund_ema_diff.py,158,main,json.dump,,False,False,[],"[(47, 'FILE(helper)')]","json.dump(rec, open(a.out, ""w""), indent=2)"
C,True,/dev/shm/news2_2026-09-23/devices/news2_fund_ema_diff.py,64,main,json.dump,,False,False,[],"[(47, 'FILE(helper)')]","json.dump(rec, open(a.out, ""w""), indent=2); print(""FUND_EMA VERDICT=UNAVAILABLE""); return 2"
C,True,/dev/shm/news2_2026-09-23/devices/news2_fund_ema_diff.py,158,main,open-w,w,False,False,[],"[(47, 'FILE(helper)')]","json.dump(rec, open(a.out, ""w""), indent=2)"
C,True,/dev/shm/news2_2026-09-23/devices/news2_fund_ema_diff.py,64,main,open-w,w,False,False,[],"[(47, 'FILE(helper)')]","json.dump(rec, open(a.out, ""w""), indent=2); print(""FUND_EMA VERDICT=UNAVAILABLE""); return 2"
C,True,/dev/shm/news2_2026-09-23/devices/news2_fund_ema_walk.py,326,main,json.dump,,False,False,[],"[(93, 'FILE(helper)'), (250, 'FILE(helper)'), (251, 'FILE(helper)'), (311, 'FILE(helper)'), (311, 'FILE(helper)')]","json.dump(rec, open(a.out, ""w""), indent=2)"
C,True,/dev/shm/news2_2026-09-23/devices/news2_fund_ema_walk.py,326,main,open-w,w,False,False,[],"[(93, 'FILE(helper)'), (250, 'FILE(helper)'), (251, 'FILE(helper)'), (311, 'FILE(helper)'), (311, 'FILE(helper)')]","json.dump(rec, open(a.out, ""w""), indent=2)"
C,True,/dev/shm/news2_2026-09-23/devices/news2_g13_vs_paneldiff.py,163,main,json.dump,,False,False,[],"[(48, 'FILE(helper)'), (54, 'FILE(helper)')]","json.dump(rec, open(a.out, ""w""), indent=2)"
C,True,/dev/shm/news2_2026-09-23/devices/news2_g13_vs_paneldiff.py,163,main,open-w,w,False,False,[],"[(48, 'FILE(helper)'), (54, 'FILE(helper)')]","json.dump(rec, open(a.out, ""w""), indent=2)"
C,False,/dev/shm/news2_2026-09-23/devices/news2_global_gate.py,269,main,open-w,w,False,False,[],"[(257, 'FILE(helper)'), (258, 'FILE(helper)'), (259, 'FILE(helper)'), (262, 'FILE(helper)'), (273, 'FILE(helper)')]","with open(out_path, ""w"") as f:"
C,False,/dev/shm/news2_2026-09-23/devices/news2_global_gate.py,270,main,json.dump,,False,False,[],"[(257, 'FILE(helper)'), (258, 'FILE(helper)'), (259, 'FILE(helper)'), (262, 'FILE(helper)'), (273, 'FILE(helper)')]","json.dump(rec, f, indent=1)"
C,False,/dev/shm/news2_2026-09-23/devices/news2_hist_features.py,167,replay_anchor,np.savez,,False,False,"[190, 190, 191]","[(193, 'FILE(helper)'), (193, 'FILE(helper)')]","np.savez(f""{MINI}/cache.npz"", ts=rts, data=RDm, symbols=sy_m, ch=_channels)"
C,False,/dev/shm/news2_2026-09-23/devices/news2_hist_features.py,168,replay_anchor,np.savez,,False,False,"[190, 190, 191]","[(193, 'FILE(helper)'), (193, 'FILE(helper)')]","np.savez(f""{MINI}/data/dlw_targets.npz"", E_row=np.array(e_rows), E_ts=rts[e_rows], members=ms_arr,"
C,False,/dev/shm/news2_2026-09-23/devices/news2_hist_features.py,179,replay_anchor,np.savez,,False,False,"[190, 190, 191]","[(193, 'FILE(helper)'), (193, 'FILE(helper)')]","np.savez(f""{mini_root}/xfer_panel_live.npz"", ts=rts[e_rows], f_fund_ema=fe, f_fund_now=fn)"
C,True,/dev/shm/news2_2026-09-23/devices/news2_hold_population_attr.py,302,main,json.dump,,False,False,[],"[(67, 'FILE(helper)'), (72, 'FILE(helper)'), (74, 'FILE(helper)'), (76, 'FILE(helper)'), (79, 'FILE(helper)')]","json.dump(rec, open(a.out, ""w""), indent=2)"
C,True,/dev/shm/news2_2026-09-23/devices/news2_hold_population_attr.py,151,main,json.dump,,False,False,[],"[(67, 'FILE(helper)'), (72, 'FILE(helper)'), (74, 'FILE(helper)'), (76, 'FILE(helper)'), (79, 'FILE(helper)')]","json.dump(rec, open(a.out, ""w""), indent=2); print(""HOLD_ATTR VERDICT=UNAVAILABLE""); return 2"
C,True,/dev/shm/news2_2026-09-23/devices/news2_hold_population_attr.py,161,main,json.dump,,False,False,[],"[(67, 'FILE(helper)'), (72, 'FILE(helper)'), (74, 'FILE(helper)'), (76, 'FILE(helper)'), (79, 'FILE(helper)')]","json.dump(rec, open(a.out, ""w""), indent=2); print(""HOLD_ATTR VERDICT=UNAVAILABLE axes""); return 2"
C,True,/dev/shm/news2_2026-09-23/devices/news2_hold_population_attr.py,302,main,open-w,w,False,False,[],"[(67, 'FILE(helper)'), (72, 'FILE(helper)'), (74, 'FILE(helper)'), (76, 'FILE(helper)'), (79, 'FILE(helper)')]","json.dump(rec, open(a.out, ""w""), indent=2)"
C,True,/dev/shm/news2_2026-09-23/devices/news2_hold_population_attr.py,151,main,open-w,w,False,False,[],"[(67, 'FILE(helper)'), (72, 'FILE(helper)'), (74, 'FILE(helper)'), (76, 'FILE(helper)'), (79, 'FILE(helper)')]","json.dump(rec, open(a.out, ""w""), indent=2); print(""HOLD_ATTR VERDICT=UNAVAILABLE""); return 2"
C,True,/dev/shm/news2_2026-09-23/devices/news2_hold_population_attr.py,161,main,open-w,w,False,False,[],"[(67, 'FILE(helper)'), (72, 'FILE(helper)'), (74, 'FILE(helper)'), (76, 'FILE(helper)'), (79, 'FILE(helper)')]","json.dump(rec, open(a.out, ""w""), indent=2); print(""HOLD_ATTR VERDICT=UNAVAILABLE axes""); return 2"
C,True,/dev/shm/news2_2026-09-23/devices/news2_iv_source_census.py,167,main,json.dump,,False,False,[],"[(62, 'FILE(helper)'), (74, 'FILE(helper)')]","json.dump(rec, open(a.out, ""w""), indent=2)"
C,True,/dev/shm/news2_2026-09-23/devices/news2_iv_source_census.py,167,main,open-w,w,False,False,[],"[(62, 'FILE(helper)'), (74, 'FILE(helper)')]","json.dump(rec, open(a.out, ""w""), indent=2)"
C,True,/dev/shm/news2_2026-09-23/devices/news2_iv_source_census2.py,192,main,json.dump,,False,False,[],"[(67, 'FILE(helper)'), (91, 'FILE(helper)'), (75, 'FILE(helper)'), (76, 'FILE(helper)')]","json.dump(rec, open(a.out, ""w""), indent=2)"
C,True,/dev/shm/news2_2026-09-23/devices/news2_iv_source_census2.py,192,main,open-w,w,False,False,[],"[(67, 'FILE(helper)'), (91, 'FILE(helper)'), (75, 'FILE(helper)'), (76, 'FILE(helper)')]","json.dump(rec, open(a.out, ""w""), indent=2)"
C,True,/dev/shm/news2_2026-09-23/devices/news2_king_ic_headtohead.py,171,main,json.dump,,False,False,[],"[(78, 'FILE(helper)'), (81, 'FILE(helper)')]","json.dump(rec, open(a.out, ""w""), indent=2)"
C,True,/dev/shm/news2_2026-09-23/devices/news2_king_ic_headtohead.py,100,main,json.dump,,False,False,[],"[(78, 'FILE(helper)'), (81, 'FILE(helper)')]","json.dump(rec, open(a.out, ""w""), indent=2); print(""KING_IC VERDICT=UNAVAILABLE axes""); return 2"
C,True,/dev/shm/news2_2026-09-23/devices/news2_king_ic_headtohead.py,113,main,json.dump,,False,False,[],"[(78, 'FILE(helper)'), (81, 'FILE(helper)')]","json.dump(rec, open(a.out, ""w""), indent=2); print(""KING_IC VERDICT=UNAVAILABLE""); return 2"
C,True,/dev/shm/news2_2026-09-23/devices/news2_king_ic_headtohead.py,171,main,open-w,w,False,False,[],"[(78, 'FILE(helper)'), (81, 'FILE(helper)')]","json.dump(rec, open(a.out, ""w""), indent=2)"
C,True,/dev/shm/news2_2026-09-23/devices/news2_king_ic_headtohead.py,100,main,open-w,w,False,False,[],"[(78, 'FILE(helper)'), (81, 'FILE(helper)')]","json.dump(rec, open(a.out, ""w""), indent=2); print(""KING_IC VERDICT=UNAVAILABLE axes""); return 2"
C,True,/dev/shm/news2_2026-09-23/devices/news2_king_ic_headtohead.py,113,main,open-w,w,False,False,[],"[(78, 'FILE(helper)'), (81, 'FILE(helper)')]","json.dump(rec, open(a.out, ""w""), indent=2); print(""KING_IC VERDICT=UNAVAILABLE""); return 2"
C,True,/dev/shm/news2_2026-09-23/devices/news2_king_p_same_members.py,160,main,json.dump,,False,False,[],"[(64, 'FILE(helper)'), (69, 'FILE(helper)')]","json.dump(rec, open(a.out, ""w""), indent=2)"
C,True,/dev/shm/news2_2026-09-23/devices/news2_king_p_same_members.py,81,main,json.dump,,False,False,[],"[(64, 'FILE(helper)'), (69, 'FILE(helper)')]","json.dump(rec, open(a.out, ""w""), indent=2); print(""KING_P_SAME_MEMBERS VERDICT=UNAVAILABLE""); return 2"
C,True,/dev/shm/news2_2026-09-23/devices/news2_king_p_same_members.py,160,main,open-w,w,False,False,[],"[(64, 'FILE(helper)'), (69, 'FILE(helper)')]","json.dump(rec, open(a.out, ""w""), indent=2)"
C,True,/dev/shm/news2_2026-09-23/devices/news2_king_p_same_members.py,81,main,open-w,w,False,False,[],"[(64, 'FILE(helper)'), (69, 'FILE(helper)')]","json.dump(rec, open(a.out, ""w""), indent=2); print(""KING_P_SAME_MEMBERS VERDICT=UNAVAILABLE""); return 2"
C,True,/dev/shm/news2_2026-09-23/devices/news2_king_refit_perturb.py,250,main,json.dump,,False,False,[],"[(130, 'FILE(helper)'), (135, 'FILE(helper)')]","json.dump(rec, open(a_.out, ""w""), indent=2)      # persist the red control before anything can crash"
C,True,/dev/shm/news2_2026-09-23/devices/news2_king_refit_perturb.py,274,main,json.dump,,False,False,[],"[(130, 'FILE(helper)'), (135, 'FILE(helper)')]","json.dump(rec, open(a_.out, ""w""), indent=2)"
C,True,/dev/shm/news2_2026-09-23/devices/news2_king_refit_perturb.py,245,main,json.dump,,False,False,[],"[(130, 'FILE(helper)'), (135, 'FILE(helper)')]","json.dump(rec, open(a_.out, ""w""), indent=2)"
C,True,/dev/shm/news2_2026-09-23/devices/news2_king_refit_perturb.py,250,main,open-w,w,False,False,[],"[(130, 'FILE(helper)'), (135, 'FILE(helper)')]","json.dump(rec, open(a_.out, ""w""), indent=2)      # persist the red control before anything can crash"
C,True,/dev/shm/news2_2026-09-23/devices/news2_king_refit_perturb.py,274,main,open-w,w,False,False,[],"[(130, 'FILE(helper)'), (135, 'FILE(helper)')]","json.dump(rec, open(a_.out, ""w""), indent=2)"
C,True,/dev/shm/news2_2026-09-23/devices/news2_king_refit_perturb.py,219,main,json.dump,,False,False,[],"[(130, 'FILE(helper)'), (135, 'FILE(helper)')]","json.dump(rec, open(a_.out, ""w""), indent=2)"
C,True,/dev/shm/news2_2026-09-23/devices/news2_king_refit_perturb.py,245,main,open-w,w,False,False,[],"[(130, 'FILE(helper)'), (135, 'FILE(helper)')]","json.dump(rec, open(a_.out, ""w""), indent=2)"
C,True,/dev/shm/news2_2026-09-23/devices/news2_king_refit_perturb.py,219,main,open-w,w,False,False,[],"[(130, 'FILE(helper)'), (135, 'FILE(helper)')]","json.dump(rec, open(a_.out, ""w""), indent=2)"
C,True,/dev/shm/news2_2026-09-23/devices/news2_legs_array_diff.py,198,main,json.dump,,False,False,[],"[(64, 'FILE(helper)'), (67, 'FILE(helper)')]","json.dump(rec, open(a.out, ""w""), indent=2)"
C,True,/dev/shm/news2_2026-09-23/devices/news2_legs_array_diff.py,79,main,json.dump,,False,False,[],"[(64, 'FILE(helper)'), (67, 'FILE(helper)')]","json.dump(rec, open(a.out, ""w""), indent=2)"
C,True,/dev/shm/news2_2026-09-23/devices/news2_legs_array_diff.py,89,main,json.dump,,False,False,[],"[(64, 'FILE(helper)'), (67, 'FILE(helper)')]","json.dump(rec, open(a.out, ""w""), indent=2); print(""LEG_ARRAY_DIFF VERDICT=UNAVAILABLE""); return 2"
C,True,/dev/shm/news2_2026-09-23/devices/news2_legs_array_diff.py,198,main,open-w,w,False,False,[],"[(64, 'FILE(helper)'), (67, 'FILE(helper)')]","json.dump(rec, open(a.out, ""w""), indent=2)"
C,True,/dev/shm/news2_2026-09-23/devices/news2_legs_array_diff.py,79,main,open-w,w,False,False,[],"[(64, 'FILE(helper)'), (67, 'FILE(helper)')]","json.dump(rec, open(a.out, ""w""), indent=2)"
C,True,/dev/shm/news2_2026-09-23/devices/news2_legs_array_diff.py,89,main,open-w,w,False,False,[],"[(64, 'FILE(helper)'), (67, 'FILE(helper)')]","json.dump(rec, open(a.out, ""w""), indent=2); print(""LEG_ARRAY_DIFF VERDICT=UNAVAILABLE""); return 2"
C,True,/dev/shm/news2_2026-09-23/devices/news2_legs_base_diff.py,113,main,json.dump,,False,False,[],"[(92, 'FILE(helper)'), (115, 'FILE(helper)')]","json.dump(rec, open(out_json, ""w""), indent=1)"
C,True,/dev/shm/news2_2026-09-23/devices/news2_legs_base_diff.py,113,main,open-w,w,False,False,[],"[(92, 'FILE(helper)'), (115, 'FILE(helper)')]","json.dump(rec, open(out_json, ""w""), indent=1)"
C,True,/dev/shm/news2_2026-09-23/devices/news2_legs_base_diff2.py,187,main,json.dump,,False,False,[],"[(57, 'FILE(helper)'), (66, 'FILE(helper)')]","json.dump(rec, open(a.out, ""w""), indent=2)"
C,True,/dev/shm/news2_2026-09-23/devices/news2_legs_base_diff2.py,86,main,json.dump,,False,False,[],"[(57, 'FILE(helper)'), (66, 'FILE(helper)')]","json.dump(rec, open(a.out, ""w""), indent=2)"
C,True,/dev/shm/news2_2026-09-23/devices/news2_legs_base_diff2.py,102,main,json.dump,,False,False,[],"[(57, 'FILE(helper)'), (66, 'FILE(helper)')]","json.dump(rec, open(a.out, ""w""), indent=2)"
C,True,/dev/shm/news2_2026-09-23/devices/news2_legs_base_diff2.py,187,main,open-w,w,False,False,[],"[(57, 'FILE(helper)'), (66, 'FILE(helper)')]","json.dump(rec, open(a.out, ""w""), indent=2)"
C,True,/dev/shm/news2_2026-09-23/devices/news2_legs_base_diff2.py,86,main,open-w,w,False,False,[],"[(57, 'FILE(helper)'), (66, 'FILE(helper)')]","json.dump(rec, open(a.out, ""w""), indent=2)"
C,True,/dev/shm/news2_2026-09-23/devices/news2_legs_base_diff2.py,102,main,open-w,w,False,False,[],"[(57, 'FILE(helper)'), (66, 'FILE(helper)')]","json.dump(rec, open(a.out, ""w""), indent=2)"
C,True,/dev/shm/news2_2026-09-23/devices/news2_make_configs.py,97,<module>,json.dump,,False,False,[],"[(61, 'FILE(helper)'), (64, 'FILE(helper)'), (65, 'FILE(helper)'), (98, 'FILE(helper)'), (102, 'FILE(helper)')]","op = os.path.join(OUTD, fn); json.dump(D, open(op, ""w""), indent=1, ensure_ascii=False)"
C,True,/dev/shm/news2_2026-09-23/devices/news2_make_configs.py,97,<module>,open-w,w,False,False,[],"[(61, 'FILE(helper)'), (64, 'FILE(helper)'), (65, 'FILE(helper)'), (98, 'FILE(helper)'), (102, 'FILE(helper)')]","op = os.path.join(OUTD, fn); json.dump(D, open(op, ""w""), indent=1, ensure_ascii=False)"
C,True,/dev/shm/news2_2026-09-23/devices/news2_make_configs.py,101,<module>,json.dump,,False,False,[],"[(61, 'FILE(helper)'), (64, 'FILE(helper)'), (65, 'FILE(helper)'), (98, 'FILE(helper)'), (102, 'FILE(helper)')]","json.dump(rec, open(DIFF, ""w""), indent=1, ensure_ascii=False)"
C,True,/dev/shm/news2_2026-09-23/devices/news2_make_configs.py,101,<module>,open-w,w,False,False,[],"[(61, 'FILE(helper)'), (64, 'FILE(helper)'), (65, 'FILE(helper)'), (98, 'FILE(helper)'), (102, 'FILE(helper)')]","json.dump(rec, open(DIFF, ""w""), indent=1, ensure_ascii=False)"
C,True,/dev/shm/news2_2026-09-23/devices/news2_member_diff_crypto_class.py,138,main,json.dump,,False,False,[],"[(44, 'FILE(helper)'), (50, 'FILE(helper)')]","json.dump(rec, open(a.out, ""w""), indent=2)"
C,True,/dev/shm/news2_2026-09-23/devices/news2_member_diff_crypto_class.py,138,main,open-w,w,False,False,[],"[(44, 'FILE(helper)'), (50, 'FILE(helper)')]","json.dump(rec, open(a.out, ""w""), indent=2)"
C,True,/dev/shm/news2_2026-09-23/devices/news2_member_diff_shape.py,175,main,json.dump,,False,False,[],"[(46, 'FILE(helper)')]","json.dump(rec, open(a.out, ""w""), indent=2)"
C,True,/dev/shm/news2_2026-09-23/devices/news2_member_diff_shape.py,112,main,json.dump,,False,False,[],"[(46, 'FILE(helper)')]","json.dump(rec, open(a.out, ""w""), indent=2); print(""MEMBER_DIFF VERDICT=UNAVAILABLE""); return 2"
C,True,/dev/shm/news2_2026-09-23/devices/news2_member_diff_shape.py,175,main,open-w,w,False,False,[],"[(46, 'FILE(helper)')]","json.dump(rec, open(a.out, ""w""), indent=2)"
C,True,/dev/shm/news2_2026-09-23/devices/news2_member_diff_shape.py,112,main,open-w,w,False,False,[],"[(46, 'FILE(helper)')]","json.dump(rec, open(a.out, ""w""), indent=2); print(""MEMBER_DIFF VERDICT=UNAVAILABLE""); return 2"
C,True,/dev/shm/news2_2026-09-23/devices/news2_nc_adapter.py,100,main,json.dump,,False,False,[102],"[(94, 'FILE'), (102, 'FILE')]","json.dump(rec, open(out_path, ""w""), indent=1)"
C,True,/dev/shm/news2_2026-09-23/devices/news2_nc_adapter.py,100,main,open-w,w,False,False,[102],"[(94, 'FILE'), (102, 'FILE')]","json.dump(rec, open(out_path, ""w""), indent=1)"
C,True,/dev/shm/news2_2026-09-23/devices/news2_nc_d7_gate.py,151,main,json.dump,,False,False,[],"[(137, 'FILE(helper)'), (141, 'FILE(helper)'), (143, 'FILE(helper)'), (154, 'FILE(helper)')]","json.dump(rec, open(out_path, ""w""), indent=1)"
C,True,/dev/shm/news2_2026-09-23/devices/news2_nc_d7_gate.py,151,main,open-w,w,False,False,[],"[(137, 'FILE(helper)'), (141, 'FILE(helper)'), (143, 'FILE(helper)'), (154, 'FILE(helper)')]","json.dump(rec, open(out_path, ""w""), indent=1)"
C,True,/dev/shm/news2_2026-09-23/devices/news2_nc_reach_gate.py,130,main,json.dump,,False,False,[133],"[(121, 'FILE(helper)'), (133, 'FILE(helper)')]","json.dump(rec, open(out_path, ""w""), indent=1)"
C,True,/dev/shm/news2_2026-09-23/devices/news2_nc_reach_gate.py,130,main,open-w,w,False,False,[133],"[(121, 'FILE(helper)'), (133, 'FILE(helper)')]","json.dump(rec, open(out_path, ""w""), indent=1)"
C,True,/dev/shm/news2_2026-09-23/devices/news2_render.py,164,main,open-w,w,False,False,[],"[(46, 'FILE(helper)'), (166, 'FILE(helper)'), (117, 'FILE(helper)'), (130, 'FILE(helper)'), (148, 'FILE(helper)')]","open(a.out, ""w"").write(""\n"".join(L) + ""\n"")"
C,True,/dev/shm/news2_2026-09-23/devices/news2_stage_inputs.py,85,fail,json.dump,,False,False,[],[],"json.dump(rec, open(out_path, ""w""), indent=1)"
C,True,/dev/shm/news2_2026-09-23/devices/news2_stage_inputs.py,85,fail,open-w,w,False,False,[],[],"json.dump(rec, open(out_path, ""w""), indent=1)"
C,True,/dev/shm/news2_2026-09-23/devices/news2_stage_inputs.py,251,main,json.dump,,False,False,[],"[(101, 'FILE(helper)'), (237, 'FILE(helper)'), (238, 'FILE(helper)'), (253, 'FILE(helper)')]","json.dump(rec, open(out_path, ""w""), indent=1)"
C,True,/dev/shm/news2_2026-09-23/devices/news2_stage_inputs.py,251,main,open-w,w,False,False,[],"[(101, 'FILE(helper)'), (237, 'FILE(helper)'), (238, 'FILE(helper)'), (253, 'FILE(helper)')]","json.dump(rec, open(out_path, ""w""), indent=1)"
C,False,/dev/shm/news2_2026-09-23/devices/news2_stage_inputs.py,236,main,shutil.copyfile,,False,False,"[244, 244]","[(101, 'FILE(helper)'), (237, 'FILE(helper)'), (238, 'FILE(helper)'), (253, 'FILE(helper)')]","shutil.copyfile(s, d); how = ""copy"""
B,True,/dev/shm/news2_2026-09-23/devices/news2_stats.py,275,main,json.dump,,True,False,[],"[(96, 'FILE(helper)'), (110, 'FILE(helper)'), (103, 'FILE(helper)'), (119, 'FILE(helper)'), (290, 'FILE(helper)'), (121, 'FILE(helper)')]","json.dump(rec, open(OUT + "".tmp"", ""w""), indent=1, default=float)"
B,True,/dev/shm/news2_2026-09-23/devices/news2_stats.py,169,main,json.dump,,True,False,[],"[(96, 'FILE(helper)'), (110, 'FILE(helper)'), (103, 'FILE(helper)'), (119, 'FILE(helper)'), (290, 'FILE(helper)'), (121, 'FILE(helper)')]","json.dump(rec, open(OUT, ""w""), indent=1)"
B,True,/dev/shm/news2_2026-09-23/devices/news2_stats.py,177,main,json.dump,,True,False,[],"[(96, 'FILE(helper)'), (110, 'FILE(helper)'), (103, 'FILE(helper)'), (119, 'FILE(helper)'), (290, 'FILE(helper)'), (121, 'FILE(helper)')]","json.dump(rec, open(OUT, ""w""), indent=1)"
B,True,/dev/shm/news2_2026-09-23/devices/news2_stats.py,275,main,open-w,w,True,False,[],"[(96, 'FILE(helper)'), (110, 'FILE(helper)'), (103, 'FILE(helper)'), (119, 'FILE(helper)'), (290, 'FILE(helper)'), (121, 'FILE(helper)')]","json.dump(rec, open(OUT + "".tmp"", ""w""), indent=1, default=float)"
B,True,/dev/shm/news2_2026-09-23/devices/news2_stats.py,169,main,open-w,w,True,False,[],"[(96, 'FILE(helper)'), (110, 'FILE(helper)'), (103, 'FILE(helper)'), (119, 'FILE(helper)'), (290, 'FILE(helper)'), (121, 'FILE(helper)')]","json.dump(rec, open(OUT, ""w""), indent=1)"
B,True,/dev/shm/news2_2026-09-23/devices/news2_stats.py,177,main,open-w,w,True,False,[],"[(96, 'FILE(helper)'), (110, 'FILE(helper)'), (103, 'FILE(helper)'), (119, 'FILE(helper)'), (290, 'FILE(helper)'), (121, 'FILE(helper)')]","json.dump(rec, open(OUT, ""w""), indent=1)"
C,True,/dev/shm/news2_2026-09-23/devices/news2_three_way_table.py,162,main,json.dump,,False,False,[],"[(101, 'FILE(helper)'), (151, 'FILE(helper)'), (201, 'FILE(helper)'), (201, 'FILE(helper)')]","json.dump(rec, open(out_json, ""w""), indent=1)"
C,True,/dev/shm/news2_2026-09-23/devices/news2_three_way_table.py,162,main,open-w,w,False,False,[],"[(101, 'FILE(helper)'), (151, 'FILE(helper)'), (201, 'FILE(helper)'), (201, 'FILE(helper)')]","json.dump(rec, open(out_json, ""w""), indent=1)"
C,True,/dev/shm/news2_2026-09-23/devices/news2_three_way_table.py,199,main,open-w,w,False,False,[],"[(101, 'FILE(helper)'), (151, 'FILE(helper)'), (201, 'FILE(helper)'), (201, 'FILE(helper)')]","open(out_md, ""w"").write(""\n"".join(L) + ""\n"")"
B,False,/dev/shm/news2_2026-09-23/devices/news2_train_f10.py,58,merge_folds,np.savez_compressed,,True,False,[],"[(59, 'FILE(helper)'), (54, 'FILE(helper)'), (54, 'FILE(helper)'), (57, 'FILE(helper)')]","tmp=out/'F10_OOF.tmp.npz';np.savez_compressed(tmp,P=pred,E_ts=a,symbols=symbols);tmp.replace(out/'F10_OOF.npz')"
B,False,/dev/shm/news2_2026-09-23/devices/news2_train_f10.py,60,merge_folds,write_text,,True,False,[],"[(59, 'FILE(helper)'), (54, 'FILE(helper)'), (54, 'FILE(helper)'), (57, 'FILE(helper)')]","tmp=out/'TRAIN_RECEIPT.tmp.json';tmp.write_text(json.dumps(rr,indent=2));tmp.replace(out/'TRAIN_RECEIPT.json')"
C,False,/dev/shm/news2_2026-09-23/devices/news2_train_f10.py,113,main,write_text,,False,False,[],"[(68, 'FILE(helper)'), (68, 'FILE(helper)'), (135, 'FILE(helper)'), (135, 'FILE(helper)'), (136, 'FILE(helper)'), (137, 'FILE(helper)')]","(target/'ADMISSION.json').write_text(json.dumps(admission,indent=2));log('F10 admission',args.seed,admission)"
C,False,/dev/shm/news2_2026-09-23/devices/news2_train_f10.py,132,main,torch.save,,False,False,[],"[(68, 'FILE(helper)'), (68, 'FILE(helper)'), (135, 'FILE(helper)'), (135, 'FILE(helper)'), (136, 'FILE(helper)'), (137, 'FILE(helper)')]","torch.save({'state_dict':model.state_dict(),'mu':mu,'sd':sd,'input_dim':171,'fixed_epoch_index':7},target/'model.pt')"
C,False,/dev/shm/news2_2026-09-23/devices/news2_train_f10.py,133,main,np.savez_compressed,,False,False,[],"[(68, 'FILE(helper)'), (68, 'FILE(helper)'), (135, 'FILE(helper)'), (135, 'FILE(helper)'), (136, 'FILE(helper)'), (137, 'FILE(helper)')]","np.savez_compressed(target/'scores.npz',P=pred,rows=te,E_ts=a[te],symbols=t['symbols']);allpred[te]=pred"
C,False,/dev/shm/news2_2026-09-23/devices/news2_train_f10.py,138,main,write_text,,False,False,[],"[(68, 'FILE(helper)'), (68, 'FILE(helper)'), (135, 'FILE(helper)'), (135, 'FILE(helper)'), (136, 'FILE(helper)'), (137, 'FILE(helper)')]","result.write_text(json.dumps(rr,indent=2,allow_nan=False));reports.append(rr);log('F10_FOLD_DONE',tag,args.seed)"
C,False,/dev/shm/news2_2026-09-23/devices/news2_train_f10.py,126,main,write_text,,False,False,[],"[(68, 'FILE(helper)'), (68, 'FILE(helper)'), (135, 'FILE(helper)'), (135, 'FILE(helper)'), (136, 'FILE(helper)'), (137, 'FILE(helper)')]","(target/'PROGRESS.json').write_text(json.dumps(curve,indent=2,allow_nan=False))"
C,False,/dev/shm/news2_2026-09-23/devices/news2_train_king.py,73,main,np.savez,,False,False,[],"[(58, 'FILE(helper)'), (76, 'FILE(helper)'), (33, 'FILE(helper)'), (33, 'FILE(helper)'), (75, 'FILE(helper)'), (75, 'FILE(helper)')]","np.savez(out / 'KING_OOF.npz', P=pred, E_ts=a, symbols=syms, model_sha256=model_id)"
C,False,/dev/shm/news2_2026-09-23/devices/news2_train_king.py,79,main,write_text,,False,False,[],"[(58, 'FILE(helper)'), (76, 'FILE(helper)'), (33, 'FILE(helper)'), (33, 'FILE(helper)'), (75, 'FILE(helper)'), (75, 'FILE(helper)')]","(out / 'TRAIN_RECEIPT.json').write_text(json.dumps(receipt, indent=2, allow_nan=False)); log('KING_DONE')"
C,False,/dev/shm/news2_2026-09-23/devices/news2_train_king.py,72,main,write_text,,False,False,[],"[(58, 'FILE(helper)'), (76, 'FILE(helper)'), (33, 'FILE(helper)'), (33, 'FILE(helper)'), (75, 'FILE(helper)'), (75, 'FILE(helper)')]","folds.append(rr); log(json.dumps(rr)); (out / 'PROGRESS.json').write_text(json.dumps(folds, indent=2, allow_nan=False))"
C,False,/dev/shm/news2_2026-09-23/devices/news2_tree_parity.py,79,dump,np.savez,,False,False,[],[],"np.savez(out_npz, **store)"
C,True,/dev/shm/news2_2026-09-23/devices/news2_tree_parity.py,151,main,json.dump,,False,False,[],"[(132, 'FILE(helper)'), (142, 'FILE(helper)'), (143, 'FILE(helper)'), (153, 'FILE(helper)')]","json.dump(rec, open(out_path, ""w""), indent=1)"
C,True,/dev/shm/news2_2026-09-23/devices/news2_tree_parity.py,151,main,open-w,w,False,False,[],"[(132, 'FILE(helper)'), (142, 'FILE(helper)'), (143, 'FILE(helper)'), (153, 'FILE(helper)')]","json.dump(rec, open(out_path, ""w""), indent=1)"
C,True,/dev/shm/news2_2026-09-23/devices/news2_tree_parity.py,102,main,json.dump,,False,False,[105],"[(132, 'FILE(helper)'), (142, 'FILE(helper)'), (143, 'FILE(helper)'), (153, 'FILE(helper)')]","json.dump({""VERDICT"": ""ERROR"", ""tree"": tree, ""rc"": r.returncode, ""stderr"": r.stderr[-4000:]},"
C,True,/dev/shm/news2_2026-09-23/devices/news2_tree_parity.py,103,main,open-w,w,False,False,[105],"[(132, 'FILE(helper)'), (142, 'FILE(helper)'), (143, 'FILE(helper)'), (153, 'FILE(helper)')]","open(out_path, ""w""), indent=1)"
C,False,/dev/shm/news2_2026-09-23/devices/news2_year_probe.py,159,main,open-w,w,False,False,[],"[(149, 'FILE(helper)'), (150, 'FILE(helper)'), (155, 'FILE(helper)'), (154, 'FILE(helper)'), (161, 'FILE(helper)')]","with open(out_path, ""w"") as f:"
C,False,/dev/shm/news2_2026-09-23/devices/news2_year_probe.py,160,main,json.dump,,False,False,[],"[(149, 'FILE(helper)'), (150, 'FILE(helper)'), (155, 'FILE(helper)'), (154, 'FILE(helper)'), (161, 'FILE(helper)')]","json.dump(rec, f, indent=1)"
C,True,/dev/shm/news2_2026-09-23/devices/probe_fundrows.py,68,<module>,open-w,w,False,False,[],[],"open(f""{W2}/receipts/A5_FUND_PANEL_HISTORICAL_ROWS.json"", ""w"").write(json.dumps(out, indent=1))"
C,True,/dev/shm/news2_2026-09-23/devices/shm_gate.py,47,main,json.dump,,False,False,[],[],"json.dump(rec, open(receipt, ""w""), indent=1)"
C,True,/dev/shm/news2_2026-09-23/devices/shm_gate.py,47,main,open-w,w,False,False,[],[],"json.dump(rec, open(receipt, ""w""), indent=1)"
B,False,/dev/shm/news2_2026-09-23/devices/train_f10.py,48,merge_folds,np.savez_compressed,,True,False,[],"[(49, 'FILE(helper)'), (44, 'FILE(helper)'), (44, 'FILE(helper)'), (47, 'FILE(helper)')]","tmp=out/'F10_OOF.tmp.npz';np.savez_compressed(tmp,P=pred,E_ts=a,symbols=symbols);tmp.replace(out/'F10_OOF.npz')"
B,False,/dev/shm/news2_2026-09-23/devices/train_f10.py,50,merge_folds,write_text,,True,False,[],"[(49, 'FILE(helper)'), (44, 'FILE(helper)'), (44, 'FILE(helper)'), (47, 'FILE(helper)')]","tmp=out/'TRAIN_RECEIPT.tmp.json';tmp.write_text(json.dumps(rr,indent=2));tmp.replace(out/'TRAIN_RECEIPT.json')"
C,False,/dev/shm/news2_2026-09-23/devices/train_f10.py,110,main,write_text,,False,False,[],"[(57, 'FILE(helper)'), (57, 'FILE(helper)'), (61, 'FILE(helper)'), (132, 'FILE(helper)'), (132, 'FILE(helper)'), (67, 'FILE(helper)')]","(target/'ADMISSION.json').write_text(json.dumps(admission,indent=2));log('F10 admission',args.seed,admission)"
C,False,/dev/shm/news2_2026-09-23/devices/train_f10.py,129,main,torch.save,,False,False,[],"[(57, 'FILE(helper)'), (57, 'FILE(helper)'), (61, 'FILE(helper)'), (132, 'FILE(helper)'), (132, 'FILE(helper)'), (67, 'FILE(helper)')]","torch.save({'state_dict':model.state_dict(),'mu':mu,'sd':sd,'input_dim':171,'fixed_epoch_index':7},target/'model.pt')"
C,False,/dev/shm/news2_2026-09-23/devices/train_f10.py,130,main,np.savez_compressed,,False,False,[],"[(57, 'FILE(helper)'), (57, 'FILE(helper)'), (61, 'FILE(helper)'), (132, 'FILE(helper)'), (132, 'FILE(helper)'), (67, 'FILE(helper)')]","np.savez_compressed(target/'scores.npz',P=pred,rows=te,E_ts=a[te],symbols=t['symbols']);allpred[te]=pred"
C,False,/dev/shm/news2_2026-09-23/devices/train_f10.py,135,main,write_text,,False,False,[],"[(57, 'FILE(helper)'), (57, 'FILE(helper)'), (61, 'FILE(helper)'), (132, 'FILE(helper)'), (132, 'FILE(helper)'), (67, 'FILE(helper)')]","result.write_text(json.dumps(rr,indent=2,allow_nan=False));reports.append(rr);log('F10_FOLD_DONE',tag,args.seed)"
C,False,/dev/shm/news2_2026-09-23/devices/train_f10.py,123,main,write_text,,False,False,[],"[(57, 'FILE(helper)'), (57, 'FILE(helper)'), (61, 'FILE(helper)'), (132, 'FILE(helper)'), (132, 'FILE(helper)'), (67, 'FILE(helper)')]","(target/'PROGRESS.json').write_text(json.dumps(curve,indent=2,allow_nan=False))"
C,False,/dev/shm/news2_2026-09-23/devices/train_king.py,45,main,np.savez,,False,False,[],"[(32, 'FILE(helper)'), (47, 'FILE(helper)'), (14, 'FILE(helper)'), (46, 'FILE(helper)'), (47, 'FILE(helper)'), (47, 'FILE(helper)')]","np.savez(out/'KING_OOF.npz',P=pred,E_ts=a,symbols=syms,model_sha256=model_id)"
C,False,/dev/shm/news2_2026-09-23/devices/train_king.py,48,main,write_text,,False,False,[],"[(32, 'FILE(helper)'), (47, 'FILE(helper)'), (14, 'FILE(helper)'), (46, 'FILE(helper)'), (47, 'FILE(helper)'), (47, 'FILE(helper)')]","(out/'TRAIN_RECEIPT.json').write_text(json.dumps(receipt,indent=2,allow_nan=False));log('KING_DONE')"
C,False,/dev/shm/news2_2026-09-23/devices/train_king.py,44,main,write_text,,False,False,[],"[(32, 'FILE(helper)'), (47, 'FILE(helper)'), (14, 'FILE(helper)'), (46, 'FILE(helper)'), (47, 'FILE(helper)'), (47, 'FILE(helper)')]","folds.append(rr);log(json.dumps(rr));(out/'PROGRESS.json').write_text(json.dumps(folds,indent=2,allow_nan=False))"
C,True,/dev/shm/news2_2026-09-23/devices/upstream_manifest.py,46,<module>,json.dump,,False,False,[],"[(27, 'FILE(helper)'), (31, 'FILE(helper)'), (34, 'FILE(helper)'), (36, 'EMPTY(update)')]","json.dump(rec, open(sys.argv[1], ""w""), indent=1)"
C,True,/dev/shm/news2_2026-09-23/devices/upstream_manifest.py,46,<module>,open-w,w,False,False,[],"[(27, 'FILE(helper)'), (31, 'FILE(helper)'), (34, 'FILE(helper)'), (36, 'EMPTY(update)')]","json.dump(rec, open(sys.argv[1], ""w""), indent=1)"
C,True,/dev/shm/news2_2026-09-23/devices/write_handoff.py,46,<module>,json.dump,,False,False,[],"[(36, 'FILE(helper)'), (47, 'FILE(helper)')]","json.dump(h, open(out, ""w""), indent=1)"
C,True,/dev/shm/news2_2026-09-23/devices/write_handoff.py,46,<module>,open-w,w,False,False,[],"[(36, 'FILE(helper)'), (47, 'FILE(helper)')]","json.dump(h, open(out, ""w""), indent=1)"
B,False,/dev/shm/pnoise_2026-09-24/devices/continuous_combo.py,89,main,write_text,,True,False,[],"[(50, 'FILE(helper)'), (58, 'FILE(helper)'), (64, 'FILE(helper)'), (70, 'FILE(helper)'), (54, 'FILE(helper)'), (55, 'FILE(helper)')]","(out/'TARGET_RECEIPT.json').write_text(json.dumps(receipt,indent=2,allow_nan=False));print(json.dumps(receipt,indent=2))"
B,False,/dev/shm/pnoise_2026-09-24/devices/continuous_combo.py,79,main,np.savez_compressed,,True,False,[],"[(50, 'FILE(helper)'), (58, 'FILE(helper)'), (64, 'FILE(helper)'), (70, 'FILE(helper)'), (54, 'FILE(helper)'), (55, 'FILE(helper)')]","p=out/(policy+'.npz');tmp=p.with_suffix('.tmp.npz');np.savez_compressed(tmp,E_ts=a,symbols=syms,**result);tmp.replace(p)"
C,True,/dev/shm/pnoise_2026-09-24/devices/fix_d4_again.py,39,<module>,open-w,w,False,False,"[43, 43]",[],"open(MD, ""w"").write(t[:start] + new + t[end:])"
C,True,/dev/shm/pnoise_2026-09-24/devices/fix_d4_again.py,62,<module>,json.dump,,False,False,[],[],"json.dump(r, open(J, ""w""), indent=1)"
C,True,/dev/shm/pnoise_2026-09-24/devices/fix_d4_again.py,62,<module>,open-w,w,False,False,[],[],"json.dump(r, open(J, ""w""), indent=1)"
C,True,/dev/shm/pnoise_2026-09-24/devices/fix_diag2_text.py,31,<module>,open-w,w,False,False,"[35, 35]",[],"open(MD, ""w"").write(t.replace(old, new))"
C,True,/dev/shm/pnoise_2026-09-24/devices/fix_diag2_text.py,44,<module>,json.dump,,False,False,[],[],"json.dump(r, open(J, ""w""), indent=1)"
C,True,/dev/shm/pnoise_2026-09-24/devices/fix_diag2_text.py,44,<module>,open-w,w,False,False,[],[],"json.dump(r, open(J, ""w""), indent=1)"
C,True,/dev/shm/pnoise_2026-09-24/devices/fix_engine_mem.py,34,<module>,json.dump,,False,False,[],[],"json.dump(r, open(p, ""w""), indent=1)"
C,True,/dev/shm/pnoise_2026-09-24/devices/fix_engine_mem.py,34,<module>,open-w,w,False,False,[],[],"json.dump(r, open(p, ""w""), indent=1)"
C,True,/dev/shm/pnoise_2026-09-24/devices/free_approved.py,96,<module>,json.dump,,False,False,[],"[(75, 'FILE(helper)'), (72, 'FILE(helper)')]","json.dump(out, open(OUT, ""w""), indent=1)"
C,True,/dev/shm/pnoise_2026-09-24/devices/free_approved.py,96,<module>,open-w,w,False,False,[],"[(75, 'FILE(helper)'), (72, 'FILE(helper)')]","json.dump(out, open(OUT, ""w""), indent=1)"
C,True,/dev/shm/pnoise_2026-09-24/devices/ladder_coverage_artifact.py,144,main,json.dump,,False,False,[],"[(49, 'FILE(helper)'), (53, 'FILE(helper)')]","json.dump(rec, open(a.out, ""w""), indent=2)"
C,True,/dev/shm/pnoise_2026-09-24/devices/ladder_coverage_artifact.py,144,main,open-w,w,False,False,[],"[(49, 'FILE(helper)'), (53, 'FILE(helper)')]","json.dump(rec, open(a.out, ""w""), indent=2)"
C,False,/dev/shm/pnoise_2026-09-24/devices/ladder_poscontrol_check.py,92,main,write_text,,False,False,[],"[(32, 'FILE(helper)'), (44, 'FILE(helper)'), (44, 'FILE(helper)')]","pathlib.Path(a.out).write_text(json.dumps(rec, indent=2))"
C,False,/dev/shm/pnoise_2026-09-24/devices/nc_legs.py,78,main,np.savez_compressed,,False,False,[],"[(80, 'FILE(helper)'), (84, 'FILE(helper)'), (83, 'FILE(helper)'), (83, 'FILE(helper)'), (83, 'FILE(helper)'), (83, 'FILE(helper)')]","np.savez_compressed(out, E_ts=a, symbols=np.array(syms), KZ=KZ, Z24=Z24, ZFD=ZFD, WL=WL, ready=ready, LR=LRm, QV=QV, RN8=RN8)"
C,True,/dev/shm/pnoise_2026-09-24/devices/nc_legs.py,85,main,json.dump,,False,False,[],"[(80, 'FILE(helper)'), (84, 'FILE(helper)'), (83, 'FILE(helper)'), (83, 'FILE(helper)'), (83, 'FILE(helper)'), (83, 'FILE(helper)')]","json.dump(rec, open(os.path.join(os.path.dirname(out), ""NC_LEGS_RECEIPT.json""), ""w""), indent=1)"
C,True,/dev/shm/pnoise_2026-09-24/devices/nc_legs.py,85,main,open-w,w,False,False,[],"[(80, 'FILE(helper)'), (84, 'FILE(helper)'), (83, 'FILE(helper)'), (83, 'FILE(helper)'), (83, 'FILE(helper)'), (83, 'FILE(helper)')]","json.dump(rec, open(os.path.join(os.path.dirname(out), ""NC_LEGS_RECEIPT.json""), ""w""), indent=1)"
B,False,/dev/shm/pnoise_2026-09-24/devices/nc_p2_build.py,52,p1,np.savez,,True,False,[],"[(30, 'FILE(helper)'), (61, 'FILE(helper)'), (63, 'FILE(helper)')]","np.savez(o + "".tmp.npz"", anchor=np.array(rec[""anchor""], np.int64), mcount=np.array(rec[""mcount""], np.int64),"
B,True,/dev/shm/pnoise_2026-09-24/devices/nc_p2_build.py,61,p1,json.dump,,True,False,[],"[(30, 'FILE(helper)'), (61, 'FILE(helper)'), (63, 'FILE(helper)')]","json.dump({""shard"": k, ""nshard"": n, ""devices"": devices(), ""tree_receipt_sha256"": sha(f""{TREE}/PATCH_RECEIPT.json""), ""king_span"": H.KING_SPAN,"
B,True,/dev/shm/pnoise_2026-09-24/devices/nc_p2_build.py,63,p1,open-w,w,True,False,[],"[(30, 'FILE(helper)'), (61, 'FILE(helper)'), (63, 'FILE(helper)')]","""numpy"": np.__version__, ""npy_disable"": os.environ.get(""NPY_DISABLE_CPU_FEATURES""), ""sha256"": sha(o)}, open(o + "".json"", ""w""), indent=1)"
C,False,/dev/shm/pnoise_2026-09-24/devices/nc_p2_build.py,92,merge1,np.savez,,False,False,[],"[(74, 'FILE(helper)')]","np.savez(f""{OUT}/members_hist_all.npz"", anchors=A, off=np.concatenate([[0], np.cumsum([len(x) for x in m_all])]).astype(np.int64),"
C,False,/dev/shm/pnoise_2026-09-24/devices/nc_p2_build.py,106,merge1,np.savez,,False,False,[],"[(74, 'FILE(helper)')]","np.savez(f""{OUT}/p1_merged.npz"", **out)"
B,False,/dev/shm/pnoise_2026-09-24/devices/nc_p2_build.py,142,p2,np.savez,,True,False,[],"[(129, 'FILE(helper)'), (147, 'FILE(helper)'), (149, 'FILE(helper)')]","np.savez(o + "".tmp.npz"", anchor=np.array(out[""anchor""], np.int64), count=cnt,"
B,True,/dev/shm/pnoise_2026-09-24/devices/nc_p2_build.py,147,p2,json.dump,,True,False,[],"[(129, 'FILE(helper)'), (147, 'FILE(helper)'), (149, 'FILE(helper)')]","json.dump({""shard"": k, ""nshard"": n, ""devices"": devices(), ""tree_receipt_sha256"": sha(f""{TREE}/PATCH_RECEIPT.json""), ""mini_span"": H.MINI_SPAN,"
B,True,/dev/shm/pnoise_2026-09-24/devices/nc_p2_build.py,149,p2,open-w,w,True,False,[],"[(129, 'FILE(helper)'), (147, 'FILE(helper)'), (149, 'FILE(helper)')]","""npy_disable"": os.environ.get(""NPY_DISABLE_CPU_FEATURES""), ""sha256"": sha(o)}, open(o + "".json"", ""w""), indent=1)"
B,False,/dev/shm/pnoise_2026-09-24/devices/nc_p2_build.py,189,merge2,np.savez,,True,False,[],"[(192, 'FILE(helper)'), (193, 'FILE(helper)'), (159, 'FILE(helper)'), (194, 'FILE(helper)')]","np.savez(o + "".tmp.npz"", anchors=np.array(anc, np.int64), count=cnt, off=off, skip=np.array(skip), base_val=base_val, symbols=np.array(I.syms),"
B,True,/dev/shm/pnoise_2026-09-24/devices/nc_p2_build.py,196,merge2,json.dump,,True,False,[],"[(192, 'FILE(helper)'), (193, 'FILE(helper)'), (159, 'FILE(helper)'), (194, 'FILE(helper)')]","json.dump(rec, open(f""{W}/receipts/NC_FEATURES.json"", ""w""), indent=1)"
B,True,/dev/shm/pnoise_2026-09-24/devices/nc_p2_build.py,196,merge2,open-w,w,True,False,[],"[(192, 'FILE(helper)'), (193, 'FILE(helper)'), (159, 'FILE(helper)'), (194, 'FILE(helper)')]","json.dump(rec, open(f""{W}/receipts/NC_FEATURES.json"", ""w""), indent=1)"
C,True,/dev/shm/pnoise_2026-09-24/devices/news2_adapter_specs.py,21,<module>,json.dump,,False,False,[],"[(16, 'FILE(helper)'), (17, 'FILE(helper)'), (18, 'FILE(helper)')]","json.dump(spec, open(f""{W}/configs/ADAPTER_SPEC_NEWS2_s{seed}.json"", ""w""), indent=1)"
C,True,/dev/shm/pnoise_2026-09-24/devices/news2_adapter_specs.py,21,<module>,open-w,w,False,False,[],"[(16, 'FILE(helper)'), (17, 'FILE(helper)'), (18, 'FILE(helper)')]","json.dump(spec, open(f""{W}/configs/ADAPTER_SPEC_NEWS2_s{seed}.json"", ""w""), indent=1)"
C,True,/dev/shm/pnoise_2026-09-24/devices/news2_b8_tree_bitwise.py,154,main,json.dump,,False,False,[],"[(130, 'FILE(helper)'), (133, 'FILE(helper)'), (134, 'FILE(helper)'), (137, 'FILE(helper)'), (156, 'FILE(helper)')]","json.dump(rec, open(out_path, ""w""), indent=1)"
C,True,/dev/shm/pnoise_2026-09-24/devices/news2_b8_tree_bitwise.py,154,main,open-w,w,False,False,[],"[(130, 'FILE(helper)'), (133, 'FILE(helper)'), (134, 'FILE(helper)'), (137, 'FILE(helper)'), (156, 'FILE(helper)')]","json.dump(rec, open(out_path, ""w""), indent=1)"
B,False,/dev/shm/pnoise_2026-09-24/devices/news2_combo.py,75,main,write_text,,True,False,[],"[(32, 'FILE(helper)'), (45, 'FILE(helper)'), (51, 'FILE(helper)'), (37, 'FILE(helper)'), (38, 'FILE(helper)'), (66, 'FILE(helper)')]","(out / 'TARGET_RECEIPT.json').write_text(json.dumps(receipt, indent=2, allow_nan=False)); print(json.dumps({k: receipt[k] for k in ('seed', 'member_cells_outside_book_universe')}),"
B,False,/dev/shm/pnoise_2026-09-24/devices/news2_combo.py,61,main,np.savez_compressed,,True,False,[],"[(32, 'FILE(helper)'), (45, 'FILE(helper)'), (51, 'FILE(helper)'), (37, 'FILE(helper)'), (38, 'FILE(helper)'), (66, 'FILE(helper)')]","p = out / (policy + '.npz'); tmp = out / (policy + '.tmp.npz'); np.savez_compressed(tmp, E_ts=au, symbols=syms, **result); tmp.replace(p)"
C,True,/dev/shm/pnoise_2026-09-24/devices/news2_d14_resolution.py,118,selftest,json.dump,,False,False,[],"[(114, 'FILE(helper)'), (120, 'FILE(helper)')]","json.dump(rec, open(out_path, ""w""), indent=1)"
C,True,/dev/shm/pnoise_2026-09-24/devices/news2_d14_resolution.py,118,selftest,open-w,w,False,False,[],"[(114, 'FILE(helper)'), (120, 'FILE(helper)')]","json.dump(rec, open(out_path, ""w""), indent=1)"
C,True,/dev/shm/pnoise_2026-09-24/devices/news2_d14_resolution.py,177,main,json.dump,,False,False,[],"[(167, 'FILE(helper)'), (171, 'FILE(helper)'), (178, 'FILE(helper)')]","json.dump(rec, open(out_path, ""w""), indent=1)"
C,True,/dev/shm/pnoise_2026-09-24/devices/news2_d14_resolution.py,177,main,open-w,w,False,False,[],"[(167, 'FILE(helper)'), (171, 'FILE(helper)'), (178, 'FILE(helper)')]","json.dump(rec, open(out_path, ""w""), indent=1)"
C,True,/dev/shm/pnoise_2026-09-24/devices/news2_d7_resolution.py,118,main,json.dump,,False,False,[],"[(106, 'FILE(helper)'), (114, 'FILE(helper)'), (53, 'FILE(helper)'), (120, 'FILE(helper)')]","json.dump(rec, open(out_path, ""w""), indent=1)"
C,True,/dev/shm/pnoise_2026-09-24/devices/news2_d7_resolution.py,118,main,open-w,w,False,False,[],"[(106, 'FILE(helper)'), (114, 'FILE(helper)'), (53, 'FILE(helper)'), (120, 'FILE(helper)')]","json.dump(rec, open(out_path, ""w""), indent=1)"
C,False,/dev/shm/pnoise_2026-09-24/devices/news2_d7_rows_gate.py,142,main,open-w,w,False,False,[],"[(129, 'FILE(helper)'), (130, 'FILE(helper)'), (135, 'FILE(helper)'), (146, 'FILE(helper)')]","with open(out_path, ""w"") as f:"
C,False,/dev/shm/pnoise_2026-09-24/devices/news2_d7_rows_gate.py,143,main,json.dump,,False,False,[],"[(129, 'FILE(helper)'), (130, 'FILE(helper)'), (135, 'FILE(helper)'), (146, 'FILE(helper)')]","json.dump(rec, f, indent=1)"
C,True,/dev/shm/pnoise_2026-09-24/devices/news2_d7_signal_predictor.py,103,selftest,json.dump,,False,False,[],"[(99, 'FILE(helper)'), (105, 'FILE(helper)')]","json.dump(rec, open(out_path, ""w""), indent=1)"
C,True,/dev/shm/pnoise_2026-09-24/devices/news2_d7_signal_predictor.py,73,selftest,json.dump,,False,False,[],"[(99, 'FILE(helper)'), (105, 'FILE(helper)')]","json.dump({""VERDICT"": ""UNAVAILABLE(baseline not green)"", ""cells"": cells}, open(out_path, ""w""), indent=1)"
C,True,/dev/shm/pnoise_2026-09-24/devices/news2_d7_signal_predictor.py,103,selftest,open-w,w,False,False,[],"[(99, 'FILE(helper)'), (105, 'FILE(helper)')]","json.dump(rec, open(out_path, ""w""), indent=1)"
C,True,/dev/shm/pnoise_2026-09-24/devices/news2_d7_signal_predictor.py,73,selftest,open-w,w,False,False,[],"[(99, 'FILE(helper)'), (105, 'FILE(helper)')]","json.dump({""VERDICT"": ""UNAVAILABLE(baseline not green)"", ""cells"": cells}, open(out_path, ""w""), indent=1)"
C,True,/dev/shm/pnoise_2026-09-24/devices/news2_d7_signal_predictor.py,185,main,json.dump,,False,False,[],"[(168, 'FILE(helper)'), (173, 'FILE(helper)'), (174, 'FILE(helper)'), (187, 'FILE(helper)')]","json.dump(rec, open(a.out, ""w""), indent=1)"
C,True,/dev/shm/pnoise_2026-09-24/devices/news2_d7_signal_predictor.py,185,main,open-w,w,False,False,[],"[(168, 'FILE(helper)'), (173, 'FILE(helper)'), (174, 'FILE(helper)'), (187, 'FILE(helper)')]","json.dump(rec, open(a.out, ""w""), indent=1)"
C,False,/dev/shm/pnoise_2026-09-24/devices/news2_derive_chain.py,141,main,write_text,,False,False,[],"[(130, 'FILE(helper)'), (113, 'FILE(helper)'), (114, 'FILE(helper)'), (128, 'FILE(helper)')]","(out / ""CHAIN_DERIVE_RECEIPT.json"").write_text(json.dumps(rec, indent=1))"
C,False,/dev/shm/pnoise_2026-09-24/devices/news2_derive_chain.py,108,main,write_text,,False,False,[],"[(130, 'FILE(helper)'), (113, 'FILE(helper)'), (114, 'FILE(helper)'), (128, 'FILE(helper)')]",(out / dst_name).write_text(text)
C,False,/dev/shm/pnoise_2026-09-24/devices/news2_derive_chain.py,112,main,write_text,,False,False,[],"[(130, 'FILE(helper)'), (113, 'FILE(helper)'), (114, 'FILE(helper)'), (128, 'FILE(helper)')]","(out / (dst_name + "".diff"")).write_text(diff)"
C,False,/dev/shm/pnoise_2026-09-24/devices/news2_derive_chain.py,127,main,write_bytes,,False,False,[],"[(130, 'FILE(helper)'), (113, 'FILE(helper)'), (114, 'FILE(helper)'), (128, 'FILE(helper)')]",(out / name).write_bytes(s.read_bytes())
C,False,/dev/shm/pnoise_2026-09-24/devices/news2_derive_producer.py,465,main,shutil.copyfile,,False,False,[],"[(432, 'FILE(helper)'), (438, 'FILE(helper)'), (463, 'FILE(helper)'), (477, 'FILE(helper)'), (473, 'FILE(helper)')]","shutil.copyfile(srcs[""fea171/stable_trend_reference.py""], out / ""fea171/stable_trend_reference.py"")"
C,False,/dev/shm/pnoise_2026-09-24/devices/news2_derive_producer.py,494,main,write_text,,False,False,[],"[(432, 'FILE(helper)'), (438, 'FILE(helper)'), (463, 'FILE(helper)'), (477, 'FILE(helper)'), (473, 'FILE(helper)')]","(out / ""PATCH_RECEIPT.json"").write_text(json.dumps(rec, indent=1, ensure_ascii=False))"
C,False,/dev/shm/pnoise_2026-09-24/devices/news2_derive_producer.py,462,main,write_text,,False,False,[],"[(432, 'FILE(helper)'), (438, 'FILE(helper)'), (463, 'FILE(helper)'), (477, 'FILE(helper)'), (473, 'FILE(helper)')]",(out / name).write_text(P.text)
C,False,/dev/shm/pnoise_2026-09-24/devices/news2_derive_producer.py,472,main,shutil.copyfile,,False,False,[],"[(432, 'FILE(helper)'), (438, 'FILE(helper)'), (463, 'FILE(helper)'), (477, 'FILE(helper)'), (473, 'FILE(helper)')]","shutil.copyfile(src, out / ""fea171"" / extra)"
C,True,/dev/shm/pnoise_2026-09-24/devices/news2_diag1_score_ic.py,127,main,json.dump,,False,False,[],"[(93, 'FILE(helper)'), (83, 'FILE(helper)'), (96, 'FILE(helper)'), (150, 'FILE(helper)'), (150, 'FILE(helper)')]","json.dump(rec, open(out_json, ""w""), indent=1)"
C,True,/dev/shm/pnoise_2026-09-24/devices/news2_diag1_score_ic.py,127,main,open-w,w,False,False,[],"[(93, 'FILE(helper)'), (83, 'FILE(helper)'), (96, 'FILE(helper)'), (150, 'FILE(helper)'), (150, 'FILE(helper)')]","json.dump(rec, open(out_json, ""w""), indent=1)"
C,True,/dev/shm/pnoise_2026-09-24/devices/news2_diag1_score_ic.py,149,main,open-w,w,False,False,[],"[(93, 'FILE(helper)'), (83, 'FILE(helper)'), (96, 'FILE(helper)'), (150, 'FILE(helper)'), (150, 'FILE(helper)')]","open(out_md, ""w"").write(""\n"".join(L) + ""\n"")"
C,True,/dev/shm/pnoise_2026-09-24/devices/news2_diag2_pass2_reach.py,145,main,json.dump,,False,False,[],"[(130, 'FILE(helper)'), (178, 'FILE(helper)'), (178, 'FILE(helper)')]","json.dump(rec, open(out_json, ""w""), indent=1)"
C,True,/dev/shm/pnoise_2026-09-24/devices/news2_diag2_pass2_reach.py,145,main,open-w,w,False,False,[],"[(130, 'FILE(helper)'), (178, 'FILE(helper)'), (178, 'FILE(helper)')]","json.dump(rec, open(out_json, ""w""), indent=1)"
C,True,/dev/shm/pnoise_2026-09-24/devices/news2_diag2_pass2_reach.py,176,main,open-w,w,False,False,[],"[(130, 'FILE(helper)'), (178, 'FILE(helper)'), (178, 'FILE(helper)')]","open(out_md, ""w"").write(""\n"".join(L) + ""\n"")"
C,True,/dev/shm/pnoise_2026-09-24/devices/news2_env_gate.py,132,require,json.dump,,False,False,[],[],"json.dump(rec, open(receipt_path, ""w""), indent=1)"
C,True,/dev/shm/pnoise_2026-09-24/devices/news2_env_gate.py,132,require,open-w,w,False,False,[],[],"json.dump(rec, open(receipt_path, ""w""), indent=1)"
C,True,/dev/shm/pnoise_2026-09-24/devices/news2_env_gate.py,212,selftest,json.dump,,False,False,[],[],"json.dump(rec, open(out_path, ""w""), indent=1)"
C,True,/dev/shm/pnoise_2026-09-24/devices/news2_env_gate.py,212,selftest,open-w,w,False,False,[],[],"json.dump(rec, open(out_path, ""w""), indent=1)"
C,False,/dev/shm/pnoise_2026-09-24/devices/news2_export_models.py,143,main,shutil.copy2,,False,False,"[144, 152, 153, 161]","[(96, 'FILE(helper)'), (105, 'FILE(helper)'), (116, 'FILE(helper)'), (122, 'FILE(helper)'), (125, 'FILE(helper)'), (128, 'FILE(helper)')]","shutil.copy2(k26[0][""model_path""], f""{out}/slow2026.txt""); need(sha(f""{out}/slow2026.txt"") == k26[0][""model_sha256""], ""deploy King copy"")"
C,False,/dev/shm/pnoise_2026-09-24/devices/news2_export_models.py,151,main,np.savez,,False,False,"[152, 153, 161]","[(96, 'FILE(helper)'), (105, 'FILE(helper)'), (116, 'FILE(helper)'), (122, 'FILE(helper)'), (125, 'FILE(helper)'), (128, 'FILE(helper)')]","np.savez(npz, **{k: v.astype(np.float32) for k, v in Wt.items()}, mu=mu, sd_=sdv, alpha=np.float32(alpha), n_cols=np.int64(171), trained_through=np.int64(tt))"
C,True,/dev/shm/pnoise_2026-09-24/devices/news2_export_models.py,181,main,json.dump,,False,False,[],"[(96, 'FILE(helper)'), (105, 'FILE(helper)'), (116, 'FILE(helper)'), (122, 'FILE(helper)'), (125, 'FILE(helper)'), (128, 'FILE(helper)')]","json.dump(man, open(mpath, ""w""), indent=1)"
C,True,/dev/shm/pnoise_2026-09-24/devices/news2_export_models.py,181,main,open-w,w,False,False,[],"[(96, 'FILE(helper)'), (105, 'FILE(helper)'), (116, 'FILE(helper)'), (122, 'FILE(helper)'), (125, 'FILE(helper)'), (128, 'FILE(helper)')]","json.dump(man, open(mpath, ""w""), indent=1)"
C,True,/dev/shm/pnoise_2026-09-24/devices/news2_ext.py,78,<module>,json.dump,,False,False,[],"[(43, 'FILE(helper)'), (61, 'FILE(helper)'), (79, 'FILE(helper)')]","json.dump(rec, open(OUT, ""w""), indent=1, default=float)"
C,True,/dev/shm/pnoise_2026-09-24/devices/news2_ext.py,78,<module>,open-w,w,False,False,[],"[(43, 'FILE(helper)'), (61, 'FILE(helper)'), (79, 'FILE(helper)')]","json.dump(rec, open(OUT, ""w""), indent=1, default=float)"
C,True,/dev/shm/pnoise_2026-09-24/devices/news2_f10_oof_diff.py,150,main,json.dump,,False,False,[],"[(59, 'FILE(helper)'), (63, 'FILE(helper)')]","json.dump(rec, open(a.out, ""w""), indent=2)"
C,True,/dev/shm/pnoise_2026-09-24/devices/news2_f10_oof_diff.py,74,main,json.dump,,False,False,[],"[(59, 'FILE(helper)'), (63, 'FILE(helper)')]","json.dump(rec, open(a.out, ""w""), indent=2)"
C,True,/dev/shm/pnoise_2026-09-24/devices/news2_f10_oof_diff.py,84,main,json.dump,,False,False,[],"[(59, 'FILE(helper)'), (63, 'FILE(helper)')]","json.dump(rec, open(a.out, ""w""), indent=2); print(f""{a.label}_DIFF VERDICT=UNAVAILABLE""); return 2"
C,True,/dev/shm/pnoise_2026-09-24/devices/news2_f10_oof_diff.py,150,main,open-w,w,False,False,[],"[(59, 'FILE(helper)'), (63, 'FILE(helper)')]","json.dump(rec, open(a.out, ""w""), indent=2)"
C,True,/dev/shm/pnoise_2026-09-24/devices/news2_f10_oof_diff.py,74,main,open-w,w,False,False,[],"[(59, 'FILE(helper)'), (63, 'FILE(helper)')]","json.dump(rec, open(a.out, ""w""), indent=2)"
C,True,/dev/shm/pnoise_2026-09-24/devices/news2_f10_oof_diff.py,84,main,open-w,w,False,False,[],"[(59, 'FILE(helper)'), (63, 'FILE(helper)')]","json.dump(rec, open(a.out, ""w""), indent=2); print(f""{a.label}_DIFF VERDICT=UNAVAILABLE""); return 2"
C,True,/dev/shm/pnoise_2026-09-24/devices/news2_feature_panel_diff.py,226,main,json.dump,,False,False,[],"[(52, 'FILE(helper)'), (65, 'FILE(helper)')]","json.dump(rec, open(a.out, ""w""), indent=2)"
C,True,/dev/shm/pnoise_2026-09-24/devices/news2_feature_panel_diff.py,73,main,json.dump,,False,False,"[126, 126]","[(52, 'FILE(helper)'), (65, 'FILE(helper)')]","json.dump(rec, open(a.out, ""w""), indent=2); print(f""{a.label} VERDICT=UNAVAILABLE""); return 2"
C,True,/dev/shm/pnoise_2026-09-24/devices/news2_feature_panel_diff.py,81,main,json.dump,,False,False,"[126, 126]","[(52, 'FILE(helper)'), (65, 'FILE(helper)')]","json.dump(rec, open(a.out, ""w""), indent=2); print(f""{a.label} VERDICT=UNAVAILABLE axes""); return 2"
C,True,/dev/shm/pnoise_2026-09-24/devices/news2_feature_panel_diff.py,88,main,json.dump,,False,False,"[126, 126]","[(52, 'FILE(helper)'), (65, 'FILE(helper)')]","json.dump(rec, open(a.out, ""w""), indent=2); print(f""{a.label} VERDICT=UNAVAILABLE axis len""); return 2"
C,True,/dev/shm/pnoise_2026-09-24/devices/news2_feature_panel_diff.py,96,main,json.dump,,False,False,"[126, 126]","[(52, 'FILE(helper)'), (65, 'FILE(helper)')]","json.dump(rec, open(a.out, ""w""), indent=2); print(f""{a.label} VERDICT=UNAVAILABLE off/m""); return 2"
C,True,/dev/shm/pnoise_2026-09-24/devices/news2_feature_panel_diff.py,110,main,json.dump,,False,False,"[126, 126]","[(52, 'FILE(helper)'), (65, 'FILE(helper)')]","json.dump(rec, open(a.out, ""w""), indent=2); print(f""{a.label} VERDICT=UNAVAILABLE dup""); return 2"
C,True,/dev/shm/pnoise_2026-09-24/devices/news2_feature_panel_diff.py,121,main,json.dump,,False,False,"[126, 126]","[(52, 'FILE(helper)'), (65, 'FILE(helper)')]","json.dump(rec, open(a.out, ""w""), indent=2); print(f""{a.label} VERDICT=UNAVAILABLE""); return 2"
C,True,/dev/shm/pnoise_2026-09-24/devices/news2_feature_panel_diff.py,148,main,json.dump,,False,False,[],"[(52, 'FILE(helper)'), (65, 'FILE(helper)')]","json.dump(rec, open(a.out, ""w""), indent=2); print(f""{a.label} VERDICT=UNAVAILABLE ncol""); return 2"
C,True,/dev/shm/pnoise_2026-09-24/devices/news2_feature_panel_diff.py,226,main,open-w,w,False,False,[],"[(52, 'FILE(helper)'), (65, 'FILE(helper)')]","json.dump(rec, open(a.out, ""w""), indent=2)"
C,True,/dev/shm/pnoise_2026-09-24/devices/news2_feature_panel_diff.py,73,main,open-w,w,False,False,"[126, 126]","[(52, 'FILE(helper)'), (65, 'FILE(helper)')]","json.dump(rec, open(a.out, ""w""), indent=2); print(f""{a.label} VERDICT=UNAVAILABLE""); return 2"
C,True,/dev/shm/pnoise_2026-09-24/devices/news2_feature_panel_diff.py,81,main,open-w,w,False,False,"[126, 126]","[(52, 'FILE(helper)'), (65, 'FILE(helper)')]","json.dump(rec, open(a.out, ""w""), indent=2); print(f""{a.label} VERDICT=UNAVAILABLE axes""); return 2"
C,True,/dev/shm/pnoise_2026-09-24/devices/news2_feature_panel_diff.py,88,main,open-w,w,False,False,"[126, 126]","[(52, 'FILE(helper)'), (65, 'FILE(helper)')]","json.dump(rec, open(a.out, ""w""), indent=2); print(f""{a.label} VERDICT=UNAVAILABLE axis len""); return 2"
C,True,/dev/shm/pnoise_2026-09-24/devices/news2_feature_panel_diff.py,96,main,open-w,w,False,False,"[126, 126]","[(52, 'FILE(helper)'), (65, 'FILE(helper)')]","json.dump(rec, open(a.out, ""w""), indent=2); print(f""{a.label} VERDICT=UNAVAILABLE off/m""); return 2"
C,True,/dev/shm/pnoise_2026-09-24/devices/news2_feature_panel_diff.py,110,main,open-w,w,False,False,"[126, 126]","[(52, 'FILE(helper)'), (65, 'FILE(helper)')]","json.dump(rec, open(a.out, ""w""), indent=2); print(f""{a.label} VERDICT=UNAVAILABLE dup""); return 2"
C,True,/dev/shm/pnoise_2026-09-24/devices/news2_feature_panel_diff.py,121,main,open-w,w,False,False,"[126, 126]","[(52, 'FILE(helper)'), (65, 'FILE(helper)')]","json.dump(rec, open(a.out, ""w""), indent=2); print(f""{a.label} VERDICT=UNAVAILABLE""); return 2"
C,True,/dev/shm/pnoise_2026-09-24/devices/news2_feature_panel_diff.py,139,main,json.dump,,False,False,[],"[(52, 'FILE(helper)'), (65, 'FILE(helper)')]","json.dump(rec, open(a.out, ""w""), indent=2)"
C,True,/dev/shm/pnoise_2026-09-24/devices/news2_feature_panel_diff.py,148,main,open-w,w,False,False,[],"[(52, 'FILE(helper)'), (65, 'FILE(helper)')]","json.dump(rec, open(a.out, ""w""), indent=2); print(f""{a.label} VERDICT=UNAVAILABLE ncol""); return 2"
C,True,/dev/shm/pnoise_2026-09-24/devices/news2_feature_panel_diff.py,139,main,open-w,w,False,False,[],"[(52, 'FILE(helper)'), (65, 'FILE(helper)')]","json.dump(rec, open(a.out, ""w""), indent=2)"
C,True,/dev/shm/pnoise_2026-09-24/devices/news2_fund_ema_diff.py,158,main,json.dump,,False,False,[],"[(47, 'FILE(helper)')]","json.dump(rec, open(a.out, ""w""), indent=2)"
C,True,/dev/shm/pnoise_2026-09-24/devices/news2_fund_ema_diff.py,64,main,json.dump,,False,False,[],"[(47, 'FILE(helper)')]","json.dump(rec, open(a.out, ""w""), indent=2); print(""FUND_EMA VERDICT=UNAVAILABLE""); return 2"
C,True,/dev/shm/pnoise_2026-09-24/devices/news2_fund_ema_diff.py,158,main,open-w,w,False,False,[],"[(47, 'FILE(helper)')]","json.dump(rec, open(a.out, ""w""), indent=2)"
C,True,/dev/shm/pnoise_2026-09-24/devices/news2_fund_ema_diff.py,64,main,open-w,w,False,False,[],"[(47, 'FILE(helper)')]","json.dump(rec, open(a.out, ""w""), indent=2); print(""FUND_EMA VERDICT=UNAVAILABLE""); return 2"
C,True,/dev/shm/pnoise_2026-09-24/devices/news2_fund_ema_walk.py,326,main,json.dump,,False,False,[],"[(93, 'FILE(helper)'), (250, 'FILE(helper)'), (251, 'FILE(helper)'), (311, 'FILE(helper)'), (311, 'FILE(helper)')]","json.dump(rec, open(a.out, ""w""), indent=2)"
C,True,/dev/shm/pnoise_2026-09-24/devices/news2_fund_ema_walk.py,326,main,open-w,w,False,False,[],"[(93, 'FILE(helper)'), (250, 'FILE(helper)'), (251, 'FILE(helper)'), (311, 'FILE(helper)'), (311, 'FILE(helper)')]","json.dump(rec, open(a.out, ""w""), indent=2)"
C,True,/dev/shm/pnoise_2026-09-24/devices/news2_g13_vs_paneldiff.py,163,main,json.dump,,False,False,[],"[(48, 'FILE(helper)'), (54, 'FILE(helper)')]","json.dump(rec, open(a.out, ""w""), indent=2)"
C,True,/dev/shm/pnoise_2026-09-24/devices/news2_g13_vs_paneldiff.py,163,main,open-w,w,False,False,[],"[(48, 'FILE(helper)'), (54, 'FILE(helper)')]","json.dump(rec, open(a.out, ""w""), indent=2)"
C,False,/dev/shm/pnoise_2026-09-24/devices/news2_global_gate.py,269,main,open-w,w,False,False,[],"[(257, 'FILE(helper)'), (258, 'FILE(helper)'), (259, 'FILE(helper)'), (262, 'FILE(helper)'), (273, 'FILE(helper)')]","with open(out_path, ""w"") as f:"
C,False,/dev/shm/pnoise_2026-09-24/devices/news2_global_gate.py,270,main,json.dump,,False,False,[],"[(257, 'FILE(helper)'), (258, 'FILE(helper)'), (259, 'FILE(helper)'), (262, 'FILE(helper)'), (273, 'FILE(helper)')]","json.dump(rec, f, indent=1)"
C,False,/dev/shm/pnoise_2026-09-24/devices/news2_hist_features.py,167,replay_anchor,np.savez,,False,False,"[190, 190, 191]","[(193, 'FILE(helper)'), (193, 'FILE(helper)')]","np.savez(f""{MINI}/cache.npz"", ts=rts, data=RDm, symbols=sy_m, ch=_channels)"
C,False,/dev/shm/pnoise_2026-09-24/devices/news2_hist_features.py,168,replay_anchor,np.savez,,False,False,"[190, 190, 191]","[(193, 'FILE(helper)'), (193, 'FILE(helper)')]","np.savez(f""{MINI}/data/dlw_targets.npz"", E_row=np.array(e_rows), E_ts=rts[e_rows], members=ms_arr,"
C,False,/dev/shm/pnoise_2026-09-24/devices/news2_hist_features.py,179,replay_anchor,np.savez,,False,False,"[190, 190, 191]","[(193, 'FILE(helper)'), (193, 'FILE(helper)')]","np.savez(f""{mini_root}/xfer_panel_live.npz"", ts=rts[e_rows], f_fund_ema=fe, f_fund_now=fn)"
C,True,/dev/shm/pnoise_2026-09-24/devices/news2_hold_population_attr.py,302,main,json.dump,,False,False,[],"[(67, 'FILE(helper)'), (72, 'FILE(helper)'), (74, 'FILE(helper)'), (76, 'FILE(helper)'), (79, 'FILE(helper)')]","json.dump(rec, open(a.out, ""w""), indent=2)"
C,True,/dev/shm/pnoise_2026-09-24/devices/news2_hold_population_attr.py,151,main,json.dump,,False,False,[],"[(67, 'FILE(helper)'), (72, 'FILE(helper)'), (74, 'FILE(helper)'), (76, 'FILE(helper)'), (79, 'FILE(helper)')]","json.dump(rec, open(a.out, ""w""), indent=2); print(""HOLD_ATTR VERDICT=UNAVAILABLE""); return 2"
C,True,/dev/shm/pnoise_2026-09-24/devices/news2_hold_population_attr.py,161,main,json.dump,,False,False,[],"[(67, 'FILE(helper)'), (72, 'FILE(helper)'), (74, 'FILE(helper)'), (76, 'FILE(helper)'), (79, 'FILE(helper)')]","json.dump(rec, open(a.out, ""w""), indent=2); print(""HOLD_ATTR VERDICT=UNAVAILABLE axes""); return 2"
C,True,/dev/shm/pnoise_2026-09-24/devices/news2_hold_population_attr.py,302,main,open-w,w,False,False,[],"[(67, 'FILE(helper)'), (72, 'FILE(helper)'), (74, 'FILE(helper)'), (76, 'FILE(helper)'), (79, 'FILE(helper)')]","json.dump(rec, open(a.out, ""w""), indent=2)"
C,True,/dev/shm/pnoise_2026-09-24/devices/news2_hold_population_attr.py,151,main,open-w,w,False,False,[],"[(67, 'FILE(helper)'), (72, 'FILE(helper)'), (74, 'FILE(helper)'), (76, 'FILE(helper)'), (79, 'FILE(helper)')]","json.dump(rec, open(a.out, ""w""), indent=2); print(""HOLD_ATTR VERDICT=UNAVAILABLE""); return 2"
C,True,/dev/shm/pnoise_2026-09-24/devices/news2_hold_population_attr.py,161,main,open-w,w,False,False,[],"[(67, 'FILE(helper)'), (72, 'FILE(helper)'), (74, 'FILE(helper)'), (76, 'FILE(helper)'), (79, 'FILE(helper)')]","json.dump(rec, open(a.out, ""w""), indent=2); print(""HOLD_ATTR VERDICT=UNAVAILABLE axes""); return 2"
C,True,/dev/shm/pnoise_2026-09-24/devices/news2_iv_source_census.py,167,main,json.dump,,False,False,[],"[(62, 'FILE(helper)'), (74, 'FILE(helper)')]","json.dump(rec, open(a.out, ""w""), indent=2)"
C,True,/dev/shm/pnoise_2026-09-24/devices/news2_iv_source_census.py,167,main,open-w,w,False,False,[],"[(62, 'FILE(helper)'), (74, 'FILE(helper)')]","json.dump(rec, open(a.out, ""w""), indent=2)"
C,True,/dev/shm/pnoise_2026-09-24/devices/news2_iv_source_census2.py,192,main,json.dump,,False,False,[],"[(67, 'FILE(helper)'), (91, 'FILE(helper)'), (75, 'FILE(helper)'), (76, 'FILE(helper)')]","json.dump(rec, open(a.out, ""w""), indent=2)"
C,True,/dev/shm/pnoise_2026-09-24/devices/news2_iv_source_census2.py,192,main,open-w,w,False,False,[],"[(67, 'FILE(helper)'), (91, 'FILE(helper)'), (75, 'FILE(helper)'), (76, 'FILE(helper)')]","json.dump(rec, open(a.out, ""w""), indent=2)"
C,True,/dev/shm/pnoise_2026-09-24/devices/news2_king_ic_headtohead.py,171,main,json.dump,,False,False,[],"[(78, 'FILE(helper)'), (81, 'FILE(helper)')]","json.dump(rec, open(a.out, ""w""), indent=2)"
C,True,/dev/shm/pnoise_2026-09-24/devices/news2_king_ic_headtohead.py,100,main,json.dump,,False,False,[],"[(78, 'FILE(helper)'), (81, 'FILE(helper)')]","json.dump(rec, open(a.out, ""w""), indent=2); print(""KING_IC VERDICT=UNAVAILABLE axes""); return 2"
C,True,/dev/shm/pnoise_2026-09-24/devices/news2_king_ic_headtohead.py,113,main,json.dump,,False,False,[],"[(78, 'FILE(helper)'), (81, 'FILE(helper)')]","json.dump(rec, open(a.out, ""w""), indent=2); print(""KING_IC VERDICT=UNAVAILABLE""); return 2"
C,True,/dev/shm/pnoise_2026-09-24/devices/news2_king_ic_headtohead.py,171,main,open-w,w,False,False,[],"[(78, 'FILE(helper)'), (81, 'FILE(helper)')]","json.dump(rec, open(a.out, ""w""), indent=2)"
C,True,/dev/shm/pnoise_2026-09-24/devices/news2_king_ic_headtohead.py,100,main,open-w,w,False,False,[],"[(78, 'FILE(helper)'), (81, 'FILE(helper)')]","json.dump(rec, open(a.out, ""w""), indent=2); print(""KING_IC VERDICT=UNAVAILABLE axes""); return 2"
C,True,/dev/shm/pnoise_2026-09-24/devices/news2_king_ic_headtohead.py,113,main,open-w,w,False,False,[],"[(78, 'FILE(helper)'), (81, 'FILE(helper)')]","json.dump(rec, open(a.out, ""w""), indent=2); print(""KING_IC VERDICT=UNAVAILABLE""); return 2"
C,True,/dev/shm/pnoise_2026-09-24/devices/news2_king_p_same_members.py,160,main,json.dump,,False,False,[],"[(64, 'FILE(helper)'), (69, 'FILE(helper)')]","json.dump(rec, open(a.out, ""w""), indent=2)"
C,True,/dev/shm/pnoise_2026-09-24/devices/news2_king_p_same_members.py,81,main,json.dump,,False,False,[],"[(64, 'FILE(helper)'), (69, 'FILE(helper)')]","json.dump(rec, open(a.out, ""w""), indent=2); print(""KING_P_SAME_MEMBERS VERDICT=UNAVAILABLE""); return 2"
C,True,/dev/shm/pnoise_2026-09-24/devices/news2_king_p_same_members.py,160,main,open-w,w,False,False,[],"[(64, 'FILE(helper)'), (69, 'FILE(helper)')]","json.dump(rec, open(a.out, ""w""), indent=2)"
C,True,/dev/shm/pnoise_2026-09-24/devices/news2_king_p_same_members.py,81,main,open-w,w,False,False,[],"[(64, 'FILE(helper)'), (69, 'FILE(helper)')]","json.dump(rec, open(a.out, ""w""), indent=2); print(""KING_P_SAME_MEMBERS VERDICT=UNAVAILABLE""); return 2"
C,True,/dev/shm/pnoise_2026-09-24/devices/news2_king_refit_perturb.py,250,main,json.dump,,False,False,[],"[(130, 'FILE(helper)'), (135, 'FILE(helper)')]","json.dump(rec, open(a_.out, ""w""), indent=2)      # persist the red control before anything can crash"
C,True,/dev/shm/pnoise_2026-09-24/devices/news2_king_refit_perturb.py,280,main,json.dump,,False,False,[],"[(130, 'FILE(helper)'), (135, 'FILE(helper)')]","json.dump(rec, open(a_.out, ""w""), indent=2)"
C,True,/dev/shm/pnoise_2026-09-24/devices/news2_king_refit_perturb.py,245,main,json.dump,,False,False,[],"[(130, 'FILE(helper)'), (135, 'FILE(helper)')]","json.dump(rec, open(a_.out, ""w""), indent=2)"
C,True,/dev/shm/pnoise_2026-09-24/devices/news2_king_refit_perturb.py,250,main,open-w,w,False,False,[],"[(130, 'FILE(helper)'), (135, 'FILE(helper)')]","json.dump(rec, open(a_.out, ""w""), indent=2)      # persist the red control before anything can crash"
C,True,/dev/shm/pnoise_2026-09-24/devices/news2_king_refit_perturb.py,280,main,open-w,w,False,False,[],"[(130, 'FILE(helper)'), (135, 'FILE(helper)')]","json.dump(rec, open(a_.out, ""w""), indent=2)"
C,True,/dev/shm/pnoise_2026-09-24/devices/news2_king_refit_perturb.py,219,main,json.dump,,False,False,[],"[(130, 'FILE(helper)'), (135, 'FILE(helper)')]","json.dump(rec, open(a_.out, ""w""), indent=2)"
C,True,/dev/shm/pnoise_2026-09-24/devices/news2_king_refit_perturb.py,245,main,open-w,w,False,False,[],"[(130, 'FILE(helper)'), (135, 'FILE(helper)')]","json.dump(rec, open(a_.out, ""w""), indent=2)"
C,False,/dev/shm/pnoise_2026-09-24/devices/news2_king_refit_perturb.py,277,main,np.savez,,False,False,[],"[(130, 'FILE(helper)'), (135, 'FILE(helper)')]","np.savez(os.path.join(dump, ""REFIT_P_%s.npz"" % _arm), P=_P, E_ts=a, symbols=syms)"
C,True,/dev/shm/pnoise_2026-09-24/devices/news2_king_refit_perturb.py,219,main,open-w,w,False,False,[],"[(130, 'FILE(helper)'), (135, 'FILE(helper)')]","json.dump(rec, open(a_.out, ""w""), indent=2)"
C,True,/dev/shm/pnoise_2026-09-24/devices/news2_legs_array_diff.py,198,main,json.dump,,False,False,[],"[(64, 'FILE(helper)'), (67, 'FILE(helper)')]","json.dump(rec, open(a.out, ""w""), indent=2)"
C,True,/dev/shm/pnoise_2026-09-24/devices/news2_legs_array_diff.py,79,main,json.dump,,False,False,[],"[(64, 'FILE(helper)'), (67, 'FILE(helper)')]","json.dump(rec, open(a.out, ""w""), indent=2)"
C,True,/dev/shm/pnoise_2026-09-24/devices/news2_legs_array_diff.py,89,main,json.dump,,False,False,[],"[(64, 'FILE(helper)'), (67, 'FILE(helper)')]","json.dump(rec, open(a.out, ""w""), indent=2); print(""LEG_ARRAY_DIFF VERDICT=UNAVAILABLE""); return 2"
C,True,/dev/shm/pnoise_2026-09-24/devices/news2_legs_array_diff.py,198,main,open-w,w,False,False,[],"[(64, 'FILE(helper)'), (67, 'FILE(helper)')]","json.dump(rec, open(a.out, ""w""), indent=2)"
C,True,/dev/shm/pnoise_2026-09-24/devices/news2_legs_array_diff.py,79,main,open-w,w,False,False,[],"[(64, 'FILE(helper)'), (67, 'FILE(helper)')]","json.dump(rec, open(a.out, ""w""), indent=2)"
C,True,/dev/shm/pnoise_2026-09-24/devices/news2_legs_array_diff.py,89,main,open-w,w,False,False,[],"[(64, 'FILE(helper)'), (67, 'FILE(helper)')]","json.dump(rec, open(a.out, ""w""), indent=2); print(""LEG_ARRAY_DIFF VERDICT=UNAVAILABLE""); return 2"
C,True,/dev/shm/pnoise_2026-09-24/devices/news2_legs_base_diff.py,113,main,json.dump,,False,False,[],"[(92, 'FILE(helper)'), (115, 'FILE(helper)')]","json.dump(rec, open(out_json, ""w""), indent=1)"
C,True,/dev/shm/pnoise_2026-09-24/devices/news2_legs_base_diff.py,113,main,open-w,w,False,False,[],"[(92, 'FILE(helper)'), (115, 'FILE(helper)')]","json.dump(rec, open(out_json, ""w""), indent=1)"
C,True,/dev/shm/pnoise_2026-09-24/devices/news2_legs_base_diff2.py,187,main,json.dump,,False,False,[],"[(57, 'FILE(helper)'), (66, 'FILE(helper)')]","json.dump(rec, open(a.out, ""w""), indent=2)"
C,True,/dev/shm/pnoise_2026-09-24/devices/news2_legs_base_diff2.py,86,main,json.dump,,False,False,[],"[(57, 'FILE(helper)'), (66, 'FILE(helper)')]","json.dump(rec, open(a.out, ""w""), indent=2)"
C,True,/dev/shm/pnoise_2026-09-24/devices/news2_legs_base_diff2.py,102,main,json.dump,,False,False,[],"[(57, 'FILE(helper)'), (66, 'FILE(helper)')]","json.dump(rec, open(a.out, ""w""), indent=2)"
C,True,/dev/shm/pnoise_2026-09-24/devices/news2_legs_base_diff2.py,187,main,open-w,w,False,False,[],"[(57, 'FILE(helper)'), (66, 'FILE(helper)')]","json.dump(rec, open(a.out, ""w""), indent=2)"
C,True,/dev/shm/pnoise_2026-09-24/devices/news2_legs_base_diff2.py,86,main,open-w,w,False,False,[],"[(57, 'FILE(helper)'), (66, 'FILE(helper)')]","json.dump(rec, open(a.out, ""w""), indent=2)"
C,True,/dev/shm/pnoise_2026-09-24/devices/news2_legs_base_diff2.py,102,main,open-w,w,False,False,[],"[(57, 'FILE(helper)'), (66, 'FILE(helper)')]","json.dump(rec, open(a.out, ""w""), indent=2)"
C,True,/dev/shm/pnoise_2026-09-24/devices/news2_make_configs.py,97,<module>,json.dump,,False,False,[],"[(61, 'FILE(helper)'), (64, 'FILE(helper)'), (65, 'FILE(helper)'), (98, 'FILE(helper)'), (102, 'FILE(helper)')]","op = os.path.join(OUTD, fn); json.dump(D, open(op, ""w""), indent=1, ensure_ascii=False)"
C,True,/dev/shm/pnoise_2026-09-24/devices/news2_make_configs.py,97,<module>,open-w,w,False,False,[],"[(61, 'FILE(helper)'), (64, 'FILE(helper)'), (65, 'FILE(helper)'), (98, 'FILE(helper)'), (102, 'FILE(helper)')]","op = os.path.join(OUTD, fn); json.dump(D, open(op, ""w""), indent=1, ensure_ascii=False)"
C,True,/dev/shm/pnoise_2026-09-24/devices/news2_make_configs.py,101,<module>,json.dump,,False,False,[],"[(61, 'FILE(helper)'), (64, 'FILE(helper)'), (65, 'FILE(helper)'), (98, 'FILE(helper)'), (102, 'FILE(helper)')]","json.dump(rec, open(DIFF, ""w""), indent=1, ensure_ascii=False)"
C,True,/dev/shm/pnoise_2026-09-24/devices/news2_make_configs.py,101,<module>,open-w,w,False,False,[],"[(61, 'FILE(helper)'), (64, 'FILE(helper)'), (65, 'FILE(helper)'), (98, 'FILE(helper)'), (102, 'FILE(helper)')]","json.dump(rec, open(DIFF, ""w""), indent=1, ensure_ascii=False)"
C,True,/dev/shm/pnoise_2026-09-24/devices/news2_member_diff_crypto_class.py,138,main,json.dump,,False,False,[],"[(44, 'FILE(helper)'), (50, 'FILE(helper)')]","json.dump(rec, open(a.out, ""w""), indent=2)"
C,True,/dev/shm/pnoise_2026-09-24/devices/news2_member_diff_crypto_class.py,138,main,open-w,w,False,False,[],"[(44, 'FILE(helper)'), (50, 'FILE(helper)')]","json.dump(rec, open(a.out, ""w""), indent=2)"
C,True,/dev/shm/pnoise_2026-09-24/devices/news2_member_diff_shape.py,175,main,json.dump,,False,False,[],"[(46, 'FILE(helper)')]","json.dump(rec, open(a.out, ""w""), indent=2)"
C,True,/dev/shm/pnoise_2026-09-24/devices/news2_member_diff_shape.py,112,main,json.dump,,False,False,[],"[(46, 'FILE(helper)')]","json.dump(rec, open(a.out, ""w""), indent=2); print(""MEMBER_DIFF VERDICT=UNAVAILABLE""); return 2"
C,True,/dev/shm/pnoise_2026-09-24/devices/news2_member_diff_shape.py,175,main,open-w,w,False,False,[],"[(46, 'FILE(helper)')]","json.dump(rec, open(a.out, ""w""), indent=2)"
C,True,/dev/shm/pnoise_2026-09-24/devices/news2_member_diff_shape.py,112,main,open-w,w,False,False,[],"[(46, 'FILE(helper)')]","json.dump(rec, open(a.out, ""w""), indent=2); print(""MEMBER_DIFF VERDICT=UNAVAILABLE""); return 2"
C,True,/dev/shm/pnoise_2026-09-24/devices/news2_nc_adapter.py,100,main,json.dump,,False,False,[102],"[(94, 'FILE'), (102, 'FILE')]","json.dump(rec, open(out_path, ""w""), indent=1)"
C,True,/dev/shm/pnoise_2026-09-24/devices/news2_nc_adapter.py,100,main,open-w,w,False,False,[102],"[(94, 'FILE'), (102, 'FILE')]","json.dump(rec, open(out_path, ""w""), indent=1)"
C,True,/dev/shm/pnoise_2026-09-24/devices/news2_nc_d7_gate.py,151,main,json.dump,,False,False,[],"[(137, 'FILE(helper)'), (141, 'FILE(helper)'), (143, 'FILE(helper)'), (154, 'FILE(helper)')]","json.dump(rec, open(out_path, ""w""), indent=1)"
C,True,/dev/shm/pnoise_2026-09-24/devices/news2_nc_d7_gate.py,151,main,open-w,w,False,False,[],"[(137, 'FILE(helper)'), (141, 'FILE(helper)'), (143, 'FILE(helper)'), (154, 'FILE(helper)')]","json.dump(rec, open(out_path, ""w""), indent=1)"
C,True,/dev/shm/pnoise_2026-09-24/devices/news2_nc_reach_gate.py,130,main,json.dump,,False,False,[133],"[(121, 'FILE(helper)'), (133, 'FILE(helper)')]","json.dump(rec, open(out_path, ""w""), indent=1)"
C,True,/dev/shm/pnoise_2026-09-24/devices/news2_nc_reach_gate.py,130,main,open-w,w,False,False,[133],"[(121, 'FILE(helper)'), (133, 'FILE(helper)')]","json.dump(rec, open(out_path, ""w""), indent=1)"
C,True,/dev/shm/pnoise_2026-09-24/devices/news2_render.py,164,main,open-w,w,False,False,[],"[(46, 'FILE(helper)'), (166, 'FILE(helper)'), (117, 'FILE(helper)'), (130, 'FILE(helper)'), (148, 'FILE(helper)')]","open(a.out, ""w"").write(""\n"".join(L) + ""\n"")"
C,True,/dev/shm/pnoise_2026-09-24/devices/news2_stage_inputs.py,85,fail,json.dump,,False,False,[],[],"json.dump(rec, open(out_path, ""w""), indent=1)"
C,True,/dev/shm/pnoise_2026-09-24/devices/news2_stage_inputs.py,85,fail,open-w,w,False,False,[],[],"json.dump(rec, open(out_path, ""w""), indent=1)"
C,True,/dev/shm/pnoise_2026-09-24/devices/news2_stage_inputs.py,251,main,json.dump,,False,False,[],"[(101, 'FILE(helper)'), (237, 'FILE(helper)'), (238, 'FILE(helper)'), (253, 'FILE(helper)')]","json.dump(rec, open(out_path, ""w""), indent=1)"
C,True,/dev/shm/pnoise_2026-09-24/devices/news2_stage_inputs.py,251,main,open-w,w,False,False,[],"[(101, 'FILE(helper)'), (237, 'FILE(helper)'), (238, 'FILE(helper)'), (253, 'FILE(helper)')]","json.dump(rec, open(out_path, ""w""), indent=1)"
C,False,/dev/shm/pnoise_2026-09-24/devices/news2_stage_inputs.py,236,main,shutil.copyfile,,False,False,"[244, 244]","[(101, 'FILE(helper)'), (237, 'FILE(helper)'), (238, 'FILE(helper)'), (253, 'FILE(helper)')]","shutil.copyfile(s, d); how = ""copy"""
B,True,/dev/shm/pnoise_2026-09-24/devices/news2_stats.py,275,main,json.dump,,True,False,[],"[(96, 'FILE(helper)'), (110, 'FILE(helper)'), (103, 'FILE(helper)'), (119, 'FILE(helper)'), (290, 'FILE(helper)'), (121, 'FILE(helper)')]","json.dump(rec, open(OUT + "".tmp"", ""w""), indent=1, default=float)"
B,True,/dev/shm/pnoise_2026-09-24/devices/news2_stats.py,169,main,json.dump,,True,False,[],"[(96, 'FILE(helper)'), (110, 'FILE(helper)'), (103, 'FILE(helper)'), (119, 'FILE(helper)'), (290, 'FILE(helper)'), (121, 'FILE(helper)')]","json.dump(rec, open(OUT, ""w""), indent=1)"
B,True,/dev/shm/pnoise_2026-09-24/devices/news2_stats.py,177,main,json.dump,,True,False,[],"[(96, 'FILE(helper)'), (110, 'FILE(helper)'), (103, 'FILE(helper)'), (119, 'FILE(helper)'), (290, 'FILE(helper)'), (121, 'FILE(helper)')]","json.dump(rec, open(OUT, ""w""), indent=1)"
B,True,/dev/shm/pnoise_2026-09-24/devices/news2_stats.py,275,main,open-w,w,True,False,[],"[(96, 'FILE(helper)'), (110, 'FILE(helper)'), (103, 'FILE(helper)'), (119, 'FILE(helper)'), (290, 'FILE(helper)'), (121, 'FILE(helper)')]","json.dump(rec, open(OUT + "".tmp"", ""w""), indent=1, default=float)"
B,True,/dev/shm/pnoise_2026-09-24/devices/news2_stats.py,169,main,open-w,w,True,False,[],"[(96, 'FILE(helper)'), (110, 'FILE(helper)'), (103, 'FILE(helper)'), (119, 'FILE(helper)'), (290, 'FILE(helper)'), (121, 'FILE(helper)')]","json.dump(rec, open(OUT, ""w""), indent=1)"
B,True,/dev/shm/pnoise_2026-09-24/devices/news2_stats.py,177,main,open-w,w,True,False,[],"[(96, 'FILE(helper)'), (110, 'FILE(helper)'), (103, 'FILE(helper)'), (119, 'FILE(helper)'), (290, 'FILE(helper)'), (121, 'FILE(helper)')]","json.dump(rec, open(OUT, ""w""), indent=1)"
C,True,/dev/shm/pnoise_2026-09-24/devices/news2_three_way_table.py,162,main,json.dump,,False,False,[],"[(101, 'FILE(helper)'), (151, 'FILE(helper)'), (201, 'FILE(helper)'), (201, 'FILE(helper)')]","json.dump(rec, open(out_json, ""w""), indent=1)"
C,True,/dev/shm/pnoise_2026-09-24/devices/news2_three_way_table.py,162,main,open-w,w,False,False,[],"[(101, 'FILE(helper)'), (151, 'FILE(helper)'), (201, 'FILE(helper)'), (201, 'FILE(helper)')]","json.dump(rec, open(out_json, ""w""), indent=1)"
C,True,/dev/shm/pnoise_2026-09-24/devices/news2_three_way_table.py,199,main,open-w,w,False,False,[],"[(101, 'FILE(helper)'), (151, 'FILE(helper)'), (201, 'FILE(helper)'), (201, 'FILE(helper)')]","open(out_md, ""w"").write(""\n"".join(L) + ""\n"")"
B,False,/dev/shm/pnoise_2026-09-24/devices/news2_train_f10.py,58,merge_folds,np.savez_compressed,,True,False,[],"[(59, 'FILE(helper)'), (54, 'FILE(helper)'), (54, 'FILE(helper)'), (57, 'FILE(helper)')]","tmp=out/'F10_OOF.tmp.npz';np.savez_compressed(tmp,P=pred,E_ts=a,symbols=symbols);tmp.replace(out/'F10_OOF.npz')"
B,False,/dev/shm/pnoise_2026-09-24/devices/news2_train_f10.py,60,merge_folds,write_text,,True,False,[],"[(59, 'FILE(helper)'), (54, 'FILE(helper)'), (54, 'FILE(helper)'), (57, 'FILE(helper)')]","tmp=out/'TRAIN_RECEIPT.tmp.json';tmp.write_text(json.dumps(rr,indent=2));tmp.replace(out/'TRAIN_RECEIPT.json')"
C,False,/dev/shm/pnoise_2026-09-24/devices/news2_train_f10.py,113,main,write_text,,False,False,[],"[(68, 'FILE(helper)'), (68, 'FILE(helper)'), (135, 'FILE(helper)'), (135, 'FILE(helper)'), (136, 'FILE(helper)'), (137, 'FILE(helper)')]","(target/'ADMISSION.json').write_text(json.dumps(admission,indent=2));log('F10 admission',args.seed,admission)"
C,False,/dev/shm/pnoise_2026-09-24/devices/news2_train_f10.py,132,main,torch.save,,False,False,[],"[(68, 'FILE(helper)'), (68, 'FILE(helper)'), (135, 'FILE(helper)'), (135, 'FILE(helper)'), (136, 'FILE(helper)'), (137, 'FILE(helper)')]","torch.save({'state_dict':model.state_dict(),'mu':mu,'sd':sd,'input_dim':171,'fixed_epoch_index':7},target/'model.pt')"
C,False,/dev/shm/pnoise_2026-09-24/devices/news2_train_f10.py,133,main,np.savez_compressed,,False,False,[],"[(68, 'FILE(helper)'), (68, 'FILE(helper)'), (135, 'FILE(helper)'), (135, 'FILE(helper)'), (136, 'FILE(helper)'), (137, 'FILE(helper)')]","np.savez_compressed(target/'scores.npz',P=pred,rows=te,E_ts=a[te],symbols=t['symbols']);allpred[te]=pred"
C,False,/dev/shm/pnoise_2026-09-24/devices/news2_train_f10.py,138,main,write_text,,False,False,[],"[(68, 'FILE(helper)'), (68, 'FILE(helper)'), (135, 'FILE(helper)'), (135, 'FILE(helper)'), (136, 'FILE(helper)'), (137, 'FILE(helper)')]","result.write_text(json.dumps(rr,indent=2,allow_nan=False));reports.append(rr);log('F10_FOLD_DONE',tag,args.seed)"
C,False,/dev/shm/pnoise_2026-09-24/devices/news2_train_f10.py,126,main,write_text,,False,False,[],"[(68, 'FILE(helper)'), (68, 'FILE(helper)'), (135, 'FILE(helper)'), (135, 'FILE(helper)'), (136, 'FILE(helper)'), (137, 'FILE(helper)')]","(target/'PROGRESS.json').write_text(json.dumps(curve,indent=2,allow_nan=False))"
C,False,/dev/shm/pnoise_2026-09-24/devices/news2_train_king.py,73,main,np.savez,,False,False,[],"[(58, 'FILE(helper)'), (76, 'FILE(helper)'), (33, 'FILE(helper)'), (33, 'FILE(helper)'), (75, 'FILE(helper)'), (75, 'FILE(helper)')]","np.savez(out / 'KING_OOF.npz', P=pred, E_ts=a, symbols=syms, model_sha256=model_id)"
C,False,/dev/shm/pnoise_2026-09-24/devices/news2_train_king.py,79,main,write_text,,False,False,[],"[(58, 'FILE(helper)'), (76, 'FILE(helper)'), (33, 'FILE(helper)'), (33, 'FILE(helper)'), (75, 'FILE(helper)'), (75, 'FILE(helper)')]","(out / 'TRAIN_RECEIPT.json').write_text(json.dumps(receipt, indent=2, allow_nan=False)); log('KING_DONE')"
C,False,/dev/shm/pnoise_2026-09-24/devices/news2_train_king.py,72,main,write_text,,False,False,[],"[(58, 'FILE(helper)'), (76, 'FILE(helper)'), (33, 'FILE(helper)'), (33, 'FILE(helper)'), (75, 'FILE(helper)'), (75, 'FILE(helper)')]","folds.append(rr); log(json.dumps(rr)); (out / 'PROGRESS.json').write_text(json.dumps(folds, indent=2, allow_nan=False))"
C,False,/dev/shm/pnoise_2026-09-24/devices/news2_tree_parity.py,79,dump,np.savez,,False,False,[],[],"np.savez(out_npz, **store)"
C,True,/dev/shm/pnoise_2026-09-24/devices/news2_tree_parity.py,151,main,json.dump,,False,False,[],"[(132, 'FILE(helper)'), (142, 'FILE(helper)'), (143, 'FILE(helper)'), (153, 'FILE(helper)')]","json.dump(rec, open(out_path, ""w""), indent=1)"
C,True,/dev/shm/pnoise_2026-09-24/devices/news2_tree_parity.py,151,main,open-w,w,False,False,[],"[(132, 'FILE(helper)'), (142, 'FILE(helper)'), (143, 'FILE(helper)'), (153, 'FILE(helper)')]","json.dump(rec, open(out_path, ""w""), indent=1)"
C,True,/dev/shm/pnoise_2026-09-24/devices/news2_tree_parity.py,102,main,json.dump,,False,False,[105],"[(132, 'FILE(helper)'), (142, 'FILE(helper)'), (143, 'FILE(helper)'), (153, 'FILE(helper)')]","json.dump({""VERDICT"": ""ERROR"", ""tree"": tree, ""rc"": r.returncode, ""stderr"": r.stderr[-4000:]},"
C,True,/dev/shm/pnoise_2026-09-24/devices/news2_tree_parity.py,103,main,open-w,w,False,False,[105],"[(132, 'FILE(helper)'), (142, 'FILE(helper)'), (143, 'FILE(helper)'), (153, 'FILE(helper)')]","open(out_path, ""w""), indent=1)"
C,False,/dev/shm/pnoise_2026-09-24/devices/news2_year_probe.py,159,main,open-w,w,False,False,[],"[(149, 'FILE(helper)'), (150, 'FILE(helper)'), (155, 'FILE(helper)'), (154, 'FILE(helper)'), (161, 'FILE(helper)')]","with open(out_path, ""w"") as f:"
C,False,/dev/shm/pnoise_2026-09-24/devices/news2_year_probe.py,160,main,json.dump,,False,False,[],"[(149, 'FILE(helper)'), (150, 'FILE(helper)'), (155, 'FILE(helper)'), (154, 'FILE(helper)'), (161, 'FILE(helper)')]","json.dump(rec, f, indent=1)"
C,True,/dev/shm/pnoise_2026-09-24/devices/patch_ladder_sources.py,134,<module>,open-w,w,False,False,[],[],"open(p, ""w"").write(s)"
C,True,/dev/shm/pnoise_2026-09-24/devices/pnoise_dbar.py,105,main,json.dump,,False,False,[],"[(47, 'FILE(helper)'), (52, 'FILE(helper)'), (53, 'FILE(helper)'), (54, 'FILE(helper)')]","json.dump(rec, open(a.out, ""w""), indent=2)"
C,True,/dev/shm/pnoise_2026-09-24/devices/pnoise_dbar.py,66,main,json.dump,,False,False,[],"[(47, 'FILE(helper)'), (52, 'FILE(helper)'), (53, 'FILE(helper)'), (54, 'FILE(helper)')]","json.dump(rec, open(a.out, ""w""), indent=2); print(""PNOISE_DBAR UNAVAILABLE""); return 2"
C,True,/dev/shm/pnoise_2026-09-24/devices/pnoise_dbar.py,74,main,json.dump,,False,False,[],"[(47, 'FILE(helper)'), (52, 'FILE(helper)'), (53, 'FILE(helper)'), (54, 'FILE(helper)')]","json.dump(rec, open(a.out, ""w""), indent=2); print(""PNOISE_DBAR UNAVAILABLE axes""); return 2"
C,True,/dev/shm/pnoise_2026-09-24/devices/pnoise_dbar.py,105,main,open-w,w,False,False,[],"[(47, 'FILE(helper)'), (52, 'FILE(helper)'), (53, 'FILE(helper)'), (54, 'FILE(helper)')]","json.dump(rec, open(a.out, ""w""), indent=2)"
C,True,/dev/shm/pnoise_2026-09-24/devices/pnoise_dbar.py,66,main,open-w,w,False,False,[],"[(47, 'FILE(helper)'), (52, 'FILE(helper)'), (53, 'FILE(helper)'), (54, 'FILE(helper)')]","json.dump(rec, open(a.out, ""w""), indent=2); print(""PNOISE_DBAR UNAVAILABLE""); return 2"
C,True,/dev/shm/pnoise_2026-09-24/devices/pnoise_dbar.py,74,main,open-w,w,False,False,[],"[(47, 'FILE(helper)'), (52, 'FILE(helper)'), (53, 'FILE(helper)'), (54, 'FILE(helper)')]","json.dump(rec, open(a.out, ""w""), indent=2); print(""PNOISE_DBAR UNAVAILABLE axes""); return 2"
C,True,/dev/shm/pnoise_2026-09-24/devices/pnoise_ladder_combo.py,222,main,json.dump,,False,False,[],"[(65, 'FILE(helper)'), (192, 'FILE(helper)'), (71, 'FILE(helper)'), (71, 'FILE(helper)'), (214, 'FILE(helper)'), (73, 'FILE(helper)')]","json.dump(rec, open(a.receipt, ""w""), indent=2)"
C,False,/dev/shm/pnoise_2026-09-24/devices/pnoise_ladder_combo.py,207,main,np.savez_compressed,,False,False,[],"[(65, 'FILE(helper)'), (192, 'FILE(helper)'), (71, 'FILE(helper)'), (71, 'FILE(helper)'), (214, 'FILE(helper)'), (73, 'FILE(helper)')]","np.savez_compressed(p, E_ts=au, symbols=syms, **result)"
C,True,/dev/shm/pnoise_2026-09-24/devices/pnoise_ladder_combo.py,222,main,open-w,w,False,False,[],"[(65, 'FILE(helper)'), (192, 'FILE(helper)'), (71, 'FILE(helper)'), (71, 'FILE(helper)'), (214, 'FILE(helper)'), (73, 'FILE(helper)')]","json.dump(rec, open(a.receipt, ""w""), indent=2)"
C,True,/dev/shm/pnoise_2026-09-24/devices/pnoise_ladder_combo.py,172,main,json.dump,,False,False,"[177, 193, 179]","[(65, 'FILE(helper)'), (192, 'FILE(helper)'), (71, 'FILE(helper)'), (71, 'FILE(helper)'), (214, 'FILE(helper)'), (73, 'FILE(helper)')]","json.dump(rec, open(a.receipt, ""w""), indent=2); print(""LADDER UNAVAILABLE arm""); return 2"
C,True,/dev/shm/pnoise_2026-09-24/devices/pnoise_ladder_combo.py,172,main,open-w,w,False,False,"[177, 193, 179]","[(65, 'FILE(helper)'), (192, 'FILE(helper)'), (71, 'FILE(helper)'), (71, 'FILE(helper)'), (214, 'FILE(helper)'), (73, 'FILE(helper)')]","json.dump(rec, open(a.receipt, ""w""), indent=2); print(""LADDER UNAVAILABLE arm""); return 2"
C,True,/dev/shm/pnoise_2026-09-24/devices/pnoise_readout.py,172,main,json.dump,,False,False,[],"[(46, 'FILE(helper)'), (63, 'FILE(helper)')]","json.dump(rec, open(a.out, ""w""), indent=2)"
C,True,/dev/shm/pnoise_2026-09-24/devices/pnoise_readout.py,172,main,open-w,w,False,False,[],"[(46, 'FILE(helper)'), (63, 'FILE(helper)')]","json.dump(rec, open(a.out, ""w""), indent=2)"
C,True,/dev/shm/pnoise_2026-09-24/devices/pnoise_step0_comparability.py,178,main,json.dump,,False,False,[],"[(56, 'FILE(helper)'), (74, 'FILE(helper)'), (73, 'FILE(helper)')]","json.dump(rec, open(a.out, ""w""), indent=2)"
C,True,/dev/shm/pnoise_2026-09-24/devices/pnoise_step0_comparability.py,178,main,open-w,w,False,False,[],"[(56, 'FILE(helper)'), (74, 'FILE(helper)'), (73, 'FILE(helper)')]","json.dump(rec, open(a.out, ""w""), indent=2)"
C,True,/dev/shm/pnoise_2026-09-24/devices/pnoise_step0_comparability.py,88,main,json.dump,,False,False,[],"[(56, 'FILE(helper)'), (74, 'FILE(helper)'), (73, 'FILE(helper)')]","json.dump(rec, open(a.out, ""w""), indent=2); print(""STEP0 UNAVAILABLE axes""); return 2"
C,True,/dev/shm/pnoise_2026-09-24/devices/pnoise_step0_comparability.py,88,main,open-w,w,False,False,[],"[(56, 'FILE(helper)'), (74, 'FILE(helper)'), (73, 'FILE(helper)')]","json.dump(rec, open(a.out, ""w""), indent=2); print(""STEP0 UNAVAILABLE axes""); return 2"
C,True,/dev/shm/pnoise_2026-09-24/devices/probe_fundrows.py,68,<module>,open-w,w,False,False,[],[],"open(f""{W2}/receipts/A5_FUND_PANEL_HISTORICAL_ROWS.json"", ""w"").write(json.dumps(out, indent=1))"
C,True,/dev/shm/pnoise_2026-09-24/devices/shm_gate.py,47,main,json.dump,,False,False,[],[],"json.dump(rec, open(receipt, ""w""), indent=1)"
C,True,/dev/shm/pnoise_2026-09-24/devices/shm_gate.py,47,main,open-w,w,False,False,[],[],"json.dump(rec, open(receipt, ""w""), indent=1)"
C,True,/dev/shm/pnoise_2026-09-24/devices/step1_researcher_legs_on_nc.py,230,main,json.dump,,False,False,[],"[(82, 'FILE(helper)'), (87, 'FILE(helper)'), (92, 'FILE(helper)'), (221, 'FILE(helper)'), (233, 'FILE(helper)')]","json.dump(rec, open(a.out, ""w""), indent=2)"
C,True,/dev/shm/pnoise_2026-09-24/devices/step1_researcher_legs_on_nc.py,230,main,open-w,w,False,False,[],"[(82, 'FILE(helper)'), (87, 'FILE(helper)'), (92, 'FILE(helper)'), (221, 'FILE(helper)'), (233, 'FILE(helper)')]","json.dump(rec, open(a.out, ""w""), indent=2)"
B,False,/dev/shm/pnoise_2026-09-24/devices/train_f10.py,48,merge_folds,np.savez_compressed,,True,False,[],"[(49, 'FILE(helper)'), (44, 'FILE(helper)'), (44, 'FILE(helper)'), (47, 'FILE(helper)')]","tmp=out/'F10_OOF.tmp.npz';np.savez_compressed(tmp,P=pred,E_ts=a,symbols=symbols);tmp.replace(out/'F10_OOF.npz')"
B,False,/dev/shm/pnoise_2026-09-24/devices/train_f10.py,50,merge_folds,write_text,,True,False,[],"[(49, 'FILE(helper)'), (44, 'FILE(helper)'), (44, 'FILE(helper)'), (47, 'FILE(helper)')]","tmp=out/'TRAIN_RECEIPT.tmp.json';tmp.write_text(json.dumps(rr,indent=2));tmp.replace(out/'TRAIN_RECEIPT.json')"
C,False,/dev/shm/pnoise_2026-09-24/devices/train_f10.py,110,main,write_text,,False,False,[],"[(57, 'FILE(helper)'), (57, 'FILE(helper)'), (61, 'FILE(helper)'), (132, 'FILE(helper)'), (132, 'FILE(helper)'), (67, 'FILE(helper)')]","(target/'ADMISSION.json').write_text(json.dumps(admission,indent=2));log('F10 admission',args.seed,admission)"
C,False,/dev/shm/pnoise_2026-09-24/devices/train_f10.py,129,main,torch.save,,False,False,[],"[(57, 'FILE(helper)'), (57, 'FILE(helper)'), (61, 'FILE(helper)'), (132, 'FILE(helper)'), (132, 'FILE(helper)'), (67, 'FILE(helper)')]","torch.save({'state_dict':model.state_dict(),'mu':mu,'sd':sd,'input_dim':171,'fixed_epoch_index':7},target/'model.pt')"
C,False,/dev/shm/pnoise_2026-09-24/devices/train_f10.py,130,main,np.savez_compressed,,False,False,[],"[(57, 'FILE(helper)'), (57, 'FILE(helper)'), (61, 'FILE(helper)'), (132, 'FILE(helper)'), (132, 'FILE(helper)'), (67, 'FILE(helper)')]","np.savez_compressed(target/'scores.npz',P=pred,rows=te,E_ts=a[te],symbols=t['symbols']);allpred[te]=pred"
C,False,/dev/shm/pnoise_2026-09-24/devices/train_f10.py,135,main,write_text,,False,False,[],"[(57, 'FILE(helper)'), (57, 'FILE(helper)'), (61, 'FILE(helper)'), (132, 'FILE(helper)'), (132, 'FILE(helper)'), (67, 'FILE(helper)')]","result.write_text(json.dumps(rr,indent=2,allow_nan=False));reports.append(rr);log('F10_FOLD_DONE',tag,args.seed)"
C,False,/dev/shm/pnoise_2026-09-24/devices/train_f10.py,123,main,write_text,,False,False,[],"[(57, 'FILE(helper)'), (57, 'FILE(helper)'), (61, 'FILE(helper)'), (132, 'FILE(helper)'), (132, 'FILE(helper)'), (67, 'FILE(helper)')]","(target/'PROGRESS.json').write_text(json.dumps(curve,indent=2,allow_nan=False))"
C,False,/dev/shm/pnoise_2026-09-24/devices/train_king.py,45,main,np.savez,,False,False,[],"[(32, 'FILE(helper)'), (47, 'FILE(helper)'), (14, 'FILE(helper)'), (46, 'FILE(helper)'), (47, 'FILE(helper)'), (47, 'FILE(helper)')]","np.savez(out/'KING_OOF.npz',P=pred,E_ts=a,symbols=syms,model_sha256=model_id)"
C,False,/dev/shm/pnoise_2026-09-24/devices/train_king.py,48,main,write_text,,False,False,[],"[(32, 'FILE(helper)'), (47, 'FILE(helper)'), (14, 'FILE(helper)'), (46, 'FILE(helper)'), (47, 'FILE(helper)'), (47, 'FILE(helper)')]","(out/'TRAIN_RECEIPT.json').write_text(json.dumps(receipt,indent=2,allow_nan=False));log('KING_DONE')"
C,False,/dev/shm/pnoise_2026-09-24/devices/train_king.py,44,main,write_text,,False,False,[],"[(32, 'FILE(helper)'), (47, 'FILE(helper)'), (14, 'FILE(helper)'), (46, 'FILE(helper)'), (47, 'FILE(helper)'), (47, 'FILE(helper)')]","folds.append(rr);log(json.dumps(rr));(out/'PROGRESS.json').write_text(json.dumps(folds,indent=2,allow_nan=False))"
C,True,/dev/shm/pnoise_2026-09-24/devices/upstream_manifest.py,46,<module>,json.dump,,False,False,[],"[(27, 'FILE(helper)'), (31, 'FILE(helper)'), (34, 'FILE(helper)'), (36, 'EMPTY(update)')]","json.dump(rec, open(sys.argv[1], ""w""), indent=1)"
C,True,/dev/shm/pnoise_2026-09-24/devices/upstream_manifest.py,46,<module>,open-w,w,False,False,[],"[(27, 'FILE(helper)'), (31, 'FILE(helper)'), (34, 'FILE(helper)'), (36, 'EMPTY(update)')]","json.dump(rec, open(sys.argv[1], ""w""), indent=1)"
C,True,/dev/shm/pnoise_2026-09-24/devices/write_handoff.py,46,<module>,json.dump,,False,False,[],"[(36, 'FILE(helper)'), (47, 'FILE(helper)')]","json.dump(h, open(out, ""w""), indent=1)"
C,True,/dev/shm/pnoise_2026-09-24/devices/write_handoff.py,46,<module>,open-w,w,False,False,[],"[(36, 'FILE(helper)'), (47, 'FILE(helper)')]","json.dump(h, open(out, ""w""), indent=1)"
C,False,/dev/shm/nc_2026-09-23/devices/nc_export_seed.py,71,main,np.savez,,False,False,[],"[(72, 'FILE(helper)'), (75, 'FILE(helper)'), (70, 'FILE(helper)'), (74, 'FILE(helper)')]","np.savez(out, **arrs)"
C,True,/dev/shm/nc_2026-09-23/devices/nc_export_seed.py,77,main,json.dump,,False,False,[],"[(72, 'FILE(helper)'), (75, 'FILE(helper)'), (70, 'FILE(helper)'), (74, 'FILE(helper)')]","json.dump(rec, open(f""{W}/receipts/{a.receipt}.json"", ""w""), indent=1)"
C,True,/dev/shm/nc_2026-09-23/devices/nc_export_seed.py,77,main,open-w,w,False,False,[],"[(72, 'FILE(helper)'), (75, 'FILE(helper)'), (70, 'FILE(helper)'), (74, 'FILE(helper)')]","json.dump(rec, open(f""{W}/receipts/{a.receipt}.json"", ""w""), indent=1)"
C,True,/dev/shm/nc_2026-09-23/devices/nc_gate_g1.py,75,main,json.dump,,False,False,[],"[(26, 'FILE(helper)'), (26, 'FILE(helper)')]","json.dump(out, open(f""{W}/receipts/NC_GATE_G1.json"", ""w""), indent=1)"
C,True,/dev/shm/nc_2026-09-23/devices/nc_gate_g1.py,75,main,open-w,w,False,False,[],"[(26, 'FILE(helper)'), (26, 'FILE(helper)')]","json.dump(out, open(f""{W}/receipts/NC_GATE_G1.json"", ""w""), indent=1)"
C,False,/dev/shm/nc_2026-09-23/devices/nc_legs.py,78,main,np.savez_compressed,,False,False,[],"[(80, 'FILE(helper)'), (84, 'FILE(helper)'), (83, 'FILE(helper)'), (83, 'FILE(helper)'), (83, 'FILE(helper)'), (83, 'FILE(helper)')]","np.savez_compressed(out, E_ts=a, symbols=np.array(syms), KZ=KZ, Z24=Z24, ZFD=ZFD, WL=WL, ready=ready, LR=LRm, QV=QV, RN8=RN8)"
C,True,/dev/shm/nc_2026-09-23/devices/nc_legs.py,85,main,json.dump,,False,False,[],"[(80, 'FILE(helper)'), (84, 'FILE(helper)'), (83, 'FILE(helper)'), (83, 'FILE(helper)'), (83, 'FILE(helper)'), (83, 'FILE(helper)')]","json.dump(rec, open(os.path.join(os.path.dirname(out), ""NC_LEGS_RECEIPT.json""), ""w""), indent=1)"
C,True,/dev/shm/nc_2026-09-23/devices/nc_legs.py,85,main,open-w,w,False,False,[],"[(80, 'FILE(helper)'), (84, 'FILE(helper)'), (83, 'FILE(helper)'), (83, 'FILE(helper)'), (83, 'FILE(helper)'), (83, 'FILE(helper)')]","json.dump(rec, open(os.path.join(os.path.dirname(out), ""NC_LEGS_RECEIPT.json""), ""w""), indent=1)"
B,False,/dev/shm/nc_2026-09-23/devices/nc_p2_build.py,52,p1,np.savez,,True,False,[],"[(30, 'FILE(helper)'), (61, 'FILE(helper)'), (63, 'FILE(helper)')]","np.savez(o + "".tmp.npz"", anchor=np.array(rec[""anchor""], np.int64), mcount=np.array(rec[""mcount""], np.int64),"
B,True,/dev/shm/nc_2026-09-23/devices/nc_p2_build.py,61,p1,json.dump,,True,False,[],"[(30, 'FILE(helper)'), (61, 'FILE(helper)'), (63, 'FILE(helper)')]","json.dump({""shard"": k, ""nshard"": n, ""devices"": devices(), ""tree_receipt_sha256"": sha(f""{TREE}/PATCH_RECEIPT.json""), ""king_span"": H.KING_SPAN,"
B,True,/dev/shm/nc_2026-09-23/devices/nc_p2_build.py,63,p1,open-w,w,True,False,[],"[(30, 'FILE(helper)'), (61, 'FILE(helper)'), (63, 'FILE(helper)')]","""numpy"": np.__version__, ""npy_disable"": os.environ.get(""NPY_DISABLE_CPU_FEATURES""), ""sha256"": sha(o)}, open(o + "".json"", ""w""), indent=1)"
C,False,/dev/shm/nc_2026-09-23/devices/nc_p2_build.py,92,merge1,np.savez,,False,False,[],"[(74, 'FILE(helper)')]","np.savez(f""{OUT}/members_hist_all.npz"", anchors=A, off=np.concatenate([[0], np.cumsum([len(x) for x in m_all])]).astype(np.int64),"
C,False,/dev/shm/nc_2026-09-23/devices/nc_p2_build.py,106,merge1,np.savez,,False,False,[],"[(74, 'FILE(helper)')]","np.savez(f""{OUT}/p1_merged.npz"", **out)"
B,False,/dev/shm/nc_2026-09-23/devices/nc_p2_build.py,142,p2,np.savez,,True,False,[],"[(129, 'FILE(helper)'), (147, 'FILE(helper)'), (149, 'FILE(helper)')]","np.savez(o + "".tmp.npz"", anchor=np.array(out[""anchor""], np.int64), count=cnt,"
B,True,/dev/shm/nc_2026-09-23/devices/nc_p2_build.py,147,p2,json.dump,,True,False,[],"[(129, 'FILE(helper)'), (147, 'FILE(helper)'), (149, 'FILE(helper)')]","json.dump({""shard"": k, ""nshard"": n, ""devices"": devices(), ""tree_receipt_sha256"": sha(f""{TREE}/PATCH_RECEIPT.json""), ""mini_span"": H.MINI_SPAN,"
B,True,/dev/shm/nc_2026-09-23/devices/nc_p2_build.py,149,p2,open-w,w,True,False,[],"[(129, 'FILE(helper)'), (147, 'FILE(helper)'), (149, 'FILE(helper)')]","""npy_disable"": os.environ.get(""NPY_DISABLE_CPU_FEATURES""), ""sha256"": sha(o)}, open(o + "".json"", ""w""), indent=1)"
B,False,/dev/shm/nc_2026-09-23/devices/nc_p2_build.py,189,merge2,np.savez,,True,False,[],"[(192, 'FILE(helper)'), (193, 'FILE(helper)'), (159, 'FILE(helper)'), (194, 'FILE(helper)')]","np.savez(o + "".tmp.npz"", anchors=np.array(anc, np.int64), count=cnt, off=off, skip=np.array(skip), base_val=base_val, symbols=np.array(I.syms),"
B,True,/dev/shm/nc_2026-09-23/devices/nc_p2_build.py,196,merge2,json.dump,,True,False,[],"[(192, 'FILE(helper)'), (193, 'FILE(helper)'), (159, 'FILE(helper)'), (194, 'FILE(helper)')]","json.dump(rec, open(f""{W}/receipts/NC_FEATURES.json"", ""w""), indent=1)"
B,True,/dev/shm/nc_2026-09-23/devices/nc_p2_build.py,196,merge2,open-w,w,True,False,[],"[(192, 'FILE(helper)'), (193, 'FILE(helper)'), (159, 'FILE(helper)'), (194, 'FILE(helper)')]","json.dump(rec, open(f""{W}/receipts/NC_FEATURES.json"", ""w""), indent=1)"
C,False,/dev/shm/nc_2026-09-23/devices/nc_prep.py,61,main,np.save,,False,False,"[64, 68, 94, 106]","[(52, 'FILE(helper)'), (52, 'FILE(helper)'), (48, 'FILE(helper)'), (48, 'FILE(helper)'), (51, 'FILE(helper)'), (144, 'FILE(helper)')]","np.save(f""{WK}/R_crypto.npy"", Rc)"
C,False,/dev/shm/nc_2026-09-23/devices/nc_prep.py,90,main,np.savez,,False,False,"[94, 106]","[(52, 'FILE(helper)'), (52, 'FILE(helper)'), (48, 'FILE(helper)'), (48, 'FILE(helper)'), (51, 'FILE(helper)'), (144, 'FILE(helper)')]","np.savez(f""{WK}/boundary.npz"", ts=bt, col=bc, raw=br)"
C,False,/dev/shm/nc_2026-09-23/devices/nc_prep.py,122,main,np.savez,,False,False,[],"[(52, 'FILE(helper)'), (52, 'FILE(helper)'), (48, 'FILE(helper)'), (48, 'FILE(helper)'), (51, 'FILE(helper)'), (144, 'FILE(helper)')]","np.savez(f""{WK}/fund_state.npz"", anchors=anchors, cols=cols, ev_off=np.array(ev_off, np.int64), kidx=kidx, **ev)"
C,False,/dev/shm/nc_2026-09-23/devices/nc_prep.py,143,main,np.savez,,False,False,[],"[(52, 'FILE(helper)'), (52, 'FILE(helper)'), (48, 'FILE(helper)'), (48, 'FILE(helper)'), (51, 'FILE(helper)'), (144, 'FILE(helper)')]","np.savez(f""{WK}/axes.npz"", ts=ts, symbols=np.array(syms), crypto_cols=cols, anchors=anchors)"
C,True,/dev/shm/nc_2026-09-23/devices/nc_prep.py,147,main,json.dump,,False,False,[],"[(52, 'FILE(helper)'), (52, 'FILE(helper)'), (48, 'FILE(helper)'), (48, 'FILE(helper)'), (51, 'FILE(helper)'), (144, 'FILE(helper)')]","json.dump(rec, open(f""{W}/receipts/NC_PREP.json"", ""w""), indent=1)"
C,True,/dev/shm/nc_2026-09-23/devices/nc_prep.py,147,main,open-w,w,False,False,[],"[(52, 'FILE(helper)'), (52, 'FILE(helper)'), (48, 'FILE(helper)'), (48, 'FILE(helper)'), (51, 'FILE(helper)'), (144, 'FILE(helper)')]","json.dump(rec, open(f""{W}/receipts/NC_PREP.json"", ""w""), indent=1)"
B,False,/dev/shm/fresh_2026-09-23/devices/continuous_combo.py,89,main,write_text,,True,False,[],"[(50, 'FILE(helper)'), (58, 'FILE(helper)'), (64, 'FILE(helper)'), (70, 'FILE(helper)'), (54, 'FILE(helper)'), (55, 'FILE(helper)')]","(out/'TARGET_RECEIPT.json').write_text(json.dumps(receipt,indent=2,allow_nan=False));print(json.dumps(receipt,indent=2))"
B,False,/dev/shm/fresh_2026-09-23/devices/continuous_combo.py,79,main,np.savez_compressed,,True,False,[],"[(50, 'FILE(helper)'), (58, 'FILE(helper)'), (64, 'FILE(helper)'), (70, 'FILE(helper)'), (54, 'FILE(helper)'), (55, 'FILE(helper)')]","p=out/(policy+'.npz');tmp=p.with_suffix('.tmp.npz');np.savez_compressed(tmp,E_ts=a,symbols=syms,**result);tmp.replace(p)"
B,True,/dev/shm/fresh_2026-09-23/devices/fa_a1a2.py,136,main,json.dump,,True,False,[],"[(39, 'FILE(helper)')]","json.dump(rec, open(OUT + "".tmp"", ""w""), indent=1, default=float); os.replace(OUT + "".tmp"", OUT)"
B,True,/dev/shm/fresh_2026-09-23/devices/fa_a1a2.py,136,main,open-w,w,True,False,[],"[(39, 'FILE(helper)')]","json.dump(rec, open(OUT + "".tmp"", ""w""), indent=1, default=float); os.replace(OUT + "".tmp"", OUT)"
C,True,/dev/shm/fresh_2026-09-23/devices/fa_a2b.py,42,<module>,json.dump,,False,False,[],"[(28, 'FILE(helper)')]","json.dump(out, open(OUT, ""w""), indent=1, default=float)"
C,True,/dev/shm/fresh_2026-09-23/devices/fa_a2b.py,42,<module>,open-w,w,False,False,[],"[(28, 'FILE(helper)')]","json.dump(out, open(OUT, ""w""), indent=1, default=float)"
B,False,/dev/shm/fresh_2026-09-23/devices/fa_b2combo.py,229,main,write_text,,True,False,[],"[(125, 'FILE(helper)'), (136, 'FILE(helper)'), (86, 'FILE(helper)'), (158, 'FILE(helper)'), (165, 'FILE(helper)'), (97, 'FILE(helper)')]","(out / 'FA_COMBO_RECEIPT.json').write_text(json.dumps(receipt, indent=2, allow_nan=False))"
B,False,/dev/shm/fresh_2026-09-23/devices/fa_b2combo.py,195,main,np.savez_compressed,,True,False,[],"[(125, 'FILE(helper)'), (136, 'FILE(helper)'), (86, 'FILE(helper)'), (158, 'FILE(helper)'), (165, 'FILE(helper)'), (97, 'FILE(helper)')]","np.savez_compressed(tmp, E_ts=au, symbols=syms, **result); tmp.replace(p)"
B,True,/dev/shm/fresh_2026-09-23/devices/fa_b4read.py,88,<module>,json.dump,,True,False,[],"[(39, 'FILE(helper)')]","json.dump(rec, open(OUT + "".tmp"", ""w""), indent=1, default=float); os.replace(OUT + "".tmp"", OUT)"
B,True,/dev/shm/fresh_2026-09-23/devices/fa_b4read.py,88,<module>,open-w,w,True,False,[],"[(39, 'FILE(helper)')]","json.dump(rec, open(OUT + "".tmp"", ""w""), indent=1, default=float); os.replace(OUT + "".tmp"", OUT)"
A,False,/dev/shm/fresh_2026-09-23/devices/fa_b5transform.py,42,<module>,np.savez,,True,False,"[43, 50, 50]","[(51, 'FILE(helper)'), (58, 'FILE(helper)'), (63, 'FILE(helper)'), (63, 'FILE(helper)'), (65, 'FILE(helper)'), (70, 'FILE(helper)')]","p = f""{OUTD}/TARGETS.npz""; np.savez(p + "".tmp.npz"", **out); os.replace(p + "".tmp.npz"", p)"
B,True,/dev/shm/fresh_2026-09-23/devices/fa_b5transform.py,61,<module>,json.dump,,True,False,[],"[(51, 'FILE(helper)'), (58, 'FILE(helper)'), (63, 'FILE(helper)'), (63, 'FILE(helper)'), (65, 'FILE(helper)'), (70, 'FILE(helper)')]","rj = f""{OUTD}/TARGETS.json""; json.dump(R, open(rj, ""w""), indent=1)"
B,True,/dev/shm/fresh_2026-09-23/devices/fa_b5transform.py,61,<module>,open-w,w,True,False,[],"[(51, 'FILE(helper)'), (58, 'FILE(helper)'), (63, 'FILE(helper)'), (63, 'FILE(helper)'), (65, 'FILE(helper)'), (70, 'FILE(helper)')]","rj = f""{OUTD}/TARGETS.json""; json.dump(R, open(rj, ""w""), indent=1)"
B,True,/dev/shm/fresh_2026-09-23/devices/fa_b5transform.py,72,<module>,json.dump,,True,False,[],"[(51, 'FILE(helper)'), (58, 'FILE(helper)'), (63, 'FILE(helper)'), (63, 'FILE(helper)'), (65, 'FILE(helper)'), (70, 'FILE(helper)')]","json.dump(rec, open(f""{OUTD}/FA_B5TRANSFORM.json"", ""w""), indent=2, default=float)"
B,True,/dev/shm/fresh_2026-09-23/devices/fa_b5transform.py,72,<module>,open-w,w,True,False,[],"[(51, 'FILE(helper)'), (58, 'FILE(helper)'), (63, 'FILE(helper)'), (63, 'FILE(helper)'), (65, 'FILE(helper)'), (70, 'FILE(helper)')]","json.dump(rec, open(f""{OUTD}/FA_B5TRANSFORM.json"", ""w""), indent=2, default=float)"
B,False,/dev/shm/fresh_2026-09-23/devices/fa_b8combo.py,256,main,write_text,,True,False,[],"[(133, 'FILE(helper)'), (144, 'FILE(helper)'), (94, 'FILE(helper)'), (166, 'FILE(helper)'), (173, 'FILE(helper)'), (105, 'FILE(helper)')]","(out / 'FA_COMBO_RECEIPT.json').write_text(json.dumps(receipt, indent=2, allow_nan=False))"
B,False,/dev/shm/fresh_2026-09-23/devices/fa_b8combo.py,222,main,np.savez_compressed,,True,False,[],"[(133, 'FILE(helper)'), (144, 'FILE(helper)'), (94, 'FILE(helper)'), (166, 'FILE(helper)'), (173, 'FILE(helper)'), (105, 'FILE(helper)')]","np.savez_compressed(tmp, E_ts=au, symbols=syms, **result); tmp.replace(p)"
B,True,/dev/shm/fresh_2026-09-23/devices/fa_b8read.py,169,<module>,json.dump,,True,False,[],"[(64, 'FILE(helper)')]","json.dump(rec, open(OUT + "".tmp"", ""w""), indent=1, default=float); os.replace(OUT + "".tmp"", OUT)"
B,True,/dev/shm/fresh_2026-09-23/devices/fa_b8read.py,169,<module>,open-w,w,True,False,[],"[(64, 'FILE(helper)')]","json.dump(rec, open(OUT + "".tmp"", ""w""), indent=1, default=float); os.replace(OUT + "".tmp"", OUT)"
C,True,/dev/shm/fresh_2026-09-23/devices/fa_b8seat.py,116,main,json.dump,,False,False,[],"[(61, 'FILE(helper)'), (73, 'FILE(helper)'), (110, 'FILE(helper)')]","json.dump(rec, open(rp, ""w""), indent=1)"
C,True,/dev/shm/fresh_2026-09-23/devices/fa_b8seat.py,116,main,open-w,w,False,False,[],"[(61, 'FILE(helper)'), (73, 'FILE(helper)'), (110, 'FILE(helper)')]","json.dump(rec, open(rp, ""w""), indent=1)"
C,False,/dev/shm/fresh_2026-09-23/devices/fa_b8seat.py,108,main,np.savez,,False,False,[],"[(61, 'FILE(helper)'), (73, 'FILE(helper)'), (110, 'FILE(helper)')]","np.savez(o, WL=WLk, ready=ready, E_ts=np.asarray(z[""E_ts""]), look=np.int64(lk))"
C,True,/dev/shm/fresh_2026-09-23/devices/fa_b8trcpt.py,73,<module>,json.dump,,False,False,[],"[(35, 'FILE(helper)'), (64, 'FILE(helper)'), (68, 'FILE(helper)'), (74, 'FILE(helper)')]","json.dump(TR, open(f""{OUTD}/TARGET_RECEIPT.json"", ""w""), indent=2)"
C,True,/dev/shm/fresh_2026-09-23/devices/fa_b8trcpt.py,73,<module>,open-w,w,False,False,[],"[(35, 'FILE(helper)'), (64, 'FILE(helper)'), (68, 'FILE(helper)'), (74, 'FILE(helper)')]","json.dump(TR, open(f""{OUTD}/TARGET_RECEIPT.json"", ""w""), indent=2)"
C,True,/dev/shm/fresh_2026-09-23/devices/fa_b8trcpt.py,75,<module>,json.dump,,False,False,[],"[(35, 'FILE(helper)'), (64, 'FILE(helper)'), (68, 'FILE(helper)'), (74, 'FILE(helper)')]","json.dump(rec, open(f""{OUTD}/FA_B8TRCPT_RECEIPT.json"", ""w""), indent=2, default=float)"
C,True,/dev/shm/fresh_2026-09-23/devices/fa_b8trcpt.py,75,<module>,open-w,w,False,False,[],"[(35, 'FILE(helper)'), (64, 'FILE(helper)'), (68, 'FILE(helper)'), (74, 'FILE(helper)')]","json.dump(rec, open(f""{OUTD}/FA_B8TRCPT_RECEIPT.json"", ""w""), indent=2, default=float)"
C,False,/dev/shm/fresh_2026-09-23/devices/fa_bextract.py,41,<module>,np.savez_compressed,,False,False,[],"[(45, 'FILE(helper)')]","np.savez_compressed(OUT, anchors=ax, price_vs_NEWS_bps=v_minus_news, price_vs_own_original_bps=vs_own,"
B,True,/dev/shm/fresh_2026-09-23/devices/fa_bread.py,101,<module>,json.dump,,True,False,[],"[(39, 'FILE(helper)')]","json.dump(rec, open(OUT + "".tmp"", ""w""), indent=1, default=float); os.replace(OUT + "".tmp"", OUT)"
B,True,/dev/shm/fresh_2026-09-23/devices/fa_bread.py,101,<module>,open-w,w,True,False,[],"[(39, 'FILE(helper)')]","json.dump(rec, open(OUT + "".tmp"", ""w""), indent=1, default=float); os.replace(OUT + "".tmp"", OUT)"
B,True,/dev/shm/fresh_2026-09-23/devices/fa_bridge.py,188,main,json.dump,,True,False,[],"[(63, 'FILE(helper)'), (74, 'FILE(helper)'), (74, 'FILE(helper)'), (105, 'FILE(helper)'), (105, 'FILE(helper)'), (123, 'FILE(helper)')]","json.dump(rec, open(OUT + "".tmp"", ""w""), indent=1, default=float); os.replace(OUT + "".tmp"", OUT)"
B,True,/dev/shm/fresh_2026-09-23/devices/fa_bridge.py,188,main,open-w,w,True,False,[],"[(63, 'FILE(helper)'), (74, 'FILE(helper)'), (74, 'FILE(helper)'), (105, 'FILE(helper)'), (105, 'FILE(helper)'), (123, 'FILE(helper)')]","json.dump(rec, open(OUT + "".tmp"", ""w""), indent=1, default=float); os.replace(OUT + "".tmp"", OUT)"
B,True,/dev/shm/fresh_2026-09-23/devices/fa_bucket.py,79,main,json.dump,,True,False,[],"[(33, 'FILE(helper)'), (78, 'FILE(helper)'), (84, 'FILE(helper)')]","json.dump(rec, open(OUT + "".tmp"", ""w""), indent=1, default=float); os.replace(OUT + "".tmp"", OUT)"
B,True,/dev/shm/fresh_2026-09-23/devices/fa_bucket.py,79,main,open-w,w,True,False,[],"[(33, 'FILE(helper)'), (78, 'FILE(helper)'), (84, 'FILE(helper)')]","json.dump(rec, open(OUT + "".tmp"", ""w""), indent=1, default=float); os.replace(OUT + "".tmp"", OUT)"
A,False,/dev/shm/fresh_2026-09-23/devices/fa_bvariant.py,46,<module>,np.savez_compressed,,True,False,"[47, 61, 61, 67]","[(20, 'FILE(helper)'), (53, 'FILE(helper)'), (54, 'FILE(helper)'), (50, 'MEMORY'), (70, 'FILE(helper)')]","p = f""{OUTD}/{pol}.npz""; np.savez_compressed(p + "".tmp.npz"", **out); os.replace(p + "".tmp.npz"", p)"
B,True,/dev/shm/fresh_2026-09-23/devices/fa_bvariant.py,72,<module>,json.dump,,True,False,[],"[(20, 'FILE(helper)'), (53, 'FILE(helper)'), (54, 'FILE(helper)'), (50, 'MEMORY'), (70, 'FILE(helper)')]","json.dump(TR, open(f""{OUTD}/TARGET_RECEIPT.json"", ""w""), indent=2)"
B,True,/dev/shm/fresh_2026-09-23/devices/fa_bvariant.py,72,<module>,open-w,w,True,False,[],"[(20, 'FILE(helper)'), (53, 'FILE(helper)'), (54, 'FILE(helper)'), (50, 'MEMORY'), (70, 'FILE(helper)')]","json.dump(TR, open(f""{OUTD}/TARGET_RECEIPT.json"", ""w""), indent=2)"
B,True,/dev/shm/fresh_2026-09-23/devices/fa_bvariant.py,73,<module>,json.dump,,True,False,[],"[(20, 'FILE(helper)'), (53, 'FILE(helper)'), (54, 'FILE(helper)'), (50, 'MEMORY'), (70, 'FILE(helper)')]","json.dump(rec, open(f""{OUTD}/FA_BVARIANT_RECEIPT.json"", ""w""), indent=2, default=float)"
B,True,/dev/shm/fresh_2026-09-23/devices/fa_bvariant.py,73,<module>,open-w,w,True,False,[],"[(20, 'FILE(helper)'), (53, 'FILE(helper)'), (54, 'FILE(helper)'), (50, 'MEMORY'), (70, 'FILE(helper)')]","json.dump(rec, open(f""{OUTD}/FA_BVARIANT_RECEIPT.json"", ""w""), indent=2, default=float)"
B,True,/dev/shm/fresh_2026-09-23/devices/fa_c0.py,67,main,json.dump,,True,False,[],"[(21, 'FILE(helper)')]","json.dump(rec, open(OUT + "".tmp"", ""w""), indent=1, default=float); os.replace(OUT + "".tmp"", OUT)"
B,True,/dev/shm/fresh_2026-09-23/devices/fa_c0.py,67,main,open-w,w,True,False,[],"[(21, 'FILE(helper)')]","json.dump(rec, open(OUT + "".tmp"", ""w""), indent=1, default=float); os.replace(OUT + "".tmp"", OUT)"
B,True,/dev/shm/fresh_2026-09-23/devices/fa_c1.py,113,main,json.dump,,True,False,[],"[(44, 'FILE(helper)')]","json.dump(rec, open(OUT + "".tmp"", ""w""), indent=1, default=float); os.replace(OUT + "".tmp"", OUT)"
B,True,/dev/shm/fresh_2026-09-23/devices/fa_c1.py,113,main,open-w,w,True,False,[],"[(44, 'FILE(helper)')]","json.dump(rec, open(OUT + "".tmp"", ""w""), indent=1, default=float); os.replace(OUT + "".tmp"", OUT)"
B,False,/dev/shm/fresh_2026-09-23/devices/fa_combo.py,209,main,write_text,,True,False,[],"[(124, 'FILE(helper)'), (135, 'FILE(helper)'), (85, 'FILE(helper)'), (157, 'FILE(helper)'), (164, 'FILE(helper)'), (96, 'FILE(helper)')]","(out / 'FA_COMBO_RECEIPT.json').write_text(json.dumps(receipt, indent=2, allow_nan=False))"
B,False,/dev/shm/fresh_2026-09-23/devices/fa_combo.py,176,main,np.savez_compressed,,True,False,[],"[(124, 'FILE(helper)'), (135, 'FILE(helper)'), (85, 'FILE(helper)'), (157, 'FILE(helper)'), (164, 'FILE(helper)'), (96, 'FILE(helper)')]","np.savez_compressed(tmp, E_ts=au, symbols=syms, **result); tmp.replace(p)"
B,True,/dev/shm/fresh_2026-09-23/devices/fa_frac.py,147,main,json.dump,,True,False,[],"[(44, 'FILE(helper)'), (50, 'FILE(helper)'), (156, 'FILE(helper)')]","json.dump(rec, open(OUT + "".tmp"", ""w""), indent=1, default=float); os.replace(OUT + "".tmp"", OUT)"
B,True,/dev/shm/fresh_2026-09-23/devices/fa_frac.py,68,main,json.dump,,True,False,[],"[(44, 'FILE(helper)'), (50, 'FILE(helper)'), (156, 'FILE(helper)')]","json.dump(rec, open(OUT, ""w""), indent=1, default=float)"
B,True,/dev/shm/fresh_2026-09-23/devices/fa_frac.py,147,main,open-w,w,True,False,[],"[(44, 'FILE(helper)'), (50, 'FILE(helper)'), (156, 'FILE(helper)')]","json.dump(rec, open(OUT + "".tmp"", ""w""), indent=1, default=float); os.replace(OUT + "".tmp"", OUT)"
B,True,/dev/shm/fresh_2026-09-23/devices/fa_frac.py,68,main,open-w,w,True,False,[],"[(44, 'FILE(helper)'), (50, 'FILE(helper)'), (156, 'FILE(helper)')]","json.dump(rec, open(OUT, ""w""), indent=1, default=float)"
B,True,/dev/shm/fresh_2026-09-23/devices/fa_fundleg_envelope.py,223,<module>,json.dump,,True,False,[],"[(51, 'FILE(helper)'), (53, 'FILE(helper)'), (53, 'FILE(helper)'), (54, 'FILE(helper)')]","json.dump(rec, open(OUT + "".tmp"", ""w""), indent=1, default=float); os.replace(OUT + "".tmp"", OUT)"
B,True,/dev/shm/fresh_2026-09-23/devices/fa_fundleg_envelope.py,223,<module>,open-w,w,True,False,[],"[(51, 'FILE(helper)'), (53, 'FILE(helper)'), (53, 'FILE(helper)'), (54, 'FILE(helper)')]","json.dump(rec, open(OUT + "".tmp"", ""w""), indent=1, default=float); os.replace(OUT + "".tmp"", OUT)"
B,False,/dev/shm/fresh_2026-09-23/devices/fa_fuscombo.py,390,main,write_text,,True,False,[],"[(117, 'FILE(helper)'), (191, 'FILE(helper)'), (122, 'FILE(helper)'), (152, 'FILE(helper)'), (195, 'FILE(helper)'), (225, 'FILE(helper)')]","(out / 'FA_COMBO_RECEIPT.json').write_text(json.dumps(receipt, indent=2, allow_nan=False))"
A,False,/dev/shm/fresh_2026-09-23/devices/fa_fuscombo.py,325,main,np.savez_compressed,,True,False,"[365, 366]","[(117, 'FILE(helper)'), (191, 'FILE(helper)'), (122, 'FILE(helper)'), (152, 'FILE(helper)'), (195, 'FILE(helper)'), (225, 'FILE(helper)')]","np.savez_compressed(tmp, E_ts=au, symbols=syms, **result); tmp.replace(p)"
B,True,/dev/shm/fresh_2026-09-23/devices/fa_fusread.py,233,<module>,json.dump,,True,False,[],"[(59, 'FILE(helper)'), (92, 'FILE(helper)')]","json.dump(rec, open(OUT + "".tmp"", ""w""), indent=1, default=float); os.replace(OUT + "".tmp"", OUT)"
B,True,/dev/shm/fresh_2026-09-23/devices/fa_fusread.py,233,<module>,open-w,w,True,False,[],"[(59, 'FILE(helper)'), (92, 'FILE(helper)')]","json.dump(rec, open(OUT + "".tmp"", ""w""), indent=1, default=float); os.replace(OUT + "".tmp"", OUT)"
B,False,/dev/shm/fresh_2026-09-23/devices/fa_fusread.py,234,<module>,np.savez_compressed,,True,False,[],"[(59, 'FILE(helper)'), (92, 'FILE(helper)')]","np.savez_compressed(OUT.replace("".json"", ""_daily.npz.tmp.npz""), **DSAVE)"
B,True,/dev/shm/fresh_2026-09-23/devices/fa_fusread.py,237,<module>,json.dump,,True,False,[],"[(59, 'FILE(helper)'), (92, 'FILE(helper)')]","json.dump(rec, open(OUT + "".tmp"", ""w""), indent=1, default=float); os.replace(OUT + "".tmp"", OUT)"
B,True,/dev/shm/fresh_2026-09-23/devices/fa_fusread.py,237,<module>,open-w,w,True,False,[],"[(59, 'FILE(helper)'), (92, 'FILE(helper)')]","json.dump(rec, open(OUT + "".tmp"", ""w""), indent=1, default=float); os.replace(OUT + "".tmp"", OUT)"
C,True,/dev/shm/fresh_2026-09-23/devices/fa_g0b.py,45,<module>,json.dump,,False,False,[],"[(16, 'FILE(helper)'), (28, 'FILE(helper)'), (35, 'FILE(helper)'), (47, 'FILE(helper)')]","json.dump(rec, open(OUT, ""w""), indent=1)"
C,True,/dev/shm/fresh_2026-09-23/devices/fa_g0b.py,45,<module>,open-w,w,False,False,[],"[(16, 'FILE(helper)'), (28, 'FILE(helper)'), (35, 'FILE(helper)'), (47, 'FILE(helper)')]","json.dump(rec, open(OUT, ""w""), indent=1)"
B,True,/dev/shm/fresh_2026-09-23/devices/fa_gates.py,202,main,json.dump,,True,False,[],"[(116, 'FILE(helper)'), (142, 'FILE(helper)'), (142, 'FILE(helper)'), (213, 'FILE(helper)')]","json.dump(rec, open(OUT + "".tmp"", ""w""), indent=1, default=float); os.replace(OUT + "".tmp"", OUT)"
B,True,/dev/shm/fresh_2026-09-23/devices/fa_gates.py,202,main,open-w,w,True,False,[],"[(116, 'FILE(helper)'), (142, 'FILE(helper)'), (142, 'FILE(helper)'), (213, 'FILE(helper)')]","json.dump(rec, open(OUT + "".tmp"", ""w""), indent=1, default=float); os.replace(OUT + "".tmp"", OUT)"
B,False,/dev/shm/fresh_2026-09-23/devices/fa_ladder.py,486,main,write_text,,True,False,[],"[(139, 'FILE(helper)'), (213, 'FILE(helper)'), (144, 'FILE(helper)'), (174, 'FILE(helper)'), (217, 'FILE(helper)'), (247, 'FILE(helper)')]","(out / 'FA_COMBO_RECEIPT.json').write_text(json.dumps(receipt, indent=2, allow_nan=False))"
A,False,/dev/shm/fresh_2026-09-23/devices/fa_ladder.py,392,main,np.savez_compressed,,True,False,"[407, 407, 446, 447, 461]","[(139, 'FILE(helper)'), (213, 'FILE(helper)'), (144, 'FILE(helper)'), (174, 'FILE(helper)'), (217, 'FILE(helper)'), (247, 'FILE(helper)')]","np.savez_compressed(tmp, E_ts=au, symbols=syms, **result); tmp.replace(p)"
B,False,/dev/shm/fresh_2026-09-23/devices/fa_mix.py,147,main,np.savez_compressed,,True,False,[],"[(52, 'FILE(helper)'), (149, 'FILE(helper)'), (158, 'FILE(helper)')]","np.savez_compressed(ser, anchors=ax, price_diff_D_minus_A_bps=d, mix_FRESH=mixF, mix_NEWS=mixA,"
B,True,/dev/shm/fresh_2026-09-23/devices/fa_mix.py,154,main,json.dump,,True,False,[],"[(52, 'FILE(helper)'), (149, 'FILE(helper)'), (158, 'FILE(helper)')]","json.dump(rec, open(OUT + "".tmp"", ""w""), indent=1, default=float); os.replace(OUT + "".tmp"", OUT)"
B,True,/dev/shm/fresh_2026-09-23/devices/fa_mix.py,81,main,json.dump,,True,False,[],"[(52, 'FILE(helper)'), (149, 'FILE(helper)'), (158, 'FILE(helper)')]","json.dump(rec, open(OUT, ""w""), indent=1, default=float)"
B,True,/dev/shm/fresh_2026-09-23/devices/fa_mix.py,154,main,open-w,w,True,False,[],"[(52, 'FILE(helper)'), (149, 'FILE(helper)'), (158, 'FILE(helper)')]","json.dump(rec, open(OUT + "".tmp"", ""w""), indent=1, default=float); os.replace(OUT + "".tmp"", OUT)"
B,True,/dev/shm/fresh_2026-09-23/devices/fa_mix.py,81,main,open-w,w,True,False,[],"[(52, 'FILE(helper)'), (149, 'FILE(helper)'), (158, 'FILE(helper)')]","json.dump(rec, open(OUT, ""w""), indent=1, default=float)"
B,True,/dev/shm/fresh_2026-09-23/devices/fa_ratediff.py,183,main,json.dump,,True,False,[],"[(94, 'FILE(helper)')]","json.dump(rec, open(OUT + "".tmp"", ""w""), indent=1, default=float); os.replace(OUT + "".tmp"", OUT)"
B,True,/dev/shm/fresh_2026-09-23/devices/fa_ratediff.py,183,main,open-w,w,True,False,[],"[(94, 'FILE(helper)')]","json.dump(rec, open(OUT + "".tmp"", ""w""), indent=1, default=float); os.replace(OUT + "".tmp"", OUT)"
B,False,/dev/shm/fresh_2026-09-23/devices/fa_rn8combo.py,326,main,write_text,,True,False,[],"[(150, 'FILE(helper)'), (111, 'FILE(helper)'), (154, 'FILE(helper)'), (184, 'FILE(helper)'), (206, 'FILE(helper)'), (213, 'FILE(helper)')]","(out / 'FA_COMBO_RECEIPT.json').write_text(json.dumps(receipt, indent=2, allow_nan=False))"
B,False,/dev/shm/fresh_2026-09-23/devices/fa_rn8combo.py,283,main,np.savez_compressed,,True,False,[],"[(150, 'FILE(helper)'), (111, 'FILE(helper)'), (154, 'FILE(helper)'), (184, 'FILE(helper)'), (206, 'FILE(helper)'), (213, 'FILE(helper)')]","np.savez_compressed(tmp, E_ts=au, symbols=syms, **result); tmp.replace(p)"
B,False,/dev/shm/fresh_2026-09-23/devices/fa_rn8extract.py,73,<module>,np.savez_compressed,,True,False,[],"[(42, 'FILE(helper)'), (59, 'FILE(helper)'), (75, 'FILE(helper)')]","np.savez_compressed(OUT + "".tmp.npz"", anchors=ax, **{k: v for k, v in ch.items()})"
B,True,/dev/shm/fresh_2026-09-23/devices/fa_rn8extract.py,76,<module>,json.dump,,True,False,[],"[(42, 'FILE(helper)'), (59, 'FILE(helper)'), (75, 'FILE(helper)')]","json.dump(rec, open(OUT.replace("".npz"", "".json""), ""w""), indent=1)"
B,True,/dev/shm/fresh_2026-09-23/devices/fa_rn8extract.py,76,<module>,open-w,w,True,False,[],"[(42, 'FILE(helper)'), (59, 'FILE(helper)'), (75, 'FILE(helper)')]","json.dump(rec, open(OUT.replace("".npz"", "".json""), ""w""), indent=1)"
B,True,/dev/shm/fresh_2026-09-23/devices/fa_rn8read.py,163,<module>,json.dump,,True,False,[],"[(47, 'FILE(helper)'), (80, 'FILE(helper)')]","json.dump(rec, open(OUT + "".tmp"", ""w""), indent=1, default=float); os.replace(OUT + "".tmp"", OUT)"
B,True,/dev/shm/fresh_2026-09-23/devices/fa_rn8read.py,163,<module>,open-w,w,True,False,[],"[(47, 'FILE(helper)'), (80, 'FILE(helper)')]","json.dump(rec, open(OUT + "".tmp"", ""w""), indent=1, default=float); os.replace(OUT + "".tmp"", OUT)"
B,False,/dev/shm/fresh_2026-09-23/devices/fa_rn8read.py,164,<module>,np.savez_compressed,,True,False,[],"[(47, 'FILE(helper)'), (80, 'FILE(helper)')]","np.savez_compressed(OUT.replace("".json"", ""_daily.npz.tmp.npz""), **DSAVE)"
B,True,/dev/shm/fresh_2026-09-23/devices/fa_rn8read.py,167,<module>,json.dump,,True,False,[],"[(47, 'FILE(helper)'), (80, 'FILE(helper)')]","json.dump(rec, open(OUT + "".tmp"", ""w""), indent=1, default=float); os.replace(OUT + "".tmp"", OUT)"
B,True,/dev/shm/fresh_2026-09-23/devices/fa_rn8read.py,167,<module>,open-w,w,True,False,[],"[(47, 'FILE(helper)'), (80, 'FILE(helper)')]","json.dump(rec, open(OUT + "".tmp"", ""w""), indent=1, default=float); os.replace(OUT + "".tmp"", OUT)"
B,True,/dev/shm/fresh_2026-09-23/devices/fa_rn8verdict.py,93,<module>,json.dump,,True,False,[],"[(36, 'FILE(helper)'), (39, 'FILE(helper)'), (39, 'FILE(helper)')]","json.dump(rec, open(OUT + "".tmp"", ""w""), indent=1); os.replace(OUT + "".tmp"", OUT)"
B,True,/dev/shm/fresh_2026-09-23/devices/fa_rn8verdict.py,93,<module>,open-w,w,True,False,[],"[(36, 'FILE(helper)'), (39, 'FILE(helper)'), (39, 'FILE(helper)')]","json.dump(rec, open(OUT + "".tmp"", ""w""), indent=1); os.replace(OUT + "".tmp"", OUT)"
B,True,/dev/shm/fresh_2026-09-23/devices/fa_s1onset.py,127,main,json.dump,,True,False,[],"[(47, 'FILE(helper)')]","json.dump(rec, open(OUT + "".tmp"", ""w""), indent=1, default=float); os.replace(OUT + "".tmp"", OUT)"
B,True,/dev/shm/fresh_2026-09-23/devices/fa_s1onset.py,127,main,open-w,w,True,False,[],"[(47, 'FILE(helper)')]","json.dump(rec, open(OUT + "".tmp"", ""w""), indent=1, default=float); os.replace(OUT + "".tmp"", OUT)"
A,False,/dev/shm/fresh_2026-09-23/devices/fa_s2027.py,68,main,np.savez_compressed,,True,False,"[73, 74]","[(34, 'FILE(helper)'), (46, 'FILE(helper)'), (71, 'FILE(helper)'), (42, 'FILE(helper)')]","np.savez_compressed(""/dev/shm/fanom_2026-09-24/receipts/FA_ANCHOR_SERIES_s2027.npz"","
B,True,/dev/shm/fresh_2026-09-23/devices/fa_s2027.py,124,main,json.dump,,True,False,[],"[(34, 'FILE(helper)'), (46, 'FILE(helper)'), (71, 'FILE(helper)'), (42, 'FILE(helper)')]","json.dump(rec, open(OUT + "".tmp"", ""w""), indent=1, default=float); os.replace(OUT + "".tmp"", OUT)"
A,True,/dev/shm/fresh_2026-09-23/devices/fa_s2027.py,51,main,json.dump,,True,False,"[57, 57, 59, 73, 74]","[(34, 'FILE(helper)'), (46, 'FILE(helper)'), (71, 'FILE(helper)'), (42, 'FILE(helper)')]","json.dump(rec, open(OUT, ""w""), indent=1, default=float)"
B,True,/dev/shm/fresh_2026-09-23/devices/fa_s2027.py,124,main,open-w,w,True,False,[],"[(34, 'FILE(helper)'), (46, 'FILE(helper)'), (71, 'FILE(helper)'), (42, 'FILE(helper)')]","json.dump(rec, open(OUT + "".tmp"", ""w""), indent=1, default=float); os.replace(OUT + "".tmp"", OUT)"
A,True,/dev/shm/fresh_2026-09-23/devices/fa_s2027.py,51,main,open-w,w,True,False,"[57, 57, 59, 73, 74]","[(34, 'FILE(helper)'), (46, 'FILE(helper)'), (71, 'FILE(helper)'), (42, 'FILE(helper)')]","json.dump(rec, open(OUT, ""w""), indent=1, default=float)"
B,True,/dev/shm/fresh_2026-09-23/devices/fa_window_legs.py,125,<module>,json.dump,,True,False,[],"[(54, 'FILE(helper)'), (56, 'FILE(helper)'), (56, 'FILE(helper)')]","json.dump(rec, open(OUT + "".tmp"", ""w""), indent=1, default=float); os.replace(OUT + "".tmp"", OUT)"
B,True,/dev/shm/fresh_2026-09-23/devices/fa_window_legs.py,125,<module>,open-w,w,True,False,[],"[(54, 'FILE(helper)'), (56, 'FILE(helper)'), (56, 'FILE(helper)')]","json.dump(rec, open(OUT + "".tmp"", ""w""), indent=1, default=float); os.replace(OUT + "".tmp"", OUT)"
C,True,/dev/shm/fresh_2026-09-23/devices/fresh_adapter_specs.py,35,<module>,json.dump,,False,False,[],"[(16, 'FILE(helper)'), (36, 'FILE(helper)'), (22, 'FILE(helper)'), (23, 'FILE(helper)'), (24, 'FILE(helper)'), (31, 'FILE(helper)')]","json.dump(spec, open(op, ""w""), indent=1)"
C,True,/dev/shm/fresh_2026-09-23/devices/fresh_adapter_specs.py,35,<module>,open-w,w,False,False,[],"[(16, 'FILE(helper)'), (36, 'FILE(helper)'), (22, 'FILE(helper)'), (23, 'FILE(helper)'), (24, 'FILE(helper)'), (31, 'FILE(helper)')]","json.dump(spec, open(op, ""w""), indent=1)"
C,True,/dev/shm/fresh_2026-09-23/devices/fresh_adapter_specs.py,38,<module>,json.dump,,False,False,[],"[(16, 'FILE(helper)'), (36, 'FILE(helper)'), (22, 'FILE(helper)'), (23, 'FILE(helper)'), (24, 'FILE(helper)'), (31, 'FILE(helper)')]","json.dump(out, open(f""{W}/receipts/engine/FRESH_ADAPTER_SPECS.json"", ""w""), indent=1)"
C,True,/dev/shm/fresh_2026-09-23/devices/fresh_adapter_specs.py,38,<module>,open-w,w,False,False,[],"[(16, 'FILE(helper)'), (36, 'FILE(helper)'), (22, 'FILE(helper)'), (23, 'FILE(helper)'), (24, 'FILE(helper)'), (31, 'FILE(helper)')]","json.dump(out, open(f""{W}/receipts/engine/FRESH_ADAPTER_SPECS.json"", ""w""), indent=1)"
B,False,/dev/shm/fresh_2026-09-23/devices/fresh_combo.py,76,main,write_text,,True,False,[],"[(32, 'FILE(helper)'), (45, 'FILE(helper)'), (51, 'FILE(helper)'), (37, 'FILE(helper)'), (38, 'FILE(helper)'), (66, 'FILE(helper)')]","(out / 'TARGET_RECEIPT.json').write_text(json.dumps(receipt, indent=2, allow_nan=False)); print(json.dumps({k: receipt[k] for k in ('seed', 'member_cells_outside_book_universe')}),"
B,False,/dev/shm/fresh_2026-09-23/devices/fresh_combo.py,61,main,np.savez_compressed,,True,False,[],"[(32, 'FILE(helper)'), (45, 'FILE(helper)'), (51, 'FILE(helper)'), (37, 'FILE(helper)'), (38, 'FILE(helper)'), (66, 'FILE(helper)')]","p = out / (policy + '.npz'); tmp = out / (policy + '.tmp.npz'); np.savez_compressed(tmp, E_ts=au, symbols=syms, **result); tmp.replace(p)"
B,True,/dev/shm/fresh_2026-09-23/devices/fresh_deploy_manifest.py,115,main,json.dump,,True,False,[],"[(69, 'FILE(helper)'), (69, 'FILE(helper)'), (74, 'FILE(helper)'), (81, 'FILE(helper)'), (87, 'FILE(helper)'), (88, 'FILE(helper)')]","json.dump(rec, open(OUT + "".tmp"", ""w""), indent=1, default=float); os.replace(OUT + "".tmp"", OUT)"
B,True,/dev/shm/fresh_2026-09-23/devices/fresh_deploy_manifest.py,115,main,open-w,w,True,False,[],"[(69, 'FILE(helper)'), (69, 'FILE(helper)'), (74, 'FILE(helper)'), (81, 'FILE(helper)'), (87, 'FILE(helper)'), (88, 'FILE(helper)')]","json.dump(rec, open(OUT + "".tmp"", ""w""), indent=1, default=float); os.replace(OUT + "".tmp"", OUT)"
C,False,/dev/shm/fresh_2026-09-23/devices/fresh_export_models.py,45,main,shutil.copy2,,False,False,"[46, 48, 57, 58, 46]","[(44, 'FILE(helper)'), (45, 'FILE(helper)'), (76, 'FILE(helper)'), (47, 'FILE(helper)'), (71, 'FILE(helper)'), (72, 'FILE(helper)')]","shutil.copy2(kr[""model_path""], f""{out}/slow2026.txt""); assert sha(f""{out}/slow2026.txt"") == kr[""model_sha256""]"
C,False,/dev/shm/fresh_2026-09-23/devices/fresh_export_models.py,56,main,np.savez,,False,False,"[57, 58]","[(44, 'FILE(helper)'), (45, 'FILE(helper)'), (76, 'FILE(helper)'), (47, 'FILE(helper)'), (71, 'FILE(helper)'), (72, 'FILE(helper)')]","np.savez(npz, **{k: v.astype(np.float32) for k, v in Wt.items()}, mu=mu, sd_=sdv, alpha=np.float32(alpha), n_cols=np.int64(171), trained_through=np.int64(tt))"
C,True,/dev/shm/fresh_2026-09-23/devices/fresh_export_models.py,77,main,json.dump,,False,False,[],"[(44, 'FILE(helper)'), (45, 'FILE(helper)'), (76, 'FILE(helper)'), (47, 'FILE(helper)'), (71, 'FILE(helper)'), (72, 'FILE(helper)')]","json.dump(rec, open(f""{W}/receipts/P5_EXPORT.json"", ""w""), indent=1)"
C,True,/dev/shm/fresh_2026-09-23/devices/fresh_export_models.py,77,main,open-w,w,False,False,[],"[(44, 'FILE(helper)'), (45, 'FILE(helper)'), (76, 'FILE(helper)'), (47, 'FILE(helper)'), (71, 'FILE(helper)'), (72, 'FILE(helper)')]","json.dump(rec, open(f""{W}/receipts/P5_EXPORT.json"", ""w""), indent=1)"
C,True,/dev/shm/fresh_2026-09-23/devices/fresh_ext.py,81,<module>,json.dump,,False,False,[],"[(44, 'FILE(helper)'), (64, 'FILE(helper)'), (82, 'FILE(helper)')]","json.dump(rec, open(OUT, ""w""), indent=1, default=float)"
C,True,/dev/shm/fresh_2026-09-23/devices/fresh_ext.py,81,<module>,open-w,w,False,False,[],"[(44, 'FILE(helper)'), (64, 'FILE(helper)'), (82, 'FILE(helper)')]","json.dump(rec, open(OUT, ""w""), indent=1, default=float)"
C,False,/dev/shm/fresh_2026-09-23/devices/fresh_final_fit.py,78,do_king,write_text,,False,False,[],"[(70, 'FILE(helper)'), (74, 'FILE(helper)'), (75, 'FILE(helper)'), (75, 'FILE(helper)')]","(out / 'KING_FINAL_RECEIPT.json').write_text(json.dumps(rr, indent=2, allow_nan=False)); log('KING_FINAL_DONE', json.dumps(rr)[:400])"
C,False,/dev/shm/fresh_2026-09-23/devices/fresh_final_fit.py,131,do_f10,torch.save,,False,False,[],"[(86, 'FILE(helper)'), (132, 'FILE(helper)'), (96, 'FILE(helper)'), (135, 'FILE(helper)'), (136, 'FILE(helper)'), (136, 'FILE(helper)')]","torch.save({'state_dict': model.state_dict(), 'mu': mu, 'sd': sd, 'input_dim': 171, 'fixed_epoch_index': 7}, mp)"
C,False,/dev/shm/fresh_2026-09-23/devices/fresh_final_fit.py,139,do_f10,write_text,,False,False,[],"[(86, 'FILE(helper)'), (132, 'FILE(helper)'), (96, 'FILE(helper)'), (135, 'FILE(helper)'), (136, 'FILE(helper)'), (136, 'FILE(helper)')]","(out / f'F10_FINAL_RECEIPT_s{seed}.json').write_text(json.dumps(rr, indent=2, allow_nan=False)); log('F10_FINAL_DONE', json.dumps({k: rr[k] for k in ('model_sha256', 'max_train_lab"
C,False,/dev/shm/fresh_2026-09-23/devices/fresh_final_fit.py,129,do_f10,write_text,,False,False,[],"[(86, 'FILE(helper)'), (132, 'FILE(helper)'), (96, 'FILE(helper)'), (135, 'FILE(helper)'), (136, 'FILE(helper)'), (136, 'FILE(helper)')]","curve.append(rr); log('F10 FINAL', seed, rr); (out / f'F10_FINAL_PROGRESS_s{seed}.json').write_text(json.dumps(curve, indent=2, allow_nan=False))"
C,False,/dev/shm/fresh_2026-09-23/devices/fresh_final_fit.py,148,main,write_text,,False,False,[],[],"(W / 'work/final/CUTOFF.json').write_text(json.dumps({'axis_last_anchor': int(a[-1]), 'last_available_label_end': last, 'embargo_anchors': EMBARGO, 'cutoff': cut,"
C,False,/dev/shm/fresh_2026-09-23/devices/fresh_legs.py,86,main,np.savez_compressed,,False,False,[],"[(88, 'FILE(helper)'), (92, 'FILE(helper)'), (90, 'FILE(helper)'), (90, 'FILE(helper)'), (91, 'FILE(helper)'), (91, 'FILE(helper)')]","np.savez_compressed(out, E_ts=a, symbols=np.array(syms), KZ=KZ, Z24=Z24, ZFD=ZFD, WL=WL, ready=ready, LR=LRm, QV=QV, RN8=RN8)"
C,True,/dev/shm/fresh_2026-09-23/devices/fresh_legs.py,96,main,json.dump,,False,False,[],"[(88, 'FILE(helper)'), (92, 'FILE(helper)'), (90, 'FILE(helper)'), (90, 'FILE(helper)'), (91, 'FILE(helper)'), (91, 'FILE(helper)')]","json.dump(rec, open(f""{W}/receipts/P3_LEGS.json"", ""w""), indent=1); print(""LEGS_DONE"", json.dumps({k: rec[k] for k in (""ready"", ""not_ready"", ""not_ready_reasons"", ""leg_returns"")}), f"
C,True,/dev/shm/fresh_2026-09-23/devices/fresh_legs.py,96,main,open-w,w,False,False,[],"[(88, 'FILE(helper)'), (92, 'FILE(helper)'), (90, 'FILE(helper)'), (90, 'FILE(helper)'), (91, 'FILE(helper)'), (91, 'FILE(helper)')]","json.dump(rec, open(f""{W}/receipts/P3_LEGS.json"", ""w""), indent=1); print(""LEGS_DONE"", json.dumps({k: rec[k] for k in (""ready"", ""not_ready"", ""not_ready_reasons"", ""leg_returns"")}), f"
B,True,/dev/shm/fresh_2026-09-23/devices/fresh_legs_receipt.py,108,<module>,json.dump,,True,False,[],"[(76, 'FILE(helper)'), (85, 'FILE(helper)'), (86, 'FILE(helper)'), (87, 'FILE(helper)'), (96, 'FILE(helper)'), (97, 'FILE(helper)')]","json.dump(rec, open(OUT + "".tmp"", ""w""), indent=1); os.replace(OUT + "".tmp"", OUT)"
B,True,/dev/shm/fresh_2026-09-23/devices/fresh_legs_receipt.py,108,<module>,open-w,w,True,False,[],"[(76, 'FILE(helper)'), (85, 'FILE(helper)'), (86, 'FILE(helper)'), (87, 'FILE(helper)'), (96, 'FILE(helper)'), (97, 'FILE(helper)')]","json.dump(rec, open(OUT + "".tmp"", ""w""), indent=1); os.replace(OUT + "".tmp"", OUT)"
C,True,/dev/shm/fresh_2026-09-23/devices/fresh_make_configs.py,111,<module>,json.dump,,False,False,[],"[(68, 'FILE(helper)'), (71, 'FILE(helper)'), (73, 'FILE(helper)'), (72, 'FILE(helper)'), (112, 'FILE(helper)'), (116, 'FILE(helper)')]","op = os.path.join(OUTD, fn); json.dump(D, open(op, ""w""), indent=1, ensure_ascii=False)"
C,True,/dev/shm/fresh_2026-09-23/devices/fresh_make_configs.py,111,<module>,open-w,w,False,False,[],"[(68, 'FILE(helper)'), (71, 'FILE(helper)'), (73, 'FILE(helper)'), (72, 'FILE(helper)'), (112, 'FILE(helper)'), (116, 'FILE(helper)')]","op = os.path.join(OUTD, fn); json.dump(D, open(op, ""w""), indent=1, ensure_ascii=False)"
C,True,/dev/shm/fresh_2026-09-23/devices/fresh_make_configs.py,115,<module>,json.dump,,False,False,[],"[(68, 'FILE(helper)'), (71, 'FILE(helper)'), (73, 'FILE(helper)'), (72, 'FILE(helper)'), (112, 'FILE(helper)'), (116, 'FILE(helper)')]","json.dump(rec, open(DIFF, ""w""), indent=1, ensure_ascii=False)"
C,True,/dev/shm/fresh_2026-09-23/devices/fresh_make_configs.py,115,<module>,open-w,w,False,False,[],"[(68, 'FILE(helper)'), (71, 'FILE(helper)'), (73, 'FILE(helper)'), (72, 'FILE(helper)'), (112, 'FILE(helper)'), (116, 'FILE(helper)')]","json.dump(rec, open(DIFF, ""w""), indent=1, ensure_ascii=False)"
B,True,/dev/shm/fresh_2026-09-23/devices/fresh_mech_table.py,52,main,json.dump,,True,False,[],"[(32, 'FILE(helper)'), (34, 'FILE(helper)'), (72, 'FILE(helper)'), (54, 'FILE(helper)')]","json.dump(rec, open(OUT + "".tmp"", ""w""), indent=1, default=float); os.replace(OUT + "".tmp"", OUT)"
B,True,/dev/shm/fresh_2026-09-23/devices/fresh_mech_table.py,52,main,open-w,w,True,False,[],"[(32, 'FILE(helper)'), (34, 'FILE(helper)'), (72, 'FILE(helper)'), (54, 'FILE(helper)')]","json.dump(rec, open(OUT + "".tmp"", ""w""), indent=1, default=float); os.replace(OUT + "".tmp"", OUT)"
B,True,/dev/shm/fresh_2026-09-23/devices/fresh_mech_table.py,71,main,open-w,w,True,False,[],"[(32, 'FILE(helper)'), (34, 'FILE(helper)'), (72, 'FILE(helper)'), (54, 'FILE(helper)')]","open(OUTMD + "".tmp"", ""w"").write(""\n"".join(L) + ""\n""); os.replace(OUTMD + "".tmp"", OUTMD)"
C,False,/dev/shm/fresh_2026-09-23/devices/fresh_p5_extract.py,30,export_np,np.savez,,False,False,[],[],"np.savez(out, **{k: v.astype(np.float32) for k, v in Wt.items()}, mu=ck[""mu""].cpu().numpy().astype(np.float32), sd_=ck[""sd""].cpu().numpy().astype(np.float32),"
C,False,/dev/shm/fresh_2026-09-23/devices/fresh_p5_extract.py,60,main,np.savez,,False,False,"[61, 61]","[(40, 'FILE(helper)'), (61, 'FILE(helper)'), (69, 'FILE(helper)'), (69, 'FILE(helper)'), (63, 'FILE(helper)'), (66, 'FILE(helper)')]","p = f""{W}/work/FRESH_ACCEPT_ROWS.npz""; np.savez(p, anchors=np.array(ANCH), symbols=F[""symbols""], **out)"
C,True,/dev/shm/fresh_2026-09-23/devices/fresh_p5_extract.py,63,main,json.dump,,False,False,[],"[(40, 'FILE(helper)'), (61, 'FILE(helper)'), (69, 'FILE(helper)'), (69, 'FILE(helper)'), (63, 'FILE(helper)'), (66, 'FILE(helper)')]","json.dump({""device"": os.path.abspath(__file__), ""self_sha256"": sha(os.path.abspath(__file__)),"
C,True,/dev/shm/fresh_2026-09-23/devices/fresh_p5_extract.py,68,main,open-w,w,False,False,[],"[(40, 'FILE(helper)'), (61, 'FILE(helper)'), (69, 'FILE(helper)'), (69, 'FILE(helper)'), (63, 'FILE(helper)'), (66, 'FILE(helper)')]","open(f""{W}/receipts/P5_ACCEPT_ROWS.json"", ""w""), indent=1)"
B,True,/dev/shm/fresh_2026-09-23/devices/fresh_report.py,200,<module>,json.dump,,True,False,[],"[(78, 'FILE(helper)'), (83, 'FILE(helper)'), (86, 'FILE(helper)'), (111, 'FILE(helper)'), (147, 'FILE(helper)'), (179, 'FILE(helper)')]","json.dump(rec, open(OUT + "".tmp"", ""w""), indent=1, default=float); os.replace(OUT + "".tmp"", OUT)"
B,True,/dev/shm/fresh_2026-09-23/devices/fresh_report.py,200,<module>,open-w,w,True,False,[],"[(78, 'FILE(helper)'), (83, 'FILE(helper)'), (86, 'FILE(helper)'), (111, 'FILE(helper)'), (147, 'FILE(helper)'), (179, 'FILE(helper)')]","json.dump(rec, open(OUT + "".tmp"", ""w""), indent=1, default=float); os.replace(OUT + "".tmp"", OUT)"
B,True,/dev/shm/fresh_2026-09-23/devices/fresh_runs_manifest.py,51,main,json.dump,,True,False,[],"[(24, 'FILE(helper)'), (36, 'FILE(helper)'), (52, 'FILE(helper)')]","json.dump(rec, open(OUT + "".tmp"", ""w""), indent=1); os.replace(OUT + "".tmp"", OUT)"
B,True,/dev/shm/fresh_2026-09-23/devices/fresh_runs_manifest.py,51,main,open-w,w,True,False,[],"[(24, 'FILE(helper)'), (36, 'FILE(helper)'), (52, 'FILE(helper)')]","json.dump(rec, open(OUT + "".tmp"", ""w""), indent=1); os.replace(OUT + "".tmp"", OUT)"
B,True,/dev/shm/fresh_2026-09-23/devices/fresh_stats.py,277,main,json.dump,,True,False,[],"[(189, 'FILE(helper)'), (184, 'FILE(helper)'), (219, 'FILE(helper)'), (190, 'FILE(helper)'), (220, 'FILE(helper)'), (285, 'FILE(helper)')]","json.dump(rec, open(OUT + "".tmp"", ""w""), indent=1, default=float); os.replace(OUT + "".tmp"", OUT)"
B,True,/dev/shm/fresh_2026-09-23/devices/fresh_stats.py,206,main,json.dump,,True,False,[],"[(189, 'FILE(helper)'), (184, 'FILE(helper)'), (219, 'FILE(helper)'), (190, 'FILE(helper)'), (220, 'FILE(helper)'), (285, 'FILE(helper)')]","rec[""VERDICT""] = ""STOPPED: CELLS_MISSING""; json.dump(rec, open(OUT, ""w""), indent=1, default=float)"
B,True,/dev/shm/fresh_2026-09-23/devices/fresh_stats.py,224,main,json.dump,,True,False,[],"[(189, 'FILE(helper)'), (184, 'FILE(helper)'), (219, 'FILE(helper)'), (190, 'FILE(helper)'), (220, 'FILE(helper)'), (285, 'FILE(helper)')]","rec[""VERDICT""] = ""STOPPED: SAME_ENGINE FAIL""; json.dump(rec, open(OUT, ""w""), indent=1, default=float)"
B,True,/dev/shm/fresh_2026-09-23/devices/fresh_stats.py,277,main,open-w,w,True,False,[],"[(189, 'FILE(helper)'), (184, 'FILE(helper)'), (219, 'FILE(helper)'), (190, 'FILE(helper)'), (220, 'FILE(helper)'), (285, 'FILE(helper)')]","json.dump(rec, open(OUT + "".tmp"", ""w""), indent=1, default=float); os.replace(OUT + "".tmp"", OUT)"
B,True,/dev/shm/fresh_2026-09-23/devices/fresh_stats.py,206,main,open-w,w,True,False,[],"[(189, 'FILE(helper)'), (184, 'FILE(helper)'), (219, 'FILE(helper)'), (190, 'FILE(helper)'), (220, 'FILE(helper)'), (285, 'FILE(helper)')]","rec[""VERDICT""] = ""STOPPED: CELLS_MISSING""; json.dump(rec, open(OUT, ""w""), indent=1, default=float)"
B,True,/dev/shm/fresh_2026-09-23/devices/fresh_stats.py,224,main,open-w,w,True,False,[],"[(189, 'FILE(helper)'), (184, 'FILE(helper)'), (219, 'FILE(helper)'), (190, 'FILE(helper)'), (220, 'FILE(helper)'), (285, 'FILE(helper)')]","rec[""VERDICT""] = ""STOPPED: SAME_ENGINE FAIL""; json.dump(rec, open(OUT, ""w""), indent=1, default=float)"
B,True,/dev/shm/fresh_2026-09-23/devices/fresh_stats_base_equiv.py,117,main,json.dump,,True,False,[],"[(71, 'FILE(helper)'), (72, 'FILE(helper)'), (72, 'FILE(helper)'), (73, 'FILE(helper)'), (78, 'MEMORY'), (78, 'MEMORY')]","json.dump(rec, open(OUT + "".tmp"", ""w""), indent=1); os.replace(OUT + "".tmp"", OUT)"
B,True,/dev/shm/fresh_2026-09-23/devices/fresh_stats_base_equiv.py,117,main,open-w,w,True,False,[],"[(71, 'FILE(helper)'), (72, 'FILE(helper)'), (72, 'FILE(helper)'), (73, 'FILE(helper)'), (78, 'MEMORY'), (78, 'MEMORY')]","json.dump(rec, open(OUT + "".tmp"", ""w""), indent=1); os.replace(OUT + "".tmp"", OUT)"
C,True,/dev/shm/fresh_2026-09-23/devices/fresh_tables.py,164,<module>,open-w,w,False,False,[],"[(25, 'FILE(helper)'), (26, 'FILE(helper)'), (26, 'FILE(helper)'), (26, 'FILE(helper)'), (26, 'FILE(helper)'), (160, 'FILE(helper)')]","open(OUT, ""w"").write(""\n"".join(L) + ""\n"")"
B,False,/dev/shm/fresh_2026-09-23/devices/fresh_train_f10.py,61,merge_folds,np.savez_compressed,,True,False,[],"[(62, 'FILE(helper)'), (57, 'FILE(helper)'), (57, 'FILE(helper)'), (60, 'FILE(helper)')]","tmp=out/'F10_OOF.tmp.npz';np.savez_compressed(tmp,P=pred,E_ts=a,symbols=symbols);tmp.replace(out/'F10_OOF.npz')"
B,False,/dev/shm/fresh_2026-09-23/devices/fresh_train_f10.py,63,merge_folds,write_text,,True,False,[],"[(62, 'FILE(helper)'), (57, 'FILE(helper)'), (57, 'FILE(helper)'), (60, 'FILE(helper)')]","tmp=out/'TRAIN_RECEIPT.tmp.json';tmp.write_text(json.dumps(rr,indent=2));tmp.replace(out/'TRAIN_RECEIPT.json')"
C,False,/dev/shm/fresh_2026-09-23/devices/fresh_train_f10.py,116,main,write_text,,False,False,[],"[(71, 'FILE(helper)'), (71, 'FILE(helper)'), (138, 'FILE(helper)'), (138, 'FILE(helper)'), (139, 'FILE(helper)'), (140, 'FILE(helper)')]","(target/'ADMISSION.json').write_text(json.dumps(admission,indent=2));log('F10 admission',args.seed,admission)"
C,False,/dev/shm/fresh_2026-09-23/devices/fresh_train_f10.py,135,main,torch.save,,False,False,[],"[(71, 'FILE(helper)'), (71, 'FILE(helper)'), (138, 'FILE(helper)'), (138, 'FILE(helper)'), (139, 'FILE(helper)'), (140, 'FILE(helper)')]","torch.save({'state_dict':model.state_dict(),'mu':mu,'sd':sd,'input_dim':171,'fixed_epoch_index':7},target/'model.pt')"
C,False,/dev/shm/fresh_2026-09-23/devices/fresh_train_f10.py,136,main,np.savez_compressed,,False,False,[],"[(71, 'FILE(helper)'), (71, 'FILE(helper)'), (138, 'FILE(helper)'), (138, 'FILE(helper)'), (139, 'FILE(helper)'), (140, 'FILE(helper)')]","np.savez_compressed(target/'scores.npz',P=pred,rows=te,E_ts=a[te],symbols=t['symbols']);allpred[te]=pred"
C,False,/dev/shm/fresh_2026-09-23/devices/fresh_train_f10.py,141,main,write_text,,False,False,[],"[(71, 'FILE(helper)'), (71, 'FILE(helper)'), (138, 'FILE(helper)'), (138, 'FILE(helper)'), (139, 'FILE(helper)'), (140, 'FILE(helper)')]","result.write_text(json.dumps(rr,indent=2,allow_nan=False));reports.append(rr);log('F10_FOLD_DONE',tag,args.seed)"
C,False,/dev/shm/fresh_2026-09-23/devices/fresh_train_f10.py,129,main,write_text,,False,False,[],"[(71, 'FILE(helper)'), (71, 'FILE(helper)'), (138, 'FILE(helper)'), (138, 'FILE(helper)'), (139, 'FILE(helper)'), (140, 'FILE(helper)')]","(target/'PROGRESS.json').write_text(json.dumps(curve,indent=2,allow_nan=False))"
C,False,/dev/shm/fresh_2026-09-23/devices/fresh_train_king.py,88,main,np.savez,,False,False,[],"[(72, 'FILE(helper)'), (92, 'FILE(helper)'), (47, 'FILE(helper)'), (47, 'FILE(helper)'), (91, 'FILE(helper)'), (91, 'FILE(helper)')]","np.savez(out / 'KING_OOF.npz', P=pred, E_ts=a, symbols=syms, model_sha256=model_id, fold_tag=fold_id, max_train_label_end=train_end)"
C,False,/dev/shm/fresh_2026-09-23/devices/fresh_train_king.py,95,main,write_text,,False,False,[],"[(72, 'FILE(helper)'), (92, 'FILE(helper)'), (47, 'FILE(helper)'), (47, 'FILE(helper)'), (91, 'FILE(helper)'), (91, 'FILE(helper)')]","(out / 'TRAIN_RECEIPT.json').write_text(json.dumps(receipt, indent=2, allow_nan=False)); log('KING_DONE')"
C,False,/dev/shm/fresh_2026-09-23/devices/fresh_train_king.py,87,main,write_text,,False,False,[],"[(72, 'FILE(helper)'), (92, 'FILE(helper)'), (47, 'FILE(helper)'), (47, 'FILE(helper)'), (91, 'FILE(helper)'), (91, 'FILE(helper)')]","folds.append(rr); log(json.dumps(rr)); (out / 'PROGRESS.json').write_text(json.dumps(folds, indent=2, allow_nan=False))"
B,True,/dev/shm/fresh_2026-09-23/devices/fresh_where.py,92,main,json.dump,,True,False,[],"[(35, 'FILE(helper)'), (42, 'FILE(helper)'), (36, 'FILE(helper)'), (129, 'FILE(helper)'), (95, 'FILE(helper)')]","json.dump(rec, open(OUT + "".tmp"", ""w""), indent=1, default=float); os.replace(OUT + "".tmp"", OUT)"
B,True,/dev/shm/fresh_2026-09-23/devices/fresh_where.py,92,main,open-w,w,True,False,[],"[(35, 'FILE(helper)'), (42, 'FILE(helper)'), (36, 'FILE(helper)'), (129, 'FILE(helper)'), (95, 'FILE(helper)')]","json.dump(rec, open(OUT + "".tmp"", ""w""), indent=1, default=float); os.replace(OUT + "".tmp"", OUT)"
B,True,/dev/shm/fresh_2026-09-23/devices/fresh_where.py,128,main,open-w,w,True,False,[],"[(35, 'FILE(helper)'), (42, 'FILE(helper)'), (36, 'FILE(helper)'), (129, 'FILE(helper)'), (95, 'FILE(helper)')]","open(OUTMD + "".tmp"", ""w"").write(""\n"".join(L) + ""\n""); os.replace(OUTMD + "".tmp"", OUTMD)"
C,False,/dev/shm/fresh_2026-09-23/devices/news_hist_features.py,115,replay_anchor,np.savez,,False,False,"[139, 139, 140]","[(142, 'FILE(helper)'), (142, 'FILE(helper)')]","np.savez(f""{MINI}/cache.npz"", ts=rts, data=RDm, symbols=sy_m, ch=_channels)"
C,False,/dev/shm/fresh_2026-09-23/devices/news_hist_features.py,116,replay_anchor,np.savez,,False,False,"[139, 139, 140]","[(142, 'FILE(helper)'), (142, 'FILE(helper)')]","np.savez(f""{MINI}/data/dlw_targets.npz"", E_row=np.array(e_rows), E_ts=rts[e_rows], members=ms_arr,"
C,False,/dev/shm/fresh_2026-09-23/devices/news_hist_features.py,130,replay_anchor,np.savez,,False,False,"[139, 139, 140]","[(142, 'FILE(helper)'), (142, 'FILE(helper)')]","np.savez(f""{mini_root}/xfer_panel_live.npz"", ts=rts[e_rows], f_fund_ema=fe, f_fund_now=fn)"
B,False,/dev/shm/fresh_2026-09-23/devices/news_p2_build.py,74,worker,np.savez,,True,False,[],"[(43, 'FILE(helper)'), (79, 'FILE(helper)')]","np.savez(tmp, anchor=np.array(rec[""anchor""], np.int64), skip=np.array(rec[""skip""]), count=cnt,"
B,True,/dev/shm/fresh_2026-09-23/devices/news_p2_build.py,78,worker,json.dump,,True,False,[],"[(43, 'FILE(helper)'), (79, 'FILE(helper)')]","json.dump({""shard"": k, ""worker"": wid, ""pid"": os.getpid(), ""anchors"": [int(rec[""anchor""][0]), int(rec[""anchor""][-1])], ""n"": len(rows),"
B,True,/dev/shm/fresh_2026-09-23/devices/news_p2_build.py,80,worker,open-w,w,True,False,[],"[(43, 'FILE(helper)'), (79, 'FILE(helper)')]","""numpy"": np.__version__, ""npy_disable"": os.environ.get(""NPY_DISABLE_CPU_FEATURES"")}, open(fn + "".json"", ""w""))"
B,False,/dev/shm/fresh_2026-09-23/devices/news_p2_build.py,95,merge,np.savez,,True,False,[],"[(98, 'FILE(helper)'), (89, 'FILE(helper)'), (104, 'FILE(helper)')]","np.savez(out + "".tmp.npz"", anchors=anchor, count=count, off=off, skip=np.concatenate([p[""skip""] for p in parts]),"
B,True,/dev/shm/fresh_2026-09-23/devices/news_p2_build.py,106,merge,json.dump,,True,False,[],"[(98, 'FILE(helper)'), (89, 'FILE(helper)'), (104, 'FILE(helper)')]","json.dump(rr, open(f""{W}/receipts/P2B_FEATURES.json"", ""w""), indent=1)"
B,True,/dev/shm/fresh_2026-09-23/devices/news_p2_build.py,106,merge,open-w,w,True,False,[],"[(98, 'FILE(helper)'), (89, 'FILE(helper)'), (104, 'FILE(helper)')]","json.dump(rr, open(f""{W}/receipts/P2B_FEATURES.json"", ""w""), indent=1)"
B,True,/dev/shm/fresh_2026-09-23/devices/tf_gates.py,221,main,json.dump,,True,False,[],"[(97, 'FILE(helper)'), (106, 'FILE(helper)'), (108, 'FILE(helper)'), (150, 'FILE(helper)'), (192, 'FILE(helper)'), (169, 'FILE(helper)')]","json.dump(rec, open(OUT + "".tmp"", ""w""), indent=1, default=float); os.replace(OUT + "".tmp"", OUT)"
B,True,/dev/shm/fresh_2026-09-23/devices/tf_gates.py,221,main,open-w,w,True,False,[],"[(97, 'FILE(helper)'), (106, 'FILE(helper)'), (108, 'FILE(helper)'), (150, 'FILE(helper)'), (192, 'FILE(helper)'), (169, 'FILE(helper)')]","json.dump(rec, open(OUT + "".tmp"", ""w""), indent=1, default=float); os.replace(OUT + "".tmp"", OUT)"
B,True,/dev/shm/fresh_2026-09-23/devices/tf_scored.py,66,<module>,json.dump,,True,False,[],"[(51, 'FILE(helper)'), (58, 'FILE(helper)'), (55, 'FILE(helper)'), (67, 'FILE(helper)')]","json.dump(rec, open(OUT + "".tmp"", ""w""), indent=1, default=float); os.replace(OUT + "".tmp"", OUT)"
B,True,/dev/shm/fresh_2026-09-23/devices/tf_scored.py,66,<module>,open-w,w,True,False,[],"[(51, 'FILE(helper)'), (58, 'FILE(helper)'), (55, 'FILE(helper)'), (67, 'FILE(helper)')]","json.dump(rec, open(OUT + "".tmp"", ""w""), indent=1, default=float); os.replace(OUT + "".tmp"", OUT)"
