anchor,symbol,beta_prod_ch0,beta_rr,beta_res,n_obs_prod_ch0,n_obs_rr,n_obs_res,rel_ch0,rel_rr
A08,0GUSDT,0.6950447752922783,0.6950447752922783,0.6950546253257555,180,180,180,1.4171596185814105e-05,1.4171596185814105e-05
A08,1000BONKUSDT,1.7866653776916015,1.7866653776916015,1.786683431617772,180,180,180,1.0104714607525288e-05,1.0104714607525288e-05
A08,1000CATUSDT,1.244430140655358,1.244430140655358,1.244484818547272,180,180,180,4.3936166274799485e-05,4.3936166274799485e-05
A08,1000FLOKIUSDT,1.7227876864844507,1.7227876864844507,1.722741409052997,180,180,180,2.6862668541193055e-05,2.6862668541193055e-05
A08,1000LUNCUSDT,0.8736185082163596,0.8736185082163596,0.8736387755930826,180,180,180,2.319880629067268e-05,2.319880629067268e-05
A08,1000PEPEUSDT,1.8978404734200447,1.8978404734200447,1.89776545566443,180,180,180,3.952951898818229e-05,3.952951898818229e-05
A08,1000RATSUSDT,0.4205401392544476,0.4205401392544476,0.42061755004915,180,180,180,0.00018404081021671434,0.00018404081021671434
A08,1000SATSUSDT,1.2541967731952341,1.2541967731952341,1.2541952847999183,180,180,180,1.1867333053500637e-06,1.1867333053500637e-06
A08,1000SHIBUSDT,1.34879910267657,1.34879910267657,1.3487792440157111,180,180,180,1.4723433020607804e-05,1.4723433020607804e-05
A08,1000XECUSDT,1.2285132939254872,1.2285132939254872,1.2284463496439542,180,180,180,5.449507953887493e-05,5.449507953887493e-05
A08,1INCHUSDT,1.0051807268190944,1.0051807268190944,1.005162009034373,180,180,180,1.8621659546696358e-05,1.8621659546696358e-05
A08,1MBABYDOGEUSDT,1.1211432426363475,1.1211432426363475,1.121195549407248,180,180,180,4.665267439589511e-05,4.665267439589511e-05
A08,2ZUSDT,0.9514939352147337,0.9514939352147337,0.9514967791084668,180,180,180,2.9888632263441013e-06,2.9888632263441013e-06
A08,4USDT,1.4553431935626728,1.4553431935626728,1.4551105196908036,180,180,180,0.00015990116813851732,0.00015990116813851732
A08,AAVEUSDT,1.3993007502974844,1.3993007502974844,1.399253591434819,180,180,180,3.370287055473458e-05,3.370287055473458e-05
A08,ACEUSDT,0.4150895310201241,0.4150895310201241,0.4149577121530217,180,180,180,0.00031766819423224873,0.00031766819423224873
A08,ACHUSDT,1.1463889941114496,1.1463889941114496,1.1463553139394247,180,180,180,2.9380220613392155e-05,2.9380220613392155e-05
A08,ACTUSDT,1.185051511296462,1.185051511296462,1.185088009987848,180,180,180,3.079829605776301e-05,3.079829605776301e-05
A08,ACUUSDT,0.41059322853373104,0.41059322853373104,0.4106211801330894,180,180,180,6.807149925706994e-05,6.807149925706994e-05
A08,ADAUSDT,1.664012819709643,1.664012819709643,1.6640112587836664,180,180,180,9.380501294424849e-07,9.380501294424849e-07
A08,AEROUSDT,1.7391485214116906,1.7391485214116906,1.7391799402785082,180,180,180,1.8065334178438205e-05,1.8065334178438205e-05
A08,AEVOUSDT,0.9336275869910139,0.9336275869910139,0.9335455659043246,180,180,180,8.785975712910846e-05,8.785975712910846e-05
A08,AGLDUSDT,0.7827895010333066,0.7827895010333066,0.7828029870666717,180,180,180,1.7227876730115698e-05,1.7227876730115698e-05
A08,AGTUSDT,-0.03632638175653263,-0.03632638175653263,-0.03614055462627311,180,180,180,0.005141789664855728,0.005141789664855728
A08,AIAUSDT,0.21264192339602428,0.21264192339602428,0.212542782607433,180,180,180,0.00046645097695171536,0.00046645097695171536
A08,AIGENSYNUSDT,0.5009084867333217,0.5009084867333217,0.5009389508926714,180,180,180,6.081411576285074e-05,6.081411576285074e-05
A08,AINUSDT,0.08617787854276848,-0.013050657191672374,-0.013207312020247733,180,180,180,7.5250126907467445,0.011861219628581174
A08,AIOTUSDT,0.3790542452337531,0.3790542452337531,0.3790413509298856,180,180,180,3.401819837291953e-05,3.401819837291953e-05
A08,AIOUSDT,0.3750197833385435,0.3750197833385435,0.37502881510702557,180,180,180,2.408286541787721e-05,2.408286541787721e-05
A08,AIXBTUSDT,1.3419762946291143,1.3419762946291143,1.3420284215654874,180,180,180,3.8841901956386935e-05,3.8841901956386935e-05
A08,AKEUSDT,1.230384264916612,1.2271831299870195,1.2276353396655502,180,180,180,0.0022392034199753825,0.0003683583096050776
A08,AKTUSDT,1.4818907987923116,1.4818907987923116,1.4818258394288608,180,180,180,4.3837380697708906e-05,4.3837380697708906e-05
A08,ALGOUSDT,1.1446211135546607,1.1446211135546607,1.1445644841797749,180,180,180,4.947678848029382e-05,4.947678848029382e-05
A08,ALICEUSDT,0.6786905230612343,0.6786905230612343,0.6787282887650984,180,180,180,5.564185917866745e-05,5.564185917866745e-05
A08,ALLOUSDT,0.5979834873698938,0.5979834873698938,0.5978911579978735,180,180,180,0.00015442505008684865,0.00015442505008684865
A08,ALTUSDT,0.8031331911938348,0.8031331911938348,0.8031465897662566,180,180,180,1.6682598908606354e-05,1.6682598908606354e-05
A08,ANKRUSDT,0.6841648779951454,0.6841648779951454,0.6841080765203793,180,180,180,8.302997247886303e-05,8.302997247886303e-05
A08,APEUSDT,1.1109711819178123,1.1109711819178123,1.1109799180080604,180,180,180,7.863409685891893e-06,7.863409685891893e-06
A08,API3USDT,0.7692442883879368,0.7692442883879368,0.7692142698307449,180,180,180,3.902496140441326e-05,3.902496140441326e-05
A08,APRUSDT,0.8595004599882049,0.8595004599882049,0.8596718050732904,180,180,180,0.00019931453384228564,0.00019931453384228564
A08,APTUSDT,0.9821766336659236,0.9821766336659236,0.9822000634301987,180,180,180,2.3854370558007482e-05,2.3854370558007482e-05
A08,ARBUSDT,1.6195440934087784,1.6195440934087784,1.6195476472257586,180,180,180,2.194326907478328e-06,2.194326907478328e-06
A08,ARCUSDT,0.4423797927734872,0.4423797927734872,0.44251726953264253,180,180,180,0.0003106698170232165,0.0003106698170232165
A08,ARIAUSDT,0.7684534605720241,0.7684534605720241,0.7683994817658679,180,180,180,7.024836356234662e-05,7.024836356234662e-05
A08,ARKMUSDT,1.3903258000465595,1.3903258000465595,1.3904073243794146,180,180,180,5.863341729123793e-05,5.863341729123793e-05
A08,ARPAUSDT,0.6644380913441414,0.6644380913441414,0.6643631272053293,180,180,180,0.00011283609180340707,0.00011283609180340707
A08,ARUSDT,0.9588556572420035,0.9588556572420035,0.958838226221436,180,180,180,1.817931335111246e-05,1.817931335111246e-05
A08,ASTERUSDT,0.8038579248312173,0.8038579248312173,0.8038675884292698,180,180,180,1.2021380375984984e-05,1.2021380375984984e-05
A08,ATHUSDT,1.2310666549356946,1.2310666549356946,1.2311179874212494,180,180,180,4.169582938383693e-05,4.169582938383693e-05
A08,ATOMUSDT,0.9096589182221301,0.9096589182221301,0.9096327013170795,180,180,180,2.8821418812887607e-05,2.8821418812887607e-05
A08,ATUSDT,0.4369839768876981,0.4369839768876981,0.43693948801004356,180,180,180,0.00010181931108385239,0.00010181931108385239
A08,AUCTIONUSDT,0.7931086654326641,0.7931086654326641,0.7931088331745076,180,180,180,2.1149914930969657e-07,2.1149914930969657e-07
A08,AUSDT,1.1862192985296238,1.1862192985296238,1.1862182277429152,180,180,180,9.026894744924232e-07,9.026894744924232e-07
A08,AVAAIUSDT,0.7079757229235858,0.7079757229235858,0.7082205302028353,180,180,180,0.0003456653243013971,0.0003456653243013971
A08,AVAXUSDT,1.2465893703442081,1.2465893703442081,1.2466016635442865,180,180,180,9.861369864843448e-06,9.861369864843448e-06
A08,AVNTUSDT,1.1211473461432044,1.1211473461432044,1.1210551489290512,180,180,180,8.224146175260658e-05,8.224146175260658e-05
A08,AWEUSDT,0.3509265846027651,0.3509265846027651,0.35095643741042964,180,180,180,8.506129103889768e-05,8.506129103889768e-05
A08,AXSUSDT,1.159561344884861,1.159561344884861,1.1595007889977824,180,180,180,5.222582653943778e-05,5.222582653943778e-05
A08,B2USDT,0.7160983043230311,0.7473169365530452,0.7474096886688361,180,180,180,0.04189320103887288,0.00012409809131059773
A08,BABYUSDT,0.9345266453333679,0.9345266453333679,0.9345351933991848,180,180,180,9.146863464560605e-06,9.146863464560605e-06
A08,BANANAS31USDT,0.8771982758540824,0.8771982758540824,0.8772664092845566,180,180,180,7.766560961766156e-05,7.766560961766156e-05
A08,BANANAUSDT,0.6403304759395388,0.6403304759395388,0.6403189312928299,180,180,180,1.8029525826496355e-05,1.8029525826496355e-05
A08,BANKUSDT,0.6741237522076857,0.6741237522076857,0.6741423181820456,180,180,180,2.7540140796921347e-05,2.7540140796921347e-05
A08,BANUSDT,0.7416167865704586,0.7416167865704586,0.74155822076646,180,180,180,7.897667689262802e-05,7.897667689262802e-05
A08,BARDUSDT,0.7310039686364858,0.7310039686364858,0.7310220035997674,180,180,180,2.4670889785625174e-05,2.4670889785625174e-05
A08,BASEDUSDT,0.8850117442729056,0.8850117442729056,0.8850314327679905,180,180,180,2.2246096981264487e-05,2.2246096981264487e-05
A08,BASUSDT,0.7670736759241716,0.7670736759241716,0.766975817888341,180,180,180,0.00012758946703176108,0.00012758946703176108
A08,BATUSDT,1.096949224468747,1.096949224468747,1.096942096852528,180,180,180,6.497714181511761e-06,6.497714181511761e-06
A08,BBUSDT,1.1278407050585297,1.1278407050585297,1.1278857940158877,180,180,180,3.997652740837871e-05,3.997652740837871e-05
A08,BCHUSDT,1.3087316359914472,1.3087316359914472,1.3084194088682852,180,180,180,0.00023862923543146121,0.00023862923543146121
A08,BEATUSDT,0.22277153604780583,0.22277153604780583,0.22277893180082295,180,180,180,3.319772187311897e-05,3.319772187311897e-05
A08,BELUSDT,0.7837385741988814,0.7837385741988814,0.783761066952045,180,180,180,2.8698482371730733e-05,2.8698482371730733e-05
A08,BERAUSDT,1.0421082585382175,1.0421082585382175,1.0422247847713924,180,180,180,0.00011180527931925743,0.00011180527931925743
A08,BICOUSDT,0.8122040525916724,0.8122040525916724,0.8122475427064765,180,180,180,5.3542931824918e-05,5.3542931824918e-05
A08,BIGTIMEUSDT,0.7423812694257722,0.7423812694257722,0.7423665924257724,180,180,180,1.9770555611665616e-05,1.9770555611665616e-05
A08,BILLUSDT,0.8918561851467904,0.8918561851467904,0.8917890160540051,180,180,180,7.531948877614445e-05,7.531948877614445e-05
A08,BIOUSDT,1.2211761348722925,1.2211761348722925,1.221237634011785,180,180,180,5.035804480612662e-05,5.035804480612662e-05
A08,BIRBUSDT,0.8598302348935336,0.8598302348935336,0.8597213891967658,180,180,180,0.00012660577965790555,0.00012660577965790555
A08,BLESSUSDT,0.872504126307524,0.872504126307524,0.8726018472773949,180,180,180,0.00011198803919074586,0.00011198803919074586
A08,BLUAIUSDT,0.435596167402294,0.435596167402294,0.4354783697149251,180,180,180,0.00027050181033337633,0.00027050181033337633
A08,BLURUSDT,1.2750439712316797,1.2750439712316797,1.275080887825036,180,180,180,2.8952354088862e-05,2.8952354088862e-05
A08,BMTUSDT,0.0654129515391606,0.0654129515391606,0.06531616920022866,180,180,180,0.001481751610925811,0.001481751610925811
A08,BNBUSDT,0.7859793753852652,0.7859793753852652,0.7860217883628258,180,180,180,5.395903547269352e-05,5.395903547269352e-05
A08,BOMEUSDT,1.3432245539037264,1.3432245539037264,1.3432392220222447,180,180,180,1.0919959957812578e-05,1.0919959957812578e-05
A08,BRETTUSDT,1.6469055215504815,1.6469055215504815,1.6468825730620098,180,180,180,1.3934501977917321e-05,1.3934501977917321e-05
A08,BREVUSDT,0.7898733352189151,0.7898733352189151,0.7898331039899402,180,180,180,5.09363671535964e-05,5.09363671535964e-05
A08,BROCCOLI714USDT,1.587868573793063,1.587868573793063,1.5878474065729413,180,180,180,1.3330764677987256e-05,1.3330764677987256e-05
A08,BROCCOLIF3BUSDT,1.0438805372991975,1.0438805372991975,1.0438607035799699,180,180,180,1.9000350487019826e-05,1.9000350487019826e-05
A08,BRUSDT,2.862357612483958,2.862357612483958,2.8629182891130407,180,180,180,0.0001958409470555864,0.0001958409470555864
A08,BSBUSDT,0.8112903538171026,0.8112903538171026,0.8112559676787483,180,180,180,4.238629942243644e-05,4.238629942243644e-05
A08,BSVUSDT,1.098984311364429,1.098984311364429,1.0989436510896224,180,180,180,3.699941736442281e-05,3.699941736442281e-05
A08,BTCDOMUSDT,-0.13812082404511603,-0.13812082404511603,-0.13808924004623616,180,180,180,0.00022872165035664032,0.00022872165035664032
A08,BTRUSDT,0.07039834588951752,0.07039834588951752,0.07012008992893534,180,180,180,0.003968277292059646,0.003968277292059646
A08,BULLAUSDT,1.941204398120307,1.9184385015317322,1.9184939959304734,180,180,180,0.01183761963186081,2.8926021587198714e-05
A08,BUSDT,0.652128941099047,0.652128941099047,0.6522819140590312,180,180,180,0.0002345197018147643,0.0002345197018147643
A08,C98USDT,1.1028314981205605,1.1028314981205605,1.1027842856627224,180,180,180,4.281205168764891e-05,4.281205168764891e-05
A08,CAKEUSDT,0.9898782271158298,0.9898782271158298,0.9898632123648778,180,180,180,1.5168510926000563e-05,1.5168510926000563e-05
A08,CARVUSDT,0.6806387368991177,0.6806387368991177,0.6805318177695722,180,180,180,0.00015711113977881172,0.00015711113977881172
A08,CATIUSDT,0.2547084682126549,0.2547084682126549,0.2546220802527506,180,180,180,0.0003392791380014461,0.0003392791380014461
A08,CCUSDT,1.168034666262821,1.168034666262821,1.168108963878704,180,180,180,6.360503872555999e-05,6.360503872555999e-05
A08,CELOUSDT,0.8992972281485304,0.8992972281485304,0.8993245116376929,180,180,180,3.033775773863144e-05,3.033775773863144e-05
A08,CETUSUSDT,1.3480918863484277,1.3480918863484277,1.3480705791577359,180,180,180,1.580569372349495e-05,1.580569372349495e-05
A08,CFGUSDT,0.8353668333892479,0.8353668333892479,0.8355010625994076,180,180,180,0.0001606571387738219,0.0001606571387738219
A08,CFXUSDT,1.0499998871199165,1.0499998871199165,1.050028237073397,180,180,180,2.6999229620311335e-05,2.6999229620311335e-05
A08,CGPTUSDT,0.86189109311243,0.86189109311243,0.8618677251091683,180,180,180,2.7113213061409034e-05,2.7113213061409034e-05
A08,CHILLGUYUSDT,1.5831297356499707,1.5831297356499707,1.583170289098081,180,180,180,2.5615341817318216e-05,2.5615341817318216e-05
A08,CHIPUSDT,2.1530901470434833,2.1530901470434833,2.152943583009139,180,180,180,6.80761147208941e-05,6.80761147208941e-05
A08,CHRUSDT,1.1720566982870342,1.1720566982870342,1.171969137619536,180,180,180,7.471243455779445e-05,7.471243455779445e-05
A08,CHZUSDT,0.9815400097091328,0.9815400097091328,0.981574462110873,180,180,180,3.5099121941365e-05,3.5099121941365e-05
A08,CLOUSDT,-0.15204043983389232,-0.15204043983389232,-0.1521250725209195,180,180,180,0.0005563362148310432,0.0005563362148310432
A08,COAIUSDT,0.6236223422330756,0.6236223422330756,0.6236192170605571,180,180,180,5.011347362204875e-06,5.011347362204875e-06
A08,COLLECTUSDT,0.8625080815727099,0.8625080815727099,0.8624568571734954,180,180,180,5.939357869138159e-05,5.939357869138159e-05
A08,COMPUSDT,0.7607420372140958,0.7607420372140958,0.7608182584813203,180,180,180,0.00010018327816771121,0.00010018327816771121
A08,COOKIEUSDT,0.9063827402028835,0.9063827402028835,0.9064107075753108,180,180,180,3.085507727749412e-05,3.085507727749412e-05
A08,COTIUSDT,0.06892419175541535,0.06892419175541535,0.0688920005595953,180,180,180,0.0004672704458946341,0.0004672704458946341
A08,CROSSUSDT,-0.07484414681156884,-0.07484414681156884,-0.07481830353334064,180,180,180,0.00034541384938894886,0.00034541384938894886
A08,CRVUSDT,1.1428963622545478,1.1428963622545478,1.1428867967508771,180,180,180,8.369598544579625e-06,8.369598544579625e-06
A08,CTSIUSDT,0.7356935654755803,0.7356935654755803,0.7356073880179435,180,180,180,0.00011715143028815777,0.00011715143028815777
A08,CUSDT,0.8855773496215849,0.8855773496215849,0.8855431734549031,180,180,180,3.859345055807921e-05,3.859345055807921e-05
A08,CVXUSDT,1.3227506928345445,1.3227506928345445,1.322760218206825,180,180,180,7.201133016690908e-06,7.201133016690908e-06
A08,CYSUSDT,0.28735421589438326,0.28735421589438326,0.2874170312945985,180,180,180,0.00021855141962989226,0.00021855141962989226
A08,DASHUSDT,1.5028777514317482,1.5028777514317482,1.5028929820851835,180,180,180,1.0134223538795733e-05,1.0134223538795733e-05
A08,DEEPUSDT,1.2401430020706397,1.2401430020706397,1.2401945847930897,180,180,180,4.1592442897741015e-05,4.1592442897741015e-05
A08,DEXEUSDT,0.26480979629300305,0.26480979629300305,0.26479785328224537,180,180,180,4.5102370014143744e-05,4.5102370014143744e-05
A08,DIAUSDT,0.8447480440403359,0.8447480440403359,0.8447643433124227,180,180,180,1.9294460302246574e-05,1.9294460302246574e-05
A08,DODOXUSDT,0.14707786959305108,0.14707786959305108,0.14701268415835578,180,180,180,0.00044340007169101103,0.00044340007169101103
A08,DOGEUSDT,1.5332046220216462,1.5332046220216462,1.5331961936248288,180,180,180,5.497272203262418e-06,5.497272203262418e-06
A08,DOGSUSDT,0.9521806402164237,0.9521806402164237,0.9521174680722911,180,180,180,6.634910738529063e-05,6.634910738529063e-05
A08,DOLOUSDT,0.7853258475305119,0.7853258475305119,0.7852462314420641,180,180,180,0.00010138996566930846,0.00010138996566930846
A08,DOODUSDT,1.3251699701425192,1.3251699701425192,1.325156789917815,180,180,180,9.946162450052167e-06,9.946162450052167e-06
A08,DOTUSDT,0.9770461754010106,0.9770461754010106,0.977009879253857,180,180,180,3.715023555476556e-05,3.715023555476556e-05
A08,DRIFTUSDT,0.6225398446877808,0.6225398446877808,0.6225677047195493,180,180,180,4.475020396539463e-05,4.475020396539463e-05
A08,DUSKUSDT,1.238445636789849,1.238445636789849,1.2384330124516278,180,180,180,1.0193799821480873e-05,1.0193799821480873e-05
A08,DYDXUSDT,1.2681772263462816,1.2681772263462816,1.2681887197017603,180,180,180,9.062811630573778e-06,9.062811630573778e-06
A08,DYMUSDT,0.8498883824571589,0.8498883824571589,0.8500193786702268,180,180,180,0.00015410967838500565,0.00015410967838500565
A08,EDENUSDT,1.0661263746749206,1.0661263746749206,1.066109849768772,180,180,180,1.550019085945685e-05,1.550019085945685e-05
A08,EDGEUSDT,1.9663363292662042,1.9663363292662042,1.9663323495383926,180,180,180,2.023934464819655e-06,2.023934464819655e-06
A08,EDUUSDT,0.42433321227112575,0.42433321227112575,0.4243470747848096,180,180,180,3.2667866724140006e-05,3.2667866724140006e-05
A08,EGLDUSDT,0.5256967450353651,0.5256967450353651,0.5256750618501138,180,180,180,4.1248266895132645e-05,4.1248266895132645e-05
A08,EIGENUSDT,1.4788199730779037,1.4788199730779037,1.4788225009181848,180,180,180,1.7093601696805147e-06,1.7093601696805147e-06
A08,ELSAUSDT,0.7458133534540691,0.7458133534540691,0.745794822723745,180,180,180,2.4846954898961097e-05,2.4846954898961097e-05
A08,ENAUSDT,1.8441796697902841,1.8441796697902841,1.8442638146693204,180,180,180,4.562518570662502e-05,4.562518570662502e-05
A08,ENJUSDT,0.9045491996875035,0.9045491996875035,0.9046025155103274,180,180,180,5.893839770487037e-05,5.893839770487037e-05
A08,ENSOUSDT,0.36011595150167613,0.36011595150167613,0.3601216989160564,180,180,180,1.595964474662893e-05,1.595964474662893e-05
A08,ENSUSDT,1.664090930936018,1.664090930936018,1.6641263371424206,180,180,180,2.1276152905278893e-05,2.1276152905278893e-05
A08,EPICUSDT,0.3937023988054494,0.3937023988054494,0.3934570450680987,180,180,180,0.0006235845575168667,0.0006235845575168667
A08,ERAUSDT,0.7542431289689338,0.7542431289689338,0.7542394690725999,180,180,180,4.852432793507001e-06,4.852432793507001e-06
A08,ESPORTSUSDT,0.5267177920604786,0.5267177920604786,0.5267887702035362,180,180,180,0.00013473738825172976,0.00013473738825172976
A08,ESPUSDT,0.5042066555380071,0.5042066555380071,0.5042765582392333,180,180,180,0.00013861977140138313,0.00013861977140138313
A08,ETCUSDT,1.2654989828581305,1.2654989828581305,1.2654048648289913,180,180,180,7.437779935505994e-05,7.437779935505994e-05
A08,ETHFIUSDT,1.7574538721202648,1.7574538721202648,1.7574118041324218,180,180,180,2.393746744165987e-05,2.393746744165987e-05
A08,ETHUSDT,1.0955700369971402,1.0955700369971402,1.0955876160421585,180,180,180,1.6045311904690016e-05,1.6045311904690016e-05
A08,EULUSDT,0.7215311285927548,0.7215311285927548,0.7215990215832279,180,180,180,9.408686603273076e-05,9.408686603273076e-05
A08,EVAAUSDT,2.1978732897800013,2.1978732897800013,2.1975719179104707,180,180,180,0.00013713856965243894,0.00013713856965243894
A08,FARTCOINUSDT,2.1904867073052565,2.1904867073052565,2.190330263767003,180,180,180,7.142463437667554e-05,7.142463437667554e-05
A08,FETUSDT,1.591622561691467,1.591622561691467,1.5917420300392948,180,180,180,7.505509408762943e-05,7.505509408762943e-05
A08,FFUSDT,-0.23190572930894485,-0.23190572930894485,-0.2318386223269171,180,180,180,0.00028945557627201626,0.00028945557627201626
A08,FHEUSDT,0.7370742294960156,0.7370742294960156,0.7370513465857147,180,180,180,3.104656196199817e-05,3.104656196199817e-05
A08,FIDAUSDT,1.0082727744918722,1.0082727744918722,1.0082252234820257,180,180,180,4.716308294918864e-05,4.716308294918864e-05
A08,FIGHTUSDT,0.8258939056109469,0.8258939056109469,0.8257693219885373,180,180,180,0.00015086976361585477,0.00015086976361585477
A08,FILUSDT,1.0857779134294498,1.0857779134294498,1.0857286588944943,180,180,180,4.536541846990999e-05,4.536541846990999e-05
A08,FLOCKUSDT,0.4569624199920424,0.4569624199920424,0.45685626282721836,180,180,180,0.00023236447316513472,0.00023236447316513472
A08,FLOWUSDT,0.9134486406296253,0.9134486406296253,0.9135397089609163,180,180,180,9.968732655814773e-05,9.968732655814773e-05
A08,FLUIDUSDT,1.413350476862271,1.413350476862271,1.413314224538691,180,180,180,2.5650575753604894e-05,2.5650575753604894e-05
A08,FOGOUSDT,1.0028757479166832,1.0028757479166832,1.0029397964642572,180,180,180,6.386080979119614e-05,6.386080979119614e-05
A08,FOLKSUSDT,0.1986264850418184,0.1986264850418184,0.1986478335810769,180,180,180,0.000107469278036652,0.000107469278036652
A08,FORMUSDT,1.1880878228828005,1.1880878228828005,1.1878209376514606,180,180,180,0.00022468473393604858,0.00022468473393604858
A08,FUSDT,2.031433294009775,2.031433294009775,2.0316154451954467,180,180,180,8.965829931172855e-05,8.965829931172855e-05
A08,GALAUSDT,1.461348780437297,1.461348780437297,1.461349541337841,180,180,180,5.206834657840799e-07,5.206834657840799e-07
A08,GASUSDT,0.9348013728796103,0.9348013728796103,0.9348091630024629,180,180,180,8.333383069918032e-06,8.333383069918032e-06
A08,GENIUSUSDT,0.32824586593719973,0.32824586593719973,0.3283499864335464,180,180,180,0.00031710217952984107,0.00031710217952984107
A08,GIGGLEUSDT,1.0919908374890268,1.0919908374890268,1.0921260939228263,180,180,180,0.00012384690243385217,0.00012384690243385217
A08,GMTUSDT,0.8447085639916369,0.8447085639916369,0.8446552241506141,180,180,180,6.314983853485973e-05,6.314983853485973e-05
A08,GMXUSDT,0.8602134960444012,0.8602134960444012,0.860185563641396,180,180,180,3.247253172560026e-05,3.247253172560026e-05
A08,GPSUSDT,-0.14455775628813344,-0.14455775628813344,-0.1445076197525683,180,180,180,0.00034694734887336554,0.00034694734887336554
A08,GRASSUSDT,0.8755514712812665,0.8755514712812665,0.8756687621226688,180,180,180,0.00013394430231575055,0.00013394430231575055
A08,GRIFFAINUSDT,1.0442050124513276,1.0442050124513276,1.0442601865175463,180,180,180,5.283555471236124e-05,5.283555471236124e-05
A08,GRTUSDT,1.2987062597865424,1.2987062597865424,1.298711287895707,180,180,180,3.871614277512983e-06,3.871614277512983e-06
A08,GTCUSDT,0.8788996076141464,0.8788996076141464,0.8787783519456719,180,180,180,0.00013798208411264616,0.00013798208411264616
A08,GUAUSDT,0.7761836432688859,0.7761836432688859,0.7762509506655135,180,180,180,8.67082952619002e-05,8.67082952619002e-05
A08,GUNUSDT,0.9350496057088883,0.9350496057088883,0.9349483593141654,180,180,180,0.00010829089512188077,0.00010829089512188077
A08,GUSDT,0.7283279829335453,0.7283279829335453,0.7284771131591832,180,180,180,0.00020471504587311226,0.00020471504587311226
A08,GWEIUSDT,1.0019138770869855,1.0019138770869855,1.0019248872330784,180,180,180,1.0988993519507931e-05,1.0988993519507931e-05
A08,HAEDALUSDT,0.8300211487129395,0.8300211487129395,0.829996254995496,180,180,180,2.9992565982908442e-05,2.9992565982908442e-05
A08,HANAUSDT,0.6322517878305425,0.6322517878305425,0.6322408682932247,180,180,180,1.727116652119862e-05,1.727116652119862e-05
A08,HBARUSDT,1.1418787556809382,1.1418787556809382,1.1418366249299423,180,180,180,3.689735473189138e-05,3.689735473189138e-05
A08,HEIUSDT,0.861744252201829,0.861744252201829,0.8618710531812822,180,180,180,0.00014712291239522225,0.00014712291239522225
A08,HEMIUSDT,0.6706910801901057,0.6706910801901057,0.6704909589987963,180,180,180,0.0002984696342635838,0.0002984696342635838
A08,HMSTRUSDT,0.5939142036759485,0.5939142036759485,0.5938768958629145,180,180,180,6.282078540840767e-05,6.282078540840767e-05
A08,HOLOUSDT,0.7372297691333405,0.7372297691333405,0.7372008837285285,180,180,180,3.918254230223791e-05,3.918254230223791e-05
A08,HOMEUSDT,0.7244966023071898,0.7244966023071898,0.7245338624160091,180,180,180,5.142631801235541e-05,5.142631801235541e-05
A08,HOTUSDT,0.8244825144728379,0.8244825144728379,0.8245266961214743,180,180,180,5.358425487522326e-05,5.358425487522326e-05
A08,HUMAUSDT,0.7749126243544239,0.7749126243544239,0.7750592890947351,180,180,180,0.00018923034969689013,0.00018923034969689013
A08,HUSDT,0.17832506905602233,0.17832506905602233,0.17828819659529044,180,180,180,0.0002068138072852347,0.0002068138072852347
A08,HYPERUSDT,0.9506081973452403,0.9506081973452403,0.950623304599603,180,180,180,1.589194614692815e-05,1.589194614692815e-05
A08,HYPEUSDT,1.0387133072768313,1.0387133072768313,1.038707927007393,180,180,180,5.179771231665014e-06,5.179771231665014e-06
A08,ICNTUSDT,0.648913047254195,0.648913047254195,0.6488813385600497,180,180,180,4.886670683984545e-05,4.886670683984545e-05
A08,ICPUSDT,1.0936107041838368,1.0936107041838368,1.0935734689906236,180,180,180,3.404910074085866e-05,3.404910074085866e-05
A08,IDOLUSDT,0.828490497644779,0.828490497644779,0.8283560186301162,180,180,180,0.00016234446498642542,0.00016234446498642542
A08,IDUSDT,0.9575565011991729,0.9575565011991729,0.9575045792289125,180,180,180,5.4226341457495293e-05,5.4226341457495293e-05
A08,IMXUSDT,1.102547988825137,1.102547988825137,1.1025724668770622,180,180,180,2.2200855418159237e-05,2.2200855418159237e-05
A08,INJUSDT,1.1570076915935068,1.1570076915935068,1.1570635707386303,180,180,180,4.829392829975095e-05,4.829392829975095e-05
A08,INUSDT,0.6008904390856048,0.6008904390856048,0.6008808755619095,180,180,180,1.591583970176501e-05,1.591583970176501e-05
A08,INXUSDT,0.7164086924205011,0.7164086924205011,0.7163692333067506,180,180,180,5.5082088838922105e-05,5.5082088838922105e-05
A08,IOSTUSDT,0.658350707687706,0.658350707687706,0.658348367371799,180,180,180,3.554829058511423e-06,3.554829058511423e-06
A08,IOTAUSDT,1.2383464374547688,1.2383464374547688,1.2384450004877658,180,180,180,7.95861204641515e-05,7.95861204641515e-05
A08,IOTXUSDT,1.0048618009974974,1.0048618009974974,1.0051101750927236,180,180,180,0.00024711131314857386,0.00024711131314857386
A08,IOUSDT,1.3030994844895278,1.3030994844895278,1.3030903433818037,180,180,180,7.0149454874897925e-06,7.0149454874897925e-06
A08,IRYSUSDT,0.6674354144185407,0.6674354144185407,0.6673823737231555,180,180,180,7.947572107628961e-05,7.947572107628961e-05
A08,JASMYUSDT,1.2667535541458235,1.2667535541458235,1.2667103039361158,180,180,180,3.41437261331507e-05,3.41437261331507e-05
A08,JCTUSDT,0.9457765180014625,0.9457765180014625,0.9458893434446837,180,180,180,0.00011927974873925481,0.00011927974873925481
A08,JELLYJELLYUSDT,0.7419456121973234,0.7419456121973234,0.7419363719188322,180,180,180,1.2454273494158059e-05,1.2454273494158059e-05
A08,JOEUSDT,1.0706069158162999,1.0706069158162999,1.0706159983159846,180,180,180,8.483433555143365e-06,8.483433555143365e-06
A08,JSTUSDT,-0.17133059900568393,-0.17133059900568393,-0.1713717408082876,180,180,180,0.00024007343573464402,0.00024007343573464402
A08,JTOUSDT,1.2357650709527406,1.2357650709527406,1.2356604535781508,180,180,180,8.466514752238973e-05,8.466514752238973e-05
A08,JUPUSDT,1.5087215060412715,1.5087215060412715,1.5088345465914175,180,180,180,7.491911581777173e-05,7.491911581777173e-05
A08,KAIAUSDT,1.137758382949167,1.137758382949167,1.137696497939258,180,180,180,5.439500782598512e-05,5.439500782598512e-05
A08,KAITOUSDT,1.0090134127807997,1.0090134127807997,1.0090225962950297,180,180,180,9.101396008058207e-06,9.101396008058207e-06
A08,KASUSDT,1.280179789574659,1.280179789574659,1.2801370894429813,180,180,180,3.335590541806717e-05,3.335590541806717e-05
A08,KATUSDT,0.8086649964686401,0.8086649964686401,0.8085493274040487,180,180,180,0.00014305752372924862,0.00014305752372924862
A08,KAVAUSDT,0.16024128285769484,0.16024128285769484,0.16018957685863933,180,180,180,0.0003227800464267809,0.0003227800464267809
A08,KERNELUSDT,0.5064809776527912,0.5064809776527912,0.5066055650539735,180,180,180,0.0002459258440419815,0.0002459258440419815
A08,KGENUSDT,0.2626332929994954,0.2626332929994954,0.2626909980795339,180,180,180,0.0002196690425646931,0.0002196690425646931
A08,KITEUSDT,0.6953482912386167,0.6953482912386167,0.6953812467291102,180,180,180,4.7391974759800844e-05,4.7391974759800844e-05
A08,KMNOUSDT,0.8134028090290429,0.8134028090290429,0.8134015222486864,180,180,180,1.5819743648051154e-06,1.5819743648051154e-06
A08,KOMAUSDT,1.2742926789210673,1.2742926789210673,1.274417942417556,180,180,180,9.829075087481558e-05,9.829075087481558e-05
A08,KSMUSDT,1.0525674210062366,1.0525674210062366,1.052542510327003,180,180,180,2.3667147872121268e-05,2.3667147872121268e-05
A08,LABUSDT,1.1155644599700092,1.1155644599700092,1.115537626679691,180,180,180,2.4054132891984503e-05,2.4054132891984503e-05
A08,LAUSDT,0.5534368082144285,0.5534368082144285,0.5533786365422629,180,180,180,0.00010512092141662212,0.00010512092141662212
A08,LAYERUSDT,0.6374751891383145,0.6374751891383145,0.6374980163152307,180,180,180,3.580744775992346e-05,3.580744775992346e-05
A08,LDOUSDT,1.2655472286869662,1.2655472286869662,1.2655722861372574,180,180,180,1.9799303892480395e-05,1.9799303892480395e-05
A08,LIGHTUSDT,0.6022059479523442,0.6022059479523442,0.6022926595561782,180,180,180,0.0001439692190469274,0.0001439692190469274
A08,LINEAUSDT,1.0128436240593859,1.0128436240593859,1.0128364013805977,180,180,180,7.131140605057738e-06,7.131140605057738e-06
A08,LINKUSDT,1.4011630468752378,1.4011630468752378,1.4011957036045173,180,180,180,2.330632986914415e-05,2.330632986914415e-05
A08,LISTAUSDT,1.2332022327365353,1.2332022327365353,1.233221124430085,180,180,180,1.5318983088672793e-05,1.5318983088672793e-05
A08,LITUSDT,1.480533618999871,1.480533618999871,1.4807070005626586,180,180,180,0.00011709376853198031,0.00011709376853198031
A08,LPTUSDT,0.9627490596706443,0.9627490596706443,0.9626783038906919,180,180,180,7.349888292532654e-05,7.349888292532654e-05
A08,LQTYUSDT,0.8360699608165914,0.8360699608165914,0.8360769801210441,180,180,180,8.395524120012344e-06,8.395524120012344e-06
A08,LSKUSDT,0.47691800292116493,0.4601512206726381,0.46026535287650927,180,180,180,0.036180542247166755,0.0002479704439143582
A08,LTCUSDT,0.854813007078921,0.854813007078921,0.8548197926200446,180,180,180,7.937978486373317e-06,7.937978486373317e-06
A08,LUMIAUSDT,1.0344016412571848,1.0344016412571848,1.0344868495984934,180,180,180,8.236773753248913e-05,8.236773753248913e-05
A08,LUNA2USDT,0.9734077272285324,0.9734077272285324,0.9733712281508524,180,180,180,3.749759251599752e-05,3.749759251599752e-05
A08,LYNUSDT,0.6397251202214348,0.6397251202214348,0.6397357708738556,180,180,180,1.6648517881431892e-05,1.6648517881431892e-05
A08,MAGICUSDT,0.7696359350494558,0.7696359350494558,0.7696737240874987,180,180,180,4.909747709999903e-05,4.909747709999903e-05
A08,MAGMAUSDT,-0.15652543718892484,-0.15652543718892484,-0.15643007377946114,180,180,180,0.0006096232467303299,0.0006096232467303299
A08,MANAUSDT,0.7960182857937672,0.7960182857937672,0.7960177614231215,180,180,180,6.587423938193147e-07,6.587423938193147e-07
A08,MANTAUSDT,0.7253528766626964,0.7253528766626964,0.725360747281834,180,180,180,1.0850627314799916e-05,1.0850627314799916e-05
A08,MANTRAUSDT,0.8420434957301999,0.8420434957301999,0.8420548778734509,180,180,180,1.351710387305298e-05,1.351710387305298e-05
A08,MAVUSDT,0.9303882473314117,0.9303882473314117,0.930362935249334,180,180,180,2.7206675071265598e-05,2.7206675071265598e-05
A08,MEGAUSDT,0.9840673772619907,0.9840673772619907,0.9840806926470671,180,180,180,1.3530785814537255e-05,1.3530785814537255e-05
A08,MEMEUSDT,1.181761295339715,1.181761295339715,1.1818261267163324,180,180,180,5.485694989458673e-05,5.485694989458673e-05
A08,MERLUSDT,0.946033147133795,0.946033147133795,0.9459840087881953,180,180,180,5.194416094059117e-05,5.194416094059117e-05
A08,METUSDT,1.6280322145392625,1.6280322145392625,1.6280273556436289,180,180,180,2.984529477822176e-06,2.984529477822176e-06
A08,MEUSDT,0.8882577455003384,0.8882577455003384,0.8882767582300912,180,180,180,2.1404060813976376e-05,2.1404060813976376e-05
A08,MINAUSDT,0.7080746348606244,0.7080746348606244,0.7078393130980678,180,180,180,0.0003324508235161859,0.0003324508235161859
A08,MIRAUSDT,0.6106525066113581,0.6106525066113581,0.6106660267926891,180,180,180,2.2140058129744705e-05,2.2140058129744705e-05
A08,MITOUSDT,0.7427530653867888,0.7427530653867888,0.742715931272309,180,180,180,4.999773522589744e-05,4.999773522589744e-05
A08,MMTUSDT,0.6925349036666506,0.6925349036666506,0.692465538050421,180,180,180,0.00010017193985552538,0.00010017193985552538
A08,MONUSDT,1.8925361161291376,1.8925361161291376,1.8925836972371535,180,180,180,2.514082102963134e-05,2.514082102963134e-05
A08,MOODENGUSDT,1.587598529569621,1.587598529569621,1.5876401270486356,180,180,180,2.6200823666363064e-05,2.6200823666363064e-05
A08,MORPHOUSDT,0.9782883458712897,0.9782883458712897,0.978253509143575,180,180,180,3.5611145157196655e-05,3.5611145157196655e-05
A08,MOVEUSDT,1.221418142849165,1.221418142849165,1.2214138611989942,180,180,180,3.5054868025268743e-06,3.5054868025268743e-06
A08,MOVRUSDT,0.8574498932155377,0.8574498932155377,0.8575614528883614,180,180,180,0.00013008942093651623,0.00013008942093651623
A08,MUBARAKUSDT,2.6262907833891864,2.6262907833891864,2.626582486233029,180,180,180,0.00011105794140158633,0.00011105794140158633
A08,MUSDT,0.17586375931719114,0.17586375931719114,0.1760132262016755,180,180,180,0.0008491798469343597,0.0008491798469343597
A08,MYXUSDT,2.232367952521943,2.232367952521943,2.232278992003469,180,180,180,3.985188177312695e-05,3.985188177312695e-05
A08,NAORISUSDT,0.9868380746326482,0.9868380746326482,0.9867550585187558,180,180,180,8.413041633351697e-05,8.413041633351697e-05
A08,NEARUSDT,1.5423033759837568,1.5423033759837568,1.5422681350970322,180,180,180,2.285003879844629e-05,2.285003879844629e-05
A08,NEIROUSDT,1.5398839194885965,1.5398839194885965,1.5397971369769936,180,180,180,5.635970448240629e-05,5.635970448240629e-05
A08,NEOUSDT,0.9750465594657747,0.9750465594657747,0.9750046026083907,180,180,180,4.303247109983458e-05,4.303247109983458e-05
A08,NEWTUSDT,0.740529865072882,0.740529865072882,0.7404097413690524,180,180,180,0.00016223949675151338,0.00016223949675151338
A08,NIGHTUSDT,1.3929979392362413,1.3929979392362413,1.3930160410886652,180,180,180,1.2994719292503577e-05,1.2994719292503577e-05
A08,NILUSDT,0.4687275965916206,0.4687275965916206,0.4687748250228127,180,180,180,0.00010074865088967598,0.00010074865088967598
A08,NOMUSDT,0.5650591547224175,0.5650591547224175,0.565099836265827,180,180,180,7.199001096576068e-05,7.199001096576068e-05
A08,NOTUSDT,1.1160505064124608,1.1160505064124608,1.116003677425444,180,180,180,4.196131963008594e-05,4.196131963008594e-05
A08,NXPCUSDT,0.5447422798779894,0.5447422798779894,0.5448031546337615,180,180,180,0.00011173715727292834,0.00011173715727292834
A08,OGNUSDT,0.9119508043834719,0.9119508043834719,0.9119774976893497,180,180,180,2.926969793160649e-05,2.926969793160649e-05
A08,ONDOUSDT,1.514807990951874,1.514807990951874,1.5148702842770654,180,180,180,4.112122723511199e-05,4.112122723511199e-05
A08,ONEUSDT,0.36814137298070065,0.36814137298070065,0.36795532817403925,180,180,180,0.0005056179172201123,0.0005056179172201123
A08,ONGUSDT,0.8195102598713314,0.8195102598713314,0.8194981098502668,180,180,180,1.4826173384100961e-05,1.4826173384100961e-05
A08,ONTUSDT,0.7846284108098385,0.7846284108098385,0.7846656620903832,180,180,180,4.7474080164959665e-05,4.7474080164959665e-05
A08,ONUSDT,0.33054184086580884,0.33054184086580884,0.3306527649635355,180,180,180,0.0003354700443497125,0.0003354700443497125
A08,OPENUSDT,0.8708013159177157,0.8708013159177157,0.8709069475643954,180,180,180,0.0001212892456249911,0.0001212892456249911
A08,OPGUSDT,0.40781919884917966,0.40781919884917966,0.4078270068945276,180,180,180,1.9145483785886152e-05,1.9145483785886152e-05
A08,OPNUSDT,1.2195427449870813,1.2195427449870813,1.2194305680417592,180,180,180,9.199125252551547e-05,9.199125252551547e-05
A08,OPUSDT,1.39979325557603,1.39979325557603,1.3998304973910152,180,180,180,2.6604517514529367e-05,2.6604517514529367e-05
A08,ORCAUSDT,0.7903763268591756,0.7903763268591756,0.790381751652369,180,180,180,6.8635101735211175e-06,6.8635101735211175e-06
A08,ORDERUSDT,1.1083464694646563,1.1083464694646563,1.1082906925794809,180,180,180,5.032694540240425e-05,5.032694540240425e-05
A08,ORDIUSDT,1.302484477267205,1.302484477267205,1.302527965676812,180,180,180,3.338769742605734e-05,3.338769742605734e-05
A08,PARTIUSDT,0.7791282371719905,0.7791282371719905,0.7790862285997543,180,180,180,5.392031163449307e-05,5.392031163449307e-05
A08,PAXGUSDT,0.20856074772217784,0.20856074772217784,0.20859309493192252,180,180,180,0.00015507325280944207,0.00015507325280944207
A08,PENDLEUSDT,1.1199380901148739,1.1199380901148739,1.1199534240021756,180,180,180,1.369154017752532e-05,1.369154017752532e-05
A08,PENGUUSDT,1.7880828853634012,1.7880828853634012,1.7880027982293925,180,180,180,4.479139187481305e-05,4.479139187481305e-05
A08,PEOPLEUSDT,1.511076580183231,1.511076580183231,1.5110197479755332,180,180,180,3.761182325648951e-05,3.761182325648951e-05
A08,PHAROSUSDT,0.2742729686485577,0.2742729686485577,0.27422619404148707,180,180,180,0.00017056943533106379,0.00017056943533106379
A08,PHAUSDT,1.910451116721481,1.910451116721481,1.9107762854488624,180,180,180,0.0001701762419062695,0.0001701762419062695
A08,PIEVERSEUSDT,1.87909774282102,1.87909774282102,1.8789358202737605,180,180,180,8.617779570350623e-05,8.617779570350623e-05
A08,PIPPINUSDT,1.1797069728647451,1.1797069728647451,1.1797312468198093,180,180,180,2.057583464848334e-05,2.057583464848334e-05
A08,PIXELUSDT,1.0693161479071038,1.0693161479071038,1.0693238727960659,180,180,180,7.22408725605119e-06,7.22408725605119e-06
A08,PLAYUSDT,0.40702983276197974,0.40702983276197974,0.40701801311696045,180,180,180,2.903961161023049e-05,2.903961161023049e-05
A08,PLUMEUSDT,1.1184512720103912,1.1184512720103912,1.1184653528469262,180,180,180,1.2589425769102867e-05,1.2589425769102867e-05
A08,PNUTUSDT,1.3638317885254307,1.3638317885254307,1.3638445380145006,180,180,180,9.348198210611018e-06,9.348198210611018e-06
A08,POLUSDT,1.1360965459802028,1.1360965459802028,1.1360869060896617,180,180,180,8.485170007219292e-06,8.485170007219292e-06
A08,POPCATUSDT,1.3483661065582877,1.3483661065582877,1.3481537262835124,180,180,180,0.00015753416738371477,0.00015753416738371477
A08,PORTALUSDT,0.5534915461183222,0.5534915461183222,0.5536687761862906,180,180,180,0.0003201012511292582,0.0003201012511292582
A08,POWERUSDT,0.2834253192928353,0.2834253192928353,0.28352979965423686,180,180,180,0.00036849869583003615,0.00036849869583003615
A08,POWRUSDT,0.5498279223369179,0.5498279223369179,0.5498153079661938,180,180,180,2.294292381699212e-05,2.294292381699212e-05
A08,PRLUSDT,0.6128957653928602,0.6128957653928602,0.6129081471753431,180,180,180,2.020169341855857e-05,2.020169341855857e-05
A08,PROMPTUSDT,0.8227656788137764,0.8227656788137764,0.8227975550906622,180,180,180,3.8741336418192756e-05,3.8741336418192756e-05
A08,PROMUSDT,0.3025613739564397,0.3025613739564397,0.30245392088811873,180,180,180,0.00035527087235461317,0.00035527087235461317
A08,PROVEUSDT,0.6659868192562616,0.6659868192562616,0.6660556465500235,180,180,180,0.0001033356508850316,0.0001033356508850316
A08,PTBUSDT,1.3515932491634415,1.3515932491634415,1.3519689576809162,180,180,180,0.00027789729589588466,0.00027789729589588466
A08,PUMPUSDT,1.2074154042208654,1.2074154042208654,1.207517702031475,180,180,180,8.471744177120678e-05,8.471744177120678e-05
A08,PYTHUSDT,1.3775315961826513,1.3775315961826513,1.3774731742379072,180,180,180,4.241240108103677e-05,4.241240108103677e-05
A08,QNTUSDT,0.8177779379413052,0.8177779379413052,0.81783261372538,180,180,180,6.685449217505612e-05,6.685449217505612e-05
A08,QTUMUSDT,0.9769276271814903,0.9769276271814903,0.9768945994715934,180,180,180,3.380887755418767e-05,3.380887755418767e-05
A08,QUSDT,-0.2766235492108557,-0.2766235492108557,-0.2767499259786529,180,180,180,0.0004566460762376008,0.0004566460762376008
A08,RAREUSDT,0.8674087553502926,0.8674087553502926,0.8673804732211823,180,180,180,3.260637054151457e-05,3.260637054151457e-05
A08,RAVEUSDT,1.102968215054793,1.102968215054793,1.1027882913037046,180,180,180,0.00016315348331794128,0.00016315348331794128
A08,RECALLUSDT,0.7063031235444183,0.7063031235444183,0.7062502825797364,180,180,180,7.481903510016232e-05,7.481903510016232e-05
A08,RENDERUSDT,1.2158780713658943,1.2158780713658943,1.2159474106684425,180,180,180,5.702491895602369e-05,5.702491895602369e-05
A08,RESOLVUSDT,0.8329960304167494,0.8329960304167494,0.8330038188357716,180,180,180,9.349799900130326e-06,9.349799900130326e-06
A08,REZUSDT,1.1936080167597067,1.1936080167597067,1.1936218825668516,180,180,180,1.161658256054272e-05,1.161658256054272e-05
A08,RIFUSDT,0.48045866815693905,0.48045866815693905,0.4804530962737846,180,180,180,1.1597142775620429e-05,1.1597142775620429e-05
A08,RIVERUSDT,1.3309651377502023,1.3309651377502023,1.3308172837502992,180,180,180,0.00011110015004199303,0.00011110015004199303
A08,RLCUSDT,0.9977210003929484,0.9977210003929484,0.9977670262762632,180,180,180,4.612888790942221e-05,4.612888790942221e-05
A08,ROBOUSDT,0.397451782700235,0.397451782700235,0.39737268569245915,180,180,180,0.00019904993630357238,0.00019904993630357238
A08,RONINUSDT,1.2593454425366477,1.2593454425366477,1.2593062102186052,180,180,180,3.1153914531773e-05,3.1153914531773e-05
A08,ROSEUSDT,1.0307536031273679,1.0307536031273679,1.0307640467458836,180,180,180,1.0131919665548771e-05,1.0131919665548771e-05
A08,RSRUSDT,1.3090056048280705,1.3090056048280705,1.3090483140401106,180,180,180,3.26261541167022e-05,3.26261541167022e-05
A08,RUNEUSDT,1.2290690588027315,1.2290690588027315,1.229089015453932,180,180,180,1.6236945371364828e-05,1.6236945371364828e-05
A08,RVNUSDT,0.9354090212963644,0.9354090212963644,0.9353875242356395,180,180,180,2.2981983582064068e-05,2.2981983582064068e-05
A08,SAFEUSDT,0.6998632129834912,0.6998632129834912,0.6999527121747243,180,180,180,0.00012786462524741566,0.00012786462524741566
A08,SAGAUSDT,0.10374595498690473,0.10374595498690473,0.1035670939324259,180,180,180,0.0017270065972453327,0.0017270065972453327
A08,SAHARAUSDT,1.1019281978664803,1.1019281978664803,1.1018910386772296,180,180,180,3.372310686485204e-05,3.372310686485204e-05
A08,SANDUSDT,1.0530069458468636,1.0530069458468636,1.0530508058638703,180,180,180,4.165042822483333e-05,4.165042822483333e-05
A08,SAPIENUSDT,0.8299409703865057,0.8299409703865057,0.8299154542753894,180,180,180,3.074543435104486e-05,3.074543435104486e-05
A08,SCRTUSDT,0.10018948618677959,0.10018948618677959,0.10075058949633892,179,179,180,0.005569231032436979,0.005569231032436979
A08,SCRUSDT,0.9023990640421874,0.9023990640421874,0.9024016748842272,180,180,180,2.8932149756040606e-06,2.8932149756040606e-06
A08,SEIUSDT,1.351028548103779,1.351028548103779,1.3510874152234056,180,180,180,4.357017833440932e-05,4.357017833440932e-05
A08,SENTUSDT,0.7194763294213187,0.7194763294213187,0.7194869579114983,180,180,180,1.4772318056304516e-05,1.4772318056304516e-05
A08,SHELLUSDT,0.9667049030234376,0.9667049030234376,0.9666726070689362,180,180,180,3.340940279595533e-05,3.340940279595533e-05
A08,SIGNUSDT,0.7762499258832825,0.7762499258832825,0.7762988839400777,180,180,180,6.30659888969486e-05,6.30659888969486e-05
A08,SIRENUSDT,0.48234689231746647,0.48234689231746647,0.48241634577432113,180,180,180,0.0001439699493249619,0.0001439699493249619
A08,SKLUSDT,0.9699292327987995,0.9699292327987995,0.9700232781128594,180,180,180,9.6951605370582e-05,9.6951605370582e-05
A08,SKRUSDT,0.698127676348168,0.698127676348168,0.6981945094712217,180,180,180,9.57227851940484e-05,9.57227851940484e-05
A08,SKYAIUSDT,0.8173263285694149,0.8173263285694149,0.8172976494029472,180,180,180,3.509023485947821e-05,3.509023485947821e-05
A08,SKYUSDT,1.0046091829326735,1.0046091829326735,1.004638983774261,180,180,180,2.9663234324821195e-05,2.9663234324821195e-05
A08,SNXUSDT,1.0523541599087693,1.0523541599087693,1.05237493277346,180,180,180,1.9739034106270202e-05,1.9739034106270202e-05
A08,SOLUSDT,1.357472859793953,1.357472859793953,1.3574158963622196,180,180,180,4.1964612235641836e-05,4.1964612235641836e-05
A08,SOLVUSDT,0.013235175439845122,0.013235175439845122,0.01305807997609093,180,180,180,0.013562136552881415,0.013562136552881415
A08,SOONUSDT,0.771028871308035,0.771028871308035,0.7710105783093395,180,180,180,2.3726002223734878e-05,2.3726002223734878e-05
A08,SOPHUSDT,0.3820813691061665,0.3820813691061665,0.38205341618105265,180,180,180,7.316496576129408e-05,7.316496576129408e-05
A08,SPACEUSDT,0.8447792204967213,0.8447792204967213,0.8447324954762186,180,180,180,5.53133930005659e-05,5.53133930005659e-05
A08,SPELLUSDT,0.7375707179941453,0.7375707179941453,0.7376340885050443,180,180,180,8.591049666295819e-05,8.591049666295819e-05
A08,SPKUSDT,0.9161987409694635,0.9161987409694635,0.9162819097360252,180,180,180,9.076766187125773e-05,9.076766187125773e-05
A08,SPXUSDT,2.1572346260755495,2.1572346260755495,2.157144036751922,180,180,180,4.1995027723684155e-05,4.1995027723684155e-05
A08,SQDUSDT,0.6830995544132374,0.6830995544132374,0.6830028887739144,180,180,180,0.0001415303520847746,0.0001415303520847746
A08,SSVUSDT,1.059940494903993,1.059940494903993,1.0599498949256732,180,180,180,8.868364179430929e-06,8.868364179430929e-06
A08,STABLEUSDT,0.5095585857418758,0.5095585857418758,0.5096417834294092,180,180,180,0.00016324738323760725,0.00016324738323760725
A08,STARUSDT,0.7177342361073064,0.7177342361073064,0.7177593880170589,180,180,180,3.504225813330471e-05,3.504225813330471e-05
A08,STBLUSDT,0.959129079226607,0.959129079226607,0.9590228557633287,180,180,180,0.00011076218115126937,0.00011076218115126937
A08,STGUSDT,0.28768833262611365,0.28768833262611365,0.28777061377560853,180,180,180,0.0002859261702066553,0.0002859261702066553
A08,STORJUSDT,0.06355508467858059,0.06355508467858059,0.06410417866461425,179,179,180,0.008565650437648615,0.008565650437648615
A08,STOUSDT,0.8989251109860507,0.8989251109860507,0.898808518243084,180,180,180,0.00012971922339422124,0.00012971922339422124
A08,STRKUSDT,1.4622015789137577,1.4622015789137577,1.462142958431166,180,180,180,4.009216900004121e-05,4.009216900004121e-05
A08,STXUSDT,1.0646909634705168,1.0646909634705168,1.0646527030002872,180,180,180,3.593704324590378e-05,3.593704324590378e-05
A08,SUIUSDT,1.5344915016694132,1.5344915016694132,1.5345445612842061,180,180,180,3.457678332166321e-05,3.457678332166321e-05
A08,SUSDT,1.4240100592519935,1.4240100592519935,1.4240149273976237,180,180,180,3.4186057579201766e-06,3.4186057579201766e-06
A08,SUSHIUSDT,1.0820603538895797,1.0820603538895797,1.0820422991843308,180,180,180,1.6685766593837373e-05,1.6685766593837373e-05
A08,SWARMSUSDT,1.1292286987006397,1.1292286987006397,1.1292183328381455,180,180,180,9.179679600215641e-06,9.179679600215641e-06
A08,SXTUSDT,0.9764277912375905,0.9764277912375905,0.9764406139624283,180,180,180,1.3132109269594262e-05,1.3132109269594262e-05
A08,SYNUSDT,0.25730860440135755,0.25730860440135755,0.2569647494729464,180,180,180,0.001338140461352889,0.001338140461352889
A08,SYRUPUSDT,0.9161404694404297,0.9161404694404297,0.9161090097739486,180,180,180,3.4340527323125785e-05,3.4340527323125785e-05
A08,TACUSDT,0.026717829736988254,0.026717829736988254,0.027266020510194545,180,180,180,0.020105272531476568,0.020105272531476568
A08,TAGUSDT,0.9007728028874621,0.9007728028874621,0.9006433811236622,180,180,180,0.00014369923380601682,0.00014369923380601682
A08,TAIKOUSDT,0.6501070345756033,0.6501070345756033,0.6500846961032705,180,180,180,3.436240303255193e-05,3.436240303255193e-05
A08,TAKEUSDT,1.3059014780452514,1.2884941380425485,1.2883920050421804,180,180,180,0.01359017514432472,7.927168126501606e-05
A08,TAOUSDT,1.4357747961441318,1.4357747961441318,1.4356975310067348,180,180,180,5.3817141652985663e-05,5.3817141652985663e-05
A08,TAUSDT,0.3677954647082679,0.3677954647082679,0.36776097341057196,180,180,180,9.378726996527282e-05,9.378726996527282e-05
A08,THETAUSDT,1.027850519122365,1.027850519122365,1.027804864743292,180,180,180,4.4419306270168395e-05,4.4419306270168395e-05
A08,THEUSDT,0.8055144314332152,0.8055144314332152,0.8055671438283605,180,180,180,6.543513541869506e-05,6.543513541869506e-05
A08,TIAUSDT,1.2057502434952108,1.2057502434952108,1.20574570193983,180,180,180,3.7665947084433916e-06,3.7665947084433916e-06
A08,TLMUSDT,0.6679699378191828,0.6679699378191828,0.6680368607615582,180,180,180,0.0001001785175433777,0.0001001785175433777
A08,TNSRUSDT,1.1361289289096015,1.1361289289096015,1.136188534887195,180,180,180,5.24613440139903e-05,5.24613440139903e-05
A08,TOSHIUSDT,1.2947713448438993,1.2947713448438993,1.2946756092120064,180,180,180,7.394565187736971e-05,7.394565187736971e-05
A08,TOWNSUSDT,0.7801692705590318,0.7801692705590318,0.7800882355646631,180,180,180,0.0001038792673370815,0.0001038792673370815
A08,TRADOORUSDT,1.3220107332814401,1.3220107332814401,1.3219233306565579,180,180,180,6.611777162512224e-05,6.611777162512224e-05
A08,TRBUSDT,1.4100265314913105,1.4100265314913105,1.4099412641901188,180,180,180,6.047578247219851e-05,6.047578247219851e-05
A08,TREEUSDT,0.6272795736689997,0.6272795736689997,0.6272123029896391,180,180,180,0.00010725344359457134,0.00010725344359457134
A08,TRIAUSDT,0.4037969084802599,0.4037969084802599,0.4037450417348433,180,180,180,0.00012846410495521686,0.00012846410495521686
A08,TRUMPUSDT,1.5708483861916311,1.5708483861916311,1.5707952216989447,180,180,180,3.384559104333144e-05,3.384559104333144e-05
A08,TRUSTUSDT,0.7116036986007271,0.7116036986007271,0.7115750173820231,180,180,180,4.030666901369255e-05,4.030666901369255e-05
A08,TRUTHUSDT,0.12724165653689443,0.12724165653689443,0.12722850647027975,180,180,180,0.00010335786357554523,0.00010335786357554523
A08,TRXUSDT,0.18312359499102734,0.18312359499102734,0.18313381954431268,180,180,180,5.583104917911304e-05,5.583104917911304e-05
A08,TSTUSDT,1.140328853330068,1.140328853330068,1.140375699527335,180,180,180,4.1079617258201174e-05,4.1079617258201174e-05
A08,TURBOUSDT,1.390304518256398,1.390304518256398,1.3903637389201995,180,180,180,4.259364808195973e-05,4.259364808195973e-05
A08,TURTLEUSDT,0.7950329779856228,0.7950329779856228,0.7950302496227099,180,180,180,3.431772456738723e-06,3.431772456738723e-06
A08,TUSDT,0.25202207482183847,0.25202207482183847,0.25214885759617706,180,180,180,0.0005028092355731831,0.0005028092355731831
A08,TUTUSDT,0.8738925110312148,0.8738925110312148,0.8738838147859024,180,180,180,9.951260299451015e-06,9.951260299451015e-06
A08,TWTUSDT,0.8946638172827682,0.8946638172827682,0.8946398968249742,180,180,180,2.6737526326371465e-05,2.6737526326371465e-05
A08,UAIUSDT,-0.1283474002044199,-0.1283474002044199,-0.12794678892100142,180,180,180,0.0031310772767093745,0.0031310772767093745
A08,UBUSDT,-0.04074655119697885,-0.04074655119697885,-0.040838887165073744,180,180,180,0.0022609814934884532,0.0022609814934884532
A08,UMAUSDT,0.8310424994092275,0.8310424994092275,0.8310686047851799,180,180,180,3.141181823265568e-05,3.141181823265568e-05
A08,UNIUSDT,1.3092982385416825,1.3092982385416825,1.3092194196561888,180,180,180,6.020296087141554e-05,6.020296087141554e-05
A08,USDCUSDT,-0.0030026369190082457,-0.0030026369190082457,-0.0030017174123606657,180,180,180,0.0003063268526856178,0.0003063268526856178
A08,USELESSUSDT,3.0063318457111676,3.0063318457111676,3.006502804093211,180,180,180,5.686287131032541e-05,5.686287131032541e-05
A08,USUALUSDT,1.0722840197191479,1.0722840197191479,1.072322435962796,180,180,180,3.582527266036904e-05,3.582527266036904e-05
A08,USUSDT,0.7321216908084096,0.7321216908084096,0.7322222164824275,180,180,180,0.00013728847849056217,0.00013728847849056217
A08,VANAUSDT,0.5251488680691117,0.5251488680691117,0.5251534203735695,180,180,180,8.668522913933482e-06,8.668522913933482e-06
A08,VELODROMEUSDT,1.6748458676090634,1.6748458676090634,1.6749229802042982,180,180,180,4.6039487275642014e-05,4.6039487275642014e-05
A08,VELVETUSDT,0.9004873905640136,0.9004873905640136,0.9004591043611366,180,180,180,3.141308998930067e-05,3.141308998930067e-05
A08,VETUSDT,1.4118805119164415,1.4118805119164415,1.411912234506246,180,180,180,2.246781990358198e-05,2.246781990358198e-05
A08,VIRTUALUSDT,1.5850900680123208,1.5850900680123208,1.5850642017700145,180,180,180,1.6318734772627672e-05,1.6318734772627672e-05
A08,VVVUSDT,1.1163137416933047,1.1163137416933047,1.1164167804771195,180,180,180,9.229419121661288e-05,9.229419121661288e-05
A08,WALUSDT,0.9904551958999982,0.9904551958999982,0.9903687468894629,180,180,180,8.728971992185409e-05,8.728971992185409e-05
A08,WAXPUSDT,0.5779641664578214,0.5779641664578214,0.5780291859975714,180,180,180,0.00011248487329874051,0.00011248487329874051
A08,WETUSDT,0.682255316979123,0.682255316979123,0.6821988321358765,180,180,180,8.279821158539539e-05,8.279821158539539e-05
A08,WIFUSDT,2.047641919985497,2.047641919985497,2.047633029948571,180,180,180,4.341616293614511e-06,4.341616293614511e-06
A08,WLDUSDT,1.2235436808949964,1.2235436808949964,1.2236408309925733,180,180,180,7.939429211267913e-05,7.939429211267913e-05
A08,WLFIUSDT,0.44893932740648274,0.44893932740648274,0.4489755178433512,180,180,180,8.060670444196533e-05,8.060670444196533e-05
A08,WOOUSDT,0.9783895683838123,0.9784775940354548,0.9785491832794914,180,180,180,0.00016311382034383873,7.315855478687788e-05
A08,WUSDT,1.191809812431829,1.191809812431829,1.1917891484328373,180,180,180,1.7338636636246842e-05,1.7338636636246842e-05
A08,XAIUSDT,0.8902979149692084,0.8902979149692084,0.890305180250589,180,180,180,8.16043929855e-06,8.16043929855e-06
A08,XANUSDT,0.8785423458426693,0.8785423458426693,0.8786661619934639,180,180,180,0.00014091375786418287,0.00014091375786418287
A08,XAUTUSDT,0.20636442269579627,0.20636442269579627,0.20635452889723263,180,180,180,4.7945633258041764e-05,4.7945633258041764e-05
A08,XLMUSDT,1.5526498982834087,1.5526498982834087,1.5525898877169255,180,180,180,3.86519112084635e-05,3.86519112084635e-05
A08,XMRUSDT,0.8510608521498165,0.8510608521498165,0.8508867804527379,180,180,180,0.00020457680278684697,0.00020457680278684697
A08,XNYUSDT,0.29569886962307446,0.29569886962307446,0.2957798578299115,180,180,180,0.00027381244764687087,0.00027381244764687087
A08,XPINUSDT,0.3082233420781314,0.3082233420781314,0.3081690541415494,180,180,180,0.00017616284261003253,0.00017616284261003253
A08,XPLUSDT,1.8621288792300748,1.8621288792300748,1.8621522336533414,180,180,180,1.254162943531236e-05,1.254162943531236e-05
A08,XRPUSDT,1.5726960372588705,1.5726960372588705,1.5727121513312858,180,180,180,1.0246040511397512e-05,1.0246040511397512e-05
A08,XTZUSDT,0.9876755294074063,0.9876755294074063,0.9876398784955543,180,180,180,3.6097076098513846e-05,3.6097076098513846e-05
A08,XVGUSDT,1.2820536205713249,1.2820536205713249,1.281966005126366,180,180,180,6.834459307702741e-05,6.834459307702741e-05
A08,YBUSDT,0.4406653844763287,0.4406653844763287,0.44070489922030304,180,180,180,8.966259291479286e-05,8.966259291479286e-05
A08,YFIUSDT,0.9641357430225307,0.9641357430225307,0.9641441566006714,180,180,180,8.72647319712702e-06,8.72647319712702e-06
A08,YGGUSDT,1.0369688900768594,1.0369688900768594,1.0369523410363224,180,180,180,1.5959306789848745e-05,1.5959306789848745e-05
A08,ZAMAUSDT,1.434503943119608,1.434503943119608,1.4346842982746417,180,180,180,0.00012571069136991982,0.00012571069136991982
A08,ZBTUSDT,0.4639466768028251,0.4639466768028251,0.4639638677363078,180,180,180,3.705231091940595e-05,3.705231091940595e-05
A08,ZECUSDT,1.806138873716623,1.806138873716623,1.806064000882245,180,180,180,4.145635721737439e-05,4.145635721737439e-05
A08,ZENUSDT,1.5421475058917231,1.5421475058917231,1.542210582806998,180,180,180,4.090032579088845e-05,4.090032579088845e-05
A08,ZEREBROUSDT,1.039761717826904,1.039761717826904,1.0398158530458972,180,180,180,5.206231356690291e-05,5.206231356690291e-05
A08,ZETAUSDT,0.9042898131250573,0.9042898131250573,0.904394125653222,180,180,180,0.00011533967902470788,0.00011533967902470788
A08,ZILUSDT,0.9045318057358723,0.9045318057358723,0.904544621598457,180,180,180,1.4168303341495525e-05,1.4168303341495525e-05
A08,ZKCUSDT,0.740220938151767,0.740220938151767,0.7401124918797773,180,180,180,0.00014652674178523207,0.00014652674178523207
A08,ZKPUSDT,0.5604711434134492,0.5604711434134492,0.56040924128015,180,180,180,0.00011045880178161985,0.00011045880178161985
A08,ZKUSDT,1.1335706867586397,1.1335706867586397,1.1334284612915362,180,180,180,0.0001254825266532068,0.0001254825266532068
A08,ZORAUSDT,0.62126863509484,0.62126863509484,0.6212527747660538,180,180,180,2.5529590257639802e-05,2.5529590257639802e-05
A08,ZROUSDT,1.4966092687477897,1.4966092687477897,1.4966506886461046,180,180,180,2.7675060472817534e-05,2.7675060472817534e-05
A12,0GUSDT,0.7033129515726385,0.7033129515726385,0.7033284944791297,180,180,180,2.2099071220917462e-05,2.2099071220917462e-05
A12,1000BONKUSDT,1.7882825464735652,1.7882825464735652,1.788286963270707,180,180,180,2.4698480906699376e-06,2.4698480906699376e-06
A12,1000CATUSDT,1.1961181907615313,1.1961181907615313,1.1961821636791614,180,180,180,5.34809158442865e-05,5.34809158442865e-05
A12,1000FLOKIUSDT,1.7383037228994784,1.7383037228994784,1.73825820352808,180,180,180,2.6186772083696696e-05,2.6186772083696696e-05
A12,1000LUNCUSDT,0.8947284409461124,0.8947284409461124,0.8947405960221977,180,180,180,1.3585028039810602e-05,1.3585028039810602e-05
A12,1000PEPEUSDT,1.9115376917880937,1.9115376917880937,1.9114666955766495,180,180,180,3.7142269655304025e-05,3.7142269655304025e-05
A12,1000RATSUSDT,0.41276275922601124,0.41276275922601124,0.4128420570966403,180,180,180,0.0001920779854327791,0.0001920779854327791
A12,1000SATSUSDT,1.2634437156028437,1.2634437156028437,1.2634490479296958,180,180,180,4.220452625935007e-06,4.220452625935007e-06
A12,1000SHIBUSDT,1.363192209210342,1.363192209210342,1.3631659374400757,180,180,180,1.927261351283999e-05,1.927261351283999e-05
A12,1000XECUSDT,1.237622166303983,1.237622166303983,1.2375520146314096,180,180,180,5.66858376407702e-05,5.66858376407702e-05
A12,1INCHUSDT,1.031047235163382,1.031047235163382,1.0310353686466442,180,180,180,1.1509320726073534e-05,1.1509320726073534e-05
A12,1MBABYDOGEUSDT,1.1213442975890853,1.1213442975890853,1.1213867488026066,180,180,180,3.7855997109506754e-05,3.7855997109506754e-05
A12,2ZUSDT,0.9644630409387094,0.9644630409387094,0.9644568235875195,180,180,180,6.446479549762179e-06,6.446479549762179e-06
A12,4USDT,1.3697323335758183,1.3697323335758183,1.3694886353140296,180,180,180,0.00017794836372097688,0.00017794836372097688
A12,AAVEUSDT,1.4054446103830114,1.4054446103830114,1.4053954697567184,180,180,180,3.496569282490076e-05,3.496569282490076e-05
A12,ACEUSDT,0.5470720732160118,0.5470720732160118,0.5469640204960395,180,180,180,0.00019754995927205783,0.00019754995927205783
A12,ACHUSDT,1.1677483976656051,1.1677483976656051,1.1677231110900612,180,180,180,2.1654598854602378e-05,2.1654598854602378e-05
A12,ACTUSDT,1.2165019338092793,1.2165019338092793,1.216545216418995,180,180,180,3.5578299212791083e-05,3.5578299212791083e-05
A12,ACUUSDT,0.41427759058804925,0.41427759058804925,0.41428577598008626,180,180,180,1.9757839905662866e-05,1.9757839905662866e-05
A12,ADAUSDT,1.6723053684060845,1.6723053684060845,1.672293810716104,180,180,180,6.911279528955695e-06,6.911279528955695e-06
A12,AEROUSDT,1.7314254507579645,1.7314254507579645,1.7314605974449395,180,180,180,2.029886618666527e-05,2.029886618666527e-05
A12,AEVOUSDT,0.9429545356877357,0.9429545356877357,0.9428710512369172,180,180,180,8.854280838190553e-05,8.854280838190553e-05
A12,AGLDUSDT,0.8003590706866035,0.8003590706866035,0.8003824528043653,180,180,180,2.9213681134356694e-05,2.9213681134356694e-05
A12,AGTUSDT,-0.18932835808539483,-0.18932835808539483,-0.18914267962273804,180,180,180,0.0009816846363134366,0.0009816846363134366
A12,AIAUSDT,0.22166777773196528,0.22166777773196528,0.22156958032448898,180,180,180,0.0004431899330787501,0.0004431899330787501
A12,AIGENSYNUSDT,0.515388670458931,0.515388670458931,0.5154113887265601,180,180,180,4.40779310004166e-05,4.40779310004166e-05
A12,AINUSDT,0.040379564529651926,-0.059122510650244424,-0.05927901385800502,180,180,180,1.6811780746956384,0.002640111526407614
A12,AIOTUSDT,0.3709613345889499,0.3709613345889499,0.37095125195097145,180,180,180,2.7180493192681875e-05,2.7180493192681875e-05
A12,AIOUSDT,0.34002554599967516,0.34002554599967516,0.3400300455327751,180,180,180,1.3232751514337913e-05,1.3232751514337913e-05
A12,AIXBTUSDT,1.3501933283129752,1.3501933283129752,1.350246106997634,180,180,180,3.908819613340804e-05,3.908819613340804e-05
A12,AKEUSDT,1.394862311260514,1.3919507043411146,1.3923388838270936,180,180,180,0.001812365841916585,0.00027879669991837206
A12,AKTUSDT,1.501940776608431,1.501940776608431,1.5018842483084487,180,180,180,3.7638253444583647e-05,3.7638253444583647e-05
A12,ALGOUSDT,1.1233283969766592,1.1233283969766592,1.1232801186515131,180,180,180,4.297977356177824e-05,4.297977356177824e-05
A12,ALICEUSDT,0.7339817197442354,0.7339817197442354,0.7340230938085265,180,180,180,5.636616155546738e-05,5.636616155546738e-05
A12,ALLOUSDT,0.6232574544137552,0.6232574544137552,0.6231579712656411,180,180,180,0.0001596435457803612,0.0001596435457803612
A12,ALTUSDT,0.8255001946392602,0.8255001946392602,0.8255159318224968,180,180,180,1.9063451872964645e-05,1.9063451872964645e-05
A12,ANKRUSDT,0.7089058953594496,0.7089058953594496,0.7088450407792017,180,180,180,8.585032940479363e-05,8.585032940479363e-05
A12,APEUSDT,1.124556306513506,1.124556306513506,1.1245671725301833,180,180,180,9.66239895912737e-06,9.66239895912737e-06
A12,API3USDT,0.7981741975390934,0.7981741975390934,0.7981539510812734,180,180,180,2.5366607272346295e-05,2.5366607272346295e-05
A12,APRUSDT,0.8574207829213383,0.8574207829213383,0.857596642790993,180,180,180,0.00020506128508434096,0.00020506128508434096
A12,APTUSDT,0.9759920500333643,0.9759920500333643,0.9760176998084292,180,180,180,2.6280030648985258e-05,2.6280030648985258e-05
A12,ARBUSDT,1.61418237753458,1.61418237753458,1.6141871317746739,180,180,180,2.9452843479197423e-06,2.9452843479197423e-06
A12,ARCUSDT,0.48911324401336803,0.48911324401336803,0.4892534195220324,180,180,180,0.0002865090014113648,0.0002865090014113648
A12,ARIAUSDT,0.7607132528916029,0.7607132528916029,0.7606404688922463,180,180,180,9.568778198523363e-05,9.568778198523363e-05
A12,ARKMUSDT,1.3959589462481992,1.3959589462481992,1.3960363715416224,180,180,180,5.5460799590594034e-05,5.5460799590594034e-05
A12,ARPAUSDT,0.6898478986630052,0.6898478986630052,0.6897632888601903,180,180,180,0.00012266498403343287,0.00012266498403343287
A12,ARUSDT,0.9412924116313115,0.9412924116313115,0.941283898298272,180,180,180,9.044384010944256e-06,9.044384010944256e-06
A12,ASTERUSDT,0.8251586501621372,0.8251586501621372,0.8251823914462215,180,180,180,2.8770953343689277e-05,2.8770953343689277e-05
A12,ATHUSDT,1.2726921900508674,1.2726921900508674,1.2727521603672902,180,180,180,4.711861294777999e-05,4.711861294777999e-05
A12,ATOMUSDT,0.9171909336306134,0.9171909336306134,0.9171733047722139,180,180,180,1.9220858596498443e-05,1.9220858596498443e-05
A12,ATUSDT,0.46331696198483935,0.46331696198483935,0.4632679733341143,180,180,180,0.0001057458178524372,0.0001057458178524372
A12,AUCTIONUSDT,0.8041136562588325,0.8041136562588325,0.8041193827671104,180,180,180,7.121465295610163e-06,7.121465295610163e-06
A12,AUSDT,1.1952919948059797,1.1952919948059797,1.1952867467607249,180,180,180,4.3906161170410056e-06,4.3906161170410056e-06
A12,AVAAIUSDT,0.7169562117294411,0.7169562117294411,0.7171951443115144,180,180,180,0.00033314863321149714,0.00033314863321149714
A12,AVAXUSDT,1.2525419959333417,1.2525419959333417,1.2525566192853568,180,180,180,1.1674803190468516e-05,1.1674803190468516e-05
A12,AVNTUSDT,1.1528998834671,1.1528998834671,1.1528073038617703,180,180,180,8.030796215428321e-05,8.030796215428321e-05
A12,AWEUSDT,0.3547180940123475,0.3547180940123475,0.35474598180611555,180,180,180,7.861341691897562e-05,7.861341691897562e-05
A12,AXSUSDT,1.1796479626836278,1.1796479626836278,1.1795964015684146,180,180,180,4.3710810871115696e-05,4.3710810871115696e-05
A12,B2USDT,0.6978401752395116,0.7297524641008262,0.7298535751998211,180,180,180,0.04386277062703268,0.00013853614263275755
A12,BABYUSDT,0.9335238617679656,0.9335238617679656,0.9335287965494552,180,180,180,5.286158828513763e-06,5.286158828513763e-06
A12,BANANAS31USDT,0.8843037451269123,0.8843037451269123,0.8843779841841968,180,180,180,8.394494052553047e-05,8.394494052553047e-05
A12,BANANAUSDT,0.6533823929449069,0.6533823929449069,0.653372064773905,180,180,180,1.5807487890467443e-05,1.5807487890467443e-05
A12,BANKUSDT,0.6778910725659526,0.6778910725659526,0.6779083421088361,180,180,180,2.547474608408017e-05,2.547474608408017e-05
A12,BANUSDT,0.7677295474044138,0.7677295474044138,0.7676776234816334,180,180,180,6.763766611423081e-05,6.763766611423081e-05
A12,BARDUSDT,0.755831056362071,0.755831056362071,0.7558589503357412,180,180,180,3.6903675821806424e-05,3.6903675821806424e-05
A12,BASEDUSDT,0.9045254728563811,0.9045254728563811,0.90454913275921,180,180,180,2.6156570132083886e-05,2.6156570132083886e-05
A12,BASUSDT,0.7161276784202895,0.7161276784202895,0.7160267867267642,180,180,180,0.0001409049150052669,0.0001409049150052669
A12,BATUSDT,1.1281124114138281,1.1281124114138281,1.1281071959717406,180,180,180,4.6231795224420784e-06,4.6231795224420784e-06
A12,BBUSDT,1.1065745999913374,1.1065745999913374,1.106614454135737,180,180,180,3.6014480247033904e-05,3.6014480247033904e-05
A12,BCHUSDT,1.3247260406674566,1.3247260406674566,1.3244196686286582,180,180,180,0.00023132549754080513,0.00023132549754080513
A12,BEATUSDT,0.24498630978166136,0.24498630978166136,0.24500114730630546,180,180,180,6.0561041477677384e-05,6.0561041477677384e-05
A12,BELUSDT,0.7984600155792019,0.7984600155792019,0.798485945573466,180,180,180,3.2473951993573144e-05,3.2473951993573144e-05
A12,BERAUSDT,1.0695698277395305,1.0695698277395305,1.069683685896803,180,180,180,0.00010644095892436602,0.00010644095892436602
A12,BICOUSDT,0.8242018448117191,0.8242018448117191,0.8242598367071634,180,180,180,7.035632801906394e-05,7.035632801906394e-05
A12,BIGTIMEUSDT,0.7569343336791996,0.7569343336791996,0.7569313326083023,180,180,180,3.964786194019297e-06,3.964786194019297e-06
A12,BILLUSDT,0.8489313373969675,0.8489313373969675,0.8488576812405986,180,180,180,8.677091342478925e-05,8.677091342478925e-05
A12,BIOUSDT,1.2644206599156875,1.2644206599156875,1.2644920219069207,180,180,180,5.6435303660932145e-05,5.6435303660932145e-05
A12,BIRBUSDT,0.871560826339547,0.871560826339547,0.8714569620788337,180,180,180,0.00011918461293318303,0.00011918461293318303
A12,BLESSUSDT,0.9453923279976016,0.9453923279976016,0.9454968258020525,180,180,180,0.00011052158145769751,0.00011052158145769751
A12,BLUAIUSDT,0.4500675947437896,0.4500675947437896,0.4499374259545589,180,180,180,0.0002893042048115124,0.0002893042048115124
A12,BLURUSDT,1.2873630479494236,1.2873630479494236,1.2874008523192901,180,180,180,2.936487869994087e-05,2.936487869994087e-05
A12,BMTUSDT,0.1108990829714365,0.1108990829714365,0.11080367744765161,180,180,180,0.0008610321063572728,0.0008610321063572728
A12,BNBUSDT,0.7772108090097517,0.7772108090097517,0.7772518530460074,180,180,180,5.2806611003706725e-05,5.2806611003706725e-05
A12,BOMEUSDT,1.4448369223230961,1.4448369223230961,1.4448606729590476,180,180,180,1.643801121866088e-05,1.643801121866088e-05
A12,BRETTUSDT,1.6966852112494348,1.6966852112494348,1.6966738524631615,180,180,180,6.694737622584836e-06,6.694737622584836e-06
A12,BREVUSDT,0.8209070197737723,0.8209070197737723,0.8208713540287097,180,180,180,4.344864135847693e-05,4.344864135847693e-05
A12,BROCCOLI714USDT,1.4050103398005296,1.4050103398005296,1.4049892725160218,180,180,180,1.4994623033715511e-05,1.4994623033715511e-05
A12,BROCCOLIF3BUSDT,1.0191556858595427,1.0191556858595427,1.019142904970337,180,180,180,1.2540821452331626e-05,1.2540821452331626e-05
A12,BRUSDT,2.78190927356284,2.78190927356284,2.7824762499974116,180,180,180,0.00020376685499903698,0.00020376685499903698
A12,BSBUSDT,0.8197310359356214,0.8197310359356214,0.8197017580159693,180,180,180,3.57177709645037e-05,3.57177709645037e-05
A12,BSVUSDT,1.095515547444696,1.095515547444696,1.0954638408229025,180,180,180,4.720066502122448e-05,4.720066502122448e-05
A12,BTCDOMUSDT,-0.14395609070818735,-0.14395609070818735,-0.1439240202913537,180,180,180,0.0002228288007013985,0.0002228288007013985
A12,BTRUSDT,0.0019185597917030692,0.0019185597917030692,0.001637200368437659,180,180,180,0.1718539945931632,0.1718539945931632
A12,BULLAUSDT,1.9163486053480114,1.8943192374741027,1.8943897356666328,180,180,180,0.011591526953481576,3.721419684810776e-05
A12,BUSDT,0.6683897474738898,0.6683897474738898,0.6685375057989937,180,180,180,0.00022101725605858148,0.00022101725605858148
A12,C98USDT,1.103254529132832,1.103254529132832,1.1032176926351998,180,180,180,3.339005336671886e-05,3.339005336671886e-05
A12,CAKEUSDT,0.9663996190078084,0.9663996190078084,0.9663873280540652,180,180,180,1.271845499863878e-05,1.271845499863878e-05
A12,CARVUSDT,0.682265195364532,0.682265195364532,0.6821423049094246,180,180,180,0.000180153692598937,0.000180153692598937
A12,CATIUSDT,0.2559131283317382,0.2559131283317382,0.25582488541702764,180,180,180,0.0003449348352749121,0.0003449348352749121
A12,CCUSDT,1.1498526973083696,1.1498526973083696,1.14992785029875,180,180,180,6.535452668694553e-05,6.535452668694553e-05
A12,CELOUSDT,0.9175206362923815,0.9175206362923815,0.9175483577352759,180,180,180,3.021251431678971e-05,3.021251431678971e-05
A12,CETUSUSDT,1.3667999882446353,1.3667999882446353,1.366785763750681,180,180,180,1.040725937563118e-05,1.040725937563118e-05
A12,CFGUSDT,0.8502297654092521,0.8502297654092521,0.8503637111518096,180,180,180,0.0001575158262293571,0.0001575158262293571
A12,CFXUSDT,1.0585680259843293,1.0585680259843293,1.0585897439355962,180,180,180,2.051592828227143e-05,2.051592828227143e-05
A12,CGPTUSDT,0.8741101151840651,0.8741101151840651,0.874092249490426,180,180,180,2.043913974705435e-05,2.043913974705435e-05
A12,CHILLGUYUSDT,1.612399209092965,1.612399209092965,1.612441867551795,180,180,180,2.645581195108261e-05,2.645581195108261e-05
A12,CHIPUSDT,2.1596520591096957,2.1596520591096957,2.1595003400285275,180,180,180,7.025656739010917e-05,7.025656739010917e-05
A12,CHRUSDT,1.1840574995585849,1.1840574995585849,1.1839813290139076,180,180,180,6.433424481505446e-05,6.433424481505446e-05
A12,CHZUSDT,0.9919027855036969,0.9919027855036969,0.9919354246627768,180,180,180,3.290452006088304e-05,3.290452006088304e-05
A12,CLOUSDT,-0.1036570829480651,-0.1036570829480651,-0.10373362998440006,180,180,180,0.0007379191911675179,0.0007379191911675179
A12,COAIUSDT,0.6648559756298846,0.6648559756298846,0.664857014125843,180,180,180,1.5619839097345368e-06,1.5619839097345368e-06
A12,COLLECTUSDT,0.8533650481581664,0.8533650481581664,0.8533098295127766,180,180,180,6.471113243984247e-05,6.471113243984247e-05
A12,COMPUSDT,0.7368523056292129,0.7368523056292129,0.7369283111402319,180,180,180,0.00010313826985619396,0.00010313826985619396
A12,COOKIEUSDT,0.9248487341789341,0.9248487341789341,0.9248675533441932,180,180,180,2.0347957057305616e-05,2.0347957057305616e-05
A12,COTIUSDT,0.13373863519915732,0.13373863519915732,0.13372144464850688,180,180,180,0.00012855492771281633,0.00012855492771281633
A12,CROSSUSDT,-0.07141288428573259,-0.07141288428573259,-0.07138812897647345,180,180,180,0.00034677066921437054,0.00034677066921437054
A12,CRVUSDT,1.1578379869843312,1.1578379869843312,1.157829675826404,180,180,180,7.178221547377271e-06,7.178221547377271e-06
A12,CTSIUSDT,0.7574780056943354,0.7574780056943354,0.757391779164069,180,180,180,0.0001138466677861653,0.0001138466677861653
A12,CUSDT,0.8995263759730399,0.8995263759730399,0.8994889521669152,180,180,180,4.160563176962601e-05,4.160563176962601e-05
A12,CVXUSDT,1.3115517095051932,1.3115517095051932,1.3115639185099062,180,180,180,9.30873786682384e-06,9.30873786682384e-06
A12,CYSUSDT,0.2568018654006424,0.2568018654006424,0.25685854876537,180,180,180,0.00022067929994948804,0.00022067929994948804
A12,DASHUSDT,1.5071694728701996,1.5071694728701996,1.507197894329956,180,180,180,1.8857151979355654e-05,1.8857151979355654e-05
A12,DEEPUSDT,1.257954308575454,1.257954308575454,1.2580058126271103,180,180,180,4.094102836350037e-05,4.094102836350037e-05
A12,DEXEUSDT,0.2955325182222329,0.2955325182222329,0.29552872916709944,180,180,180,1.2821275089443927e-05,1.2821275089443927e-05
A12,DIAUSDT,0.8818626495168167,0.8818626495168167,0.8818818756332929,180,180,180,2.1801237793207058e-05,2.1801237793207058e-05
A12,DODOXUSDT,0.18392237506962153,0.18392237506962153,0.1838702617357679,180,180,180,0.0002834244829026325,0.0002834244829026325
A12,DOGEUSDT,1.538450234427465,1.538450234427465,1.5384403486220293,180,180,180,6.425862039221123e-06,6.425862039221123e-06
A12,DOGSUSDT,0.9717139276153323,0.9717139276153323,0.9716557680119017,180,180,180,5.985618090816805e-05,5.985618090816805e-05
A12,DOLOUSDT,0.8124353481508958,0.8124353481508958,0.8123461038398583,180,180,180,0.00010985996069368798,0.00010985996069368798
A12,DOODUSDT,1.327168359997428,1.327168359997428,1.3271524320267558,180,180,180,1.2001613596002756e-05,1.2001613596002756e-05
A12,DOTUSDT,0.9881352827711799,0.9881352827711799,0.9881023323043078,180,180,180,3.3347221026475914e-05,3.3347221026475914e-05
A12,DRIFTUSDT,0.6474450858461748,0.6474450858461748,0.647481823463917,180,180,180,5.673922635498117e-05,5.673922635498117e-05
A12,DUSKUSDT,1.2514684138966243,1.2514684138966243,1.2514535790606247,180,180,180,1.1854084120928737e-05,1.1854084120928737e-05
A12,DYDXUSDT,1.2661135640881318,1.2661135640881318,1.2661263443056001,180,180,180,1.0093951149338408e-05,1.0093951149338408e-05
A12,DYMUSDT,0.8560365025249225,0.8560365025249225,0.8561555448259313,180,180,180,0.00013904284300697965,0.00013904284300697965
A12,EDENUSDT,1.1009307819462377,1.1009307819462377,1.1009169421352725,180,180,180,1.2571167211226685e-05,1.2571167211226685e-05
A12,EDGEUSDT,1.9730119744682761,1.9730119744682761,1.9730055023727384,180,180,180,3.2803231060129527e-06,3.2803231060129527e-06
A12,EDUUSDT,0.44369971733287183,0.44369971733287183,0.44370208423285984,180,180,180,5.3344351359013635e-06,5.3344351359013635e-06
A12,EGLDUSDT,0.5734265833100624,0.5734265833100624,0.5734143315144135,180,180,180,2.1366392459255817e-05,2.1366392459255817e-05
A12,EIGENUSDT,1.5028775286452625,1.5028775286452625,1.5028750132903261,180,180,180,1.6736953599566513e-06,1.6736953599566513e-06
A12,ELSAUSDT,0.7682192872397664,0.7682192872397664,0.7682100365651187,180,180,180,1.2041856012588834e-05,1.2041856012588834e-05
A12,ENAUSDT,1.8270095756311222,1.8270095756311222,1.8270756141349476,180,180,180,3.6144373727317016e-05,3.6144373727317016e-05
A12,ENJUSDT,0.9360664973797902,0.9360664973797902,0.9361249471425773,180,180,180,6.243799288282931e-05,6.243799288282931e-05
A12,ENSOUSDT,0.37425199308952467,0.37425199308952467,0.3742707998424683,180,180,180,5.0249052161028934e-05,5.0249052161028934e-05
A12,ENSUSDT,1.6549084058395316,1.6549084058395316,1.6549587444265903,180,180,180,3.0416822913709175e-05,3.0416822913709175e-05
A12,EPICUSDT,0.38936863079284006,0.38936863079284006,0.38913767849064806,180,180,180,0.0005934976615160912,0.0005934976615160912
A12,ERAUSDT,0.7548719786384528,0.7548719786384528,0.7548710038026898,180,180,180,1.2913938382723807e-06,1.2913938382723807e-06
A12,ESPORTSUSDT,0.4944787632926886,0.4944787632926886,0.49456613098062113,180,180,180,0.000176655218502968,0.000176655218502968
A12,ESPUSDT,0.5032607571271603,0.5032607571271603,0.5033384971432192,180,180,180,0.00015444877850610586,0.00015444877850610586
A12,ETCUSDT,1.2577445990234941,1.2577445990234941,1.2576599096466536,180,180,180,6.733885384345942e-05,6.733885384345942e-05
A12,ETHFIUSDT,1.7869922133953329,1.7869922133953329,1.7869517945492484,180,180,180,2.261887881240679e-05,2.261887881240679e-05
A12,ETHUSDT,1.106060926205377,1.106060926205377,1.1060735230723548,180,180,180,1.1388815223379295e-05,1.1388815223379295e-05
A12,EULUSDT,0.7454087830928837,0.7454087830928837,0.7454724911946373,180,180,180,8.546003039160769e-05,8.546003039160769e-05
A12,EVAAUSDT,2.170309986029888,2.170309986029888,2.1700021693652998,180,180,180,0.00014185085569673272,0.00014185085569673272
A12,FARTCOINUSDT,2.1942692178067706,2.1942692178067706,2.194125150249578,180,180,180,6.566059241244346e-05,6.566059241244346e-05
A12,FETUSDT,1.5952195996485552,1.5952195996485552,1.59534270151389,180,180,180,7.716327358246629e-05,7.716327358246629e-05
A12,FFUSDT,-0.17386003042933026,-0.17386003042933026,-0.17378985512968664,180,180,180,0.00040379399356340126,0.00040379399356340126
A12,FHEUSDT,0.8774987257770162,0.8774987257770162,0.8775037029244147,180,180,180,5.671938912585582e-06,5.671938912585582e-06
A12,FIDAUSDT,1.0261302752281247,1.0261302752281247,1.0260728981852814,180,180,180,5.591907060876714e-05,5.591907060876714e-05
A12,FIGHTUSDT,0.8434404577886511,0.8434404577886511,0.8433240109420737,180,180,180,0.00013808079109158683,0.00013808079109158683
A12,FILUSDT,1.1166449858685372,1.1166449858685372,1.1165991332193597,180,180,180,4.1064557380907466e-05,4.1064557380907466e-05
A12,FLOCKUSDT,0.49680025280335705,0.49680025280335705,0.49669286955026476,180,180,180,0.00021619648614951324,0.00021619648614951324
A12,FLOWUSDT,0.9610852490579525,0.9610852490579525,0.9611720991628256,180,180,180,9.035853719520026e-05,9.035853719520026e-05
A12,FLUIDUSDT,1.4278996234604213,1.4278996234604213,1.427869791883563,180,180,180,2.0892364995667404e-05,2.0892364995667404e-05
A12,FOGOUSDT,1.0265629713469195,1.0265629713469195,1.0266159203694603,180,180,180,5.157627257685668e-05,5.157627257685668e-05
A12,FOLKSUSDT,0.16932935159435397,0.16932935159435397,0.16935587088222276,180,180,180,0.0001565891263800924,0.0001565891263800924
A12,FORMUSDT,1.1894477608253773,1.1894477608253773,1.189187390229763,180,180,180,0.000218948332074089,0.000218948332074089
A12,FUSDT,2.0292924595361086,2.0292924595361086,2.029483585605018,180,180,180,9.417473009647858e-05,9.417473009647858e-05
A12,GALAUSDT,1.4960502104447169,1.4960502104447169,1.4960408752007968,180,180,180,6.23996581567504e-06,6.23996581567504e-06
A12,GASUSDT,0.945665841971474,0.945665841971474,0.9456749942622642,180,180,180,9.67805096440912e-06,9.67805096440912e-06
A12,GENIUSUSDT,0.3402872245687402,0.3402872245687402,0.3403988499209699,180,180,180,0.0003279251744111647,0.0003279251744111647
A12,GIGGLEUSDT,1.0639028654737204,1.0639028654737204,1.0640275887112045,180,180,180,0.00011721804848613634,0.00011721804848613634
A12,GMTUSDT,0.8955445932353981,0.8955445932353981,0.8954835144038601,180,180,180,6.820765603788265e-05,6.820765603788265e-05
A12,GMXUSDT,0.8782164076562345,0.8782164076562345,0.8781983259661382,180,180,180,2.0589529223281333e-05,2.0589529223281333e-05
A12,GPSUSDT,-0.12986335046725794,-0.12986335046725794,-0.12980321141775308,180,180,180,0.00046330941159314104,0.00046330941159314104
A12,GRASSUSDT,0.920469150829343,0.920469150829343,0.9205825818064278,180,180,180,0.00012321651454913005,0.00012321651454913005
A12,GRIFFAINUSDT,1.0617342589836425,1.0617342589836425,1.0617919809765135,180,180,180,5.4362807315546105e-05,5.4362807315546105e-05
A12,GRTUSDT,1.3349813416549643,1.3349813416549643,1.334978924336461,180,180,180,1.8107540570864319e-06,1.8107540570864319e-06
A12,GTCUSDT,0.8914234581626523,0.8914234581626523,0.8913049704436434,180,180,180,0.0001329373479763404,0.0001329373479763404
A12,GUAUSDT,0.763274764305422,0.763274764305422,0.7633356026261293,180,180,180,7.970061988207144e-05,7.970061988207144e-05
A12,GUNUSDT,0.9515469879000024,0.9515469879000024,0.9514487520139561,180,180,180,0.00010324874128885612,0.00010324874128885612
A12,GUSDT,0.7630809071567061,0.7630809071567061,0.7632293935752084,180,180,180,0.0001945501834078142,0.0001945501834078142
A12,GWEIUSDT,0.9735879082006609,0.9735879082006609,0.9735874454936265,180,180,180,4.752598613468752e-07,4.752598613468752e-07
A12,HAEDALUSDT,0.8410967076262629,0.8410967076262629,0.8410744787154023,180,180,180,2.6429182460175858e-05,2.6429182460175858e-05
A12,HANAUSDT,0.7068335684647105,0.7068335684647105,0.7068265057546192,180,180,180,9.992140976193183e-06,9.992140976193183e-06
A12,HBARUSDT,1.1589228048139604,1.1589228048139604,1.1588839567079223,180,180,180,3.352199830982601e-05,3.352199830982601e-05
A12,HEIUSDT,0.9022276439065959,0.9022276439065959,0.9023539689331095,180,180,180,0.00013999498075340782,0.00013999498075340782
A12,HEMIUSDT,0.7036596247795875,0.7036596247795875,0.7034672134444856,180,180,180,0.00027351855413391464,0.00027351855413391464
A12,HMSTRUSDT,0.6006994442627086,0.6006994442627086,0.600669710537757,180,180,180,4.950095606620655e-05,4.950095606620655e-05
A12,HOLOUSDT,0.7762418093529896,0.7762418093529896,0.7762296862614482,180,180,180,1.5617917938444877e-05,1.5617917938444877e-05
A12,HOMEUSDT,0.7188275071064285,0.7188275071064285,0.7188626639177614,180,180,180,4.890615843271545e-05,4.890615843271545e-05
A12,HOTUSDT,0.8415760769845501,0.8415760769845501,0.8416227594294107,180,180,180,5.546718448092099e-05,5.546718448092099e-05
A12,HUMAUSDT,0.7935450567776873,0.7935450567776873,0.7936912668648505,180,180,180,0.00018421531553540157,0.00018421531553540157
A12,HUSDT,0.1263827482883283,0.1263827482883283,0.12625633078553586,180,180,180,0.0010012765459434605,0.0010012765459434605
A12,HYPERUSDT,0.962120585749608,0.962120585749608,0.96214213186212,180,180,180,2.2393897739763784e-05,2.2393897739763784e-05
A12,HYPEUSDT,1.0572752785252448,1.0572752785252448,1.0572671226119152,180,180,180,7.714146363919478e-06,7.714146363919478e-06
A12,ICNTUSDT,0.6706592437412171,0.6706592437412171,0.670605202590949,180,180,180,8.058564123762706e-05,8.058564123762706e-05
A12,ICPUSDT,1.1097511920604173,1.1097511920604173,1.1097117103783374,180,180,180,3.557832337052641e-05,3.557832337052641e-05
A12,IDOLUSDT,0.8185018389113529,0.8185018389113529,0.8183661339989953,180,180,180,0.0001658242035193495,0.0001658242035193495
A12,IDUSDT,0.9731098483241322,0.9731098483241322,0.9730696593913113,180,180,180,4.130118787796983e-05,4.130118787796983e-05
A12,IMXUSDT,1.1081143596024148,1.1081143596024148,1.1081366056491502,180,180,180,2.007518443302851e-05,2.007518443302851e-05
A12,INJUSDT,1.1437956629614614,1.1437956629614614,1.1438595060328551,180,180,180,5.581373504089965e-05,5.581373504089965e-05
A12,INUSDT,0.6276227099941811,0.6276227099941811,0.6276068360259032,180,180,180,2.529285432656159e-05,2.529285432656159e-05
A12,INXUSDT,0.7438130099677613,0.7438130099677613,0.7437776231066551,180,180,180,4.757720588374522e-05,4.757720588374522e-05
A12,IOSTUSDT,0.68611408473654,0.68611408473654,0.6861125994652169,180,180,180,2.164763224449721e-06,2.164763224449721e-06
A12,IOTAUSDT,1.2549176598328984,1.2549176598328984,1.2550146529910393,180,180,180,7.728448262318972e-05,7.728448262318972e-05
A12,IOTXUSDT,1.0057885313636605,1.0057885313636605,1.0060453307311685,180,180,180,0.00025525625900113557,0.00025525625900113557
A12,IOUSDT,1.3132307968567811,1.3132307968567811,1.3132156208241763,180,180,180,1.1556390560819607e-05,1.1556390560819607e-05
A12,IRYSUSDT,0.6575841937673621,0.6575841937673621,0.6575321443271293,180,180,180,7.915877677145695e-05,7.915877677145695e-05
A12,JASMYUSDT,1.272264101290268,1.272264101290268,1.272200038709586,180,180,180,5.0355744955811836e-05,5.0355744955811836e-05
A12,JCTUSDT,0.933005015974587,0.933005015974587,0.9331219837501413,180,180,180,0.00012535100189611047,0.00012535100189611047
A12,JELLYJELLYUSDT,0.7552652448073257,0.7552652448073257,0.7552580795611304,180,180,180,9.487149345592785e-06,9.487149345592785e-06
A12,JOEUSDT,1.0854350690519736,1.0854350690519736,1.085436414509475,180,180,180,1.2395544164782841e-06,1.2395544164782841e-06
A12,JSTUSDT,-0.2110007666920802,-0.2110007666920802,-0.21104581366862618,180,180,180,0.0002134464349845222,0.0002134464349845222
A12,JTOUSDT,1.2413476566625565,1.2413476566625565,1.241240942883377,180,180,180,8.597346050444107e-05,8.597346050444107e-05
A12,JUPUSDT,1.4916012415108808,1.4916012415108808,1.4917123685333462,180,180,180,7.449628012045466e-05,7.449628012045466e-05
A12,KAIAUSDT,1.1661546915184426,1.1661546915184426,1.166102818515325,180,180,180,4.448407318287914e-05,4.448407318287914e-05
A12,KAITOUSDT,1.031335747253452,1.031335747253452,1.0313462542250174,180,180,180,1.0187627600737899e-05,1.0187627600737899e-05
A12,KASUSDT,1.27705067908608,1.27705067908608,1.2770013206314939,180,180,180,3.86518430237746e-05,3.86518430237746e-05
A12,KATUSDT,0.829733595600516,0.829733595600516,0.8296224408133231,180,180,180,0.00013398237767512915,0.00013398237767512915
A12,KAVAUSDT,0.16590922679316503,0.16590922679316503,0.16586443773141585,180,180,180,0.0002700341457263161,0.0002700341457263161
A12,KERNELUSDT,0.5126795126831796,0.5126795126831796,0.5128104627840935,180,180,180,0.0002553577011728021,0.0002553577011728021
A12,KGENUSDT,0.30723226633619527,0.30723226633619527,0.3072897465061285,180,180,180,0.00018705528116957988,0.00018705528116957988
A12,KITEUSDT,0.6724020723972599,0.6724020723972599,0.6724337627885998,180,180,180,4.7127900313121104e-05,4.7127900313121104e-05
A12,KMNOUSDT,0.8320683733742056,0.8320683733742056,0.832066503863356,180,180,180,2.2468286379661277e-06,2.2468286379661277e-06
A12,KOMAUSDT,1.2525204308697866,1.2525204308697866,1.252625124008595,180,180,180,8.357898688269916e-05,8.357898688269916e-05
A12,KSMUSDT,1.0599471023487481,1.0599471023487481,1.0599166022835438,180,180,180,2.8775910424102936e-05,2.8775910424102936e-05
A12,LABUSDT,1.1350101967098243,1.1350101967098243,1.1349885473323325,180,180,180,1.9074533873238248e-05,1.9074533873238248e-05
A12,LAUSDT,0.5667823741618396,0.5667823741618396,0.5667203017057449,180,180,180,0.00010952926145023774,0.00010952926145023774
A12,LAYERUSDT,0.6503561171070745,0.6503561171070745,0.6503728088963803,180,180,180,2.5664955664535466e-05,2.5664955664535466e-05
A12,LDOUSDT,1.2879569627862886,1.2879569627862886,1.287990763740156,180,180,180,2.6243164795102023e-05,2.6243164795102023e-05
A12,LIGHTUSDT,0.635996345684172,0.635996345684172,0.636090555767236,180,180,180,0.00014810797332222745,0.00014810797332222745
A12,LINEAUSDT,1.0370590773527903,1.0370590773527903,1.037052657468371,180,180,180,6.190509588084374e-06,6.190509588084374e-06
A12,LINKUSDT,1.4129060599628809,1.4129060599628809,1.4129369839475432,180,180,180,2.188631553539988e-05,2.188631553539988e-05
A12,LISTAUSDT,1.2318515545692934,1.2318515545692934,1.2318688328978273,180,180,180,1.4026110631670496e-05,1.4026110631670496e-05
A12,LITUSDT,1.602407913253548,1.602407913253548,1.602571751269925,180,180,180,0.00010223443427543354,0.00010223443427543354
A12,LPTUSDT,0.9816614524547964,0.9816614524547964,0.9816066630956065,180,180,180,5.581600171408291e-05,5.581600171408291e-05
A12,LQTYUSDT,0.8546803810222792,0.8546803810222792,0.8546815646580183,180,180,180,1.3848850706892234e-06,1.3848850706892234e-06
A12,LSKUSDT,0.5771698650022419,0.5609079927534436,0.5610287758854946,180,180,180,0.02877051910799252,0.00021528865762786856
A12,LTCUSDT,0.887465345341719,0.887465345341719,0.8874726904617942,180,180,180,8.276446311213224e-06,8.276446311213224e-06
A12,LUMIAUSDT,1.0266835748180139,1.0266835748180139,1.0267665620651973,180,180,180,8.082387004944676e-05,8.082387004944676e-05
A12,LUNA2USDT,0.9857509745985391,0.9857509745985391,0.9857115288409262,180,180,180,4.001754718170635e-05,4.001754718170635e-05
A12,LYNUSDT,0.6401053949863025,0.6401053949863025,0.6401249459924419,180,180,180,3.054248434118075e-05,3.054248434118075e-05
A12,MAGICUSDT,0.8011767216586753,0.8011767216586753,0.8012090599454218,180,180,180,4.0361858550050506e-05,4.0361858550050506e-05
A12,MAGMAUSDT,-0.17389050846458218,-0.17389050846458218,-0.17381589259919378,180,180,180,0.00042928102990247524,0.00042928102990247524
A12,MANAUSDT,0.8073692730869944,0.8073692730869944,0.8073603102952196,180,180,180,1.1101352965295978e-05,1.1101352965295978e-05
A12,MANTAUSDT,0.7412745256624975,0.7412745256624975,0.7412903059383793,180,180,180,2.1287578908517943e-05,2.1287578908517943e-05
A12,MANTRAUSDT,0.8503045898352656,0.8503045898352656,0.8503213389190724,180,180,180,1.9697357975361218e-05,1.9697357975361218e-05
A12,MAVUSDT,0.9396161400084825,0.9396161400084825,0.9396021709995018,180,180,180,1.4866939872853408e-05,1.4866939872853408e-05
A12,MEGAUSDT,1.0052629401450088,1.0052629401450088,1.0052758563764697,180,180,180,1.2848444910813997e-05,1.2848444910813997e-05
A12,MEMEUSDT,1.1960148379573254,1.1960148379573254,1.1960759874170543,180,180,180,5.112506259820284e-05,5.112506259820284e-05
A12,MERLUSDT,0.9739552287390867,0.9739552287390867,0.9739012451448386,180,180,180,5.543025488185092e-05,5.543025488185092e-05
A12,METUSDT,1.6600742972456546,1.6600742972456546,1.6600389182192756,180,180,180,2.1312166835767754e-05,2.1312166835767754e-05
A12,MEUSDT,0.9208361276872113,0.9208361276872113,0.9208660796261562,180,180,180,3.2525835849006854e-05,3.2525835849006854e-05
A12,MINAUSDT,0.669917962290079,0.669917962290079,0.6696834664057354,180,180,180,0.00035015928585219554,0.00035015928585219554
A12,MIRAUSDT,0.6316516184395796,0.6316516184395796,0.6316604497352666,180,180,180,1.3981080643347383e-05,1.3981080643347383e-05
A12,MITOUSDT,0.7374538654131755,0.7374538654131755,0.7374357448437443,180,180,180,2.457240452185948e-05,2.457240452185948e-05
A12,MMTUSDT,0.7234533995515315,0.7234533995515315,0.7233731700118952,180,180,180,0.00011091030599746885,0.00011091030599746885
A12,MONUSDT,1.8913545289739833,1.8913545289739833,1.8913834868060335,180,180,180,1.531039699366258e-05,1.531039699366258e-05
A12,MOODENGUSDT,1.5978930042297372,1.5978930042297372,1.597920529137618,180,180,180,1.722545482006603e-05,1.722545482006603e-05
A12,MORPHOUSDT,0.9944035334516003,0.9944035334516003,0.9943727444303329,180,180,180,3.096325944155533e-05,3.096325944155533e-05
A12,MOVEUSDT,1.2591666645399722,1.2591666645399722,1.2591677286577676,180,180,180,8.45096146618571e-07,8.45096146618571e-07
A12,MOVRUSDT,0.8646503301693731,0.8646503301693731,0.8647502245726963,180,180,180,0.00011551821610987647,0.00011551821610987647
A12,MUBARAKUSDT,2.5699449152317366,2.5699449152317366,2.570201847746957,180,180,180,9.996589001196029e-05,9.996589001196029e-05
A12,MUSDT,0.22418497752330802,0.22418497752330802,0.2243459559074314,180,180,180,0.0007175452905859388,0.0007175452905859388
A12,MYXUSDT,2.2237975211624135,2.2237975211624135,2.2237079946164067,180,180,180,4.026002794591079e-05,4.026002794591079e-05
A12,NAORISUSDT,1.0160307350291522,1.0160307350291522,1.0159631566214462,180,180,180,6.651659291535979e-05,6.651659291535979e-05
A12,NEARUSDT,1.5341855752314992,1.5341855752314992,1.5341558973976308,180,180,180,1.9344731470098064e-05,1.9344731470098064e-05
A12,NEIROUSDT,1.5535279780805868,1.5535279780805868,1.5534363473594264,180,180,180,5.8985822828357464e-05,5.8985822828357464e-05
A12,NEOUSDT,0.9858263998274395,0.9858263998274395,0.9857776296055557,180,180,180,4.947385740867296e-05,4.947385740867296e-05
A12,NEWTUSDT,0.7573352939123003,0.7573352939123003,0.757216017935389,180,180,180,0.00015751908845842898,0.00015751908845842898
A12,NIGHTUSDT,1.3864325055357474,1.3864325055357474,1.3864499830089778,180,180,180,1.260591687015775e-05,1.260591687015775e-05
A12,NILUSDT,0.4469683962515299,0.4469683962515299,0.4470066507831793,180,180,180,8.557933440673096e-05,8.557933440673096e-05
A12,NOMUSDT,0.6708447204643757,0.6708447204643757,0.670890289152403,180,180,180,6.792271219914171e-05,6.792271219914171e-05
A12,NOTUSDT,1.1155714041352451,1.1155714041352451,1.1155297025503779,180,180,180,3.738276513115756e-05,3.738276513115756e-05
A12,NXPCUSDT,0.5703431390228111,0.5703431390228111,0.5704065315384049,180,180,180,0.00011113567620424888,0.00011113567620424888
A12,OGNUSDT,0.928369089673013,0.928369089673013,0.9283925921339216,180,180,180,2.5315218052872915e-05,2.5315218052872915e-05
A12,ONDOUSDT,1.5226908723903463,1.5226908723903463,1.5227427346326543,180,180,180,3.405844016095853e-05,3.405844016095853e-05
A12,ONEUSDT,0.25566765816886566,0.25566765816886566,0.25546729074768487,180,180,180,0.0007843173213853301,0.0007843173213853301
A12,ONGUSDT,0.8491031193498891,0.8491031193498891,0.8490848601903566,180,180,180,2.15045166727867e-05,2.15045166727867e-05
A12,ONTUSDT,0.8050176636112846,0.8050176636112846,0.8050533920700629,180,180,180,4.438023506296383e-05,4.438023506296383e-05
A12,ONUSDT,0.34345248791818556,0.34345248791818556,0.343566470907728,180,180,180,0.0003317640084066089,0.0003317640084066089
A12,OPENUSDT,0.8848871664191318,0.8848871664191318,0.884998022638087,180,180,180,0.00012526154422897408,0.00012526154422897408
A12,OPGUSDT,0.4382125145665849,0.4382125145665849,0.43821630560403124,180,180,180,8.651064321143981e-06,8.651064321143981e-06
A12,OPNUSDT,1.2198653832238886,1.2198653832238886,1.2197528946516707,180,180,180,9.222242694495072e-05,9.222242694495072e-05
A12,OPUSDT,1.403989605341788,1.403989605341788,1.40403118898832,180,180,180,2.9617323929900764e-05,2.9617323929900764e-05
A12,ORCAUSDT,0.8050090946556476,0.8050090946556476,0.8050134156345801,180,180,180,5.3675862395796854e-06,5.3675862395796854e-06
A12,ORDERUSDT,1.1328510484850975,1.1328510484850975,1.132797789495581,180,180,180,4.7015442659272616e-05,4.7015442659272616e-05
A12,ORDIUSDT,1.3096040767321435,1.3096040767321435,1.3096492645364344,180,180,180,3.4503745021269474e-05,3.4503745021269474e-05
A12,PARTIUSDT,0.7858262865653992,0.7858262865653992,0.7857877483743293,180,180,180,4.9044021301736945e-05,4.9044021301736945e-05
A12,PAXGUSDT,0.21139031353707954,0.21139031353707954,0.21142221735706493,180,180,180,0.0001509009809101732,0.0001509009809101732
A12,PENDLEUSDT,1.108525655025937,1.108525655025937,1.108547006544537,180,180,180,1.9260814808935894e-05,1.9260814808935894e-05
A12,PENGUUSDT,1.7820495167502493,1.7820495167502493,1.781976986548624,180,180,180,4.0702097823283834e-05,4.0702097823283834e-05
A12,PEOPLEUSDT,1.4843819309033355,1.4843819309033355,1.484326917386072,180,180,180,3.70629385070553e-05,3.70629385070553e-05
A12,PHAROSUSDT,0.2556529284433182,0.2556529284433182,0.25561360757227974,180,180,180,0.00015382933409503318,0.00015382933409503318
A12,PHAUSDT,1.7943971990326653,1.7943971990326653,1.79474173776189,180,180,180,0.00019197120230476095,0.00019197120230476095
A12,PIEVERSEUSDT,1.899096854250884,1.899096854250884,1.8989472786659347,180,180,180,7.87676343780825e-05,7.87676343780825e-05
A12,PIPPINUSDT,1.1873874427821733,1.1873874427821733,1.1874118967300455,180,180,180,2.0594326147099853e-05,2.0594326147099853e-05
A12,PIXELUSDT,1.080278305611226,1.080278305611226,1.0802953071741739,180,180,180,1.5737884664517808e-05,1.5737884664517808e-05
A12,PLAYUSDT,0.36407708311873743,0.36407708311873743,0.36404999047617354,180,180,180,7.442011611773544e-05,7.442011611773544e-05
A12,PLUMEUSDT,1.088666575745319,1.088666575745319,1.0886725526195318,180,180,180,5.490056857118307e-06,5.490056857118307e-06
A12,PNUTUSDT,1.382055086212906,1.382055086212906,1.3820684307349769,180,180,180,9.655471302398679e-06,9.655471302398679e-06
A12,POLUSDT,1.1425851805280538,1.1425851805280538,1.1425856170544066,180,180,180,3.820513284318382e-07,3.820513284318382e-07
A12,POPCATUSDT,1.4482491721034896,1.4482491721034896,1.4480587663156417,180,180,180,0.0001314903733723185,0.0001314903733723185
A12,PORTALUSDT,0.5501521253835928,0.5501521253835928,0.5503159266911382,180,180,180,0.0002976495856302449,0.0002976495856302449
A12,POWERUSDT,0.3268346134161696,0.3268346134161696,0.3269325407654919,180,180,180,0.0002995338093081841,0.0002995338093081841
A12,POWRUSDT,0.5650937541863063,0.5650937541863063,0.5650733165897549,180,180,180,3.616804395346436e-05,3.616804395346436e-05
A12,PRLUSDT,0.6293063201138058,0.6293063201138058,0.6293132311872577,180,180,180,1.0981929362609562e-05,1.0981929362609562e-05
A12,PROMPTUSDT,0.828518248584168,0.828518248584168,0.8285501693155408,180,180,180,3.852600911201761e-05,3.852600911201761e-05
A12,PROMUSDT,0.2669587202126833,0.2669587202126833,0.26684702172150704,180,180,180,0.00041858623887072293,0.00041858623887072293
A12,PROVEUSDT,0.6986868570210085,0.6986868570210085,0.6987606174117852,180,180,180,0.00010555888374172565,0.00010555888374172565
A12,PTBUSDT,1.3328646835594617,1.3328646835594617,1.3332361679064586,180,180,180,0.00027863356540963337,0.00027863356540963337
A12,PUMPUSDT,1.2464415107262634,1.2464415107262634,1.246534396803657,180,180,180,7.451545471335426e-05,7.451545471335426e-05
A12,PYTHUSDT,1.4029535468880696,1.4029535468880696,1.4028945089465403,180,180,180,4.208295146412376e-05,4.208295146412376e-05
A12,QNTUSDT,0.7974568045039824,0.7974568045039824,0.7975141957753501,180,180,180,7.196269567581494e-05,7.196269567581494e-05
A12,QTUMUSDT,0.9764060562037989,0.9764060562037989,0.9763752163759244,180,180,180,3.158604126497764e-05,3.158604126497764e-05
A12,QUSDT,-0.2892405571959203,-0.2892405571959203,-0.28934619054550853,180,180,180,0.0003650759990621927,0.0003650759990621927
A12,RAREUSDT,0.8844165904480913,0.8844165904480913,0.8843857239552264,180,180,180,3.490161818401421e-05,3.490161818401421e-05
A12,RAVEUSDT,1.1087502010918464,1.1087502010918464,1.1085665303381729,180,180,180,0.00016568311296346607,0.00016568311296346607
A12,RECALLUSDT,0.6799936507866667,0.6799936507866667,0.6799389900382893,180,180,180,8.039066618959029e-05,8.039066618959029e-05
A12,RENDERUSDT,1.2048471225753985,1.2048471225753985,1.2049252779435389,180,180,180,6.48632488429195e-05,6.48632488429195e-05
A12,RESOLVUSDT,0.8425822496937935,0.8425822496937935,0.8425890726106213,180,180,180,8.097561491883144e-06,8.097561491883144e-06
A12,REZUSDT,1.2123994893527898,1.2123994893527898,1.2124165385427328,180,180,180,1.4062155538915516e-05,1.4062155538915516e-05
A12,RIFUSDT,0.5189319105796301,0.5189319105796301,0.5189242974689894,180,180,180,1.4670946567376071e-05,1.4670946567376071e-05
A12,RIVERUSDT,1.316100496589001,1.316100496589001,1.315945408306311,180,180,180,0.00011785312803346535,0.00011785312803346535
A12,RLCUSDT,0.9983800713187816,0.9983800713187816,0.9984219099653625,180,180,180,4.190477609046827e-05,4.190477609046827e-05
A12,ROBOUSDT,0.4389238056909889,0.4389238056909889,0.43884857739799926,180,180,180,0.00017142198212343637,0.00017142198212343637
A12,RONINUSDT,1.2706287055044991,1.2706287055044991,1.2705967985676923,180,180,180,2.511177176178003e-05,2.511177176178003e-05
A12,ROSEUSDT,1.037081804773823,1.037081804773823,1.0370758187991238,180,180,180,5.771974035787769e-06,5.771974035787769e-06
A12,RSRUSDT,1.3098933128218553,1.3098933128218553,1.3099384150329936,180,180,180,3.44307874482455e-05,3.44307874482455e-05
A12,RUNEUSDT,1.2294856750906613,1.2294856750906613,1.2295062705668185,180,180,180,1.6751013516740013e-05,1.6751013516740013e-05
A12,RVNUSDT,0.9271714580022159,0.9271714580022159,0.9271430278585943,180,180,180,3.0664247874788976e-05,3.0664247874788976e-05
A12,SAFEUSDT,0.6861891376955462,0.6861891376955462,0.6862693319392241,180,180,180,0.00011685535101981078,0.00011685535101981078
A12,SAGAUSDT,0.1064678950923842,0.1064678950923842,0.1062738720193431,180,180,180,0.0018256893190622427,0.0018256893190622427
A12,SAHARAUSDT,1.1058123951843233,1.1058123951843233,1.1057703128657244,180,180,180,3.8057016099358776e-05,3.8057016099358776e-05
A12,SANDUSDT,1.0611141011234952,1.0611141011234952,1.061156308792684,180,180,180,3.977516680540021e-05,3.977516680540021e-05
A12,SAPIENUSDT,0.8424846001264956,0.8424846001264956,0.8424549107595295,180,180,180,3.5241490775282694e-05,3.5241490775282694e-05
A12,SCRTUSDT,0.11207896846930245,0.11207896846930245,0.1089315431424623,178,178,180,0.02889360818770278,0.02889360818770278
A12,SCRUSDT,0.9210811599226402,0.9210811599226402,0.9210805831671494,180,180,180,6.261726730008242e-07,6.261726730008242e-07
A12,SEIUSDT,1.3560404042684193,1.3560404042684193,1.3560979505486523,180,180,180,4.2435194456079456e-05,4.2435194456079456e-05
A12,SENTUSDT,0.7054073726554114,0.7054073726554114,0.7054234903553115,180,180,180,2.284826082548833e-05,2.284826082548833e-05
A12,SHELLUSDT,0.9659458255189487,0.9659458255189487,0.9659169756732302,180,180,180,2.9867831754778683e-05,2.9867831754778683e-05
A12,SIGNUSDT,0.7849410516030328,0.7849410516030328,0.784979630164274,180,180,180,4.9145939281312395e-05,4.9145939281312395e-05
A12,SIRENUSDT,0.4796721040860216,0.4796721040860216,0.4797390851427747,180,180,180,0.00013961976171512905,0.00013961976171512905
A12,SKLUSDT,0.9916963845392095,0.9916963845392095,0.9917912822513916,180,180,180,9.568314813844052e-05,9.568314813844052e-05
A12,SKRUSDT,0.7239562202218838,0.7239562202218838,0.7240272039694755,180,180,180,9.80401664503311e-05,9.80401664503311e-05
A12,SKYAIUSDT,0.8063238545106325,0.8063238545106325,0.8063011863439677,180,180,180,2.8113770695942893e-05,2.8113770695942893e-05
A12,SKYUSDT,1.02411708842173,1.02411708842173,1.0241366710900328,180,180,180,1.9121147455706532e-05,1.9121147455706532e-05
A12,SNXUSDT,1.0558207346317887,1.0558207346317887,1.055843837369261,180,180,180,2.188082806805431e-05,2.188082806805431e-05
A12,SOLUSDT,1.3556251999907765,1.3556251999907765,1.3555729814271047,180,180,180,3.852139603490372e-05,3.852139603490372e-05
A12,SOLVUSDT,0.10097569568858142,0.10097569568858142,0.10083243684993072,180,180,180,0.0014207614446917554,0.0014207614446917554
A12,SOONUSDT,0.7947236023583343,0.7947236023583343,0.7947113664894901,180,180,180,1.539661990514222e-05,1.539661990514222e-05
A12,SOPHUSDT,0.38848590565886176,0.38848590565886176,0.3884580778571064,180,180,180,7.163656348420948e-05,7.163656348420948e-05
A12,SPACEUSDT,0.8608872317256833,0.8608872317256833,0.8608427400663523,180,180,180,5.168384103178847e-05,5.168384103178847e-05
A12,SPELLUSDT,0.7501176360067145,0.7501176360067145,0.7501774570246257,180,180,180,7.974248939497094e-05,7.974248939497094e-05
A12,SPKUSDT,0.9367974077722155,0.9367974077722155,0.9368866863416417,180,180,180,9.529281473175169e-05,9.529281473175169e-05
A12,SPXUSDT,2.143723282967469,2.143723282967469,2.1436433083236737,180,180,180,3.7307813051196756e-05,3.7307813051196756e-05
A12,SQDUSDT,0.7284911691086047,0.7284911691086047,0.7284046047883269,180,180,180,0.00011884098440442368,0.00011884098440442368
A12,SSVUSDT,1.0766928629107515,1.0766928629107515,1.0767118216124447,180,180,180,1.760796279251864e-05,1.760796279251864e-05
A12,STABLEUSDT,0.4641328371123994,0.4641328371123994,0.4642140296534303,180,180,180,0.0001749032468740995,0.0001749032468740995
A12,STARUSDT,0.6907087005993194,0.6907087005993194,0.690740809561934,180,180,180,4.648482060135148e-05,4.648482060135148e-05
A12,STBLUSDT,0.9934176383249611,0.9934176383249611,0.993315875333367,180,180,180,0.0001024477652287523,0.0001024477652287523
A12,STGUSDT,0.2837249063439789,0.2837249063439789,0.3223713378324609,179,179,180,0.11988172319639312,0.11988172319639312
A12,STORJUSDT,0.03422056000341725,0.03422056000341725,0.03294690098628546,178,178,180,0.03865793076143848,0.03865793076143848
A12,STOUSDT,0.9183950765311445,0.9183950765311445,0.9182787413165026,180,180,180,0.0001266883457142357,0.0001266883457142357
A12,STRKUSDT,1.4677056987334778,1.4677056987334778,1.4676537347200174,180,180,180,3.5406180784412356e-05,3.5406180784412356e-05
A12,STXUSDT,1.0502578390095758,1.0502578390095758,1.0502021532496668,180,180,180,5.3023848538766335e-05,5.3023848538766335e-05
A12,SUIUSDT,1.5400740471332695,1.5400740471332695,1.540139875041288,180,180,180,4.274151269332132e-05,4.274151269332132e-05
A12,SUSDT,1.4162429549868718,1.4162429549868718,1.4162485465877648,180,180,180,3.948177674353568e-06,3.948177674353568e-06
A12,SUSHIUSDT,1.1089324337065916,1.1089324337065916,1.108930297504402,180,180,180,1.926362905217534e-06,1.926362905217534e-06
A12,SWARMSUSDT,1.1554499749652007,1.1554499749652007,1.1554405390167897,180,180,180,8.1665374309122e-06,8.1665374309122e-06
A12,SXTUSDT,1.0103879381827034,1.0103879381827034,1.0104034383742984,180,180,180,1.53405966431067e-05,1.53405966431067e-05
A12,SYNUSDT,0.33131727609233436,0.33131727609233436,0.3309655959184174,180,180,180,0.001062588312060224,0.001062588312060224
A12,SYRUPUSDT,0.929406295913609,0.929406295913609,0.9293734594923883,180,180,180,3.533178281064305e-05,3.533178281064305e-05
A12,TACUSDT,-0.012360576867300398,-0.012360576867300398,-0.01181820668102394,180,180,180,0.04589276536746662,0.04589276536746662
A12,TAGUSDT,0.9139507610992113,0.9139507610992113,0.9138269975468737,180,180,180,0.00013543433567819846,0.00013543433567819846
A12,TAIKOUSDT,0.6710519383827037,0.6710519383827037,0.6710269858489262,180,180,180,3.7185589110066675e-05,3.7185589110066675e-05
A12,TAKEUSDT,1.3256896344123452,1.3085266826283584,1.3084159990648883,180,180,180,0.013201944457880564,8.459355705617224e-05
A12,TAOUSDT,1.4717456860111326,1.4717456860111326,1.4716547905025092,180,180,180,6.176415094763075e-05,6.176415094763075e-05
A12,TAUSDT,0.40906625776667765,0.40906625776667765,0.40904159903191556,180,180,180,6.0284173591281195e-05,6.0284173591281195e-05
A12,THETAUSDT,1.053151649115955,1.053151649115955,1.0531123690653863,180,180,180,3.7299011693781004e-05,3.7299011693781004e-05
A12,THEUSDT,0.78622114533276,0.78622114533276,0.7862735004356753,180,180,180,6.65863759701132e-05,6.65863759701132e-05
A12,TIAUSDT,1.228154831624992,1.228154831624992,1.2281408891138268,180,180,180,1.1352533971257224e-05,1.1352533971257224e-05
A12,TLMUSDT,0.693844332597082,0.693844332597082,0.6939192988408002,180,180,180,0.00010803308661885948,0.00010803308661885948
A12,TNSRUSDT,1.1322527465649346,1.1322527465649346,1.1323082332521148,180,180,180,4.9003164995883416e-05,4.9003164995883416e-05
A12,TOSHIUSDT,1.3128618747969147,1.3128618747969147,1.3127718728138824,180,180,180,6.855873811449982e-05,6.855873811449982e-05
A12,TOWNSUSDT,0.8198276179180248,0.8198276179180248,0.8197430405278614,180,180,180,0.00010317549034508341,0.00010317549034508341
A12,TRADOORUSDT,1.3282729179200492,1.3282729179200492,1.3281902273935111,180,180,180,6.22580446931628e-05,6.22580446931628e-05
A12,TRBUSDT,1.3823909281195774,1.3823909281195774,1.3823030496860886,180,180,180,6.35739272287236e-05,6.35739272287236e-05
A12,TREEUSDT,0.6456920277146591,0.6456920277146591,0.6456277835772567,180,180,180,9.950646337801354e-05,9.950646337801354e-05
A12,TRIAUSDT,0.5424912469882951,0.5424912469882951,0.5424362189836416,180,180,180,0.0001014460368384284,0.0001014460368384284
A12,TRUMPUSDT,1.5688428782696657,1.5688428782696657,1.5687879007435863,180,180,180,3.504458827949603e-05,3.504458827949603e-05
A12,TRUSTUSDT,0.7580840435854539,0.7580840435854539,0.7580537971252086,180,180,180,3.990015004212429e-05,3.990015004212429e-05
A12,TRUTHUSDT,0.13526774283521953,0.13526774283521953,0.13525594871784877,180,180,180,8.719851128592194e-05,8.719851128592194e-05
A12,TRXUSDT,0.19206968702518784,0.19206968702518784,0.19207889640327455,180,180,180,4.7945809035551344e-05,4.7945809035551344e-05
A12,TSTUSDT,1.008533862382393,1.008533862382393,1.0086027939180542,180,180,180,6.834358984219942e-05,6.834358984219942e-05
A12,TURBOUSDT,1.401314781627376,1.401314781627376,1.4013765979767396,180,180,180,4.411116144852054e-05,4.411116144852054e-05
A12,TURTLEUSDT,0.818258658229003,0.818258658229003,0.8182505810013405,180,180,180,9.871337521826895e-06,9.871337521826895e-06
A12,TUSDT,0.3110045533067261,0.3110045533067261,0.3111105380902887,180,180,180,0.0003406660031935299,0.0003406660031935299
A12,TUTUSDT,0.7900991908938694,0.7900991908938694,0.7900361665383722,180,180,180,7.977401309785323e-05,7.977401309785323e-05
A12,TWTUSDT,0.961874684867184,0.961874684867184,0.9618670947297409,180,180,180,7.891045950840886e-06,7.891045950840886e-06
A12,UAIUSDT,-0.07501173934869552,-0.07501173934869552,-0.07461193288957076,180,180,180,0.005358478780016346,0.005358478780016346
A12,UBUSDT,0.01207263650902174,0.01207263650902174,0.011975865911856816,180,180,180,0.008080467656966335,0.008080467656966335
A12,UMAUSDT,0.8362327888737521,0.8362327888737521,0.8362591581251246,180,180,180,3.153239174286506e-05,3.153239174286506e-05
A12,UNIUSDT,1.3433279088822832,1.3433279088822832,1.3432616235167485,180,180,180,4.934657878568573e-05,4.934657878568573e-05
A12,USDCUSDT,-0.0032566441915430934,-0.0032566441915430934,-0.003255905891882606,180,180,180,0.0002267570639336352,0.0002267570639336352
A12,USELESSUSDT,3.0674445329938997,3.0674445329938997,3.067605234006189,180,180,180,5.238647088869252e-05,5.238647088869252e-05
A12,USUALUSDT,1.0597453998370703,1.0597453998370703,1.0597689722718624,180,180,180,2.2242993906101475e-05,2.2242993906101475e-05
A12,USUSDT,0.7366787130410499,0.7366787130410499,0.7367787688706864,180,180,180,0.00013580172755224906,0.00013580172755224906
A12,VANAUSDT,0.5426054908635946,0.5426054908635946,0.542614584030109,180,180,180,1.675805771177791e-05,1.675805771177791e-05
A12,VELODROMEUSDT,1.6704554355624157,1.6704554355624157,1.6705270304395765,180,180,180,4.285765860487596e-05,4.285765860487596e-05
A12,VELVETUSDT,0.9173127136459115,0.9173127136459115,0.9173000695947519,180,180,180,1.378398582834962e-05,1.378398582834962e-05
A12,VETUSDT,1.4068208414952315,1.4068208414952315,1.40685975709269,180,180,180,2.7661319660546586e-05,2.7661319660546586e-05
A12,VIRTUALUSDT,1.6048125213678983,1.6048125213678983,1.6047821443074042,180,180,180,1.892908679342627e-05,1.892908679342627e-05
A12,VVVUSDT,1.2253305454655323,1.2253305454655323,1.2254464049517402,180,180,180,9.454471916494006e-05,9.454471916494006e-05
A12,WALUSDT,1.0265386249383184,1.0265386249383184,1.0264612503197919,180,180,180,7.537997026426552e-05,7.537997026426552e-05
A12,WAXPUSDT,0.5945241571937856,0.5945241571937856,0.5945930389242081,180,180,180,0.00011584684971614868,0.00011584684971614868
A12,WETUSDT,0.6802746298536079,0.6802746298536079,0.6802092676108471,180,180,180,9.609137345385806e-05,9.609137345385806e-05
A12,WIFUSDT,2.047245639910951,2.047245639910951,2.047225301975365,180,180,180,9.934390497561741e-06,9.934390497561741e-06
A12,WLDUSDT,1.2313483786307584,1.2313483786307584,1.2314420005364268,180,180,180,7.602624047875158e-05,7.602624047875158e-05
A12,WLFIUSDT,0.4508598258347801,0.4508598258347801,0.45089362455980053,180,180,180,7.495942097962345e-05,7.495942097962345e-05
A12,WOOUSDT,0.9965071630391045,0.9965954630148466,0.9966657776554465,180,180,180,0.00015914524196381947,7.054986955138578e-05
A12,WUSDT,1.1922587324524283,1.1922587324524283,1.192251525590138,180,180,180,6.0447499001599716e-06,6.0447499001599716e-06
A12,XAIUSDT,0.9003830757120589,0.9003830757120589,0.9003965238595623,180,180,180,1.493580566673469e-05,1.493580566673469e-05
A12,XANUSDT,0.87165754273145,0.87165754273145,0.8717806755005549,180,180,180,0.00014124282926346912,0.00014124282926346912
A12,XAUTUSDT,0.20879888191197116,0.20879888191197116,0.2087905700433757,180,180,180,3.9809597692700574e-05,3.9809597692700574e-05
A12,XLMUSDT,1.5579689271269967,1.5579689271269967,1.5579177768877388,180,180,180,3.283243828190324e-05,3.283243828190324e-05
A12,XMRUSDT,0.8809965296472367,0.8809965296472367,0.8808327678934719,180,180,180,0.00018591696373479344,0.00018591696373479344
A12,XNYUSDT,0.3229115663316269,0.3229115663316269,0.3230104909820051,180,180,180,0.0003062583202096757,0.0003062583202096757
A12,XPINUSDT,0.3386215936145804,0.3386215936145804,0.3385580202954713,180,180,180,0.00018777673337535715,0.00018777673337535715
A12,XPLUSDT,1.8754953429165317,1.8754953429165317,1.87551379242046,180,180,180,9.837039856871839e-06,9.837039856871839e-06
A12,XRPUSDT,1.5852995516212043,1.5852995516212043,1.585308041096639,180,180,180,5.355095170503211e-06,5.355095170503211e-06
A12,XTZUSDT,0.9944152286128576,0.9944152286128576,0.9943882883161203,180,180,180,2.709233108824366e-05,2.709233108824366e-05
A12,XVGUSDT,1.3081651719920193,1.3081651719920193,1.3080871493445416,180,180,180,5.964636799374507e-05,5.964636799374507e-05
A12,YBUSDT,0.49597863971110595,0.49597863971110595,0.4960272364294756,180,180,180,9.797187493062754e-05,9.797187493062754e-05
A12,YFIUSDT,0.9772639811390251,0.9772639811390251,0.977264051503458,180,180,180,7.200145419006464e-08,7.200145419006464e-08
A12,YGGUSDT,1.0603532441363381,1.0603532441363381,1.0603404003711685,180,180,180,1.2112869758747817e-05,1.2112869758747817e-05
A12,ZAMAUSDT,1.4265441504144796,1.4265441504144796,1.426720461238729,180,180,180,0.00012357769376653122,0.00012357769376653122
A12,ZBTUSDT,0.499228761880666,0.499228761880666,0.4992490442997831,180,180,180,4.0625854668503956e-05,4.0625854668503956e-05
A12,ZECUSDT,1.8090162949429522,1.8090162949429522,1.8089306281859052,180,180,180,4.735767956614884e-05,4.735767956614884e-05
A12,ZENUSDT,1.5466776326611187,1.5466776326611187,1.5467471642037538,180,180,180,4.4953399136121284e-05,4.4953399136121284e-05
A12,ZEREBROUSDT,1.1145362450785903,1.1145362450785903,1.1145831757293945,180,180,180,4.2106010413693e-05,4.2106010413693e-05
A12,ZETAUSDT,0.877226873083675,0.877226873083675,0.8773280064745888,180,180,180,0.00011527432176725579,0.00011527432176725579
A12,ZILUSDT,0.9234753856582205,0.9234753856582205,0.923490099416816,180,180,180,1.5932773513014382e-05,1.5932773513014382e-05
A12,ZKCUSDT,0.7552592333275757,0.7552592333275757,0.7551514899039075,180,180,180,0.00014267789325552534,0.00014267789325552534
A12,ZKPUSDT,0.5607745053175553,0.5607745053175553,0.5606981562491753,180,180,180,0.00013616786060221194,0.00013616786060221194
A12,ZKUSDT,1.1520179340005696,1.1520179340005696,1.1518831403730796,180,180,180,0.00011702022780398407,0.00011702022780398407
A12,ZORAUSDT,0.647115573051195,0.647115573051195,0.6470939439137768,180,180,180,3.342503452805138e-05,3.342503452805138e-05
A12,ZROUSDT,1.5202978625708696,1.5202978625708696,1.520339119618388,180,180,180,2.7136740077236892e-05,2.7136740077236892e-05
